solid ASCII
  facet normal 7.062685e-01 2.846165e-02 -7.073717e-01
    outer loop
      vertex   -2.990272e+00 -1.424140e+01 4.000000e-01
      vertex   -3.390263e+00 -1.425714e+01 0.000000e+00
      vertex   -3.000000e+00 -1.400000e+01 4.000000e-01
    endloop
  endfacet
  facet normal 7.068534e-01 2.676755e-02 -7.068534e-01
    outer loop
      vertex   -3.000000e+00 -1.400000e+01 4.000000e-01
      vertex   -3.390263e+00 -1.425714e+01 0.000000e+00
      vertex   -3.400000e+00 -1.400000e+01 0.000000e+00
    endloop
  endfacet
  facet normal 7.068534e-01 -2.676755e-02 -7.068534e-01
    outer loop
      vertex   -3.000000e+00 -1.400000e+01 4.000000e-01
      vertex   -3.400000e+00 -1.400000e+01 0.000000e+00
      vertex   -3.390263e+00 -1.374286e+01 0.000000e+00
    endloop
  endfacet
  facet normal 7.032577e-01 8.020100e-02 -7.063968e-01
    outer loop
      vertex   -3.390263e+00 -1.425714e+01 0.000000e+00
      vertex   -2.990272e+00 -1.424140e+01 4.000000e-01
      vertex   -3.361106e+00 -1.451280e+01 0.000000e+00
    endloop
  endfacet
  facet normal 7.012108e-01 8.514240e-02 -7.078518e-01
    outer loop
      vertex   -3.361106e+00 -1.451280e+01 0.000000e+00
      vertex   -2.990272e+00 -1.424140e+01 4.000000e-01
      vertex   -2.961151e+00 -1.448123e+01 4.000000e-01
    endloop
  endfacet
  facet normal 6.955649e-01 1.332319e-01 -7.060019e-01
    outer loop
      vertex   -3.361106e+00 -1.451280e+01 0.000000e+00
      vertex   -2.961151e+00 -1.448123e+01 4.000000e-01
      vertex   -3.312697e+00 -1.476553e+01 0.000000e+00
    endloop
  endfacet
  facet normal 6.916843e-01 1.412084e-01 -7.082606e-01
    outer loop
      vertex   -3.312697e+00 -1.476553e+01 0.000000e+00
      vertex   -2.961151e+00 -1.448123e+01 4.000000e-01
      vertex   -2.912825e+00 -1.471795e+01 4.000000e-01
    endloop
  endfacet
  facet normal 6.838166e-01 1.855418e-01 -7.056692e-01
    outer loop
      vertex   -3.312697e+00 -1.476553e+01 0.000000e+00
      vertex   -2.912825e+00 -1.471795e+01 4.000000e-01
      vertex   -3.245314e+00 -1.501387e+01 0.000000e+00
    endloop
  endfacet
  facet normal 6.777532e-01 1.963136e-01 -7.085983e-01
    outer loop
      vertex   -3.245314e+00 -1.501387e+01 0.000000e+00
      vertex   -2.912825e+00 -1.471795e+01 4.000000e-01
      vertex   -2.845609e+00 -1.495000e+01 4.000000e-01
    endloop
  endfacet
  facet normal 6.680795e-01 2.368165e-01 -7.053990e-01
    outer loop
      vertex   -3.245314e+00 -1.501387e+01 0.000000e+00
      vertex   -2.845609e+00 -1.495000e+01 4.000000e-01
      vertex   -3.159341e+00 -1.525641e+01 0.000000e+00
    endloop
  endfacet
  facet normal 6.595079e-01 2.501184e-01 -7.088654e-01
    outer loop
      vertex   -3.159341e+00 -1.525641e+01 0.000000e+00
      vertex   -2.845609e+00 -1.495000e+01 4.000000e-01
      vertex   -2.759938e+00 -1.517590e+01 4.000000e-01
    endloop
  endfacet
  facet normal 6.484449e-01 2.867479e-01 -7.051913e-01
    outer loop
      vertex   -3.159341e+00 -1.525641e+01 0.000000e+00
      vertex   -2.759938e+00 -1.517590e+01 4.000000e-01
      vertex   -3.055273e+00 -1.549175e+01 0.000000e+00
    endloop
  endfacet
  facet normal 6.370646e-01 3.022909e-01 -7.090619e-01
    outer loop
      vertex   -3.055273e+00 -1.549175e+01 0.000000e+00
      vertex   -2.759938e+00 -1.517590e+01 4.000000e-01
      vertex   -2.656368e+00 -1.539417e+01 4.000000e-01
    endloop
  endfacet
  facet normal 6.250284e-01 3.350357e-01 -7.050465e-01
    outer loop
      vertex   -3.055273e+00 -1.549175e+01 0.000000e+00
      vertex   -2.656368e+00 -1.539417e+01 4.000000e-01
      vertex   -2.933704e+00 -1.571854e+01 0.000000e+00
    endloop
  endfacet
  facet normal 6.105645e-01 3.525096e-01 -7.091882e-01
    outer loop
      vertex   -2.933704e+00 -1.571854e+01 0.000000e+00
      vertex   -2.656368e+00 -1.539417e+01 4.000000e-01
      vertex   -2.535570e+00 -1.560340e+01 4.000000e-01
    endloop
  endfacet
  facet normal 5.979686e-01 3.813901e-01 -7.049646e-01
    outer loop
      vertex   -2.933704e+00 -1.571854e+01 0.000000e+00
      vertex   -2.535570e+00 -1.560340e+01 4.000000e-01
      vertex   -2.795330e+00 -1.593549e+01 0.000000e+00
    endloop
  endfacet
  facet normal 5.801730e-01 4.004645e-01 -7.092443e-01
    outer loop
      vertex   -2.795330e+00 -1.593549e+01 0.000000e+00
      vertex   -2.535570e+00 -1.560340e+01 4.000000e-01
      vertex   -2.398328e+00 -1.580223e+01 4.000000e-01
    endloop
  endfacet
  facet normal 5.674270e-01 4.255327e-01 -7.049457e-01
    outer loop
      vertex   -2.795330e+00 -1.593549e+01 0.000000e+00
      vertex   -2.398328e+00 -1.580223e+01 4.000000e-01
      vertex   -2.640946e+00 -1.614136e+01 0.000000e+00
    endloop
  endfacet
  facet normal 5.460786e-01 4.458594e-01 -7.092303e-01
    outer loop
      vertex   -2.640946e+00 -1.614136e+01 0.000000e+00
      vertex   -2.398328e+00 -1.580223e+01 4.000000e-01
      vertex   -2.245532e+00 -1.598937e+01 4.000000e-01
    endloop
  endfacet
  facet normal 5.335865e-01 4.671989e-01 -7.049898e-01
    outer loop
      vertex   -2.640946e+00 -1.614136e+01 0.000000e+00
      vertex   -2.245532e+00 -1.598937e+01 4.000000e-01
      vertex   -2.471434e+00 -1.633495e+01 0.000000e+00
    endloop
  endfacet
  facet normal 5.084921e-01 4.884133e-01 -7.091461e-01
    outer loop
      vertex   -2.471434e+00 -1.633495e+01 0.000000e+00
      vertex   -2.245532e+00 -1.598937e+01 4.000000e-01
      vertex   -2.078173e+00 -1.616361e+01 4.000000e-01
    endloop
  endfacet
  facet normal 4.966501e-01 5.061394e-01 -7.050969e-01
    outer loop
      vertex   -2.471434e+00 -1.633495e+01 0.000000e+00
      vertex   -2.078173e+00 -1.616361e+01 4.000000e-01
      vertex   -2.287767e+00 -1.651518e+01 0.000000e+00
    endloop
  endfacet
  facet normal 4.676452e-01 5.278623e-01 -7.089918e-01
    outer loop
      vertex   -2.287767e+00 -1.651518e+01 0.000000e+00
      vertex   -2.078173e+00 -1.616361e+01 4.000000e-01
      vertex   -1.897336e+00 -1.632381e+01 4.000000e-01
    endloop
  endfacet
  facet normal 4.568401e-01 5.421216e-01 -7.052669e-01
    outer loop
      vertex   -2.287767e+00 -1.651518e+01 0.000000e+00
      vertex   -1.897336e+00 -1.632381e+01 4.000000e-01
      vertex   -2.090995e+00 -1.668100e+01 0.000000e+00
    endloop
  endfacet
  facet normal 4.237892e-01 5.639610e-01 -7.087670e-01
    outer loop
      vertex   -2.090995e+00 -1.668100e+01 0.000000e+00
      vertex   -1.897336e+00 -1.632381e+01 4.000000e-01
      vertex   -1.704194e+00 -1.646895e+01 4.000000e-01
    endloop
  endfacet
  facet normal 4.143963e-01 5.749313e-01 -7.054996e-01
    outer loop
      vertex   -2.090995e+00 -1.668100e+01 0.000000e+00
      vertex   -1.704194e+00 -1.646895e+01 4.000000e-01
      vertex   -1.882246e+00 -1.683146e+01 0.000000e+00
    endloop
  endfacet
  facet normal 3.771935e-01 5.964838e-01 -7.084717e-01
    outer loop
      vertex   -1.882246e+00 -1.683146e+01 0.000000e+00
      vertex   -1.704194e+00 -1.646895e+01 4.000000e-01
      vertex   -1.500000e+00 -1.659808e+01 4.000000e-01
    endloop
  endfacet
  facet normal 3.695748e-01 6.043742e-01 -7.057948e-01
    outer loop
      vertex   -1.882246e+00 -1.683146e+01 0.000000e+00
      vertex   -1.500000e+00 -1.659808e+01 4.000000e-01
      vertex   -1.662716e+00 -1.696570e+01 0.000000e+00
    endloop
  endfacet
  facet normal 3.281441e-01 6.252263e-01 -7.081056e-01
    outer loop
      vertex   -1.662716e+00 -1.696570e+01 0.000000e+00
      vertex   -1.500000e+00 -1.659808e+01 4.000000e-01
      vertex   -1.286078e+00 -1.671035e+01 4.000000e-01
    endloop
  endfacet
  facet normal 3.226458e-01 6.302765e-01 -7.061524e-01
    outer loop
      vertex   -1.662716e+00 -1.696570e+01 0.000000e+00
      vertex   -1.286078e+00 -1.671035e+01 4.000000e-01
      vertex   -1.433661e+00 -1.708296e+01 0.000000e+00
    endloop
  endfacet
  facet normal 2.769419e-01 6.500066e-01 -7.076684e-01
    outer loop
      vertex   -1.433661e+00 -1.708296e+01 0.000000e+00
      vertex   -1.286078e+00 -1.671035e+01 4.000000e-01
      vertex   -1.063815e+00 -1.680505e+01 4.000000e-01
    endloop
  endfacet
  facet normal 2.738927e-01 6.524866e-01 -7.065720e-01
    outer loop
      vertex   -1.433661e+00 -1.708296e+01 0.000000e+00
      vertex   -1.063815e+00 -1.680505e+01 4.000000e-01
      vertex   -1.196395e+00 -1.718255e+01 0.000000e+00
    endloop
  endfacet
  facet normal 2.239013e-01 6.706664e-01 -7.071596e-01
    outer loop
      vertex   -1.196395e+00 -1.718255e+01 0.000000e+00
      vertex   -1.063815e+00 -1.680505e+01 4.000000e-01
      vertex   -8.346524e-01 -1.688155e+01 4.000000e-01
    endloop
  endfacet
  facet normal 2.236095e-01 6.708759e-01 -7.070533e-01
    outer loop
      vertex   -1.196395e+00 -1.718255e+01 0.000000e+00
      vertex   -8.346524e-01 -1.688155e+01 4.000000e-01
      vertex   -9.522766e-01 -1.726392e+01 0.000000e+00
    endloop
  endfacet
  facet normal 1.723265e-01 6.862437e-01 -7.066634e-01
    outer loop
      vertex   -9.522766e-01 -1.726392e+01 0.000000e+00
      vertex   -8.346524e-01 -1.688155e+01 4.000000e-01
      vertex   -7.027032e-01 -1.732659e+01 0.000000e+00
    endloop
  endfacet
  facet normal 1.691102e-01 6.861072e-01 -7.075724e-01
    outer loop
      vertex   -7.027032e-01 -1.732659e+01 0.000000e+00
      vertex   -8.346524e-01 -1.688155e+01 4.000000e-01
      vertex   -6.000771e-01 -1.693937e+01 4.000000e-01
    endloop
  endfacet
  facet normal 1.200063e-01 6.977361e-01 -7.062314e-01
    outer loop
      vertex   -7.027032e-01 -1.732659e+01 0.000000e+00
      vertex   -6.000771e-01 -1.693937e+01 4.000000e-01
      vertex   -4.491048e-01 -1.737021e+01 0.000000e+00
    endloop
  endfacet
  facet normal 1.132806e-01 6.970435e-01 -7.080239e-01
    outer loop
      vertex   -4.491048e-01 -1.737021e+01 0.000000e+00
      vertex   -6.000771e-01 -1.693937e+01 4.000000e-01
      vertex   -3.616100e-01 -1.697813e+01 4.000000e-01
    endloop
  endfacet
  facet normal 6.692854e-02 7.051810e-01 -7.058614e-01
    outer loop
      vertex   -4.491048e-01 -1.737021e+01 0.000000e+00
      vertex   -3.616100e-01 -1.697813e+01 4.000000e-01
      vertex   -1.929339e-01 -1.739452e+01 0.000000e+00
    endloop
  endfacet
  facet normal 5.679387e-02 7.035183e-01 -7.084042e-01
    outer loop
      vertex   -1.929339e-01 -1.739452e+01 0.000000e+00
      vertex   -3.616100e-01 -1.697813e+01 4.000000e-01
      vertex   -1.207978e-01 -1.699757e+01 4.000000e-01
    endloop
  endfacet
  facet normal 1.341071e-02 7.085296e-01 -7.055536e-01
    outer loop
      vertex   -1.929339e-01 -1.739452e+01 0.000000e+00
      vertex   -1.207978e-01 -1.699757e+01 4.000000e-01
      vertex   6.434203e-02 -1.739939e+01 0.000000e+00
    endloop
  endfacet
  facet normal 0.000000e+00 7.054963e-01 -7.087136e-01
    outer loop
      vertex   6.434203e-02 -1.739939e+01 0.000000e+00
      vertex   -1.207978e-01 -1.699757e+01 4.000000e-01
      vertex   1.207978e-01 -1.699757e+01 4.000000e-01
    endloop
  endfacet
  facet normal -4.022676e-02 7.077583e-01 -7.053084e-01
    outer loop
      vertex   6.434203e-02 -1.739939e+01 0.000000e+00
      vertex   1.207978e-01 -1.699757e+01 4.000000e-01
      vertex   3.212494e-01 -1.738479e+01 0.000000e+00
    endloop
  endfacet
  facet normal -5.674955e-02 7.029694e-01 -7.089524e-01
    outer loop
      vertex   3.212494e-01 -1.738479e+01 0.000000e+00
      vertex   1.207978e-01 -1.699757e+01 4.000000e-01
      vertex   3.616100e-01 -1.697813e+01 4.000000e-01
    endloop
  endfacet
  facet normal -9.366241e-02 7.028690e-01 -7.051259e-01
    outer loop
      vertex   3.212494e-01 -1.738479e+01 0.000000e+00
      vertex   3.616100e-01 -1.697813e+01 4.000000e-01
      vertex   5.763168e-01 -1.735080e+01 0.000000e+00
    endloop
  endfacet
  facet normal -1.131039e-01 6.959562e-01 -7.091209e-01
    outer loop
      vertex   5.763168e-01 -1.735080e+01 0.000000e+00
      vertex   3.616100e-01 -1.697813e+01 4.000000e-01
      vertex   6.000771e-01 -1.693937e+01 4.000000e-01
    endloop
  endfacet
  facet normal -1.465759e-01 6.938889e-01 -7.050062e-01
    outer loop
      vertex   5.763168e-01 -1.735080e+01 0.000000e+00
      vertex   6.000771e-01 -1.693937e+01 4.000000e-01
      vertex   8.280830e-01 -1.729762e+01 0.000000e+00
    endloop
  endfacet
  facet normal -1.687147e-01 6.845025e-01 -7.092191e-01
    outer loop
      vertex   8.280830e-01 -1.729762e+01 0.000000e+00
      vertex   6.000771e-01 -1.693937e+01 4.000000e-01
      vertex   8.346524e-01 -1.688155e+01 4.000000e-01
    endloop
  endfacet
  facet normal -1.986498e-01 6.808704e-01 -7.049495e-01
    outer loop
      vertex   8.280830e-01 -1.729762e+01 0.000000e+00
      vertex   8.346524e-01 -1.688155e+01 4.000000e-01
      vertex   1.075106e+00 -1.722555e+01 0.000000e+00
    endloop
  endfacet
  facet normal -2.232382e-01 6.686802e-01 -7.092471e-01
    outer loop
      vertex   1.075106e+00 -1.722555e+01 0.000000e+00
      vertex   8.346524e-01 -1.688155e+01 4.000000e-01
      vertex   1.063815e+00 -1.680505e+01 4.000000e-01
    endloop
  endfacet
  facet normal -2.495720e-01 6.638909e-01 -7.049558e-01
    outer loop
      vertex   1.075106e+00 -1.722555e+01 0.000000e+00
      vertex   1.063815e+00 -1.680505e+01 4.000000e-01
      vertex   1.315971e+00 -1.713500e+01 0.000000e+00
    endloop
  endfacet
  facet normal -2.763373e-01 6.485876e-01 -7.092051e-01
    outer loop
      vertex   1.315971e+00 -1.713500e+01 0.000000e+00
      vertex   1.063815e+00 -1.680505e+01 4.000000e-01
      vertex   1.286078e+00 -1.671035e+01 4.000000e-01
    endloop
  endfacet
  facet normal -2.990375e-01 6.430522e-01 -7.050251e-01
    outer loop
      vertex   1.315971e+00 -1.713500e+01 0.000000e+00
      vertex   1.286078e+00 -1.671035e+01 4.000000e-01
      vertex   1.549298e+00 -1.702650e+01 0.000000e+00
    endloop
  endfacet
  facet normal -3.276833e-01 6.243485e-01 -7.090928e-01
    outer loop
      vertex   1.549298e+00 -1.702650e+01 0.000000e+00
      vertex   1.286078e+00 -1.671035e+01 4.000000e-01
      vertex   1.500000e+00 -1.659808e+01 4.000000e-01
    endloop
  endfacet
  facet normal -3.467500e-01 6.184800e-01 -7.051573e-01
    outer loop
      vertex   1.549298e+00 -1.702650e+01 0.000000e+00
      vertex   1.500000e+00 -1.659808e+01 4.000000e-01
      vertex   1.773751e+00 -1.690066e+01 0.000000e+00
    endloop
  endfacet
  facet normal -3.769580e-01 5.961114e-01 -7.089103e-01
    outer loop
      vertex   1.773751e+00 -1.690066e+01 0.000000e+00
      vertex   1.500000e+00 -1.659808e+01 4.000000e-01
      vertex   1.704194e+00 -1.646895e+01 4.000000e-01
    endloop
  endfacet
  facet normal -3.924243e-01 5.903229e-01 -7.053524e-01
    outer loop
      vertex   1.773751e+00 -1.690066e+01 0.000000e+00
      vertex   1.704194e+00 -1.646895e+01 4.000000e-01
      vertex   1.988044e+00 -1.675820e+01 0.000000e+00
    endloop
  endfacet
  facet normal -4.238554e-01 5.640491e-01 -7.086574e-01
    outer loop
      vertex   1.988044e+00 -1.675820e+01 0.000000e+00
      vertex   1.704194e+00 -1.646895e+01 4.000000e-01
      vertex   1.897336e+00 -1.632381e+01 4.000000e-01
    endloop
  endfacet
  facet normal -4.357880e-01 5.587513e-01 -7.056102e-01
    outer loop
      vertex   1.988044e+00 -1.675820e+01 0.000000e+00
      vertex   1.897336e+00 -1.632381e+01 4.000000e-01
      vertex   2.190950e+00 -1.659995e+01 0.000000e+00
    endloop
  endfacet
  facet normal -4.680835e-01 5.283570e-01 -7.083338e-01
    outer loop
      vertex   2.190950e+00 -1.659995e+01 0.000000e+00
      vertex   1.897336e+00 -1.632381e+01 4.000000e-01
      vertex   2.078173e+00 -1.616361e+01 4.000000e-01
    endloop
  endfacet
  facet normal -4.765830e-01 5.239570e-01 -7.059304e-01
    outer loop
      vertex   2.190950e+00 -1.659995e+01 0.000000e+00
      vertex   2.078173e+00 -1.616361e+01 4.000000e-01
      vertex   2.381306e+00 -1.642680e+01 0.000000e+00
    endloop
  endfacet
  facet normal -5.093660e-01 4.892527e-01 -7.079393e-01
    outer loop
      vertex   2.381306e+00 -1.642680e+01 0.000000e+00
      vertex   2.078173e+00 -1.616361e+01 4.000000e-01
      vertex   2.245532e+00 -1.598937e+01 4.000000e-01
    endloop
  endfacet
  facet normal -5.145670e-01 4.861511e-01 -7.063128e-01
    outer loop
      vertex   2.381306e+00 -1.642680e+01 0.000000e+00
      vertex   2.245532e+00 -1.598937e+01 4.000000e-01
      vertex   2.558022e+00 -1.623976e+01 0.000000e+00
    endloop
  endfacet
  facet normal -5.474442e-01 4.469744e-01 -7.074735e-01
    outer loop
      vertex   2.558022e+00 -1.623976e+01 0.000000e+00
      vertex   2.245532e+00 -1.598937e+01 4.000000e-01
      vertex   2.398328e+00 -1.580223e+01 4.000000e-01
    endloop
  endfacet
  facet normal -5.495158e-01 4.455634e-01 -7.067572e-01
    outer loop
      vertex   2.558022e+00 -1.623976e+01 0.000000e+00
      vertex   2.398328e+00 -1.580223e+01 4.000000e-01
      vertex   2.720086e+00 -1.603988e+01 0.000000e+00
    endloop
  endfacet
  facet normal -5.814792e-01 4.026172e-01 -7.069521e-01
    outer loop
      vertex   2.720086e+00 -1.603988e+01 0.000000e+00
      vertex   2.398328e+00 -1.580223e+01 4.000000e-01
      vertex   2.866570e+00 -1.582833e+01 0.000000e+00
    endloop
  endfacet
  facet normal -5.818055e-01 4.015913e-01 -7.072671e-01
    outer loop
      vertex   2.866570e+00 -1.582833e+01 0.000000e+00
      vertex   2.398328e+00 -1.580223e+01 4.000000e-01
      vertex   2.535570e+00 -1.560340e+01 4.000000e-01
    endloop
  endfacet
  facet normal -6.106675e-01 3.577244e-01 -7.064832e-01
    outer loop
      vertex   2.866570e+00 -1.582833e+01 0.000000e+00
      vertex   2.535570e+00 -1.560340e+01 4.000000e-01
      vertex   2.996634e+00 -1.560629e+01 0.000000e+00
    endloop
  endfacet
  facet normal -6.118049e-01 3.532257e-01 -7.077615e-01
    outer loop
      vertex   2.996634e+00 -1.560629e+01 0.000000e+00
      vertex   2.535570e+00 -1.560340e+01 4.000000e-01
      vertex   2.656368e+00 -1.539417e+01 4.000000e-01
    endloop
  endfacet
  facet normal -6.363379e-01 3.106941e-01 -7.060759e-01
    outer loop
      vertex   2.996634e+00 -1.560629e+01 0.000000e+00
      vertex   2.656368e+00 -1.539417e+01 4.000000e-01
      vertex   3.109534e+00 -1.537506e+01 0.000000e+00
    endloop
  endfacet
  facet normal -6.378608e-01 3.026687e-01 -7.081845e-01
    outer loop
      vertex   3.109534e+00 -1.537506e+01 0.000000e+00
      vertex   2.656368e+00 -1.539417e+01 4.000000e-01
      vertex   2.759938e+00 -1.517590e+01 4.000000e-01
    endloop
  endfacet
  facet normal -6.583325e-01 2.618059e-01 -7.057308e-01
    outer loop
      vertex   3.109534e+00 -1.537506e+01 0.000000e+00
      vertex   2.759938e+00 -1.517590e+01 4.000000e-01
      vertex   3.204623e+00 -1.513595e+01 0.000000e+00
    endloop
  endfacet
  facet normal -6.598169e-01 2.502355e-01 -7.085364e-01
    outer loop
      vertex   3.204623e+00 -1.513595e+01 0.000000e+00
      vertex   2.759938e+00 -1.517590e+01 4.000000e-01
      vertex   2.845609e+00 -1.495000e+01 4.000000e-01
    endloop
  endfacet
  facet normal -6.765159e-01 2.113512e-01 -7.054480e-01
    outer loop
      vertex   3.204623e+00 -1.513595e+01 0.000000e+00
      vertex   2.845609e+00 -1.495000e+01 4.000000e-01
      vertex   3.281356e+00 -1.489034e+01 0.000000e+00
    endloop
  endfacet
  facet normal -6.775416e-01 1.962523e-01 -7.088176e-01
    outer loop
      vertex   3.281356e+00 -1.489034e+01 0.000000e+00
      vertex   2.845609e+00 -1.495000e+01 4.000000e-01
      vertex   2.912825e+00 -1.471795e+01 4.000000e-01
    endloop
  endfacet
  facet normal -6.907761e-01 1.596312e-01 -7.052278e-01
    outer loop
      vertex   3.281356e+00 -1.489034e+01 0.000000e+00
      vertex   2.912825e+00 -1.471795e+01 4.000000e-01
      vertex   3.339293e+00 -1.463962e+01 0.000000e+00
    endloop
  endfacet
  facet normal -6.909288e-01 1.410541e-01 -7.090283e-01
    outer loop
      vertex   3.339293e+00 -1.463962e+01 0.000000e+00
      vertex   2.912825e+00 -1.471795e+01 4.000000e-01
      vertex   2.961151e+00 -1.448123e+01 4.000000e-01
    endloop
  endfacet
  facet normal -7.010251e-01 1.069551e-01 -7.050705e-01
    outer loop
      vertex   3.339293e+00 -1.463962e+01 0.000000e+00
      vertex   2.961151e+00 -1.448123e+01 4.000000e-01
      vertex   3.378104e+00 -1.438525e+01 0.000000e+00
    endloop
  endfacet
  facet normal -6.998984e-01 8.498305e-02 -7.091686e-01
    outer loop
      vertex   3.378104e+00 -1.438525e+01 0.000000e+00
      vertex   2.961151e+00 -1.448123e+01 4.000000e-01
      vertex   2.990272e+00 -1.424140e+01 4.000000e-01
    endloop
  endfacet
  facet normal -7.072000e-01 5.363827e-02 -7.049760e-01
    outer loop
      vertex   3.378104e+00 -1.438525e+01 0.000000e+00
      vertex   2.990272e+00 -1.424140e+01 4.000000e-01
      vertex   3.397565e+00 -1.412866e+01 0.000000e+00
    endloop
  endfacet
  facet normal -7.043967e-01 2.838621e-02 -7.092387e-01
    outer loop
      vertex   3.397565e+00 -1.412866e+01 0.000000e+00
      vertex   2.990272e+00 -1.424140e+01 4.000000e-01
      vertex   3.000000e+00 -1.400000e+01 4.000000e-01
    endloop
  endfacet
  facet normal -7.092625e-01 0.000000e+00 -7.049445e-01
    outer loop
      vertex   3.397565e+00 -1.412866e+01 0.000000e+00
      vertex   3.000000e+00 -1.400000e+01 4.000000e-01
      vertex   3.397565e+00 -1.387134e+01 0.000000e+00
    endloop
  endfacet
  facet normal -7.043967e-01 -2.838621e-02 -7.092387e-01
    outer loop
      vertex   3.397565e+00 -1.387134e+01 0.000000e+00
      vertex   3.000000e+00 -1.400000e+01 4.000000e-01
      vertex   2.990272e+00 -1.375860e+01 4.000000e-01
    endloop
  endfacet
  facet normal -7.072000e-01 -5.363827e-02 -7.049760e-01
    outer loop
      vertex   3.397565e+00 -1.387134e+01 0.000000e+00
      vertex   2.990272e+00 -1.375860e+01 4.000000e-01
      vertex   3.378104e+00 -1.361475e+01 0.000000e+00
    endloop
  endfacet
  facet normal -6.998984e-01 -8.498305e-02 -7.091686e-01
    outer loop
      vertex   3.378104e+00 -1.361475e+01 0.000000e+00
      vertex   2.990272e+00 -1.375860e+01 4.000000e-01
      vertex   2.961151e+00 -1.351877e+01 4.000000e-01
    endloop
  endfacet
  facet normal -7.010251e-01 -1.069551e-01 -7.050705e-01
    outer loop
      vertex   3.378104e+00 -1.361475e+01 0.000000e+00
      vertex   2.961151e+00 -1.351877e+01 4.000000e-01
      vertex   3.339293e+00 -1.336038e+01 0.000000e+00
    endloop
  endfacet
  facet normal -6.909288e-01 -1.410541e-01 -7.090283e-01
    outer loop
      vertex   3.339293e+00 -1.336038e+01 0.000000e+00
      vertex   2.961151e+00 -1.351877e+01 4.000000e-01
      vertex   2.912825e+00 -1.328205e+01 4.000000e-01
    endloop
  endfacet
  facet normal -6.907761e-01 -1.596312e-01 -7.052278e-01
    outer loop
      vertex   3.339293e+00 -1.336038e+01 0.000000e+00
      vertex   2.912825e+00 -1.328205e+01 4.000000e-01
      vertex   3.281356e+00 -1.310966e+01 0.000000e+00
    endloop
  endfacet
  facet normal -6.775416e-01 -1.962523e-01 -7.088176e-01
    outer loop
      vertex   3.281356e+00 -1.310966e+01 0.000000e+00
      vertex   2.912825e+00 -1.328205e+01 4.000000e-01
      vertex   2.845609e+00 -1.305000e+01 4.000000e-01
    endloop
  endfacet
  facet normal -6.765159e-01 -2.113512e-01 -7.054480e-01
    outer loop
      vertex   3.281356e+00 -1.310966e+01 0.000000e+00
      vertex   2.845609e+00 -1.305000e+01 4.000000e-01
      vertex   3.204623e+00 -1.286405e+01 0.000000e+00
    endloop
  endfacet
  facet normal -6.598169e-01 -2.502355e-01 -7.085364e-01
    outer loop
      vertex   3.204623e+00 -1.286405e+01 0.000000e+00
      vertex   2.845609e+00 -1.305000e+01 4.000000e-01
      vertex   2.759938e+00 -1.282410e+01 4.000000e-01
    endloop
  endfacet
  facet normal -6.583325e-01 -2.618059e-01 -7.057308e-01
    outer loop
      vertex   3.204623e+00 -1.286405e+01 0.000000e+00
      vertex   2.759938e+00 -1.282410e+01 4.000000e-01
      vertex   3.109534e+00 -1.262494e+01 0.000000e+00
    endloop
  endfacet
  facet normal -6.378608e-01 -3.026687e-01 -7.081845e-01
    outer loop
      vertex   3.109534e+00 -1.262494e+01 0.000000e+00
      vertex   2.759938e+00 -1.282410e+01 4.000000e-01
      vertex   2.656368e+00 -1.260583e+01 4.000000e-01
    endloop
  endfacet
  facet normal -6.363379e-01 -3.106941e-01 -7.060759e-01
    outer loop
      vertex   3.109534e+00 -1.262494e+01 0.000000e+00
      vertex   2.656368e+00 -1.260583e+01 4.000000e-01
      vertex   2.996634e+00 -1.239371e+01 0.000000e+00
    endloop
  endfacet
  facet normal -6.118049e-01 -3.532257e-01 -7.077615e-01
    outer loop
      vertex   2.996634e+00 -1.239371e+01 0.000000e+00
      vertex   2.656368e+00 -1.260583e+01 4.000000e-01
      vertex   2.535570e+00 -1.239660e+01 4.000000e-01
    endloop
  endfacet
  facet normal -6.106675e-01 -3.577244e-01 -7.064832e-01
    outer loop
      vertex   2.996634e+00 -1.239371e+01 0.000000e+00
      vertex   2.535570e+00 -1.239660e+01 4.000000e-01
      vertex   2.866570e+00 -1.217167e+01 0.000000e+00
    endloop
  endfacet
  facet normal -5.818055e-01 -4.015913e-01 -7.072671e-01
    outer loop
      vertex   2.866570e+00 -1.217167e+01 0.000000e+00
      vertex   2.535570e+00 -1.239660e+01 4.000000e-01
      vertex   2.398328e+00 -1.219777e+01 4.000000e-01
    endloop
  endfacet
  facet normal -5.814792e-01 -4.026172e-01 -7.069521e-01
    outer loop
      vertex   2.866570e+00 -1.217167e+01 0.000000e+00
      vertex   2.398328e+00 -1.219777e+01 4.000000e-01
      vertex   2.720086e+00 -1.196012e+01 0.000000e+00
    endloop
  endfacet
  facet normal -5.495158e-01 -4.455634e-01 -7.067572e-01
    outer loop
      vertex   2.720086e+00 -1.196012e+01 0.000000e+00
      vertex   2.398328e+00 -1.219777e+01 4.000000e-01
      vertex   2.558022e+00 -1.176024e+01 0.000000e+00
    endloop
  endfacet
  facet normal -5.474442e-01 -4.469744e-01 -7.074735e-01
    outer loop
      vertex   2.558022e+00 -1.176024e+01 0.000000e+00
      vertex   2.398328e+00 -1.219777e+01 4.000000e-01
      vertex   2.245532e+00 -1.201063e+01 4.000000e-01
    endloop
  endfacet
  facet normal -5.145670e-01 -4.861511e-01 -7.063128e-01
    outer loop
      vertex   2.558022e+00 -1.176024e+01 0.000000e+00
      vertex   2.245532e+00 -1.201063e+01 4.000000e-01
      vertex   2.381306e+00 -1.157320e+01 0.000000e+00
    endloop
  endfacet
  facet normal -5.093660e-01 -4.892527e-01 -7.079393e-01
    outer loop
      vertex   2.381306e+00 -1.157320e+01 0.000000e+00
      vertex   2.245532e+00 -1.201063e+01 4.000000e-01
      vertex   2.078173e+00 -1.183639e+01 4.000000e-01
    endloop
  endfacet
  facet normal -4.765830e-01 -5.239570e-01 -7.059304e-01
    outer loop
      vertex   2.381306e+00 -1.157320e+01 0.000000e+00
      vertex   2.078173e+00 -1.183639e+01 4.000000e-01
      vertex   2.190950e+00 -1.140005e+01 0.000000e+00
    endloop
  endfacet
  facet normal -4.680835e-01 -5.283570e-01 -7.083338e-01
    outer loop
      vertex   2.190950e+00 -1.140005e+01 0.000000e+00
      vertex   2.078173e+00 -1.183639e+01 4.000000e-01
      vertex   1.897336e+00 -1.167619e+01 4.000000e-01
    endloop
  endfacet
  facet normal -4.357880e-01 -5.587513e-01 -7.056102e-01
    outer loop
      vertex   2.190950e+00 -1.140005e+01 0.000000e+00
      vertex   1.897336e+00 -1.167619e+01 4.000000e-01
      vertex   1.988044e+00 -1.124180e+01 0.000000e+00
    endloop
  endfacet
  facet normal -4.238554e-01 -5.640491e-01 -7.086574e-01
    outer loop
      vertex   1.988044e+00 -1.124180e+01 0.000000e+00
      vertex   1.897336e+00 -1.167619e+01 4.000000e-01
      vertex   1.704194e+00 -1.153105e+01 4.000000e-01
    endloop
  endfacet
  facet normal -3.924243e-01 -5.903229e-01 -7.053524e-01
    outer loop
      vertex   1.988044e+00 -1.124180e+01 0.000000e+00
      vertex   1.704194e+00 -1.153105e+01 4.000000e-01
      vertex   1.773751e+00 -1.109934e+01 0.000000e+00
    endloop
  endfacet
  facet normal -3.769580e-01 -5.961114e-01 -7.089103e-01
    outer loop
      vertex   1.773751e+00 -1.109934e+01 0.000000e+00
      vertex   1.704194e+00 -1.153105e+01 4.000000e-01
      vertex   1.500000e+00 -1.140192e+01 4.000000e-01
    endloop
  endfacet
  facet normal -3.467500e-01 -6.184800e-01 -7.051573e-01
    outer loop
      vertex   1.773751e+00 -1.109934e+01 0.000000e+00
      vertex   1.500000e+00 -1.140192e+01 4.000000e-01
      vertex   1.549298e+00 -1.097350e+01 0.000000e+00
    endloop
  endfacet
  facet normal -3.276833e-01 -6.243485e-01 -7.090928e-01
    outer loop
      vertex   1.549298e+00 -1.097350e+01 0.000000e+00
      vertex   1.500000e+00 -1.140192e+01 4.000000e-01
      vertex   1.286078e+00 -1.128965e+01 4.000000e-01
    endloop
  endfacet
  facet normal -2.990375e-01 -6.430522e-01 -7.050251e-01
    outer loop
      vertex   1.549298e+00 -1.097350e+01 0.000000e+00
      vertex   1.286078e+00 -1.128965e+01 4.000000e-01
      vertex   1.315971e+00 -1.086500e+01 0.000000e+00
    endloop
  endfacet
  facet normal -2.763373e-01 -6.485876e-01 -7.092051e-01
    outer loop
      vertex   1.315971e+00 -1.086500e+01 0.000000e+00
      vertex   1.286078e+00 -1.128965e+01 4.000000e-01
      vertex   1.063815e+00 -1.119495e+01 4.000000e-01
    endloop
  endfacet
  facet normal -2.495720e-01 -6.638909e-01 -7.049558e-01
    outer loop
      vertex   1.315971e+00 -1.086500e+01 0.000000e+00
      vertex   1.063815e+00 -1.119495e+01 4.000000e-01
      vertex   1.075106e+00 -1.077445e+01 0.000000e+00
    endloop
  endfacet
  facet normal -2.232382e-01 -6.686802e-01 -7.092471e-01
    outer loop
      vertex   1.075106e+00 -1.077445e+01 0.000000e+00
      vertex   1.063815e+00 -1.119495e+01 4.000000e-01
      vertex   8.346524e-01 -1.111845e+01 4.000000e-01
    endloop
  endfacet
  facet normal -1.986498e-01 -6.808704e-01 -7.049495e-01
    outer loop
      vertex   1.075106e+00 -1.077445e+01 0.000000e+00
      vertex   8.346524e-01 -1.111845e+01 4.000000e-01
      vertex   8.280830e-01 -1.070238e+01 0.000000e+00
    endloop
  endfacet
  facet normal -1.687147e-01 -6.845025e-01 -7.092191e-01
    outer loop
      vertex   8.280830e-01 -1.070238e+01 0.000000e+00
      vertex   8.346524e-01 -1.111845e+01 4.000000e-01
      vertex   6.000771e-01 -1.106063e+01 4.000000e-01
    endloop
  endfacet
  facet normal -1.465759e-01 -6.938889e-01 -7.050062e-01
    outer loop
      vertex   8.280830e-01 -1.070238e+01 0.000000e+00
      vertex   6.000771e-01 -1.106063e+01 4.000000e-01
      vertex   5.763168e-01 -1.064920e+01 0.000000e+00
    endloop
  endfacet
  facet normal -1.131039e-01 -6.959562e-01 -7.091209e-01
    outer loop
      vertex   5.763168e-01 -1.064920e+01 0.000000e+00
      vertex   6.000771e-01 -1.106063e+01 4.000000e-01
      vertex   3.616100e-01 -1.102187e+01 4.000000e-01
    endloop
  endfacet
  facet normal -9.366241e-02 -7.028690e-01 -7.051259e-01
    outer loop
      vertex   5.763168e-01 -1.064920e+01 0.000000e+00
      vertex   3.616100e-01 -1.102187e+01 4.000000e-01
      vertex   3.212494e-01 -1.061521e+01 0.000000e+00
    endloop
  endfacet
  facet normal -5.674955e-02 -7.029694e-01 -7.089524e-01
    outer loop
      vertex   3.212494e-01 -1.061521e+01 0.000000e+00
      vertex   3.616100e-01 -1.102187e+01 4.000000e-01
      vertex   1.207978e-01 -1.100243e+01 4.000000e-01
    endloop
  endfacet
  facet normal -4.022676e-02 -7.077583e-01 -7.053084e-01
    outer loop
      vertex   3.212494e-01 -1.061521e+01 0.000000e+00
      vertex   1.207978e-01 -1.100243e+01 4.000000e-01
      vertex   6.434203e-02 -1.060061e+01 0.000000e+00
    endloop
  endfacet
  facet normal 0.000000e+00 -7.054963e-01 -7.087136e-01
    outer loop
      vertex   6.434203e-02 -1.060061e+01 0.000000e+00
      vertex   1.207978e-01 -1.100243e+01 4.000000e-01
      vertex   -1.207978e-01 -1.100243e+01 4.000000e-01
    endloop
  endfacet
  facet normal 1.341071e-02 -7.085296e-01 -7.055536e-01
    outer loop
      vertex   6.434203e-02 -1.060061e+01 0.000000e+00
      vertex   -1.207978e-01 -1.100243e+01 4.000000e-01
      vertex   -1.929339e-01 -1.060548e+01 0.000000e+00
    endloop
  endfacet
  facet normal 5.679387e-02 -7.035183e-01 -7.084042e-01
    outer loop
      vertex   -1.929339e-01 -1.060548e+01 0.000000e+00
      vertex   -1.207978e-01 -1.100243e+01 4.000000e-01
      vertex   -3.616100e-01 -1.102187e+01 4.000000e-01
    endloop
  endfacet
  facet normal 6.692854e-02 -7.051810e-01 -7.058614e-01
    outer loop
      vertex   -1.929339e-01 -1.060548e+01 0.000000e+00
      vertex   -3.616100e-01 -1.102187e+01 4.000000e-01
      vertex   -4.491048e-01 -1.062979e+01 0.000000e+00
    endloop
  endfacet
  facet normal 1.132806e-01 -6.970435e-01 -7.080239e-01
    outer loop
      vertex   -4.491048e-01 -1.062979e+01 0.000000e+00
      vertex   -3.616100e-01 -1.102187e+01 4.000000e-01
      vertex   -6.000771e-01 -1.106063e+01 4.000000e-01
    endloop
  endfacet
  facet normal 1.200063e-01 -6.977361e-01 -7.062314e-01
    outer loop
      vertex   -4.491048e-01 -1.062979e+01 0.000000e+00
      vertex   -6.000771e-01 -1.106063e+01 4.000000e-01
      vertex   -7.027032e-01 -1.067341e+01 0.000000e+00
    endloop
  endfacet
  facet normal 1.691102e-01 -6.861072e-01 -7.075724e-01
    outer loop
      vertex   -7.027032e-01 -1.067341e+01 0.000000e+00
      vertex   -6.000771e-01 -1.106063e+01 4.000000e-01
      vertex   -8.346524e-01 -1.111845e+01 4.000000e-01
    endloop
  endfacet
  facet normal 1.723265e-01 -6.862437e-01 -7.066634e-01
    outer loop
      vertex   -7.027032e-01 -1.067341e+01 0.000000e+00
      vertex   -8.346524e-01 -1.111845e+01 4.000000e-01
      vertex   -9.522766e-01 -1.073608e+01 0.000000e+00
    endloop
  endfacet
  facet normal 2.236095e-01 -6.708759e-01 -7.070533e-01
    outer loop
      vertex   -9.522766e-01 -1.073608e+01 0.000000e+00
      vertex   -8.346524e-01 -1.111845e+01 4.000000e-01
      vertex   -1.196395e+00 -1.081745e+01 0.000000e+00
    endloop
  endfacet
  facet normal 2.239013e-01 -6.706664e-01 -7.071596e-01
    outer loop
      vertex   -1.196395e+00 -1.081745e+01 0.000000e+00
      vertex   -8.346524e-01 -1.111845e+01 4.000000e-01
      vertex   -1.063815e+00 -1.119495e+01 4.000000e-01
    endloop
  endfacet
  facet normal 2.738927e-01 -6.524866e-01 -7.065720e-01
    outer loop
      vertex   -1.196395e+00 -1.081745e+01 0.000000e+00
      vertex   -1.063815e+00 -1.119495e+01 4.000000e-01
      vertex   -1.433661e+00 -1.091704e+01 0.000000e+00
    endloop
  endfacet
  facet normal 2.769419e-01 -6.500066e-01 -7.076684e-01
    outer loop
      vertex   -1.433661e+00 -1.091704e+01 0.000000e+00
      vertex   -1.063815e+00 -1.119495e+01 4.000000e-01
      vertex   -1.286078e+00 -1.128965e+01 4.000000e-01
    endloop
  endfacet
  facet normal 3.226458e-01 -6.302765e-01 -7.061524e-01
    outer loop
      vertex   -1.433661e+00 -1.091704e+01 0.000000e+00
      vertex   -1.286078e+00 -1.128965e+01 4.000000e-01
      vertex   -1.662716e+00 -1.103430e+01 0.000000e+00
    endloop
  endfacet
  facet normal 3.281441e-01 -6.252263e-01 -7.081056e-01
    outer loop
      vertex   -1.662716e+00 -1.103430e+01 0.000000e+00
      vertex   -1.286078e+00 -1.128965e+01 4.000000e-01
      vertex   -1.500000e+00 -1.140192e+01 4.000000e-01
    endloop
  endfacet
  facet normal 3.695748e-01 -6.043742e-01 -7.057948e-01
    outer loop
      vertex   -1.662716e+00 -1.103430e+01 0.000000e+00
      vertex   -1.500000e+00 -1.140192e+01 4.000000e-01
      vertex   -1.882246e+00 -1.116854e+01 0.000000e+00
    endloop
  endfacet
  facet normal 3.771935e-01 -5.964838e-01 -7.084717e-01
    outer loop
      vertex   -1.882246e+00 -1.116854e+01 0.000000e+00
      vertex   -1.500000e+00 -1.140192e+01 4.000000e-01
      vertex   -1.704194e+00 -1.153105e+01 4.000000e-01
    endloop
  endfacet
  facet normal 4.143963e-01 -5.749313e-01 -7.054996e-01
    outer loop
      vertex   -1.882246e+00 -1.116854e+01 0.000000e+00
      vertex   -1.704194e+00 -1.153105e+01 4.000000e-01
      vertex   -2.090995e+00 -1.131900e+01 0.000000e+00
    endloop
  endfacet
  facet normal 4.237892e-01 -5.639610e-01 -7.087670e-01
    outer loop
      vertex   -2.090995e+00 -1.131900e+01 0.000000e+00
      vertex   -1.704194e+00 -1.153105e+01 4.000000e-01
      vertex   -1.897336e+00 -1.167619e+01 4.000000e-01
    endloop
  endfacet
  facet normal 4.568401e-01 -5.421216e-01 -7.052669e-01
    outer loop
      vertex   -2.090995e+00 -1.131900e+01 0.000000e+00
      vertex   -1.897336e+00 -1.167619e+01 4.000000e-01
      vertex   -2.287767e+00 -1.148482e+01 0.000000e+00
    endloop
  endfacet
  facet normal 4.676452e-01 -5.278623e-01 -7.089918e-01
    outer loop
      vertex   -2.287767e+00 -1.148482e+01 0.000000e+00
      vertex   -1.897336e+00 -1.167619e+01 4.000000e-01
      vertex   -2.078173e+00 -1.183639e+01 4.000000e-01
    endloop
  endfacet
  facet normal 4.966501e-01 -5.061394e-01 -7.050969e-01
    outer loop
      vertex   -2.287767e+00 -1.148482e+01 0.000000e+00
      vertex   -2.078173e+00 -1.183639e+01 4.000000e-01
      vertex   -2.471434e+00 -1.166505e+01 0.000000e+00
    endloop
  endfacet
  facet normal 5.084921e-01 -4.884133e-01 -7.091461e-01
    outer loop
      vertex   -2.471434e+00 -1.166505e+01 0.000000e+00
      vertex   -2.078173e+00 -1.183639e+01 4.000000e-01
      vertex   -2.245532e+00 -1.201063e+01 4.000000e-01
    endloop
  endfacet
  facet normal 5.335865e-01 -4.671989e-01 -7.049898e-01
    outer loop
      vertex   -2.471434e+00 -1.166505e+01 0.000000e+00
      vertex   -2.245532e+00 -1.201063e+01 4.000000e-01
      vertex   -2.640946e+00 -1.185864e+01 0.000000e+00
    endloop
  endfacet
  facet normal 5.460786e-01 -4.458594e-01 -7.092303e-01
    outer loop
      vertex   -2.640946e+00 -1.185864e+01 0.000000e+00
      vertex   -2.245532e+00 -1.201063e+01 4.000000e-01
      vertex   -2.398328e+00 -1.219777e+01 4.000000e-01
    endloop
  endfacet
  facet normal 5.674270e-01 -4.255327e-01 -7.049457e-01
    outer loop
      vertex   -2.640946e+00 -1.185864e+01 0.000000e+00
      vertex   -2.398328e+00 -1.219777e+01 4.000000e-01
      vertex   -2.795330e+00 -1.206451e+01 0.000000e+00
    endloop
  endfacet
  facet normal 5.801730e-01 -4.004645e-01 -7.092443e-01
    outer loop
      vertex   -2.795330e+00 -1.206451e+01 0.000000e+00
      vertex   -2.398328e+00 -1.219777e+01 4.000000e-01
      vertex   -2.535570e+00 -1.239660e+01 4.000000e-01
    endloop
  endfacet
  facet normal 5.979686e-01 -3.813901e-01 -7.049646e-01
    outer loop
      vertex   -2.795330e+00 -1.206451e+01 0.000000e+00
      vertex   -2.535570e+00 -1.239660e+01 4.000000e-01
      vertex   -2.933704e+00 -1.228146e+01 0.000000e+00
    endloop
  endfacet
  facet normal 6.105645e-01 -3.525096e-01 -7.091882e-01
    outer loop
      vertex   -2.933704e+00 -1.228146e+01 0.000000e+00
      vertex   -2.535570e+00 -1.239660e+01 4.000000e-01
      vertex   -2.656368e+00 -1.260583e+01 4.000000e-01
    endloop
  endfacet
  facet normal 6.250284e-01 -3.350357e-01 -7.050465e-01
    outer loop
      vertex   -2.933704e+00 -1.228146e+01 0.000000e+00
      vertex   -2.656368e+00 -1.260583e+01 4.000000e-01
      vertex   -3.055273e+00 -1.250825e+01 0.000000e+00
    endloop
  endfacet
  facet normal 6.370646e-01 -3.022909e-01 -7.090619e-01
    outer loop
      vertex   -3.055273e+00 -1.250825e+01 0.000000e+00
      vertex   -2.656368e+00 -1.260583e+01 4.000000e-01
      vertex   -2.759938e+00 -1.282410e+01 4.000000e-01
    endloop
  endfacet
  facet normal 6.484449e-01 -2.867479e-01 -7.051913e-01
    outer loop
      vertex   -3.055273e+00 -1.250825e+01 0.000000e+00
      vertex   -2.759938e+00 -1.282410e+01 4.000000e-01
      vertex   -3.159341e+00 -1.274359e+01 0.000000e+00
    endloop
  endfacet
  facet normal 6.595079e-01 -2.501184e-01 -7.088654e-01
    outer loop
      vertex   -3.159341e+00 -1.274359e+01 0.000000e+00
      vertex   -2.759938e+00 -1.282410e+01 4.000000e-01
      vertex   -2.845609e+00 -1.305000e+01 4.000000e-01
    endloop
  endfacet
  facet normal 6.680795e-01 -2.368165e-01 -7.053990e-01
    outer loop
      vertex   -3.159341e+00 -1.274359e+01 0.000000e+00
      vertex   -2.845609e+00 -1.305000e+01 4.000000e-01
      vertex   -3.245314e+00 -1.298613e+01 0.000000e+00
    endloop
  endfacet
  facet normal 6.777532e-01 -1.963136e-01 -7.085983e-01
    outer loop
      vertex   -3.245314e+00 -1.298613e+01 0.000000e+00
      vertex   -2.845609e+00 -1.305000e+01 4.000000e-01
      vertex   -2.912825e+00 -1.328205e+01 4.000000e-01
    endloop
  endfacet
  facet normal 6.838166e-01 -1.855418e-01 -7.056692e-01
    outer loop
      vertex   -3.245314e+00 -1.298613e+01 0.000000e+00
      vertex   -2.912825e+00 -1.328205e+01 4.000000e-01
      vertex   -3.312697e+00 -1.323447e+01 0.000000e+00
    endloop
  endfacet
  facet normal 6.916843e-01 -1.412084e-01 -7.082606e-01
    outer loop
      vertex   -3.312697e+00 -1.323447e+01 0.000000e+00
      vertex   -2.912825e+00 -1.328205e+01 4.000000e-01
      vertex   -2.961151e+00 -1.351877e+01 4.000000e-01
    endloop
  endfacet
  facet normal 6.955649e-01 -1.332319e-01 -7.060019e-01
    outer loop
      vertex   -3.312697e+00 -1.323447e+01 0.000000e+00
      vertex   -2.961151e+00 -1.351877e+01 4.000000e-01
      vertex   -3.361106e+00 -1.348720e+01 0.000000e+00
    endloop
  endfacet
  facet normal 7.012108e-01 -8.514240e-02 -7.078518e-01
    outer loop
      vertex   -3.361106e+00 -1.348720e+01 0.000000e+00
      vertex   -2.961151e+00 -1.351877e+01 4.000000e-01
      vertex   -2.990272e+00 -1.375860e+01 4.000000e-01
    endloop
  endfacet
  facet normal 7.032577e-01 -8.020100e-02 -7.063968e-01
    outer loop
      vertex   -3.361106e+00 -1.348720e+01 0.000000e+00
      vertex   -2.990272e+00 -1.375860e+01 4.000000e-01
      vertex   -3.390263e+00 -1.374286e+01 0.000000e+00
    endloop
  endfacet
  facet normal 7.062685e-01 -2.846165e-02 -7.073717e-01
    outer loop
      vertex   -3.390263e+00 -1.374286e+01 0.000000e+00
      vertex   -2.990272e+00 -1.375860e+01 4.000000e-01
      vertex   -3.000000e+00 -1.400000e+01 4.000000e-01
    endloop
  endfacet
  facet normal 9.991890e-01 4.026594e-02 0.000000e+00
    outer loop
      vertex   -2.990272e+00 -1.424140e+01 3.000000e+00
      vertex   -2.990272e+00 -1.424140e+01 4.000000e-01
      vertex   -3.000000e+00 -1.400000e+01 3.000000e+00
    endloop
  endfacet
  facet normal 9.991890e-01 4.026594e-02 0.000000e+00
    outer loop
      vertex   -3.000000e+00 -1.400000e+01 3.000000e+00
      vertex   -2.990272e+00 -1.424140e+01 4.000000e-01
      vertex   -3.000000e+00 -1.400000e+01 4.000000e-01
    endloop
  endfacet
  facet normal 9.991890e-01 -4.026594e-02 0.000000e+00
    outer loop
      vertex   -3.000000e+00 -1.400000e+01 3.000000e+00
      vertex   -3.000000e+00 -1.400000e+01 4.000000e-01
      vertex   -2.990272e+00 -1.375860e+01 3.000000e+00
    endloop
  endfacet
  facet normal 9.991890e-01 -4.026594e-02 0.000000e+00
    outer loop
      vertex   -2.990272e+00 -1.375860e+01 3.000000e+00
      vertex   -3.000000e+00 -1.400000e+01 4.000000e-01
      vertex   -2.990272e+00 -1.375860e+01 4.000000e-01
    endloop
  endfacet
  facet normal 9.927089e-01 -1.205367e-01 0.000000e+00
    outer loop
      vertex   -2.990272e+00 -1.375860e+01 3.000000e+00
      vertex   -2.990272e+00 -1.375860e+01 4.000000e-01
      vertex   -2.961151e+00 -1.351877e+01 3.000000e+00
    endloop
  endfacet
  facet normal 9.927089e-01 -1.205367e-01 0.000000e+00
    outer loop
      vertex   -2.961151e+00 -1.351877e+01 3.000000e+00
      vertex   -2.990272e+00 -1.375860e+01 4.000000e-01
      vertex   -2.961151e+00 -1.351877e+01 4.000000e-01
    endloop
  endfacet
  facet normal 9.797907e-01 -2.000257e-01 0.000000e+00
    outer loop
      vertex   -2.961151e+00 -1.351877e+01 3.000000e+00
      vertex   -2.961151e+00 -1.351877e+01 4.000000e-01
      vertex   -2.912825e+00 -1.328205e+01 3.000000e+00
    endloop
  endfacet
  facet normal 9.797907e-01 -2.000257e-01 0.000000e+00
    outer loop
      vertex   -2.912825e+00 -1.328205e+01 3.000000e+00
      vertex   -2.961151e+00 -1.351877e+01 4.000000e-01
      vertex   -2.912825e+00 -1.328205e+01 4.000000e-01
    endloop
  endfacet
  facet normal 9.605181e-01 -2.782175e-01 0.000000e+00
    outer loop
      vertex   -2.912825e+00 -1.328205e+01 3.000000e+00
      vertex   -2.912825e+00 -1.328205e+01 4.000000e-01
      vertex   -2.845609e+00 -1.305000e+01 3.000000e+00
    endloop
  endfacet
  facet normal 9.605181e-01 -2.782175e-01 0.000000e+00
    outer loop
      vertex   -2.845609e+00 -1.305000e+01 3.000000e+00
      vertex   -2.912825e+00 -1.328205e+01 4.000000e-01
      vertex   -2.845609e+00 -1.305000e+01 4.000000e-01
    endloop
  endfacet
  facet normal 9.350162e-01 -3.546049e-01 0.000000e+00
    outer loop
      vertex   -2.845609e+00 -1.305000e+01 3.000000e+00
      vertex   -2.845609e+00 -1.305000e+01 4.000000e-01
      vertex   -2.759938e+00 -1.282410e+01 3.000000e+00
    endloop
  endfacet
  facet normal 9.350162e-01 -3.546049e-01 0.000000e+00
    outer loop
      vertex   -2.759938e+00 -1.282410e+01 3.000000e+00
      vertex   -2.845609e+00 -1.305000e+01 4.000000e-01
      vertex   -2.759938e+00 -1.282410e+01 4.000000e-01
    endloop
  endfacet
  facet normal 9.034504e-01 -4.286926e-01 0.000000e+00
    outer loop
      vertex   -2.759938e+00 -1.282410e+01 3.000000e+00
      vertex   -2.759938e+00 -1.282410e+01 4.000000e-01
      vertex   -2.656368e+00 -1.260583e+01 3.000000e+00
    endloop
  endfacet
  facet normal 9.034504e-01 -4.286926e-01 0.000000e+00
    outer loop
      vertex   -2.656368e+00 -1.260583e+01 3.000000e+00
      vertex   -2.759938e+00 -1.282410e+01 4.000000e-01
      vertex   -2.656368e+00 -1.260583e+01 4.000000e-01
    endloop
  endfacet
  facet normal 8.660254e-01 -5.000000e-01 0.000000e+00
    outer loop
      vertex   -2.656368e+00 -1.260583e+01 3.000000e+00
      vertex   -2.656368e+00 -1.260583e+01 4.000000e-01
      vertex   -2.535570e+00 -1.239660e+01 3.000000e+00
    endloop
  endfacet
  facet normal 8.660254e-01 -5.000000e-01 0.000000e+00
    outer loop
      vertex   -2.535570e+00 -1.239660e+01 3.000000e+00
      vertex   -2.656368e+00 -1.260583e+01 4.000000e-01
      vertex   -2.535570e+00 -1.239660e+01 4.000000e-01
    endloop
  endfacet
  facet normal 8.229839e-01 -5.680647e-01 0.000000e+00
    outer loop
      vertex   -2.535570e+00 -1.239660e+01 3.000000e+00
      vertex   -2.535570e+00 -1.239660e+01 4.000000e-01
      vertex   -2.398328e+00 -1.219777e+01 3.000000e+00
    endloop
  endfacet
  facet normal 8.229839e-01 -5.680647e-01 0.000000e+00
    outer loop
      vertex   -2.398328e+00 -1.219777e+01 3.000000e+00
      vertex   -2.535570e+00 -1.239660e+01 4.000000e-01
      vertex   -2.398328e+00 -1.219777e+01 4.000000e-01
    endloop
  endfacet
  facet normal 7.746050e-01 -6.324454e-01 0.000000e+00
    outer loop
      vertex   -2.398328e+00 -1.219777e+01 3.000000e+00
      vertex   -2.398328e+00 -1.219777e+01 4.000000e-01
      vertex   -2.245532e+00 -1.201063e+01 3.000000e+00
    endloop
  endfacet
  facet normal 7.746050e-01 -6.324454e-01 0.000000e+00
    outer loop
      vertex   -2.245532e+00 -1.201063e+01 3.000000e+00
      vertex   -2.398328e+00 -1.219777e+01 4.000000e-01
      vertex   -2.245532e+00 -1.201063e+01 4.000000e-01
    endloop
  endfacet
  facet normal 7.212024e-01 -6.927244e-01 0.000000e+00
    outer loop
      vertex   -2.245532e+00 -1.201063e+01 3.000000e+00
      vertex   -2.245532e+00 -1.201063e+01 4.000000e-01
      vertex   -2.078173e+00 -1.183639e+01 3.000000e+00
    endloop
  endfacet
  facet normal 7.212024e-01 -6.927244e-01 0.000000e+00
    outer loop
      vertex   -2.078173e+00 -1.183639e+01 3.000000e+00
      vertex   -2.245532e+00 -1.201063e+01 4.000000e-01
      vertex   -2.078173e+00 -1.183639e+01 4.000000e-01
    endloop
  endfacet
  facet normal 6.631227e-01 -7.485107e-01 0.000000e+00
    outer loop
      vertex   -2.078173e+00 -1.183639e+01 3.000000e+00
      vertex   -2.078173e+00 -1.183639e+01 4.000000e-01
      vertex   -1.897336e+00 -1.167619e+01 3.000000e+00
    endloop
  endfacet
  facet normal 6.631227e-01 -7.485107e-01 0.000000e+00
    outer loop
      vertex   -1.897336e+00 -1.167619e+01 3.000000e+00
      vertex   -2.078173e+00 -1.183639e+01 4.000000e-01
      vertex   -1.897336e+00 -1.167619e+01 4.000000e-01
    endloop
  endfacet
  facet normal 6.007423e-01 -7.994428e-01 0.000000e+00
    outer loop
      vertex   -1.897336e+00 -1.167619e+01 3.000000e+00
      vertex   -1.897336e+00 -1.167619e+01 4.000000e-01
      vertex   -1.704194e+00 -1.153105e+01 3.000000e+00
    endloop
  endfacet
  facet normal 6.007423e-01 -7.994428e-01 0.000000e+00
    outer loop
      vertex   -1.704194e+00 -1.153105e+01 3.000000e+00
      vertex   -1.897336e+00 -1.167619e+01 4.000000e-01
      vertex   -1.704194e+00 -1.153105e+01 4.000000e-01
    endloop
  endfacet
  facet normal 5.344658e-01 -8.451901e-01 0.000000e+00
    outer loop
      vertex   -1.704194e+00 -1.153105e+01 3.000000e+00
      vertex   -1.704194e+00 -1.153105e+01 4.000000e-01
      vertex   -1.500000e+00 -1.140192e+01 3.000000e+00
    endloop
  endfacet
  facet normal 5.344658e-01 -8.451901e-01 0.000000e+00
    outer loop
      vertex   -1.500000e+00 -1.140192e+01 3.000000e+00
      vertex   -1.704194e+00 -1.153105e+01 4.000000e-01
      vertex   -1.500000e+00 -1.140192e+01 4.000000e-01
    endloop
  endfacet
  facet normal 4.647232e-01 -8.854560e-01 0.000000e+00
    outer loop
      vertex   -1.500000e+00 -1.140192e+01 3.000000e+00
      vertex   -1.500000e+00 -1.140192e+01 4.000000e-01
      vertex   -1.286078e+00 -1.128965e+01 3.000000e+00
    endloop
  endfacet
  facet normal 4.647232e-01 -8.854560e-01 0.000000e+00
    outer loop
      vertex   -1.286078e+00 -1.128965e+01 3.000000e+00
      vertex   -1.500000e+00 -1.140192e+01 4.000000e-01
      vertex   -1.286078e+00 -1.128965e+01 4.000000e-01
    endloop
  endfacet
  facet normal 3.919666e-01 -9.199794e-01 0.000000e+00
    outer loop
      vertex   -1.286078e+00 -1.128965e+01 3.000000e+00
      vertex   -1.286078e+00 -1.128965e+01 4.000000e-01
      vertex   -1.063815e+00 -1.119495e+01 3.000000e+00
    endloop
  endfacet
  facet normal 3.919666e-01 -9.199794e-01 0.000000e+00
    outer loop
      vertex   -1.063815e+00 -1.119495e+01 3.000000e+00
      vertex   -1.286078e+00 -1.128965e+01 4.000000e-01
      vertex   -1.063815e+00 -1.119495e+01 4.000000e-01
    endloop
  endfacet
  facet normal 3.166680e-01 -9.485364e-01 0.000000e+00
    outer loop
      vertex   -1.063815e+00 -1.119495e+01 3.000000e+00
      vertex   -1.063815e+00 -1.119495e+01 4.000000e-01
      vertex   -8.346524e-01 -1.111845e+01 3.000000e+00
    endloop
  endfacet
  facet normal 3.166680e-01 -9.485364e-01 0.000000e+00
    outer loop
      vertex   -8.346524e-01 -1.111845e+01 3.000000e+00
      vertex   -1.063815e+00 -1.119495e+01 4.000000e-01
      vertex   -8.346524e-01 -1.111845e+01 4.000000e-01
    endloop
  endfacet
  facet normal 2.393157e-01 -9.709418e-01 0.000000e+00
    outer loop
      vertex   -8.346524e-01 -1.111845e+01 3.000000e+00
      vertex   -8.346524e-01 -1.111845e+01 4.000000e-01
      vertex   -6.000771e-01 -1.106063e+01 3.000000e+00
    endloop
  endfacet
  facet normal 2.393157e-01 -9.709418e-01 0.000000e+00
    outer loop
      vertex   -6.000771e-01 -1.106063e+01 3.000000e+00
      vertex   -8.346524e-01 -1.111845e+01 4.000000e-01
      vertex   -6.000771e-01 -1.106063e+01 4.000000e-01
    endloop
  endfacet
  facet normal 1.604113e-01 -9.870503e-01 0.000000e+00
    outer loop
      vertex   -6.000771e-01 -1.106063e+01 3.000000e+00
      vertex   -6.000771e-01 -1.106063e+01 4.000000e-01
      vertex   -3.616100e-01 -1.102187e+01 3.000000e+00
    endloop
  endfacet
  facet normal 1.604113e-01 -9.870503e-01 0.000000e+00
    outer loop
      vertex   -3.616100e-01 -1.102187e+01 3.000000e+00
      vertex   -6.000771e-01 -1.106063e+01 4.000000e-01
      vertex   -3.616100e-01 -1.102187e+01 4.000000e-01
    endloop
  endfacet
  facet normal 8.046657e-02 -9.967573e-01 0.000000e+00
    outer loop
      vertex   -3.616100e-01 -1.102187e+01 3.000000e+00
      vertex   -3.616100e-01 -1.102187e+01 4.000000e-01
      vertex   -1.207978e-01 -1.100243e+01 3.000000e+00
    endloop
  endfacet
  facet normal 8.046657e-02 -9.967573e-01 0.000000e+00
    outer loop
      vertex   -1.207978e-01 -1.100243e+01 3.000000e+00
      vertex   -3.616100e-01 -1.102187e+01 4.000000e-01
      vertex   -1.207978e-01 -1.100243e+01 4.000000e-01
    endloop
  endfacet
  facet normal 0.000000e+00 -1.000000e+00 0.000000e+00
    outer loop
      vertex   -1.207978e-01 -1.100243e+01 3.000000e+00
      vertex   -1.207978e-01 -1.100243e+01 4.000000e-01
      vertex   1.207978e-01 -1.100243e+01 3.000000e+00
    endloop
  endfacet
  facet normal 0.000000e+00 -1.000000e+00 -0.000000e+00
    outer loop
      vertex   1.207978e-01 -1.100243e+01 3.000000e+00
      vertex   -1.207978e-01 -1.100243e+01 4.000000e-01
      vertex   1.207978e-01 -1.100243e+01 4.000000e-01
    endloop
  endfacet
  facet normal -8.046657e-02 -9.967573e-01 -0.000000e+00
    outer loop
      vertex   1.207978e-01 -1.100243e+01 3.000000e+00
      vertex   1.207978e-01 -1.100243e+01 4.000000e-01
      vertex   3.616100e-01 -1.102187e+01 3.000000e+00
    endloop
  endfacet
  facet normal -8.046657e-02 -9.967573e-01 -0.000000e+00
    outer loop
      vertex   3.616100e-01 -1.102187e+01 3.000000e+00
      vertex   1.207978e-01 -1.100243e+01 4.000000e-01
      vertex   3.616100e-01 -1.102187e+01 4.000000e-01
    endloop
  endfacet
  facet normal -1.604113e-01 -9.870503e-01 -0.000000e+00
    outer loop
      vertex   3.616100e-01 -1.102187e+01 3.000000e+00
      vertex   3.616100e-01 -1.102187e+01 4.000000e-01
      vertex   6.000771e-01 -1.106063e+01 3.000000e+00
    endloop
  endfacet
  facet normal -1.604113e-01 -9.870503e-01 -0.000000e+00
    outer loop
      vertex   6.000771e-01 -1.106063e+01 3.000000e+00
      vertex   3.616100e-01 -1.102187e+01 4.000000e-01
      vertex   6.000771e-01 -1.106063e+01 4.000000e-01
    endloop
  endfacet
  facet normal -2.393157e-01 -9.709418e-01 -0.000000e+00
    outer loop
      vertex   6.000771e-01 -1.106063e+01 3.000000e+00
      vertex   6.000771e-01 -1.106063e+01 4.000000e-01
      vertex   8.346524e-01 -1.111845e+01 3.000000e+00
    endloop
  endfacet
  facet normal -2.393157e-01 -9.709418e-01 -0.000000e+00
    outer loop
      vertex   8.346524e-01 -1.111845e+01 3.000000e+00
      vertex   6.000771e-01 -1.106063e+01 4.000000e-01
      vertex   8.346524e-01 -1.111845e+01 4.000000e-01
    endloop
  endfacet
  facet normal -3.166680e-01 -9.485364e-01 -0.000000e+00
    outer loop
      vertex   8.346524e-01 -1.111845e+01 3.000000e+00
      vertex   8.346524e-01 -1.111845e+01 4.000000e-01
      vertex   1.063815e+00 -1.119495e+01 3.000000e+00
    endloop
  endfacet
  facet normal -3.166680e-01 -9.485364e-01 -0.000000e+00
    outer loop
      vertex   1.063815e+00 -1.119495e+01 3.000000e+00
      vertex   8.346524e-01 -1.111845e+01 4.000000e-01
      vertex   1.063815e+00 -1.119495e+01 4.000000e-01
    endloop
  endfacet
  facet normal -3.919666e-01 -9.199794e-01 -0.000000e+00
    outer loop
      vertex   1.063815e+00 -1.119495e+01 3.000000e+00
      vertex   1.063815e+00 -1.119495e+01 4.000000e-01
      vertex   1.286078e+00 -1.128965e+01 3.000000e+00
    endloop
  endfacet
  facet normal -3.919666e-01 -9.199794e-01 -0.000000e+00
    outer loop
      vertex   1.286078e+00 -1.128965e+01 3.000000e+00
      vertex   1.063815e+00 -1.119495e+01 4.000000e-01
      vertex   1.286078e+00 -1.128965e+01 4.000000e-01
    endloop
  endfacet
  facet normal -4.647232e-01 -8.854560e-01 -0.000000e+00
    outer loop
      vertex   1.286078e+00 -1.128965e+01 3.000000e+00
      vertex   1.286078e+00 -1.128965e+01 4.000000e-01
      vertex   1.500000e+00 -1.140192e+01 3.000000e+00
    endloop
  endfacet
  facet normal -4.647232e-01 -8.854560e-01 -0.000000e+00
    outer loop
      vertex   1.500000e+00 -1.140192e+01 3.000000e+00
      vertex   1.286078e+00 -1.128965e+01 4.000000e-01
      vertex   1.500000e+00 -1.140192e+01 4.000000e-01
    endloop
  endfacet
  facet normal -5.344658e-01 -8.451901e-01 -0.000000e+00
    outer loop
      vertex   1.500000e+00 -1.140192e+01 3.000000e+00
      vertex   1.500000e+00 -1.140192e+01 4.000000e-01
      vertex   1.704194e+00 -1.153105e+01 3.000000e+00
    endloop
  endfacet
  facet normal -5.344658e-01 -8.451901e-01 -0.000000e+00
    outer loop
      vertex   1.704194e+00 -1.153105e+01 3.000000e+00
      vertex   1.500000e+00 -1.140192e+01 4.000000e-01
      vertex   1.704194e+00 -1.153105e+01 4.000000e-01
    endloop
  endfacet
  facet normal -6.007423e-01 -7.994428e-01 -0.000000e+00
    outer loop
      vertex   1.704194e+00 -1.153105e+01 3.000000e+00
      vertex   1.704194e+00 -1.153105e+01 4.000000e-01
      vertex   1.897336e+00 -1.167619e+01 3.000000e+00
    endloop
  endfacet
  facet normal -6.007423e-01 -7.994428e-01 -0.000000e+00
    outer loop
      vertex   1.897336e+00 -1.167619e+01 3.000000e+00
      vertex   1.704194e+00 -1.153105e+01 4.000000e-01
      vertex   1.897336e+00 -1.167619e+01 4.000000e-01
    endloop
  endfacet
  facet normal -6.631227e-01 -7.485107e-01 -0.000000e+00
    outer loop
      vertex   1.897336e+00 -1.167619e+01 3.000000e+00
      vertex   1.897336e+00 -1.167619e+01 4.000000e-01
      vertex   2.078173e+00 -1.183639e+01 3.000000e+00
    endloop
  endfacet
  facet normal -6.631227e-01 -7.485107e-01 -0.000000e+00
    outer loop
      vertex   2.078173e+00 -1.183639e+01 3.000000e+00
      vertex   1.897336e+00 -1.167619e+01 4.000000e-01
      vertex   2.078173e+00 -1.183639e+01 4.000000e-01
    endloop
  endfacet
  facet normal -7.212024e-01 -6.927244e-01 -0.000000e+00
    outer loop
      vertex   2.078173e+00 -1.183639e+01 3.000000e+00
      vertex   2.078173e+00 -1.183639e+01 4.000000e-01
      vertex   2.245532e+00 -1.201063e+01 3.000000e+00
    endloop
  endfacet
  facet normal -7.212024e-01 -6.927244e-01 -0.000000e+00
    outer loop
      vertex   2.245532e+00 -1.201063e+01 3.000000e+00
      vertex   2.078173e+00 -1.183639e+01 4.000000e-01
      vertex   2.245532e+00 -1.201063e+01 4.000000e-01
    endloop
  endfacet
  facet normal -7.746050e-01 -6.324454e-01 -0.000000e+00
    outer loop
      vertex   2.245532e+00 -1.201063e+01 3.000000e+00
      vertex   2.245532e+00 -1.201063e+01 4.000000e-01
      vertex   2.398328e+00 -1.219777e+01 3.000000e+00
    endloop
  endfacet
  facet normal -7.746050e-01 -6.324454e-01 -0.000000e+00
    outer loop
      vertex   2.398328e+00 -1.219777e+01 3.000000e+00
      vertex   2.245532e+00 -1.201063e+01 4.000000e-01
      vertex   2.398328e+00 -1.219777e+01 4.000000e-01
    endloop
  endfacet
  facet normal -8.229839e-01 -5.680647e-01 -0.000000e+00
    outer loop
      vertex   2.398328e+00 -1.219777e+01 3.000000e+00
      vertex   2.398328e+00 -1.219777e+01 4.000000e-01
      vertex   2.535570e+00 -1.239660e+01 3.000000e+00
    endloop
  endfacet
  facet normal -8.229839e-01 -5.680647e-01 -0.000000e+00
    outer loop
      vertex   2.535570e+00 -1.239660e+01 3.000000e+00
      vertex   2.398328e+00 -1.219777e+01 4.000000e-01
      vertex   2.535570e+00 -1.239660e+01 4.000000e-01
    endloop
  endfacet
  facet normal -8.660254e-01 -5.000000e-01 -0.000000e+00
    outer loop
      vertex   2.535570e+00 -1.239660e+01 3.000000e+00
      vertex   2.535570e+00 -1.239660e+01 4.000000e-01
      vertex   2.656368e+00 -1.260583e+01 3.000000e+00
    endloop
  endfacet
  facet normal -8.660254e-01 -5.000000e-01 -0.000000e+00
    outer loop
      vertex   2.656368e+00 -1.260583e+01 3.000000e+00
      vertex   2.535570e+00 -1.239660e+01 4.000000e-01
      vertex   2.656368e+00 -1.260583e+01 4.000000e-01
    endloop
  endfacet
  facet normal -9.034504e-01 -4.286926e-01 -0.000000e+00
    outer loop
      vertex   2.656368e+00 -1.260583e+01 3.000000e+00
      vertex   2.656368e+00 -1.260583e+01 4.000000e-01
      vertex   2.759938e+00 -1.282410e+01 3.000000e+00
    endloop
  endfacet
  facet normal -9.034504e-01 -4.286926e-01 -0.000000e+00
    outer loop
      vertex   2.759938e+00 -1.282410e+01 3.000000e+00
      vertex   2.656368e+00 -1.260583e+01 4.000000e-01
      vertex   2.759938e+00 -1.282410e+01 4.000000e-01
    endloop
  endfacet
  facet normal -9.350162e-01 -3.546049e-01 -0.000000e+00
    outer loop
      vertex   2.759938e+00 -1.282410e+01 3.000000e+00
      vertex   2.759938e+00 -1.282410e+01 4.000000e-01
      vertex   2.845609e+00 -1.305000e+01 3.000000e+00
    endloop
  endfacet
  facet normal -9.350162e-01 -3.546049e-01 -0.000000e+00
    outer loop
      vertex   2.845609e+00 -1.305000e+01 3.000000e+00
      vertex   2.759938e+00 -1.282410e+01 4.000000e-01
      vertex   2.845609e+00 -1.305000e+01 4.000000e-01
    endloop
  endfacet
  facet normal -9.605181e-01 -2.782175e-01 -0.000000e+00
    outer loop
      vertex   2.845609e+00 -1.305000e+01 3.000000e+00
      vertex   2.845609e+00 -1.305000e+01 4.000000e-01
      vertex   2.912825e+00 -1.328205e+01 3.000000e+00
    endloop
  endfacet
  facet normal -9.605181e-01 -2.782175e-01 -0.000000e+00
    outer loop
      vertex   2.912825e+00 -1.328205e+01 3.000000e+00
      vertex   2.845609e+00 -1.305000e+01 4.000000e-01
      vertex   2.912825e+00 -1.328205e+01 4.000000e-01
    endloop
  endfacet
  facet normal -9.797907e-01 -2.000257e-01 -0.000000e+00
    outer loop
      vertex   2.912825e+00 -1.328205e+01 3.000000e+00
      vertex   2.912825e+00 -1.328205e+01 4.000000e-01
      vertex   2.961151e+00 -1.351877e+01 3.000000e+00
    endloop
  endfacet
  facet normal -9.797907e-01 -2.000257e-01 -0.000000e+00
    outer loop
      vertex   2.961151e+00 -1.351877e+01 3.000000e+00
      vertex   2.912825e+00 -1.328205e+01 4.000000e-01
      vertex   2.961151e+00 -1.351877e+01 4.000000e-01
    endloop
  endfacet
  facet normal -9.927089e-01 -1.205367e-01 -0.000000e+00
    outer loop
      vertex   2.961151e+00 -1.351877e+01 3.000000e+00
      vertex   2.961151e+00 -1.351877e+01 4.000000e-01
      vertex   2.990272e+00 -1.375860e+01 3.000000e+00
    endloop
  endfacet
  facet normal -9.927089e-01 -1.205367e-01 -0.000000e+00
    outer loop
      vertex   2.990272e+00 -1.375860e+01 3.000000e+00
      vertex   2.961151e+00 -1.351877e+01 4.000000e-01
      vertex   2.990272e+00 -1.375860e+01 4.000000e-01
    endloop
  endfacet
  facet normal -9.991890e-01 -4.026594e-02 -0.000000e+00
    outer loop
      vertex   2.990272e+00 -1.375860e+01 3.000000e+00
      vertex   2.990272e+00 -1.375860e+01 4.000000e-01
      vertex   3.000000e+00 -1.400000e+01 3.000000e+00
    endloop
  endfacet
  facet normal -9.991890e-01 -4.026594e-02 -0.000000e+00
    outer loop
      vertex   3.000000e+00 -1.400000e+01 3.000000e+00
      vertex   2.990272e+00 -1.375860e+01 4.000000e-01
      vertex   3.000000e+00 -1.400000e+01 4.000000e-01
    endloop
  endfacet
  facet normal -9.991890e-01 4.026594e-02 0.000000e+00
    outer loop
      vertex   3.000000e+00 -1.400000e+01 3.000000e+00
      vertex   3.000000e+00 -1.400000e+01 4.000000e-01
      vertex   2.990272e+00 -1.424140e+01 3.000000e+00
    endloop
  endfacet
  facet normal -9.991890e-01 4.026594e-02 0.000000e+00
    outer loop
      vertex   2.990272e+00 -1.424140e+01 3.000000e+00
      vertex   3.000000e+00 -1.400000e+01 4.000000e-01
      vertex   2.990272e+00 -1.424140e+01 4.000000e-01
    endloop
  endfacet
  facet normal -9.927089e-01 1.205367e-01 0.000000e+00
    outer loop
      vertex   2.990272e+00 -1.424140e+01 3.000000e+00
      vertex   2.990272e+00 -1.424140e+01 4.000000e-01
      vertex   2.961151e+00 -1.448123e+01 3.000000e+00
    endloop
  endfacet
  facet normal -9.927089e-01 1.205367e-01 0.000000e+00
    outer loop
      vertex   2.961151e+00 -1.448123e+01 3.000000e+00
      vertex   2.990272e+00 -1.424140e+01 4.000000e-01
      vertex   2.961151e+00 -1.448123e+01 4.000000e-01
    endloop
  endfacet
  facet normal -9.797907e-01 2.000257e-01 0.000000e+00
    outer loop
      vertex   2.961151e+00 -1.448123e+01 3.000000e+00
      vertex   2.961151e+00 -1.448123e+01 4.000000e-01
      vertex   2.912825e+00 -1.471795e+01 3.000000e+00
    endloop
  endfacet
  facet normal -9.797907e-01 2.000257e-01 0.000000e+00
    outer loop
      vertex   2.912825e+00 -1.471795e+01 3.000000e+00
      vertex   2.961151e+00 -1.448123e+01 4.000000e-01
      vertex   2.912825e+00 -1.471795e+01 4.000000e-01
    endloop
  endfacet
  facet normal -9.605181e-01 2.782175e-01 0.000000e+00
    outer loop
      vertex   2.912825e+00 -1.471795e+01 3.000000e+00
      vertex   2.912825e+00 -1.471795e+01 4.000000e-01
      vertex   2.845609e+00 -1.495000e+01 3.000000e+00
    endloop
  endfacet
  facet normal -9.605181e-01 2.782175e-01 0.000000e+00
    outer loop
      vertex   2.845609e+00 -1.495000e+01 3.000000e+00
      vertex   2.912825e+00 -1.471795e+01 4.000000e-01
      vertex   2.845609e+00 -1.495000e+01 4.000000e-01
    endloop
  endfacet
  facet normal -9.350162e-01 3.546049e-01 0.000000e+00
    outer loop
      vertex   2.845609e+00 -1.495000e+01 3.000000e+00
      vertex   2.845609e+00 -1.495000e+01 4.000000e-01
      vertex   2.759938e+00 -1.517590e+01 3.000000e+00
    endloop
  endfacet
  facet normal -9.350162e-01 3.546049e-01 0.000000e+00
    outer loop
      vertex   2.759938e+00 -1.517590e+01 3.000000e+00
      vertex   2.845609e+00 -1.495000e+01 4.000000e-01
      vertex   2.759938e+00 -1.517590e+01 4.000000e-01
    endloop
  endfacet
  facet normal -9.034504e-01 4.286926e-01 0.000000e+00
    outer loop
      vertex   2.759938e+00 -1.517590e+01 3.000000e+00
      vertex   2.759938e+00 -1.517590e+01 4.000000e-01
      vertex   2.656368e+00 -1.539417e+01 3.000000e+00
    endloop
  endfacet
  facet normal -9.034504e-01 4.286926e-01 0.000000e+00
    outer loop
      vertex   2.656368e+00 -1.539417e+01 3.000000e+00
      vertex   2.759938e+00 -1.517590e+01 4.000000e-01
      vertex   2.656368e+00 -1.539417e+01 4.000000e-01
    endloop
  endfacet
  facet normal -8.660254e-01 5.000000e-01 0.000000e+00
    outer loop
      vertex   2.656368e+00 -1.539417e+01 3.000000e+00
      vertex   2.656368e+00 -1.539417e+01 4.000000e-01
      vertex   2.535570e+00 -1.560340e+01 3.000000e+00
    endloop
  endfacet
  facet normal -8.660254e-01 5.000000e-01 0.000000e+00
    outer loop
      vertex   2.535570e+00 -1.560340e+01 3.000000e+00
      vertex   2.656368e+00 -1.539417e+01 4.000000e-01
      vertex   2.535570e+00 -1.560340e+01 4.000000e-01
    endloop
  endfacet
  facet normal -8.229839e-01 5.680647e-01 0.000000e+00
    outer loop
      vertex   2.535570e+00 -1.560340e+01 3.000000e+00
      vertex   2.535570e+00 -1.560340e+01 4.000000e-01
      vertex   2.398328e+00 -1.580223e+01 3.000000e+00
    endloop
  endfacet
  facet normal -8.229839e-01 5.680647e-01 0.000000e+00
    outer loop
      vertex   2.398328e+00 -1.580223e+01 3.000000e+00
      vertex   2.535570e+00 -1.560340e+01 4.000000e-01
      vertex   2.398328e+00 -1.580223e+01 4.000000e-01
    endloop
  endfacet
  facet normal -7.746050e-01 6.324454e-01 0.000000e+00
    outer loop
      vertex   2.398328e+00 -1.580223e+01 3.000000e+00
      vertex   2.398328e+00 -1.580223e+01 4.000000e-01
      vertex   2.245532e+00 -1.598937e+01 3.000000e+00
    endloop
  endfacet
  facet normal -7.746050e-01 6.324454e-01 0.000000e+00
    outer loop
      vertex   2.245532e+00 -1.598937e+01 3.000000e+00
      vertex   2.398328e+00 -1.580223e+01 4.000000e-01
      vertex   2.245532e+00 -1.598937e+01 4.000000e-01
    endloop
  endfacet
  facet normal -7.212024e-01 6.927244e-01 0.000000e+00
    outer loop
      vertex   2.245532e+00 -1.598937e+01 3.000000e+00
      vertex   2.245532e+00 -1.598937e+01 4.000000e-01
      vertex   2.078173e+00 -1.616361e+01 3.000000e+00
    endloop
  endfacet
  facet normal -7.212024e-01 6.927244e-01 0.000000e+00
    outer loop
      vertex   2.078173e+00 -1.616361e+01 3.000000e+00
      vertex   2.245532e+00 -1.598937e+01 4.000000e-01
      vertex   2.078173e+00 -1.616361e+01 4.000000e-01
    endloop
  endfacet
  facet normal -6.631227e-01 7.485107e-01 0.000000e+00
    outer loop
      vertex   2.078173e+00 -1.616361e+01 3.000000e+00
      vertex   2.078173e+00 -1.616361e+01 4.000000e-01
      vertex   1.897336e+00 -1.632381e+01 3.000000e+00
    endloop
  endfacet
  facet normal -6.631227e-01 7.485107e-01 0.000000e+00
    outer loop
      vertex   1.897336e+00 -1.632381e+01 3.000000e+00
      vertex   2.078173e+00 -1.616361e+01 4.000000e-01
      vertex   1.897336e+00 -1.632381e+01 4.000000e-01
    endloop
  endfacet
  facet normal -6.007423e-01 7.994428e-01 0.000000e+00
    outer loop
      vertex   1.897336e+00 -1.632381e+01 3.000000e+00
      vertex   1.897336e+00 -1.632381e+01 4.000000e-01
      vertex   1.704194e+00 -1.646895e+01 3.000000e+00
    endloop
  endfacet
  facet normal -6.007423e-01 7.994428e-01 0.000000e+00
    outer loop
      vertex   1.704194e+00 -1.646895e+01 3.000000e+00
      vertex   1.897336e+00 -1.632381e+01 4.000000e-01
      vertex   1.704194e+00 -1.646895e+01 4.000000e-01
    endloop
  endfacet
  facet normal -5.344658e-01 8.451901e-01 0.000000e+00
    outer loop
      vertex   1.704194e+00 -1.646895e+01 3.000000e+00
      vertex   1.704194e+00 -1.646895e+01 4.000000e-01
      vertex   1.500000e+00 -1.659808e+01 3.000000e+00
    endloop
  endfacet
  facet normal -5.344658e-01 8.451901e-01 0.000000e+00
    outer loop
      vertex   1.500000e+00 -1.659808e+01 3.000000e+00
      vertex   1.704194e+00 -1.646895e+01 4.000000e-01
      vertex   1.500000e+00 -1.659808e+01 4.000000e-01
    endloop
  endfacet
  facet normal -4.647232e-01 8.854560e-01 0.000000e+00
    outer loop
      vertex   1.500000e+00 -1.659808e+01 3.000000e+00
      vertex   1.500000e+00 -1.659808e+01 4.000000e-01
      vertex   1.286078e+00 -1.671035e+01 3.000000e+00
    endloop
  endfacet
  facet normal -4.647232e-01 8.854560e-01 0.000000e+00
    outer loop
      vertex   1.286078e+00 -1.671035e+01 3.000000e+00
      vertex   1.500000e+00 -1.659808e+01 4.000000e-01
      vertex   1.286078e+00 -1.671035e+01 4.000000e-01
    endloop
  endfacet
  facet normal -3.919666e-01 9.199794e-01 0.000000e+00
    outer loop
      vertex   1.286078e+00 -1.671035e+01 3.000000e+00
      vertex   1.286078e+00 -1.671035e+01 4.000000e-01
      vertex   1.063815e+00 -1.680505e+01 3.000000e+00
    endloop
  endfacet
  facet normal -3.919666e-01 9.199794e-01 0.000000e+00
    outer loop
      vertex   1.063815e+00 -1.680505e+01 3.000000e+00
      vertex   1.286078e+00 -1.671035e+01 4.000000e-01
      vertex   1.063815e+00 -1.680505e+01 4.000000e-01
    endloop
  endfacet
  facet normal -3.166680e-01 9.485364e-01 0.000000e+00
    outer loop
      vertex   1.063815e+00 -1.680505e+01 3.000000e+00
      vertex   1.063815e+00 -1.680505e+01 4.000000e-01
      vertex   8.346524e-01 -1.688155e+01 3.000000e+00
    endloop
  endfacet
  facet normal -3.166680e-01 9.485364e-01 0.000000e+00
    outer loop
      vertex   8.346524e-01 -1.688155e+01 3.000000e+00
      vertex   1.063815e+00 -1.680505e+01 4.000000e-01
      vertex   8.346524e-01 -1.688155e+01 4.000000e-01
    endloop
  endfacet
  facet normal -2.393157e-01 9.709418e-01 0.000000e+00
    outer loop
      vertex   8.346524e-01 -1.688155e+01 3.000000e+00
      vertex   8.346524e-01 -1.688155e+01 4.000000e-01
      vertex   6.000771e-01 -1.693937e+01 3.000000e+00
    endloop
  endfacet
  facet normal -2.393157e-01 9.709418e-01 0.000000e+00
    outer loop
      vertex   6.000771e-01 -1.693937e+01 3.000000e+00
      vertex   8.346524e-01 -1.688155e+01 4.000000e-01
      vertex   6.000771e-01 -1.693937e+01 4.000000e-01
    endloop
  endfacet
  facet normal -1.604113e-01 9.870503e-01 0.000000e+00
    outer loop
      vertex   6.000771e-01 -1.693937e+01 3.000000e+00
      vertex   6.000771e-01 -1.693937e+01 4.000000e-01
      vertex   3.616100e-01 -1.697813e+01 3.000000e+00
    endloop
  endfacet
  facet normal -1.604113e-01 9.870503e-01 0.000000e+00
    outer loop
      vertex   3.616100e-01 -1.697813e+01 3.000000e+00
      vertex   6.000771e-01 -1.693937e+01 4.000000e-01
      vertex   3.616100e-01 -1.697813e+01 4.000000e-01
    endloop
  endfacet
  facet normal -8.046657e-02 9.967573e-01 0.000000e+00
    outer loop
      vertex   3.616100e-01 -1.697813e+01 3.000000e+00
      vertex   3.616100e-01 -1.697813e+01 4.000000e-01
      vertex   1.207978e-01 -1.699757e+01 3.000000e+00
    endloop
  endfacet
  facet normal -8.046657e-02 9.967573e-01 0.000000e+00
    outer loop
      vertex   1.207978e-01 -1.699757e+01 3.000000e+00
      vertex   3.616100e-01 -1.697813e+01 4.000000e-01
      vertex   1.207978e-01 -1.699757e+01 4.000000e-01
    endloop
  endfacet
  facet normal 0.000000e+00 1.000000e+00 0.000000e+00
    outer loop
      vertex   1.207978e-01 -1.699757e+01 3.000000e+00
      vertex   1.207978e-01 -1.699757e+01 4.000000e-01
      vertex   -1.207978e-01 -1.699757e+01 3.000000e+00
    endloop
  endfacet
  facet normal 0.000000e+00 1.000000e+00 0.000000e+00
    outer loop
      vertex   -1.207978e-01 -1.699757e+01 3.000000e+00
      vertex   1.207978e-01 -1.699757e+01 4.000000e-01
      vertex   -1.207978e-01 -1.699757e+01 4.000000e-01
    endloop
  endfacet
  facet normal 8.046657e-02 9.967573e-01 0.000000e+00
    outer loop
      vertex   -1.207978e-01 -1.699757e+01 3.000000e+00
      vertex   -1.207978e-01 -1.699757e+01 4.000000e-01
      vertex   -3.616100e-01 -1.697813e+01 3.000000e+00
    endloop
  endfacet
  facet normal 8.046657e-02 9.967573e-01 0.000000e+00
    outer loop
      vertex   -3.616100e-01 -1.697813e+01 3.000000e+00
      vertex   -1.207978e-01 -1.699757e+01 4.000000e-01
      vertex   -3.616100e-01 -1.697813e+01 4.000000e-01
    endloop
  endfacet
  facet normal 1.604113e-01 9.870503e-01 0.000000e+00
    outer loop
      vertex   -3.616100e-01 -1.697813e+01 3.000000e+00
      vertex   -3.616100e-01 -1.697813e+01 4.000000e-01
      vertex   -6.000771e-01 -1.693937e+01 3.000000e+00
    endloop
  endfacet
  facet normal 1.604113e-01 9.870503e-01 0.000000e+00
    outer loop
      vertex   -6.000771e-01 -1.693937e+01 3.000000e+00
      vertex   -3.616100e-01 -1.697813e+01 4.000000e-01
      vertex   -6.000771e-01 -1.693937e+01 4.000000e-01
    endloop
  endfacet
  facet normal 2.393157e-01 9.709418e-01 0.000000e+00
    outer loop
      vertex   -6.000771e-01 -1.693937e+01 3.000000e+00
      vertex   -6.000771e-01 -1.693937e+01 4.000000e-01
      vertex   -8.346524e-01 -1.688155e+01 3.000000e+00
    endloop
  endfacet
  facet normal 2.393157e-01 9.709418e-01 0.000000e+00
    outer loop
      vertex   -8.346524e-01 -1.688155e+01 3.000000e+00
      vertex   -6.000771e-01 -1.693937e+01 4.000000e-01
      vertex   -8.346524e-01 -1.688155e+01 4.000000e-01
    endloop
  endfacet
  facet normal 3.166680e-01 9.485364e-01 0.000000e+00
    outer loop
      vertex   -8.346524e-01 -1.688155e+01 3.000000e+00
      vertex   -8.346524e-01 -1.688155e+01 4.000000e-01
      vertex   -1.063815e+00 -1.680505e+01 3.000000e+00
    endloop
  endfacet
  facet normal 3.166680e-01 9.485364e-01 0.000000e+00
    outer loop
      vertex   -1.063815e+00 -1.680505e+01 3.000000e+00
      vertex   -8.346524e-01 -1.688155e+01 4.000000e-01
      vertex   -1.063815e+00 -1.680505e+01 4.000000e-01
    endloop
  endfacet
  facet normal 3.919666e-01 9.199794e-01 0.000000e+00
    outer loop
      vertex   -1.063815e+00 -1.680505e+01 3.000000e+00
      vertex   -1.063815e+00 -1.680505e+01 4.000000e-01
      vertex   -1.286078e+00 -1.671035e+01 3.000000e+00
    endloop
  endfacet
  facet normal 3.919666e-01 9.199794e-01 0.000000e+00
    outer loop
      vertex   -1.286078e+00 -1.671035e+01 3.000000e+00
      vertex   -1.063815e+00 -1.680505e+01 4.000000e-01
      vertex   -1.286078e+00 -1.671035e+01 4.000000e-01
    endloop
  endfacet
  facet normal 4.647232e-01 8.854560e-01 0.000000e+00
    outer loop
      vertex   -1.286078e+00 -1.671035e+01 3.000000e+00
      vertex   -1.286078e+00 -1.671035e+01 4.000000e-01
      vertex   -1.500000e+00 -1.659808e+01 3.000000e+00
    endloop
  endfacet
  facet normal 4.647232e-01 8.854560e-01 0.000000e+00
    outer loop
      vertex   -1.500000e+00 -1.659808e+01 3.000000e+00
      vertex   -1.286078e+00 -1.671035e+01 4.000000e-01
      vertex   -1.500000e+00 -1.659808e+01 4.000000e-01
    endloop
  endfacet
  facet normal 5.344658e-01 8.451901e-01 0.000000e+00
    outer loop
      vertex   -1.500000e+00 -1.659808e+01 3.000000e+00
      vertex   -1.500000e+00 -1.659808e+01 4.000000e-01
      vertex   -1.704194e+00 -1.646895e+01 3.000000e+00
    endloop
  endfacet
  facet normal 5.344658e-01 8.451901e-01 0.000000e+00
    outer loop
      vertex   -1.704194e+00 -1.646895e+01 3.000000e+00
      vertex   -1.500000e+00 -1.659808e+01 4.000000e-01
      vertex   -1.704194e+00 -1.646895e+01 4.000000e-01
    endloop
  endfacet
  facet normal 6.007423e-01 7.994428e-01 0.000000e+00
    outer loop
      vertex   -1.704194e+00 -1.646895e+01 3.000000e+00
      vertex   -1.704194e+00 -1.646895e+01 4.000000e-01
      vertex   -1.897336e+00 -1.632381e+01 3.000000e+00
    endloop
  endfacet
  facet normal 6.007423e-01 7.994428e-01 0.000000e+00
    outer loop
      vertex   -1.897336e+00 -1.632381e+01 3.000000e+00
      vertex   -1.704194e+00 -1.646895e+01 4.000000e-01
      vertex   -1.897336e+00 -1.632381e+01 4.000000e-01
    endloop
  endfacet
  facet normal 6.631227e-01 7.485107e-01 0.000000e+00
    outer loop
      vertex   -1.897336e+00 -1.632381e+01 3.000000e+00
      vertex   -1.897336e+00 -1.632381e+01 4.000000e-01
      vertex   -2.078173e+00 -1.616361e+01 3.000000e+00
    endloop
  endfacet
  facet normal 6.631227e-01 7.485107e-01 0.000000e+00
    outer loop
      vertex   -2.078173e+00 -1.616361e+01 3.000000e+00
      vertex   -1.897336e+00 -1.632381e+01 4.000000e-01
      vertex   -2.078173e+00 -1.616361e+01 4.000000e-01
    endloop
  endfacet
  facet normal 7.212024e-01 6.927244e-01 0.000000e+00
    outer loop
      vertex   -2.078173e+00 -1.616361e+01 3.000000e+00
      vertex   -2.078173e+00 -1.616361e+01 4.000000e-01
      vertex   -2.245532e+00 -1.598937e+01 3.000000e+00
    endloop
  endfacet
  facet normal 7.212024e-01 6.927244e-01 0.000000e+00
    outer loop
      vertex   -2.245532e+00 -1.598937e+01 3.000000e+00
      vertex   -2.078173e+00 -1.616361e+01 4.000000e-01
      vertex   -2.245532e+00 -1.598937e+01 4.000000e-01
    endloop
  endfacet
  facet normal 7.746050e-01 6.324454e-01 0.000000e+00
    outer loop
      vertex   -2.245532e+00 -1.598937e+01 3.000000e+00
      vertex   -2.245532e+00 -1.598937e+01 4.000000e-01
      vertex   -2.398328e+00 -1.580223e+01 3.000000e+00
    endloop
  endfacet
  facet normal 7.746050e-01 6.324454e-01 0.000000e+00
    outer loop
      vertex   -2.398328e+00 -1.580223e+01 3.000000e+00
      vertex   -2.245532e+00 -1.598937e+01 4.000000e-01
      vertex   -2.398328e+00 -1.580223e+01 4.000000e-01
    endloop
  endfacet
  facet normal 8.229839e-01 5.680647e-01 0.000000e+00
    outer loop
      vertex   -2.398328e+00 -1.580223e+01 3.000000e+00
      vertex   -2.398328e+00 -1.580223e+01 4.000000e-01
      vertex   -2.535570e+00 -1.560340e+01 3.000000e+00
    endloop
  endfacet
  facet normal 8.229839e-01 5.680647e-01 0.000000e+00
    outer loop
      vertex   -2.535570e+00 -1.560340e+01 3.000000e+00
      vertex   -2.398328e+00 -1.580223e+01 4.000000e-01
      vertex   -2.535570e+00 -1.560340e+01 4.000000e-01
    endloop
  endfacet
  facet normal 8.660254e-01 5.000000e-01 0.000000e+00
    outer loop
      vertex   -2.535570e+00 -1.560340e+01 3.000000e+00
      vertex   -2.535570e+00 -1.560340e+01 4.000000e-01
      vertex   -2.656368e+00 -1.539417e+01 3.000000e+00
    endloop
  endfacet
  facet normal 8.660254e-01 5.000000e-01 0.000000e+00
    outer loop
      vertex   -2.656368e+00 -1.539417e+01 3.000000e+00
      vertex   -2.535570e+00 -1.560340e+01 4.000000e-01
      vertex   -2.656368e+00 -1.539417e+01 4.000000e-01
    endloop
  endfacet
  facet normal 9.034504e-01 4.286926e-01 0.000000e+00
    outer loop
      vertex   -2.656368e+00 -1.539417e+01 3.000000e+00
      vertex   -2.656368e+00 -1.539417e+01 4.000000e-01
      vertex   -2.759938e+00 -1.517590e+01 3.000000e+00
    endloop
  endfacet
  facet normal 9.034504e-01 4.286926e-01 0.000000e+00
    outer loop
      vertex   -2.759938e+00 -1.517590e+01 3.000000e+00
      vertex   -2.656368e+00 -1.539417e+01 4.000000e-01
      vertex   -2.759938e+00 -1.517590e+01 4.000000e-01
    endloop
  endfacet
  facet normal 9.350162e-01 3.546049e-01 0.000000e+00
    outer loop
      vertex   -2.759938e+00 -1.517590e+01 3.000000e+00
      vertex   -2.759938e+00 -1.517590e+01 4.000000e-01
      vertex   -2.845609e+00 -1.495000e+01 3.000000e+00
    endloop
  endfacet
  facet normal 9.350162e-01 3.546049e-01 0.000000e+00
    outer loop
      vertex   -2.845609e+00 -1.495000e+01 3.000000e+00
      vertex   -2.759938e+00 -1.517590e+01 4.000000e-01
      vertex   -2.845609e+00 -1.495000e+01 4.000000e-01
    endloop
  endfacet
  facet normal 9.605181e-01 2.782175e-01 0.000000e+00
    outer loop
      vertex   -2.845609e+00 -1.495000e+01 3.000000e+00
      vertex   -2.845609e+00 -1.495000e+01 4.000000e-01
      vertex   -2.912825e+00 -1.471795e+01 3.000000e+00
    endloop
  endfacet
  facet normal 9.605181e-01 2.782175e-01 0.000000e+00
    outer loop
      vertex   -2.912825e+00 -1.471795e+01 3.000000e+00
      vertex   -2.845609e+00 -1.495000e+01 4.000000e-01
      vertex   -2.912825e+00 -1.471795e+01 4.000000e-01
    endloop
  endfacet
  facet normal 9.797907e-01 2.000257e-01 0.000000e+00
    outer loop
      vertex   -2.912825e+00 -1.471795e+01 3.000000e+00
      vertex   -2.912825e+00 -1.471795e+01 4.000000e-01
      vertex   -2.961151e+00 -1.448123e+01 3.000000e+00
    endloop
  endfacet
  facet normal 9.797907e-01 2.000257e-01 0.000000e+00
    outer loop
      vertex   -2.961151e+00 -1.448123e+01 3.000000e+00
      vertex   -2.912825e+00 -1.471795e+01 4.000000e-01
      vertex   -2.961151e+00 -1.448123e+01 4.000000e-01
    endloop
  endfacet
  facet normal 9.927089e-01 1.205367e-01 0.000000e+00
    outer loop
      vertex   -2.961151e+00 -1.448123e+01 3.000000e+00
      vertex   -2.961151e+00 -1.448123e+01 4.000000e-01
      vertex   -2.990272e+00 -1.424140e+01 3.000000e+00
    endloop
  endfacet
  facet normal 9.927089e-01 1.205367e-01 0.000000e+00
    outer loop
      vertex   -2.990272e+00 -1.424140e+01 3.000000e+00
      vertex   -2.961151e+00 -1.448123e+01 4.000000e-01
      vertex   -2.990272e+00 -1.424140e+01 4.000000e-01
    endloop
  endfacet
  facet normal 0.000000e+00 0.000000e+00 -1.000000e+00
    outer loop
      vertex   3.600000e+00 -2.100000e+01 0.000000e+00
      vertex   3.397565e+00 -1.387134e+01 0.000000e+00
      vertex   3.600000e+00 2.360000e+01 0.000000e+00
    endloop
  endfacet
  facet normal 0.000000e+00 0.000000e+00 -1.000000e+00
    outer loop
      vertex   3.600000e+00 2.360000e+01 0.000000e+00
      vertex   3.397565e+00 -1.387134e+01 0.000000e+00
      vertex   3.378104e+00 -1.361475e+01 0.000000e+00
    endloop
  endfacet
  facet normal 0.000000e+00 0.000000e+00 -1.000000e+00
    outer loop
      vertex   3.600000e+00 2.360000e+01 0.000000e+00
      vertex   3.378104e+00 -1.361475e+01 0.000000e+00
      vertex   3.339293e+00 -1.336038e+01 0.000000e+00
    endloop
  endfacet
  facet normal 0.000000e+00 0.000000e+00 -1.000000e+00
    outer loop
      vertex   -3.600000e+00 -2.100000e+01 0.000000e+00
      vertex   6.434203e-02 -1.739939e+01 0.000000e+00
      vertex   3.600000e+00 -2.100000e+01 0.000000e+00
    endloop
  endfacet
  facet normal 0.000000e+00 0.000000e+00 -1.000000e+00
    outer loop
      vertex   3.600000e+00 -2.100000e+01 0.000000e+00
      vertex   6.434203e-02 -1.739939e+01 0.000000e+00
      vertex   3.212494e-01 -1.738479e+01 0.000000e+00
    endloop
  endfacet
  facet normal 0.000000e+00 0.000000e+00 -1.000000e+00
    outer loop
      vertex   3.600000e+00 -2.100000e+01 0.000000e+00
      vertex   3.212494e-01 -1.738479e+01 0.000000e+00
      vertex   5.763168e-01 -1.735080e+01 0.000000e+00
    endloop
  endfacet
  facet normal 0.000000e+00 0.000000e+00 -1.000000e+00
    outer loop
      vertex   -3.600000e+00 2.360000e+01 0.000000e+00
      vertex   -3.400000e+00 -1.400000e+01 0.000000e+00
      vertex   -3.600000e+00 -2.100000e+01 0.000000e+00
    endloop
  endfacet
  facet normal 0.000000e+00 0.000000e+00 -1.000000e+00
    outer loop
      vertex   -3.600000e+00 -2.100000e+01 0.000000e+00
      vertex   -3.400000e+00 -1.400000e+01 0.000000e+00
      vertex   -3.390263e+00 -1.425714e+01 0.000000e+00
    endloop
  endfacet
  facet normal 0.000000e+00 0.000000e+00 -1.000000e+00
    outer loop
      vertex   -3.600000e+00 -2.100000e+01 0.000000e+00
      vertex   -3.390263e+00 -1.425714e+01 0.000000e+00
      vertex   -3.361106e+00 -1.451280e+01 0.000000e+00
    endloop
  endfacet
  facet normal 0.000000e+00 0.000000e+00 -1.000000e+00
    outer loop
      vertex   3.600000e+00 2.360000e+01 0.000000e+00
      vertex   6.434203e-02 -1.060061e+01 0.000000e+00
      vertex   -3.600000e+00 2.360000e+01 0.000000e+00
    endloop
  endfacet
  facet normal 0.000000e+00 0.000000e+00 -1.000000e+00
    outer loop
      vertex   -3.600000e+00 2.360000e+01 0.000000e+00
      vertex   6.434203e-02 -1.060061e+01 0.000000e+00
      vertex   -1.929339e-01 -1.060548e+01 0.000000e+00
    endloop
  endfacet
  facet normal 0.000000e+00 0.000000e+00 -1.000000e+00
    outer loop
      vertex   -3.600000e+00 2.360000e+01 0.000000e+00
      vertex   -1.929339e-01 -1.060548e+01 0.000000e+00
      vertex   -4.491048e-01 -1.062979e+01 0.000000e+00
    endloop
  endfacet
  facet normal 0.000000e+00 -0.000000e+00 -1.000000e+00
    outer loop
      vertex   -3.361106e+00 -1.451280e+01 0.000000e+00
      vertex   -3.312697e+00 -1.476553e+01 0.000000e+00
      vertex   -3.600000e+00 -2.100000e+01 0.000000e+00
    endloop
  endfacet
  facet normal 0.000000e+00 0.000000e+00 -1.000000e+00
    outer loop
      vertex   -3.600000e+00 -2.100000e+01 0.000000e+00
      vertex   -3.312697e+00 -1.476553e+01 0.000000e+00
      vertex   -3.245314e+00 -1.501387e+01 0.000000e+00
    endloop
  endfacet
  facet normal 0.000000e+00 0.000000e+00 -1.000000e+00
    outer loop
      vertex   -3.600000e+00 -2.100000e+01 0.000000e+00
      vertex   -3.245314e+00 -1.501387e+01 0.000000e+00
      vertex   -3.159341e+00 -1.525641e+01 0.000000e+00
    endloop
  endfacet
  facet normal 0.000000e+00 -0.000000e+00 -1.000000e+00
    outer loop
      vertex   -3.159341e+00 -1.525641e+01 0.000000e+00
      vertex   -3.055273e+00 -1.549175e+01 0.000000e+00
      vertex   -3.600000e+00 -2.100000e+01 0.000000e+00
    endloop
  endfacet
  facet normal 0.000000e+00 0.000000e+00 -1.000000e+00
    outer loop
      vertex   -3.600000e+00 -2.100000e+01 0.000000e+00
      vertex   -3.055273e+00 -1.549175e+01 0.000000e+00
      vertex   -2.933704e+00 -1.571854e+01 0.000000e+00
    endloop
  endfacet
  facet normal 0.000000e+00 0.000000e+00 -1.000000e+00
    outer loop
      vertex   -3.600000e+00 -2.100000e+01 0.000000e+00
      vertex   -2.933704e+00 -1.571854e+01 0.000000e+00
      vertex   -2.795330e+00 -1.593549e+01 0.000000e+00
    endloop
  endfacet
  facet normal 0.000000e+00 -0.000000e+00 -1.000000e+00
    outer loop
      vertex   -2.795330e+00 -1.593549e+01 0.000000e+00
      vertex   -2.640946e+00 -1.614136e+01 0.000000e+00
      vertex   -3.600000e+00 -2.100000e+01 0.000000e+00
    endloop
  endfacet
  facet normal 0.000000e+00 0.000000e+00 -1.000000e+00
    outer loop
      vertex   -3.600000e+00 -2.100000e+01 0.000000e+00
      vertex   -2.640946e+00 -1.614136e+01 0.000000e+00
      vertex   -2.471434e+00 -1.633495e+01 0.000000e+00
    endloop
  endfacet
  facet normal 0.000000e+00 0.000000e+00 -1.000000e+00
    outer loop
      vertex   -3.600000e+00 -2.100000e+01 0.000000e+00
      vertex   -2.471434e+00 -1.633495e+01 0.000000e+00
      vertex   -2.287767e+00 -1.651518e+01 0.000000e+00
    endloop
  endfacet
  facet normal 0.000000e+00 -0.000000e+00 -1.000000e+00
    outer loop
      vertex   -2.287767e+00 -1.651518e+01 0.000000e+00
      vertex   -2.090995e+00 -1.668100e+01 0.000000e+00
      vertex   -3.600000e+00 -2.100000e+01 0.000000e+00
    endloop
  endfacet
  facet normal 0.000000e+00 0.000000e+00 -1.000000e+00
    outer loop
      vertex   -3.600000e+00 -2.100000e+01 0.000000e+00
      vertex   -2.090995e+00 -1.668100e+01 0.000000e+00
      vertex   -1.882246e+00 -1.683146e+01 0.000000e+00
    endloop
  endfacet
  facet normal 0.000000e+00 0.000000e+00 -1.000000e+00
    outer loop
      vertex   -3.600000e+00 -2.100000e+01 0.000000e+00
      vertex   -1.882246e+00 -1.683146e+01 0.000000e+00
      vertex   -1.662716e+00 -1.696570e+01 0.000000e+00
    endloop
  endfacet
  facet normal 0.000000e+00 -0.000000e+00 -1.000000e+00
    outer loop
      vertex   -1.662716e+00 -1.696570e+01 0.000000e+00
      vertex   -1.433661e+00 -1.708296e+01 0.000000e+00
      vertex   -3.600000e+00 -2.100000e+01 0.000000e+00
    endloop
  endfacet
  facet normal 0.000000e+00 0.000000e+00 -1.000000e+00
    outer loop
      vertex   -3.600000e+00 -2.100000e+01 0.000000e+00
      vertex   -1.433661e+00 -1.708296e+01 0.000000e+00
      vertex   -1.196395e+00 -1.718255e+01 0.000000e+00
    endloop
  endfacet
  facet normal 0.000000e+00 0.000000e+00 -1.000000e+00
    outer loop
      vertex   -3.600000e+00 -2.100000e+01 0.000000e+00
      vertex   -1.196395e+00 -1.718255e+01 0.000000e+00
      vertex   -9.522766e-01 -1.726392e+01 0.000000e+00
    endloop
  endfacet
  facet normal 0.000000e+00 -0.000000e+00 -1.000000e+00
    outer loop
      vertex   -9.522766e-01 -1.726392e+01 0.000000e+00
      vertex   -7.027032e-01 -1.732659e+01 0.000000e+00
      vertex   -3.600000e+00 -2.100000e+01 0.000000e+00
    endloop
  endfacet
  facet normal 0.000000e+00 0.000000e+00 -1.000000e+00
    outer loop
      vertex   -3.600000e+00 -2.100000e+01 0.000000e+00
      vertex   -7.027032e-01 -1.732659e+01 0.000000e+00
      vertex   -4.491048e-01 -1.737021e+01 0.000000e+00
    endloop
  endfacet
  facet normal 0.000000e+00 0.000000e+00 -1.000000e+00
    outer loop
      vertex   -3.600000e+00 -2.100000e+01 0.000000e+00
      vertex   -4.491048e-01 -1.737021e+01 0.000000e+00
      vertex   -1.929339e-01 -1.739452e+01 0.000000e+00
    endloop
  endfacet
  facet normal 0.000000e+00 -0.000000e+00 -1.000000e+00
    outer loop
      vertex   -1.929339e-01 -1.739452e+01 0.000000e+00
      vertex   6.434203e-02 -1.739939e+01 0.000000e+00
      vertex   -3.600000e+00 -2.100000e+01 0.000000e+00
    endloop
  endfacet
  facet normal 0.000000e+00 0.000000e+00 -1.000000e+00
    outer loop
      vertex   5.763168e-01 -1.735080e+01 0.000000e+00
      vertex   8.280830e-01 -1.729762e+01 0.000000e+00
      vertex   3.600000e+00 -2.100000e+01 0.000000e+00
    endloop
  endfacet
  facet normal 0.000000e+00 0.000000e+00 -1.000000e+00
    outer loop
      vertex   3.600000e+00 -2.100000e+01 0.000000e+00
      vertex   8.280830e-01 -1.729762e+01 0.000000e+00
      vertex   1.075106e+00 -1.722555e+01 0.000000e+00
    endloop
  endfacet
  facet normal 0.000000e+00 0.000000e+00 -1.000000e+00
    outer loop
      vertex   3.600000e+00 -2.100000e+01 0.000000e+00
      vertex   1.075106e+00 -1.722555e+01 0.000000e+00
      vertex   1.315971e+00 -1.713500e+01 0.000000e+00
    endloop
  endfacet
  facet normal 0.000000e+00 0.000000e+00 -1.000000e+00
    outer loop
      vertex   1.315971e+00 -1.713500e+01 0.000000e+00
      vertex   1.549298e+00 -1.702650e+01 0.000000e+00
      vertex   3.600000e+00 -2.100000e+01 0.000000e+00
    endloop
  endfacet
  facet normal 0.000000e+00 0.000000e+00 -1.000000e+00
    outer loop
      vertex   3.600000e+00 -2.100000e+01 0.000000e+00
      vertex   1.549298e+00 -1.702650e+01 0.000000e+00
      vertex   1.773751e+00 -1.690066e+01 0.000000e+00
    endloop
  endfacet
  facet normal 0.000000e+00 0.000000e+00 -1.000000e+00
    outer loop
      vertex   3.600000e+00 -2.100000e+01 0.000000e+00
      vertex   1.773751e+00 -1.690066e+01 0.000000e+00
      vertex   1.988044e+00 -1.675820e+01 0.000000e+00
    endloop
  endfacet
  facet normal 0.000000e+00 0.000000e+00 -1.000000e+00
    outer loop
      vertex   1.988044e+00 -1.675820e+01 0.000000e+00
      vertex   2.190950e+00 -1.659995e+01 0.000000e+00
      vertex   3.600000e+00 -2.100000e+01 0.000000e+00
    endloop
  endfacet
  facet normal 0.000000e+00 0.000000e+00 -1.000000e+00
    outer loop
      vertex   3.600000e+00 -2.100000e+01 0.000000e+00
      vertex   2.190950e+00 -1.659995e+01 0.000000e+00
      vertex   2.381306e+00 -1.642680e+01 0.000000e+00
    endloop
  endfacet
  facet normal 0.000000e+00 0.000000e+00 -1.000000e+00
    outer loop
      vertex   3.600000e+00 -2.100000e+01 0.000000e+00
      vertex   2.381306e+00 -1.642680e+01 0.000000e+00
      vertex   2.558022e+00 -1.623976e+01 0.000000e+00
    endloop
  endfacet
  facet normal 0.000000e+00 0.000000e+00 -1.000000e+00
    outer loop
      vertex   2.558022e+00 -1.623976e+01 0.000000e+00
      vertex   2.720086e+00 -1.603988e+01 0.000000e+00
      vertex   3.600000e+00 -2.100000e+01 0.000000e+00
    endloop
  endfacet
  facet normal 0.000000e+00 0.000000e+00 -1.000000e+00
    outer loop
      vertex   3.600000e+00 -2.100000e+01 0.000000e+00
      vertex   2.720086e+00 -1.603988e+01 0.000000e+00
      vertex   2.866570e+00 -1.582833e+01 0.000000e+00
    endloop
  endfacet
  facet normal 0.000000e+00 0.000000e+00 -1.000000e+00
    outer loop
      vertex   3.600000e+00 -2.100000e+01 0.000000e+00
      vertex   2.866570e+00 -1.582833e+01 0.000000e+00
      vertex   2.996634e+00 -1.560629e+01 0.000000e+00
    endloop
  endfacet
  facet normal 0.000000e+00 0.000000e+00 -1.000000e+00
    outer loop
      vertex   2.996634e+00 -1.560629e+01 0.000000e+00
      vertex   3.109534e+00 -1.537506e+01 0.000000e+00
      vertex   3.600000e+00 -2.100000e+01 0.000000e+00
    endloop
  endfacet
  facet normal 0.000000e+00 0.000000e+00 -1.000000e+00
    outer loop
      vertex   3.600000e+00 -2.100000e+01 0.000000e+00
      vertex   3.109534e+00 -1.537506e+01 0.000000e+00
      vertex   3.204623e+00 -1.513595e+01 0.000000e+00
    endloop
  endfacet
  facet normal 0.000000e+00 0.000000e+00 -1.000000e+00
    outer loop
      vertex   3.600000e+00 -2.100000e+01 0.000000e+00
      vertex   3.204623e+00 -1.513595e+01 0.000000e+00
      vertex   3.281356e+00 -1.489034e+01 0.000000e+00
    endloop
  endfacet
  facet normal 0.000000e+00 0.000000e+00 -1.000000e+00
    outer loop
      vertex   3.281356e+00 -1.489034e+01 0.000000e+00
      vertex   3.339293e+00 -1.463962e+01 0.000000e+00
      vertex   3.600000e+00 -2.100000e+01 0.000000e+00
    endloop
  endfacet
  facet normal 0.000000e+00 0.000000e+00 -1.000000e+00
    outer loop
      vertex   3.600000e+00 -2.100000e+01 0.000000e+00
      vertex   3.339293e+00 -1.463962e+01 0.000000e+00
      vertex   3.378104e+00 -1.438525e+01 0.000000e+00
    endloop
  endfacet
  facet normal 0.000000e+00 0.000000e+00 -1.000000e+00
    outer loop
      vertex   3.600000e+00 -2.100000e+01 0.000000e+00
      vertex   3.378104e+00 -1.438525e+01 0.000000e+00
      vertex   3.397565e+00 -1.412866e+01 0.000000e+00
    endloop
  endfacet
  facet normal 0.000000e+00 0.000000e+00 -1.000000e+00
    outer loop
      vertex   3.397565e+00 -1.412866e+01 0.000000e+00
      vertex   3.397565e+00 -1.387134e+01 0.000000e+00
      vertex   3.600000e+00 -2.100000e+01 0.000000e+00
    endloop
  endfacet
  facet normal 0.000000e+00 0.000000e+00 -1.000000e+00
    outer loop
      vertex   3.339293e+00 -1.336038e+01 0.000000e+00
      vertex   3.281356e+00 -1.310966e+01 0.000000e+00
      vertex   3.600000e+00 2.360000e+01 0.000000e+00
    endloop
  endfacet
  facet normal 0.000000e+00 0.000000e+00 -1.000000e+00
    outer loop
      vertex   3.600000e+00 2.360000e+01 0.000000e+00
      vertex   3.281356e+00 -1.310966e+01 0.000000e+00
      vertex   3.204623e+00 -1.286405e+01 0.000000e+00
    endloop
  endfacet
  facet normal 0.000000e+00 0.000000e+00 -1.000000e+00
    outer loop
      vertex   3.600000e+00 2.360000e+01 0.000000e+00
      vertex   3.204623e+00 -1.286405e+01 0.000000e+00
      vertex   3.109534e+00 -1.262494e+01 0.000000e+00
    endloop
  endfacet
  facet normal 0.000000e+00 0.000000e+00 -1.000000e+00
    outer loop
      vertex   3.109534e+00 -1.262494e+01 0.000000e+00
      vertex   2.996634e+00 -1.239371e+01 0.000000e+00
      vertex   3.600000e+00 2.360000e+01 0.000000e+00
    endloop
  endfacet
  facet normal 0.000000e+00 0.000000e+00 -1.000000e+00
    outer loop
      vertex   3.600000e+00 2.360000e+01 0.000000e+00
      vertex   2.996634e+00 -1.239371e+01 0.000000e+00
      vertex   2.866570e+00 -1.217167e+01 0.000000e+00
    endloop
  endfacet
  facet normal 0.000000e+00 0.000000e+00 -1.000000e+00
    outer loop
      vertex   3.600000e+00 2.360000e+01 0.000000e+00
      vertex   2.866570e+00 -1.217167e+01 0.000000e+00
      vertex   2.720086e+00 -1.196012e+01 0.000000e+00
    endloop
  endfacet
  facet normal 0.000000e+00 0.000000e+00 -1.000000e+00
    outer loop
      vertex   2.720086e+00 -1.196012e+01 0.000000e+00
      vertex   2.558022e+00 -1.176024e+01 0.000000e+00
      vertex   3.600000e+00 2.360000e+01 0.000000e+00
    endloop
  endfacet
  facet normal 0.000000e+00 0.000000e+00 -1.000000e+00
    outer loop
      vertex   3.600000e+00 2.360000e+01 0.000000e+00
      vertex   2.558022e+00 -1.176024e+01 0.000000e+00
      vertex   2.381306e+00 -1.157320e+01 0.000000e+00
    endloop
  endfacet
  facet normal 0.000000e+00 0.000000e+00 -1.000000e+00
    outer loop
      vertex   3.600000e+00 2.360000e+01 0.000000e+00
      vertex   2.381306e+00 -1.157320e+01 0.000000e+00
      vertex   2.190950e+00 -1.140005e+01 0.000000e+00
    endloop
  endfacet
  facet normal 0.000000e+00 0.000000e+00 -1.000000e+00
    outer loop
      vertex   2.190950e+00 -1.140005e+01 0.000000e+00
      vertex   1.988044e+00 -1.124180e+01 0.000000e+00
      vertex   3.600000e+00 2.360000e+01 0.000000e+00
    endloop
  endfacet
  facet normal 0.000000e+00 0.000000e+00 -1.000000e+00
    outer loop
      vertex   3.600000e+00 2.360000e+01 0.000000e+00
      vertex   1.988044e+00 -1.124180e+01 0.000000e+00
      vertex   1.773751e+00 -1.109934e+01 0.000000e+00
    endloop
  endfacet
  facet normal 0.000000e+00 0.000000e+00 -1.000000e+00
    outer loop
      vertex   3.600000e+00 2.360000e+01 0.000000e+00
      vertex   1.773751e+00 -1.109934e+01 0.000000e+00
      vertex   1.549298e+00 -1.097350e+01 0.000000e+00
    endloop
  endfacet
  facet normal 0.000000e+00 0.000000e+00 -1.000000e+00
    outer loop
      vertex   1.549298e+00 -1.097350e+01 0.000000e+00
      vertex   1.315971e+00 -1.086500e+01 0.000000e+00
      vertex   3.600000e+00 2.360000e+01 0.000000e+00
    endloop
  endfacet
  facet normal 0.000000e+00 0.000000e+00 -1.000000e+00
    outer loop
      vertex   3.600000e+00 2.360000e+01 0.000000e+00
      vertex   1.315971e+00 -1.086500e+01 0.000000e+00
      vertex   1.075106e+00 -1.077445e+01 0.000000e+00
    endloop
  endfacet
  facet normal 0.000000e+00 0.000000e+00 -1.000000e+00
    outer loop
      vertex   3.600000e+00 2.360000e+01 0.000000e+00
      vertex   1.075106e+00 -1.077445e+01 0.000000e+00
      vertex   8.280830e-01 -1.070238e+01 0.000000e+00
    endloop
  endfacet
  facet normal 0.000000e+00 0.000000e+00 -1.000000e+00
    outer loop
      vertex   8.280830e-01 -1.070238e+01 0.000000e+00
      vertex   5.763168e-01 -1.064920e+01 0.000000e+00
      vertex   3.600000e+00 2.360000e+01 0.000000e+00
    endloop
  endfacet
  facet normal 0.000000e+00 0.000000e+00 -1.000000e+00
    outer loop
      vertex   3.600000e+00 2.360000e+01 0.000000e+00
      vertex   5.763168e-01 -1.064920e+01 0.000000e+00
      vertex   3.212494e-01 -1.061521e+01 0.000000e+00
    endloop
  endfacet
  facet normal 0.000000e+00 0.000000e+00 -1.000000e+00
    outer loop
      vertex   3.600000e+00 2.360000e+01 0.000000e+00
      vertex   3.212494e-01 -1.061521e+01 0.000000e+00
      vertex   6.434203e-02 -1.060061e+01 0.000000e+00
    endloop
  endfacet
  facet normal -0.000000e+00 0.000000e+00 -1.000000e+00
    outer loop
      vertex   -4.491048e-01 -1.062979e+01 0.000000e+00
      vertex   -7.027032e-01 -1.067341e+01 0.000000e+00
      vertex   -3.600000e+00 2.360000e+01 0.000000e+00
    endloop
  endfacet
  facet normal 0.000000e+00 0.000000e+00 -1.000000e+00
    outer loop
      vertex   -3.600000e+00 2.360000e+01 0.000000e+00
      vertex   -7.027032e-01 -1.067341e+01 0.000000e+00
      vertex   -9.522766e-01 -1.073608e+01 0.000000e+00
    endloop
  endfacet
  facet normal 0.000000e+00 0.000000e+00 -1.000000e+00
    outer loop
      vertex   -3.600000e+00 2.360000e+01 0.000000e+00
      vertex   -9.522766e-01 -1.073608e+01 0.000000e+00
      vertex   -1.196395e+00 -1.081745e+01 0.000000e+00
    endloop
  endfacet
  facet normal -0.000000e+00 0.000000e+00 -1.000000e+00
    outer loop
      vertex   -1.196395e+00 -1.081745e+01 0.000000e+00
      vertex   -1.433661e+00 -1.091704e+01 0.000000e+00
      vertex   -3.600000e+00 2.360000e+01 0.000000e+00
    endloop
  endfacet
  facet normal 0.000000e+00 0.000000e+00 -1.000000e+00
    outer loop
      vertex   -3.600000e+00 2.360000e+01 0.000000e+00
      vertex   -1.433661e+00 -1.091704e+01 0.000000e+00
      vertex   -1.662716e+00 -1.103430e+01 0.000000e+00
    endloop
  endfacet
  facet normal 0.000000e+00 0.000000e+00 -1.000000e+00
    outer loop
      vertex   -3.600000e+00 2.360000e+01 0.000000e+00
      vertex   -1.662716e+00 -1.103430e+01 0.000000e+00
      vertex   -1.882246e+00 -1.116854e+01 0.000000e+00
    endloop
  endfacet
  facet normal -0.000000e+00 0.000000e+00 -1.000000e+00
    outer loop
      vertex   -1.882246e+00 -1.116854e+01 0.000000e+00
      vertex   -2.090995e+00 -1.131900e+01 0.000000e+00
      vertex   -3.600000e+00 2.360000e+01 0.000000e+00
    endloop
  endfacet
  facet normal 0.000000e+00 0.000000e+00 -1.000000e+00
    outer loop
      vertex   -3.600000e+00 2.360000e+01 0.000000e+00
      vertex   -2.090995e+00 -1.131900e+01 0.000000e+00
      vertex   -2.287767e+00 -1.148482e+01 0.000000e+00
    endloop
  endfacet
  facet normal 0.000000e+00 0.000000e+00 -1.000000e+00
    outer loop
      vertex   -3.600000e+00 2.360000e+01 0.000000e+00
      vertex   -2.287767e+00 -1.148482e+01 0.000000e+00
      vertex   -2.471434e+00 -1.166505e+01 0.000000e+00
    endloop
  endfacet
  facet normal -0.000000e+00 0.000000e+00 -1.000000e+00
    outer loop
      vertex   -2.471434e+00 -1.166505e+01 0.000000e+00
      vertex   -2.640946e+00 -1.185864e+01 0.000000e+00
      vertex   -3.600000e+00 2.360000e+01 0.000000e+00
    endloop
  endfacet
  facet normal 0.000000e+00 0.000000e+00 -1.000000e+00
    outer loop
      vertex   -3.600000e+00 2.360000e+01 0.000000e+00
      vertex   -2.640946e+00 -1.185864e+01 0.000000e+00
      vertex   -2.795330e+00 -1.206451e+01 0.000000e+00
    endloop
  endfacet
  facet normal 0.000000e+00 0.000000e+00 -1.000000e+00
    outer loop
      vertex   -3.600000e+00 2.360000e+01 0.000000e+00
      vertex   -2.795330e+00 -1.206451e+01 0.000000e+00
      vertex   -2.933704e+00 -1.228146e+01 0.000000e+00
    endloop
  endfacet
  facet normal -0.000000e+00 0.000000e+00 -1.000000e+00
    outer loop
      vertex   -2.933704e+00 -1.228146e+01 0.000000e+00
      vertex   -3.055273e+00 -1.250825e+01 0.000000e+00
      vertex   -3.600000e+00 2.360000e+01 0.000000e+00
    endloop
  endfacet
  facet normal 0.000000e+00 0.000000e+00 -1.000000e+00
    outer loop
      vertex   -3.600000e+00 2.360000e+01 0.000000e+00
      vertex   -3.055273e+00 -1.250825e+01 0.000000e+00
      vertex   -3.159341e+00 -1.274359e+01 0.000000e+00
    endloop
  endfacet
  facet normal 0.000000e+00 0.000000e+00 -1.000000e+00
    outer loop
      vertex   -3.600000e+00 2.360000e+01 0.000000e+00
      vertex   -3.159341e+00 -1.274359e+01 0.000000e+00
      vertex   -3.245314e+00 -1.298613e+01 0.000000e+00
    endloop
  endfacet
  facet normal -0.000000e+00 0.000000e+00 -1.000000e+00
    outer loop
      vertex   -3.245314e+00 -1.298613e+01 0.000000e+00
      vertex   -3.312697e+00 -1.323447e+01 0.000000e+00
      vertex   -3.600000e+00 2.360000e+01 0.000000e+00
    endloop
  endfacet
  facet normal 0.000000e+00 0.000000e+00 -1.000000e+00
    outer loop
      vertex   -3.600000e+00 2.360000e+01 0.000000e+00
      vertex   -3.312697e+00 -1.323447e+01 0.000000e+00
      vertex   -3.361106e+00 -1.348720e+01 0.000000e+00
    endloop
  endfacet
  facet normal 0.000000e+00 0.000000e+00 -1.000000e+00
    outer loop
      vertex   -3.600000e+00 2.360000e+01 0.000000e+00
      vertex   -3.361106e+00 -1.348720e+01 0.000000e+00
      vertex   -3.390263e+00 -1.374286e+01 0.000000e+00
    endloop
  endfacet
  facet normal -0.000000e+00 0.000000e+00 -1.000000e+00
    outer loop
      vertex   -3.390263e+00 -1.374286e+01 0.000000e+00
      vertex   -3.400000e+00 -1.400000e+01 0.000000e+00
      vertex   -3.600000e+00 2.360000e+01 0.000000e+00
    endloop
  endfacet
  facet normal -3.140185e-16 7.071068e-01 -7.071068e-01
    outer loop
      vertex   -4.000000e+00 2.400000e+01 4.000000e-01
      vertex   4.000000e+00 2.400000e+01 4.000000e-01
      vertex   -3.600000e+00 2.360000e+01 0.000000e+00
    endloop
  endfacet
  facet normal -6.978189e-16 7.071068e-01 -7.071068e-01
    outer loop
      vertex   -3.600000e+00 2.360000e+01 0.000000e+00
      vertex   4.000000e+00 2.400000e+01 4.000000e-01
      vertex   3.600000e+00 2.360000e+01 0.000000e+00
    endloop
  endfacet
  facet normal 7.071068e-01 0.000000e+00 -7.071068e-01
    outer loop
      vertex   4.000000e+00 2.400000e+01 4.000000e-01
      vertex   4.000000e+00 -2.140000e+01 4.000000e-01
      vertex   3.600000e+00 2.360000e+01 0.000000e+00
    endloop
  endfacet
  facet normal 7.071068e-01 0.000000e+00 -7.071068e-01
    outer loop
      vertex   3.600000e+00 2.360000e+01 0.000000e+00
      vertex   4.000000e+00 -2.140000e+01 4.000000e-01
      vertex   3.600000e+00 -2.100000e+01 0.000000e+00
    endloop
  endfacet
  facet normal -7.071068e-01 -1.056116e-16 -7.071068e-01
    outer loop
      vertex   -3.600000e+00 -2.100000e+01 0.000000e+00
      vertex   -4.000000e+00 -2.140000e+01 4.000000e-01
      vertex   -3.600000e+00 2.360000e+01 0.000000e+00
    endloop
  endfacet
  facet normal -7.071068e-01 -1.005084e-16 -7.071068e-01
    outer loop
      vertex   -3.600000e+00 2.360000e+01 0.000000e+00
      vertex   -4.000000e+00 -2.140000e+01 4.000000e-01
      vertex   -4.000000e+00 2.400000e+01 4.000000e-01
    endloop
  endfacet
  facet normal 1.000000e+00 0.000000e+00 -0.000000e+00
    outer loop
      vertex   4.000000e+00 2.400000e+01 4.000000e-01
      vertex   4.000000e+00 2.400000e+01 2.000000e+00
      vertex   4.000000e+00 -2.140000e+01 4.000000e-01
    endloop
  endfacet
  facet normal 1.000000e+00 0.000000e+00 -0.000000e+00
    outer loop
      vertex   4.000000e+00 -2.140000e+01 4.000000e-01
      vertex   4.000000e+00 2.400000e+01 2.000000e+00
      vertex   4.000000e+00 -2.400000e+01 3.000000e+00
    endloop
  endfacet
  facet normal 1.000000e+00 -0.000000e+00 0.000000e+00
    outer loop
      vertex   4.000000e+00 -2.400000e+01 3.000000e+00
      vertex   4.000000e+00 2.400000e+01 2.000000e+00
      vertex   4.000000e+00 4.000000e+00 9.000000e+00
    endloop
  endfacet
  facet normal 1.000000e+00 0.000000e+00 -0.000000e+00
    outer loop
      vertex   4.000000e+00 -2.400000e+01 3.000000e+00
      vertex   4.000000e+00 4.000000e+00 9.000000e+00
      vertex   4.000000e+00 -2.400000e+01 9.000000e+00
    endloop
  endfacet
  facet normal -4.440892e-16 1.000000e+00 0.000000e+00
    outer loop
      vertex   4.000000e+00 2.400000e+01 4.000000e-01
      vertex   -4.000000e+00 2.400000e+01 4.000000e-01
      vertex   4.000000e+00 2.400000e+01 2.000000e+00
    endloop
  endfacet
  facet normal -4.440892e-16 1.000000e+00 0.000000e+00
    outer loop
      vertex   4.000000e+00 2.400000e+01 2.000000e+00
      vertex   -4.000000e+00 2.400000e+01 4.000000e-01
      vertex   -4.000000e+00 2.400000e+01 2.000000e+00
    endloop
  endfacet
  facet normal -1.000000e+00 -1.369438e-16 0.000000e+00
    outer loop
      vertex   -4.000000e+00 2.400000e+01 4.000000e-01
      vertex   -4.000000e+00 -2.140000e+01 4.000000e-01
      vertex   -4.000000e+00 2.400000e+01 2.000000e+00
    endloop
  endfacet
  facet normal -1.000000e+00 -1.322819e-16 -1.322819e-16
    outer loop
      vertex   -4.000000e+00 2.400000e+01 2.000000e+00
      vertex   -4.000000e+00 -2.140000e+01 4.000000e-01
      vertex   -4.000000e+00 -2.400000e+01 3.000000e+00
    endloop
  endfacet
  facet normal -1.000000e+00 -1.292918e-16 1.124276e-17
    outer loop
      vertex   -4.000000e+00 2.400000e+01 2.000000e+00
      vertex   -4.000000e+00 -2.400000e+01 3.000000e+00
      vertex   -4.000000e+00 4.000000e+00 9.000000e+00
    endloop
  endfacet
  facet normal -1.000000e+00 -1.268826e-16 0.000000e+00
    outer loop
      vertex   -4.000000e+00 4.000000e+00 9.000000e+00
      vertex   -4.000000e+00 -2.400000e+01 3.000000e+00
      vertex   -4.000000e+00 -2.400000e+01 9.000000e+00
    endloop
  endfacet
  facet normal 0.000000e+00 -7.071068e-01 -7.071068e-01
    outer loop
      vertex   -3.600000e+00 -2.100000e+01 0.000000e+00
      vertex   3.600000e+00 -2.100000e+01 0.000000e+00
      vertex   -4.000000e+00 -2.140000e+01 4.000000e-01
    endloop
  endfacet
  facet normal -3.385512e-16 -7.071068e-01 -7.071068e-01
    outer loop
      vertex   -4.000000e+00 -2.140000e+01 4.000000e-01
      vertex   3.600000e+00 -2.100000e+01 0.000000e+00
      vertex   4.000000e+00 -2.140000e+01 4.000000e-01
    endloop
  endfacet
  facet normal -3.385512e-16 -7.071068e-01 -7.071068e-01
    outer loop
      vertex   -4.000000e+00 -2.140000e+01 4.000000e-01
      vertex   4.000000e+00 -2.140000e+01 4.000000e-01
      vertex   -4.000000e+00 -2.400000e+01 3.000000e+00
    endloop
  endfacet
  facet normal 3.140185e-16 -7.071068e-01 -7.071068e-01
    outer loop
      vertex   -4.000000e+00 -2.400000e+01 3.000000e+00
      vertex   4.000000e+00 -2.140000e+01 4.000000e-01
      vertex   4.000000e+00 -2.400000e+01 3.000000e+00
    endloop
  endfacet
  facet normal 4.440892e-16 -1.000000e+00 0.000000e+00
    outer loop
      vertex   -4.000000e+00 -2.400000e+01 3.000000e+00
      vertex   4.000000e+00 -2.400000e+01 3.000000e+00
      vertex   -4.000000e+00 -2.400000e+01 9.000000e+00
    endloop
  endfacet
  facet normal 0.000000e+00 -1.000000e+00 -5.921189e-16
    outer loop
      vertex   -4.000000e+00 -2.400000e+01 9.000000e+00
      vertex   4.000000e+00 -2.400000e+01 3.000000e+00
      vertex   4.000000e+00 -2.400000e+01 9.000000e+00
    endloop
  endfacet
  facet normal -1.833813e-16 3.303504e-01 9.438584e-01
    outer loop
      vertex   -4.000000e+00 4.000000e+00 9.000000e+00
      vertex   4.000000e+00 4.000000e+00 9.000000e+00
      vertex   -4.000000e+00 2.400000e+01 2.000000e+00
    endloop
  endfacet
  facet normal -1.467051e-16 3.303504e-01 9.438584e-01
    outer loop
      vertex   -4.000000e+00 2.400000e+01 2.000000e+00
      vertex   4.000000e+00 4.000000e+00 9.000000e+00
      vertex   4.000000e+00 2.400000e+01 2.000000e+00
    endloop
  endfacet
  facet normal 0.000000e+00 -0.000000e+00 1.000000e+00
    outer loop
      vertex   4.000000e+00 -2.400000e+01 9.000000e+00
      vertex   4.000000e+00 4.000000e+00 9.000000e+00
      vertex   3.500000e+00 -1.100000e+01 9.000000e+00
    endloop
  endfacet
  facet normal 0.000000e+00 -0.000000e+00 1.000000e+00
    outer loop
      vertex   3.500000e+00 -1.100000e+01 9.000000e+00
      vertex   4.000000e+00 4.000000e+00 9.000000e+00
      vertex   -4.000000e+00 4.000000e+00 9.000000e+00
    endloop
  endfacet
  facet normal 0.000000e+00 0.000000e+00 1.000000e+00
    outer loop
      vertex   3.500000e+00 -1.100000e+01 9.000000e+00
      vertex   -4.000000e+00 4.000000e+00 9.000000e+00
      vertex   -3.500000e+00 -1.100000e+01 9.000000e+00
    endloop
  endfacet
  facet normal 0.000000e+00 0.000000e+00 1.000000e+00
    outer loop
      vertex   -3.500000e+00 -1.100000e+01 9.000000e+00
      vertex   -4.000000e+00 4.000000e+00 9.000000e+00
      vertex   -4.000000e+00 -2.400000e+01 9.000000e+00
    endloop
  endfacet
  facet normal 0.000000e+00 0.000000e+00 1.000000e+00
    outer loop
      vertex   -3.500000e+00 -1.100000e+01 9.000000e+00
      vertex   -4.000000e+00 -2.400000e+01 9.000000e+00
      vertex   -3.500000e+00 -1.700000e+01 9.000000e+00
    endloop
  endfacet
  facet normal 0.000000e+00 0.000000e+00 1.000000e+00
    outer loop
      vertex   -3.500000e+00 -1.700000e+01 9.000000e+00
      vertex   -4.000000e+00 -2.400000e+01 9.000000e+00
      vertex   4.000000e+00 -2.400000e+01 9.000000e+00
    endloop
  endfacet
  facet normal -0.000000e+00 0.000000e+00 1.000000e+00
    outer loop
      vertex   -3.500000e+00 -1.700000e+01 9.000000e+00
      vertex   4.000000e+00 -2.400000e+01 9.000000e+00
      vertex   3.500000e+00 -1.700000e+01 9.000000e+00
    endloop
  endfacet
  facet normal -0.000000e+00 0.000000e+00 1.000000e+00
    outer loop
      vertex   3.500000e+00 -1.700000e+01 9.000000e+00
      vertex   4.000000e+00 -2.400000e+01 9.000000e+00
      vertex   3.500000e+00 -1.100000e+01 9.000000e+00
    endloop
  endfacet
  facet normal -0.000000e+00 0.000000e+00 1.000000e+00
    outer loop
      vertex   -1.700000e+00 -1.400000e+01 3.200000e+00
      vertex   -1.690369e+00 -1.418070e+01 3.200000e+00
      vertex   -1.690369e+00 -1.381930e+01 3.200000e+00
    endloop
  endfacet
  facet normal -0.000000e+00 0.000000e+00 1.000000e+00
    outer loop
      vertex   -1.690369e+00 -1.381930e+01 3.200000e+00
      vertex   -1.690369e+00 -1.418070e+01 3.200000e+00
      vertex   -1.661586e+00 -1.364065e+01 3.200000e+00
    endloop
  endfacet
  facet normal -0.000000e+00 0.000000e+00 1.000000e+00
    outer loop
      vertex   -1.661586e+00 -1.364065e+01 3.200000e+00
      vertex   -1.690369e+00 -1.418070e+01 3.200000e+00
      vertex   -1.613976e+00 -1.346607e+01 3.200000e+00
    endloop
  endfacet
  facet normal -0.000000e+00 0.000000e+00 1.000000e+00
    outer loop
      vertex   -1.613976e+00 -1.346607e+01 3.200000e+00
      vertex   -1.690369e+00 -1.418070e+01 3.200000e+00
      vertex   -1.548079e+00 -1.329754e+01 3.200000e+00
    endloop
  endfacet
  facet normal -0.000000e+00 0.000000e+00 1.000000e+00
    outer loop
      vertex   -1.548079e+00 -1.329754e+01 3.200000e+00
      vertex   -1.690369e+00 -1.418070e+01 3.200000e+00
      vertex   -1.464642e+00 -1.313697e+01 3.200000e+00
    endloop
  endfacet
  facet normal -0.000000e+00 0.000000e+00 1.000000e+00
    outer loop
      vertex   -1.464642e+00 -1.313697e+01 3.200000e+00
      vertex   -1.690369e+00 -1.418070e+01 3.200000e+00
      vertex   -1.364610e+00 -1.298618e+01 3.200000e+00
    endloop
  endfacet
  facet normal -0.000000e+00 0.000000e+00 1.000000e+00
    outer loop
      vertex   -1.364610e+00 -1.298618e+01 3.200000e+00
      vertex   -1.690369e+00 -1.418070e+01 3.200000e+00
      vertex   -1.249116e+00 -1.284687e+01 3.200000e+00
    endloop
  endfacet
  facet normal -0.000000e+00 0.000000e+00 1.000000e+00
    outer loop
      vertex   -1.249116e+00 -1.284687e+01 3.200000e+00
      vertex   -1.690369e+00 -1.418070e+01 3.200000e+00
      vertex   -1.119469e+00 -1.272063e+01 3.200000e+00
    endloop
  endfacet
  facet normal -0.000000e+00 0.000000e+00 1.000000e+00
    outer loop
      vertex   -1.119469e+00 -1.272063e+01 3.200000e+00
      vertex   -1.690369e+00 -1.418070e+01 3.200000e+00
      vertex   -9.771386e-01 -1.260889e+01 3.200000e+00
    endloop
  endfacet
  facet normal -0.000000e+00 0.000000e+00 1.000000e+00
    outer loop
      vertex   -9.771386e-01 -1.260889e+01 3.200000e+00
      vertex   -1.690369e+00 -1.418070e+01 3.200000e+00
      vertex   -8.237365e-01 -1.251290e+01 3.200000e+00
    endloop
  endfacet
  facet normal -0.000000e+00 0.000000e+00 1.000000e+00
    outer loop
      vertex   -8.237365e-01 -1.251290e+01 3.200000e+00
      vertex   -1.690369e+00 -1.418070e+01 3.200000e+00
      vertex   -6.610011e-01 -1.243377e+01 3.200000e+00
    endloop
  endfacet
  facet normal -0.000000e+00 0.000000e+00 1.000000e+00
    outer loop
      vertex   -6.610011e-01 -1.243377e+01 3.200000e+00
      vertex   -1.690369e+00 -1.418070e+01 3.200000e+00
      vertex   -4.907763e-01 -1.237238e+01 3.200000e+00
    endloop
  endfacet
  facet normal -0.000000e+00 0.000000e+00 1.000000e+00
    outer loop
      vertex   -4.907763e-01 -1.237238e+01 3.200000e+00
      vertex   -1.690369e+00 -1.418070e+01 3.200000e+00
      vertex   -3.149908e-01 -1.232944e+01 3.200000e+00
    endloop
  endfacet
  facet normal -0.000000e+00 0.000000e+00 1.000000e+00
    outer loop
      vertex   -3.149908e-01 -1.232944e+01 3.200000e+00
      vertex   -1.690369e+00 -1.418070e+01 3.200000e+00
      vertex   -1.356364e-01 -1.230542e+01 3.200000e+00
    endloop
  endfacet
  facet normal -0.000000e+00 0.000000e+00 1.000000e+00
    outer loop
      vertex   -1.356364e-01 -1.230542e+01 3.200000e+00
      vertex   -1.690369e+00 -1.418070e+01 3.200000e+00
      vertex   4.525489e-02 -1.230060e+01 3.200000e+00
    endloop
  endfacet
  facet normal 0.000000e+00 0.000000e+00 1.000000e+00
    outer loop
      vertex   4.525489e-02 -1.230060e+01 3.200000e+00
      vertex   -1.690369e+00 -1.418070e+01 3.200000e+00
      vertex   2.256334e-01 -1.231504e+01 3.200000e+00
    endloop
  endfacet
  facet normal 0.000000e+00 0.000000e+00 1.000000e+00
    outer loop
      vertex   2.256334e-01 -1.231504e+01 3.200000e+00
      vertex   -1.690369e+00 -1.418070e+01 3.200000e+00
      vertex   4.034554e-01 -1.234857e+01 3.200000e+00
    endloop
  endfacet
  facet normal 0.000000e+00 0.000000e+00 1.000000e+00
    outer loop
      vertex   4.034554e-01 -1.234857e+01 3.200000e+00
      vertex   -1.690369e+00 -1.418070e+01 3.200000e+00
      vertex   5.767061e-01 -1.240081e+01 3.200000e+00
    endloop
  endfacet
  facet normal 0.000000e+00 0.000000e+00 1.000000e+00
    outer loop
      vertex   5.767061e-01 -1.240081e+01 3.200000e+00
      vertex   -1.690369e+00 -1.418070e+01 3.200000e+00
      vertex   7.434224e-01 -1.247117e+01 3.200000e+00
    endloop
  endfacet
  facet normal 0.000000e+00 0.000000e+00 1.000000e+00
    outer loop
      vertex   7.434224e-01 -1.247117e+01 3.200000e+00
      vertex   -1.690369e+00 -1.418070e+01 3.200000e+00
      vertex   9.017155e-01 -1.255885e+01 3.200000e+00
    endloop
  endfacet
  facet normal 0.000000e+00 0.000000e+00 1.000000e+00
    outer loop
      vertex   9.017155e-01 -1.255885e+01 3.200000e+00
      vertex   -1.690369e+00 -1.418070e+01 3.200000e+00
      vertex   1.049792e+00 -1.266286e+01 3.200000e+00
    endloop
  endfacet
  facet normal 0.000000e+00 0.000000e+00 1.000000e+00
    outer loop
      vertex   1.049792e+00 -1.266286e+01 3.200000e+00
      vertex   -1.690369e+00 -1.418070e+01 3.200000e+00
      vertex   1.185974e+00 -1.278202e+01 3.200000e+00
    endloop
  endfacet
  facet normal 0.000000e+00 0.000000e+00 1.000000e+00
    outer loop
      vertex   1.185974e+00 -1.278202e+01 3.200000e+00
      vertex   -1.690369e+00 -1.418070e+01 3.200000e+00
      vertex   1.308718e+00 -1.291498e+01 3.200000e+00
    endloop
  endfacet
  facet normal 0.000000e+00 0.000000e+00 1.000000e+00
    outer loop
      vertex   1.308718e+00 -1.291498e+01 3.200000e+00
      vertex   -1.690369e+00 -1.418070e+01 3.200000e+00
      vertex   1.416634e+00 -1.306024e+01 3.200000e+00
    endloop
  endfacet
  facet normal 0.000000e+00 0.000000e+00 1.000000e+00
    outer loop
      vertex   1.416634e+00 -1.306024e+01 3.200000e+00
      vertex   -1.690369e+00 -1.418070e+01 3.200000e+00
      vertex   1.508499e+00 -1.321614e+01 3.200000e+00
    endloop
  endfacet
  facet normal 0.000000e+00 0.000000e+00 1.000000e+00
    outer loop
      vertex   1.508499e+00 -1.321614e+01 3.200000e+00
      vertex   -1.690369e+00 -1.418070e+01 3.200000e+00
      vertex   1.583272e+00 -1.338093e+01 3.200000e+00
    endloop
  endfacet
  facet normal 0.000000e+00 0.000000e+00 1.000000e+00
    outer loop
      vertex   1.583272e+00 -1.338093e+01 3.200000e+00
      vertex   -1.690369e+00 -1.418070e+01 3.200000e+00
      vertex   1.640105e+00 -1.355273e+01 3.200000e+00
    endloop
  endfacet
  facet normal 0.000000e+00 0.000000e+00 1.000000e+00
    outer loop
      vertex   1.640105e+00 -1.355273e+01 3.200000e+00
      vertex   -1.690369e+00 -1.418070e+01 3.200000e+00
      vertex   1.678356e+00 -1.372959e+01 3.200000e+00
    endloop
  endfacet
  facet normal 0.000000e+00 0.000000e+00 1.000000e+00
    outer loop
      vertex   1.678356e+00 -1.372959e+01 3.200000e+00
      vertex   -1.690369e+00 -1.418070e+01 3.200000e+00
      vertex   1.697591e+00 -1.390952e+01 3.200000e+00
    endloop
  endfacet
  facet normal 0.000000e+00 0.000000e+00 1.000000e+00
    outer loop
      vertex   1.697591e+00 -1.390952e+01 3.200000e+00
      vertex   -1.690369e+00 -1.418070e+01 3.200000e+00
      vertex   1.697591e+00 -1.409048e+01 3.200000e+00
    endloop
  endfacet
  facet normal 0.000000e+00 0.000000e+00 1.000000e+00
    outer loop
      vertex   1.697591e+00 -1.409048e+01 3.200000e+00
      vertex   -1.690369e+00 -1.418070e+01 3.200000e+00
      vertex   1.678356e+00 -1.427041e+01 3.200000e+00
    endloop
  endfacet
  facet normal 0.000000e+00 0.000000e+00 1.000000e+00
    outer loop
      vertex   1.678356e+00 -1.427041e+01 3.200000e+00
      vertex   -1.690369e+00 -1.418070e+01 3.200000e+00
      vertex   -1.661586e+00 -1.435935e+01 3.200000e+00
    endloop
  endfacet
  facet normal 0.000000e+00 0.000000e+00 1.000000e+00
    outer loop
      vertex   1.678356e+00 -1.427041e+01 3.200000e+00
      vertex   -1.661586e+00 -1.435935e+01 3.200000e+00
      vertex   1.640105e+00 -1.444727e+01 3.200000e+00
    endloop
  endfacet
  facet normal 0.000000e+00 0.000000e+00 1.000000e+00
    outer loop
      vertex   1.640105e+00 -1.444727e+01 3.200000e+00
      vertex   -1.661586e+00 -1.435935e+01 3.200000e+00
      vertex   -1.613976e+00 -1.453393e+01 3.200000e+00
    endloop
  endfacet
  facet normal 0.000000e+00 0.000000e+00 1.000000e+00
    outer loop
      vertex   1.640105e+00 -1.444727e+01 3.200000e+00
      vertex   -1.613976e+00 -1.453393e+01 3.200000e+00
      vertex   1.583272e+00 -1.461907e+01 3.200000e+00
    endloop
  endfacet
  facet normal 0.000000e+00 0.000000e+00 1.000000e+00
    outer loop
      vertex   1.583272e+00 -1.461907e+01 3.200000e+00
      vertex   -1.613976e+00 -1.453393e+01 3.200000e+00
      vertex   -1.548079e+00 -1.470246e+01 3.200000e+00
    endloop
  endfacet
  facet normal 0.000000e+00 0.000000e+00 1.000000e+00
    outer loop
      vertex   1.583272e+00 -1.461907e+01 3.200000e+00
      vertex   -1.548079e+00 -1.470246e+01 3.200000e+00
      vertex   1.508499e+00 -1.478386e+01 3.200000e+00
    endloop
  endfacet
  facet normal 0.000000e+00 0.000000e+00 1.000000e+00
    outer loop
      vertex   1.508499e+00 -1.478386e+01 3.200000e+00
      vertex   -1.548079e+00 -1.470246e+01 3.200000e+00
      vertex   -1.464642e+00 -1.486303e+01 3.200000e+00
    endloop
  endfacet
  facet normal 0.000000e+00 0.000000e+00 1.000000e+00
    outer loop
      vertex   1.508499e+00 -1.478386e+01 3.200000e+00
      vertex   -1.464642e+00 -1.486303e+01 3.200000e+00
      vertex   1.416634e+00 -1.493976e+01 3.200000e+00
    endloop
  endfacet
  facet normal 0.000000e+00 0.000000e+00 1.000000e+00
    outer loop
      vertex   1.416634e+00 -1.493976e+01 3.200000e+00
      vertex   -1.464642e+00 -1.486303e+01 3.200000e+00
      vertex   -1.364610e+00 -1.501382e+01 3.200000e+00
    endloop
  endfacet
  facet normal 0.000000e+00 0.000000e+00 1.000000e+00
    outer loop
      vertex   1.416634e+00 -1.493976e+01 3.200000e+00
      vertex   -1.364610e+00 -1.501382e+01 3.200000e+00
      vertex   1.308718e+00 -1.508502e+01 3.200000e+00
    endloop
  endfacet
  facet normal 0.000000e+00 0.000000e+00 1.000000e+00
    outer loop
      vertex   1.308718e+00 -1.508502e+01 3.200000e+00
      vertex   -1.364610e+00 -1.501382e+01 3.200000e+00
      vertex   -1.249116e+00 -1.515313e+01 3.200000e+00
    endloop
  endfacet
  facet normal 0.000000e+00 0.000000e+00 1.000000e+00
    outer loop
      vertex   1.308718e+00 -1.508502e+01 3.200000e+00
      vertex   -1.249116e+00 -1.515313e+01 3.200000e+00
      vertex   1.185974e+00 -1.521798e+01 3.200000e+00
    endloop
  endfacet
  facet normal 0.000000e+00 0.000000e+00 1.000000e+00
    outer loop
      vertex   1.185974e+00 -1.521798e+01 3.200000e+00
      vertex   -1.249116e+00 -1.515313e+01 3.200000e+00
      vertex   -1.119469e+00 -1.527937e+01 3.200000e+00
    endloop
  endfacet
  facet normal 0.000000e+00 0.000000e+00 1.000000e+00
    outer loop
      vertex   1.185974e+00 -1.521798e+01 3.200000e+00
      vertex   -1.119469e+00 -1.527937e+01 3.200000e+00
      vertex   1.049792e+00 -1.533714e+01 3.200000e+00
    endloop
  endfacet
  facet normal 0.000000e+00 0.000000e+00 1.000000e+00
    outer loop
      vertex   1.049792e+00 -1.533714e+01 3.200000e+00
      vertex   -1.119469e+00 -1.527937e+01 3.200000e+00
      vertex   -9.771386e-01 -1.539111e+01 3.200000e+00
    endloop
  endfacet
  facet normal 0.000000e+00 0.000000e+00 1.000000e+00
    outer loop
      vertex   1.049792e+00 -1.533714e+01 3.200000e+00
      vertex   -9.771386e-01 -1.539111e+01 3.200000e+00
      vertex   9.017155e-01 -1.544115e+01 3.200000e+00
    endloop
  endfacet
  facet normal 0.000000e+00 0.000000e+00 1.000000e+00
    outer loop
      vertex   9.017155e-01 -1.544115e+01 3.200000e+00
      vertex   -9.771386e-01 -1.539111e+01 3.200000e+00
      vertex   -8.237365e-01 -1.548710e+01 3.200000e+00
    endloop
  endfacet
  facet normal 0.000000e+00 0.000000e+00 1.000000e+00
    outer loop
      vertex   9.017155e-01 -1.544115e+01 3.200000e+00
      vertex   -8.237365e-01 -1.548710e+01 3.200000e+00
      vertex   7.434224e-01 -1.552883e+01 3.200000e+00
    endloop
  endfacet
  facet normal 0.000000e+00 0.000000e+00 1.000000e+00
    outer loop
      vertex   7.434224e-01 -1.552883e+01 3.200000e+00
      vertex   -8.237365e-01 -1.548710e+01 3.200000e+00
      vertex   -6.610011e-01 -1.556623e+01 3.200000e+00
    endloop
  endfacet
  facet normal 0.000000e+00 0.000000e+00 1.000000e+00
    outer loop
      vertex   7.434224e-01 -1.552883e+01 3.200000e+00
      vertex   -6.610011e-01 -1.556623e+01 3.200000e+00
      vertex   5.767061e-01 -1.559919e+01 3.200000e+00
    endloop
  endfacet
  facet normal 0.000000e+00 0.000000e+00 1.000000e+00
    outer loop
      vertex   5.767061e-01 -1.559919e+01 3.200000e+00
      vertex   -6.610011e-01 -1.556623e+01 3.200000e+00
      vertex   -4.907763e-01 -1.562762e+01 3.200000e+00
    endloop
  endfacet
  facet normal 0.000000e+00 0.000000e+00 1.000000e+00
    outer loop
      vertex   5.767061e-01 -1.559919e+01 3.200000e+00
      vertex   -4.907763e-01 -1.562762e+01 3.200000e+00
      vertex   4.034554e-01 -1.565143e+01 3.200000e+00
    endloop
  endfacet
  facet normal 0.000000e+00 0.000000e+00 1.000000e+00
    outer loop
      vertex   4.034554e-01 -1.565143e+01 3.200000e+00
      vertex   -4.907763e-01 -1.562762e+01 3.200000e+00
      vertex   -3.149908e-01 -1.567056e+01 3.200000e+00
    endloop
  endfacet
  facet normal 0.000000e+00 0.000000e+00 1.000000e+00
    outer loop
      vertex   4.034554e-01 -1.565143e+01 3.200000e+00
      vertex   -3.149908e-01 -1.567056e+01 3.200000e+00
      vertex   2.256334e-01 -1.568496e+01 3.200000e+00
    endloop
  endfacet
  facet normal 0.000000e+00 0.000000e+00 1.000000e+00
    outer loop
      vertex   2.256334e-01 -1.568496e+01 3.200000e+00
      vertex   -3.149908e-01 -1.567056e+01 3.200000e+00
      vertex   -1.356364e-01 -1.569458e+01 3.200000e+00
    endloop
  endfacet
  facet normal 0.000000e+00 0.000000e+00 1.000000e+00
    outer loop
      vertex   2.256334e-01 -1.568496e+01 3.200000e+00
      vertex   -1.356364e-01 -1.569458e+01 3.200000e+00
      vertex   4.525489e-02 -1.569940e+01 3.200000e+00
    endloop
  endfacet
  facet normal 0.000000e+00 -0.000000e+00 -1.000000e+00
    outer loop
      vertex   -2.990272e+00 -1.375860e+01 3.000000e+00
      vertex   2.990272e+00 -1.375860e+01 3.000000e+00
      vertex   -3.000000e+00 -1.400000e+01 3.000000e+00
    endloop
  endfacet
  facet normal 0.000000e+00 0.000000e+00 -1.000000e+00
    outer loop
      vertex   -3.000000e+00 -1.400000e+01 3.000000e+00
      vertex   2.990272e+00 -1.375860e+01 3.000000e+00
      vertex   3.000000e+00 -1.400000e+01 3.000000e+00
    endloop
  endfacet
  facet normal 0.000000e+00 0.000000e+00 -1.000000e+00
    outer loop
      vertex   -3.000000e+00 -1.400000e+01 3.000000e+00
      vertex   3.000000e+00 -1.400000e+01 3.000000e+00
      vertex   -2.990272e+00 -1.424140e+01 3.000000e+00
    endloop
  endfacet
  facet normal 0.000000e+00 0.000000e+00 -1.000000e+00
    outer loop
      vertex   -2.990272e+00 -1.424140e+01 3.000000e+00
      vertex   3.000000e+00 -1.400000e+01 3.000000e+00
      vertex   2.990272e+00 -1.424140e+01 3.000000e+00
    endloop
  endfacet
  facet normal 0.000000e+00 0.000000e+00 -1.000000e+00
    outer loop
      vertex   -2.990272e+00 -1.424140e+01 3.000000e+00
      vertex   2.990272e+00 -1.424140e+01 3.000000e+00
      vertex   -2.961151e+00 -1.448123e+01 3.000000e+00
    endloop
  endfacet
  facet normal 0.000000e+00 0.000000e+00 -1.000000e+00
    outer loop
      vertex   -2.961151e+00 -1.448123e+01 3.000000e+00
      vertex   2.990272e+00 -1.424140e+01 3.000000e+00
      vertex   2.961151e+00 -1.448123e+01 3.000000e+00
    endloop
  endfacet
  facet normal 0.000000e+00 0.000000e+00 -1.000000e+00
    outer loop
      vertex   -2.961151e+00 -1.448123e+01 3.000000e+00
      vertex   2.961151e+00 -1.448123e+01 3.000000e+00
      vertex   -2.912825e+00 -1.471795e+01 3.000000e+00
    endloop
  endfacet
  facet normal 0.000000e+00 0.000000e+00 -1.000000e+00
    outer loop
      vertex   -2.912825e+00 -1.471795e+01 3.000000e+00
      vertex   2.961151e+00 -1.448123e+01 3.000000e+00
      vertex   2.912825e+00 -1.471795e+01 3.000000e+00
    endloop
  endfacet
  facet normal 0.000000e+00 0.000000e+00 -1.000000e+00
    outer loop
      vertex   -2.912825e+00 -1.471795e+01 3.000000e+00
      vertex   2.912825e+00 -1.471795e+01 3.000000e+00
      vertex   -2.845609e+00 -1.495000e+01 3.000000e+00
    endloop
  endfacet
  facet normal 0.000000e+00 0.000000e+00 -1.000000e+00
    outer loop
      vertex   -2.845609e+00 -1.495000e+01 3.000000e+00
      vertex   2.912825e+00 -1.471795e+01 3.000000e+00
      vertex   2.845609e+00 -1.495000e+01 3.000000e+00
    endloop
  endfacet
  facet normal 0.000000e+00 0.000000e+00 -1.000000e+00
    outer loop
      vertex   -2.845609e+00 -1.495000e+01 3.000000e+00
      vertex   2.845609e+00 -1.495000e+01 3.000000e+00
      vertex   -2.759938e+00 -1.517590e+01 3.000000e+00
    endloop
  endfacet
  facet normal 0.000000e+00 0.000000e+00 -1.000000e+00
    outer loop
      vertex   -2.759938e+00 -1.517590e+01 3.000000e+00
      vertex   2.845609e+00 -1.495000e+01 3.000000e+00
      vertex   2.759938e+00 -1.517590e+01 3.000000e+00
    endloop
  endfacet
  facet normal 0.000000e+00 0.000000e+00 -1.000000e+00
    outer loop
      vertex   -2.759938e+00 -1.517590e+01 3.000000e+00
      vertex   2.759938e+00 -1.517590e+01 3.000000e+00
      vertex   -2.656368e+00 -1.539417e+01 3.000000e+00
    endloop
  endfacet
  facet normal 0.000000e+00 0.000000e+00 -1.000000e+00
    outer loop
      vertex   -2.656368e+00 -1.539417e+01 3.000000e+00
      vertex   2.759938e+00 -1.517590e+01 3.000000e+00
      vertex   2.656368e+00 -1.539417e+01 3.000000e+00
    endloop
  endfacet
  facet normal 0.000000e+00 0.000000e+00 -1.000000e+00
    outer loop
      vertex   -2.656368e+00 -1.539417e+01 3.000000e+00
      vertex   2.656368e+00 -1.539417e+01 3.000000e+00
      vertex   -2.535570e+00 -1.560340e+01 3.000000e+00
    endloop
  endfacet
  facet normal 0.000000e+00 0.000000e+00 -1.000000e+00
    outer loop
      vertex   -2.535570e+00 -1.560340e+01 3.000000e+00
      vertex   2.656368e+00 -1.539417e+01 3.000000e+00
      vertex   2.535570e+00 -1.560340e+01 3.000000e+00
    endloop
  endfacet
  facet normal 0.000000e+00 0.000000e+00 -1.000000e+00
    outer loop
      vertex   -2.535570e+00 -1.560340e+01 3.000000e+00
      vertex   2.535570e+00 -1.560340e+01 3.000000e+00
      vertex   -2.398328e+00 -1.580223e+01 3.000000e+00
    endloop
  endfacet
  facet normal 0.000000e+00 0.000000e+00 -1.000000e+00
    outer loop
      vertex   -2.398328e+00 -1.580223e+01 3.000000e+00
      vertex   2.535570e+00 -1.560340e+01 3.000000e+00
      vertex   2.398328e+00 -1.580223e+01 3.000000e+00
    endloop
  endfacet
  facet normal 0.000000e+00 0.000000e+00 -1.000000e+00
    outer loop
      vertex   -2.398328e+00 -1.580223e+01 3.000000e+00
      vertex   2.398328e+00 -1.580223e+01 3.000000e+00
      vertex   -2.245532e+00 -1.598937e+01 3.000000e+00
    endloop
  endfacet
  facet normal 0.000000e+00 0.000000e+00 -1.000000e+00
    outer loop
      vertex   -2.245532e+00 -1.598937e+01 3.000000e+00
      vertex   2.398328e+00 -1.580223e+01 3.000000e+00
      vertex   2.245532e+00 -1.598937e+01 3.000000e+00
    endloop
  endfacet
  facet normal 0.000000e+00 0.000000e+00 -1.000000e+00
    outer loop
      vertex   -2.245532e+00 -1.598937e+01 3.000000e+00
      vertex   2.245532e+00 -1.598937e+01 3.000000e+00
      vertex   -2.078173e+00 -1.616361e+01 3.000000e+00
    endloop
  endfacet
  facet normal 0.000000e+00 0.000000e+00 -1.000000e+00
    outer loop
      vertex   -2.078173e+00 -1.616361e+01 3.000000e+00
      vertex   2.245532e+00 -1.598937e+01 3.000000e+00
      vertex   2.078173e+00 -1.616361e+01 3.000000e+00
    endloop
  endfacet
  facet normal 0.000000e+00 0.000000e+00 -1.000000e+00
    outer loop
      vertex   -2.078173e+00 -1.616361e+01 3.000000e+00
      vertex   2.078173e+00 -1.616361e+01 3.000000e+00
      vertex   -1.897336e+00 -1.632381e+01 3.000000e+00
    endloop
  endfacet
  facet normal 0.000000e+00 0.000000e+00 -1.000000e+00
    outer loop
      vertex   -1.897336e+00 -1.632381e+01 3.000000e+00
      vertex   2.078173e+00 -1.616361e+01 3.000000e+00
      vertex   1.897336e+00 -1.632381e+01 3.000000e+00
    endloop
  endfacet
  facet normal 0.000000e+00 0.000000e+00 -1.000000e+00
    outer loop
      vertex   -1.897336e+00 -1.632381e+01 3.000000e+00
      vertex   1.897336e+00 -1.632381e+01 3.000000e+00
      vertex   -1.704194e+00 -1.646895e+01 3.000000e+00
    endloop
  endfacet
  facet normal 0.000000e+00 0.000000e+00 -1.000000e+00
    outer loop
      vertex   -1.704194e+00 -1.646895e+01 3.000000e+00
      vertex   1.897336e+00 -1.632381e+01 3.000000e+00
      vertex   1.704194e+00 -1.646895e+01 3.000000e+00
    endloop
  endfacet
  facet normal 0.000000e+00 0.000000e+00 -1.000000e+00
    outer loop
      vertex   -1.704194e+00 -1.646895e+01 3.000000e+00
      vertex   1.704194e+00 -1.646895e+01 3.000000e+00
      vertex   -1.500000e+00 -1.659808e+01 3.000000e+00
    endloop
  endfacet
  facet normal 0.000000e+00 0.000000e+00 -1.000000e+00
    outer loop
      vertex   -1.500000e+00 -1.659808e+01 3.000000e+00
      vertex   1.704194e+00 -1.646895e+01 3.000000e+00
      vertex   1.500000e+00 -1.659808e+01 3.000000e+00
    endloop
  endfacet
  facet normal 0.000000e+00 0.000000e+00 -1.000000e+00
    outer loop
      vertex   -1.500000e+00 -1.659808e+01 3.000000e+00
      vertex   1.500000e+00 -1.659808e+01 3.000000e+00
      vertex   -1.286078e+00 -1.671035e+01 3.000000e+00
    endloop
  endfacet
  facet normal 0.000000e+00 0.000000e+00 -1.000000e+00
    outer loop
      vertex   -1.286078e+00 -1.671035e+01 3.000000e+00
      vertex   1.500000e+00 -1.659808e+01 3.000000e+00
      vertex   1.286078e+00 -1.671035e+01 3.000000e+00
    endloop
  endfacet
  facet normal 0.000000e+00 0.000000e+00 -1.000000e+00
    outer loop
      vertex   -1.286078e+00 -1.671035e+01 3.000000e+00
      vertex   1.286078e+00 -1.671035e+01 3.000000e+00
      vertex   -1.063815e+00 -1.680505e+01 3.000000e+00
    endloop
  endfacet
  facet normal 0.000000e+00 0.000000e+00 -1.000000e+00
    outer loop
      vertex   -1.063815e+00 -1.680505e+01 3.000000e+00
      vertex   1.286078e+00 -1.671035e+01 3.000000e+00
      vertex   1.063815e+00 -1.680505e+01 3.000000e+00
    endloop
  endfacet
  facet normal 0.000000e+00 0.000000e+00 -1.000000e+00
    outer loop
      vertex   -1.063815e+00 -1.680505e+01 3.000000e+00
      vertex   1.063815e+00 -1.680505e+01 3.000000e+00
      vertex   -8.346524e-01 -1.688155e+01 3.000000e+00
    endloop
  endfacet
  facet normal 0.000000e+00 0.000000e+00 -1.000000e+00
    outer loop
      vertex   -8.346524e-01 -1.688155e+01 3.000000e+00
      vertex   1.063815e+00 -1.680505e+01 3.000000e+00
      vertex   8.346524e-01 -1.688155e+01 3.000000e+00
    endloop
  endfacet
  facet normal 0.000000e+00 0.000000e+00 -1.000000e+00
    outer loop
      vertex   -8.346524e-01 -1.688155e+01 3.000000e+00
      vertex   8.346524e-01 -1.688155e+01 3.000000e+00
      vertex   -6.000771e-01 -1.693937e+01 3.000000e+00
    endloop
  endfacet
  facet normal 0.000000e+00 0.000000e+00 -1.000000e+00
    outer loop
      vertex   -6.000771e-01 -1.693937e+01 3.000000e+00
      vertex   8.346524e-01 -1.688155e+01 3.000000e+00
      vertex   6.000771e-01 -1.693937e+01 3.000000e+00
    endloop
  endfacet
  facet normal 0.000000e+00 0.000000e+00 -1.000000e+00
    outer loop
      vertex   -6.000771e-01 -1.693937e+01 3.000000e+00
      vertex   6.000771e-01 -1.693937e+01 3.000000e+00
      vertex   -3.616100e-01 -1.697813e+01 3.000000e+00
    endloop
  endfacet
  facet normal 0.000000e+00 0.000000e+00 -1.000000e+00
    outer loop
      vertex   -3.616100e-01 -1.697813e+01 3.000000e+00
      vertex   6.000771e-01 -1.693937e+01 3.000000e+00
      vertex   3.616100e-01 -1.697813e+01 3.000000e+00
    endloop
  endfacet
  facet normal 0.000000e+00 0.000000e+00 -1.000000e+00
    outer loop
      vertex   -3.616100e-01 -1.697813e+01 3.000000e+00
      vertex   3.616100e-01 -1.697813e+01 3.000000e+00
      vertex   -1.207978e-01 -1.699757e+01 3.000000e+00
    endloop
  endfacet
  facet normal 0.000000e+00 0.000000e+00 -1.000000e+00
    outer loop
      vertex   -1.207978e-01 -1.699757e+01 3.000000e+00
      vertex   3.616100e-01 -1.697813e+01 3.000000e+00
      vertex   1.207978e-01 -1.699757e+01 3.000000e+00
    endloop
  endfacet
  facet normal 0.000000e+00 0.000000e+00 -1.000000e+00
    outer loop
      vertex   2.990272e+00 -1.375860e+01 3.000000e+00
      vertex   -2.990272e+00 -1.375860e+01 3.000000e+00
      vertex   2.961151e+00 -1.351877e+01 3.000000e+00
    endloop
  endfacet
  facet normal -0.000000e+00 0.000000e+00 -1.000000e+00
    outer loop
      vertex   2.961151e+00 -1.351877e+01 3.000000e+00
      vertex   -2.990272e+00 -1.375860e+01 3.000000e+00
      vertex   -2.961151e+00 -1.351877e+01 3.000000e+00
    endloop
  endfacet
  facet normal 0.000000e+00 0.000000e+00 -1.000000e+00
    outer loop
      vertex   2.961151e+00 -1.351877e+01 3.000000e+00
      vertex   -2.961151e+00 -1.351877e+01 3.000000e+00
      vertex   2.912825e+00 -1.328205e+01 3.000000e+00
    endloop
  endfacet
  facet normal -0.000000e+00 0.000000e+00 -1.000000e+00
    outer loop
      vertex   2.912825e+00 -1.328205e+01 3.000000e+00
      vertex   -2.961151e+00 -1.351877e+01 3.000000e+00
      vertex   -2.912825e+00 -1.328205e+01 3.000000e+00
    endloop
  endfacet
  facet normal 0.000000e+00 0.000000e+00 -1.000000e+00
    outer loop
      vertex   2.912825e+00 -1.328205e+01 3.000000e+00
      vertex   -2.912825e+00 -1.328205e+01 3.000000e+00
      vertex   2.845609e+00 -1.305000e+01 3.000000e+00
    endloop
  endfacet
  facet normal -0.000000e+00 0.000000e+00 -1.000000e+00
    outer loop
      vertex   2.845609e+00 -1.305000e+01 3.000000e+00
      vertex   -2.912825e+00 -1.328205e+01 3.000000e+00
      vertex   -2.845609e+00 -1.305000e+01 3.000000e+00
    endloop
  endfacet
  facet normal 0.000000e+00 0.000000e+00 -1.000000e+00
    outer loop
      vertex   2.845609e+00 -1.305000e+01 3.000000e+00
      vertex   -2.845609e+00 -1.305000e+01 3.000000e+00
      vertex   2.759938e+00 -1.282410e+01 3.000000e+00
    endloop
  endfacet
  facet normal -0.000000e+00 0.000000e+00 -1.000000e+00
    outer loop
      vertex   2.759938e+00 -1.282410e+01 3.000000e+00
      vertex   -2.845609e+00 -1.305000e+01 3.000000e+00
      vertex   -2.759938e+00 -1.282410e+01 3.000000e+00
    endloop
  endfacet
  facet normal 0.000000e+00 0.000000e+00 -1.000000e+00
    outer loop
      vertex   2.759938e+00 -1.282410e+01 3.000000e+00
      vertex   -2.759938e+00 -1.282410e+01 3.000000e+00
      vertex   2.656368e+00 -1.260583e+01 3.000000e+00
    endloop
  endfacet
  facet normal -0.000000e+00 0.000000e+00 -1.000000e+00
    outer loop
      vertex   2.656368e+00 -1.260583e+01 3.000000e+00
      vertex   -2.759938e+00 -1.282410e+01 3.000000e+00
      vertex   -2.656368e+00 -1.260583e+01 3.000000e+00
    endloop
  endfacet
  facet normal 0.000000e+00 0.000000e+00 -1.000000e+00
    outer loop
      vertex   2.656368e+00 -1.260583e+01 3.000000e+00
      vertex   -2.656368e+00 -1.260583e+01 3.000000e+00
      vertex   2.535570e+00 -1.239660e+01 3.000000e+00
    endloop
  endfacet
  facet normal -0.000000e+00 0.000000e+00 -1.000000e+00
    outer loop
      vertex   2.535570e+00 -1.239660e+01 3.000000e+00
      vertex   -2.656368e+00 -1.260583e+01 3.000000e+00
      vertex   -2.535570e+00 -1.239660e+01 3.000000e+00
    endloop
  endfacet
  facet normal 0.000000e+00 0.000000e+00 -1.000000e+00
    outer loop
      vertex   2.535570e+00 -1.239660e+01 3.000000e+00
      vertex   -2.535570e+00 -1.239660e+01 3.000000e+00
      vertex   2.398328e+00 -1.219777e+01 3.000000e+00
    endloop
  endfacet
  facet normal -0.000000e+00 0.000000e+00 -1.000000e+00
    outer loop
      vertex   2.398328e+00 -1.219777e+01 3.000000e+00
      vertex   -2.535570e+00 -1.239660e+01 3.000000e+00
      vertex   -2.398328e+00 -1.219777e+01 3.000000e+00
    endloop
  endfacet
  facet normal 0.000000e+00 0.000000e+00 -1.000000e+00
    outer loop
      vertex   2.398328e+00 -1.219777e+01 3.000000e+00
      vertex   -2.398328e+00 -1.219777e+01 3.000000e+00
      vertex   2.245532e+00 -1.201063e+01 3.000000e+00
    endloop
  endfacet
  facet normal -0.000000e+00 0.000000e+00 -1.000000e+00
    outer loop
      vertex   2.245532e+00 -1.201063e+01 3.000000e+00
      vertex   -2.398328e+00 -1.219777e+01 3.000000e+00
      vertex   -2.245532e+00 -1.201063e+01 3.000000e+00
    endloop
  endfacet
  facet normal 0.000000e+00 0.000000e+00 -1.000000e+00
    outer loop
      vertex   2.245532e+00 -1.201063e+01 3.000000e+00
      vertex   -2.245532e+00 -1.201063e+01 3.000000e+00
      vertex   2.078173e+00 -1.183639e+01 3.000000e+00
    endloop
  endfacet
  facet normal -0.000000e+00 0.000000e+00 -1.000000e+00
    outer loop
      vertex   2.078173e+00 -1.183639e+01 3.000000e+00
      vertex   -2.245532e+00 -1.201063e+01 3.000000e+00
      vertex   -2.078173e+00 -1.183639e+01 3.000000e+00
    endloop
  endfacet
  facet normal 0.000000e+00 0.000000e+00 -1.000000e+00
    outer loop
      vertex   2.078173e+00 -1.183639e+01 3.000000e+00
      vertex   -2.078173e+00 -1.183639e+01 3.000000e+00
      vertex   1.897336e+00 -1.167619e+01 3.000000e+00
    endloop
  endfacet
  facet normal -0.000000e+00 0.000000e+00 -1.000000e+00
    outer loop
      vertex   1.897336e+00 -1.167619e+01 3.000000e+00
      vertex   -2.078173e+00 -1.183639e+01 3.000000e+00
      vertex   -1.897336e+00 -1.167619e+01 3.000000e+00
    endloop
  endfacet
  facet normal 0.000000e+00 0.000000e+00 -1.000000e+00
    outer loop
      vertex   1.897336e+00 -1.167619e+01 3.000000e+00
      vertex   -1.897336e+00 -1.167619e+01 3.000000e+00
      vertex   1.704194e+00 -1.153105e+01 3.000000e+00
    endloop
  endfacet
  facet normal -0.000000e+00 0.000000e+00 -1.000000e+00
    outer loop
      vertex   1.704194e+00 -1.153105e+01 3.000000e+00
      vertex   -1.897336e+00 -1.167619e+01 3.000000e+00
      vertex   -1.704194e+00 -1.153105e+01 3.000000e+00
    endloop
  endfacet
  facet normal 0.000000e+00 0.000000e+00 -1.000000e+00
    outer loop
      vertex   1.704194e+00 -1.153105e+01 3.000000e+00
      vertex   -1.704194e+00 -1.153105e+01 3.000000e+00
      vertex   1.500000e+00 -1.140192e+01 3.000000e+00
    endloop
  endfacet
  facet normal -0.000000e+00 0.000000e+00 -1.000000e+00
    outer loop
      vertex   1.500000e+00 -1.140192e+01 3.000000e+00
      vertex   -1.704194e+00 -1.153105e+01 3.000000e+00
      vertex   -1.500000e+00 -1.140192e+01 3.000000e+00
    endloop
  endfacet
  facet normal 0.000000e+00 0.000000e+00 -1.000000e+00
    outer loop
      vertex   1.500000e+00 -1.140192e+01 3.000000e+00
      vertex   -1.500000e+00 -1.140192e+01 3.000000e+00
      vertex   1.286078e+00 -1.128965e+01 3.000000e+00
    endloop
  endfacet
  facet normal -0.000000e+00 0.000000e+00 -1.000000e+00
    outer loop
      vertex   1.286078e+00 -1.128965e+01 3.000000e+00
      vertex   -1.500000e+00 -1.140192e+01 3.000000e+00
      vertex   -1.286078e+00 -1.128965e+01 3.000000e+00
    endloop
  endfacet
  facet normal 0.000000e+00 0.000000e+00 -1.000000e+00
    outer loop
      vertex   1.286078e+00 -1.128965e+01 3.000000e+00
      vertex   -1.286078e+00 -1.128965e+01 3.000000e+00
      vertex   1.063815e+00 -1.119495e+01 3.000000e+00
    endloop
  endfacet
  facet normal -0.000000e+00 0.000000e+00 -1.000000e+00
    outer loop
      vertex   1.063815e+00 -1.119495e+01 3.000000e+00
      vertex   -1.286078e+00 -1.128965e+01 3.000000e+00
      vertex   -1.063815e+00 -1.119495e+01 3.000000e+00
    endloop
  endfacet
  facet normal 0.000000e+00 0.000000e+00 -1.000000e+00
    outer loop
      vertex   1.063815e+00 -1.119495e+01 3.000000e+00
      vertex   -1.063815e+00 -1.119495e+01 3.000000e+00
      vertex   8.346524e-01 -1.111845e+01 3.000000e+00
    endloop
  endfacet
  facet normal -0.000000e+00 0.000000e+00 -1.000000e+00
    outer loop
      vertex   8.346524e-01 -1.111845e+01 3.000000e+00
      vertex   -1.063815e+00 -1.119495e+01 3.000000e+00
      vertex   -8.346524e-01 -1.111845e+01 3.000000e+00
    endloop
  endfacet
  facet normal 0.000000e+00 0.000000e+00 -1.000000e+00
    outer loop
      vertex   8.346524e-01 -1.111845e+01 3.000000e+00
      vertex   -8.346524e-01 -1.111845e+01 3.000000e+00
      vertex   6.000771e-01 -1.106063e+01 3.000000e+00
    endloop
  endfacet
  facet normal -0.000000e+00 0.000000e+00 -1.000000e+00
    outer loop
      vertex   6.000771e-01 -1.106063e+01 3.000000e+00
      vertex   -8.346524e-01 -1.111845e+01 3.000000e+00
      vertex   -6.000771e-01 -1.106063e+01 3.000000e+00
    endloop
  endfacet
  facet normal 0.000000e+00 0.000000e+00 -1.000000e+00
    outer loop
      vertex   6.000771e-01 -1.106063e+01 3.000000e+00
      vertex   -6.000771e-01 -1.106063e+01 3.000000e+00
      vertex   3.616100e-01 -1.102187e+01 3.000000e+00
    endloop
  endfacet
  facet normal -0.000000e+00 0.000000e+00 -1.000000e+00
    outer loop
      vertex   3.616100e-01 -1.102187e+01 3.000000e+00
      vertex   -6.000771e-01 -1.106063e+01 3.000000e+00
      vertex   -3.616100e-01 -1.102187e+01 3.000000e+00
    endloop
  endfacet
  facet normal 0.000000e+00 0.000000e+00 -1.000000e+00
    outer loop
      vertex   3.616100e-01 -1.102187e+01 3.000000e+00
      vertex   -3.616100e-01 -1.102187e+01 3.000000e+00
      vertex   1.207978e-01 -1.100243e+01 3.000000e+00
    endloop
  endfacet
  facet normal -0.000000e+00 0.000000e+00 -1.000000e+00
    outer loop
      vertex   1.207978e-01 -1.100243e+01 3.000000e+00
      vertex   -3.616100e-01 -1.102187e+01 3.000000e+00
      vertex   -1.207978e-01 -1.100243e+01 3.000000e+00
    endloop
  endfacet
  facet normal 9.985827e-01 5.322217e-02 0.000000e+00
    outer loop
      vertex   -1.690369e+00 -1.418070e+01 3.200000e+00
      vertex   -1.700000e+00 -1.400000e+01 3.200000e+00
      vertex   -1.700000e+00 -1.400000e+01 6.500000e+00
    endloop
  endfacet
  facet normal 9.985827e-01 -5.322217e-02 0.000000e+00
    outer loop
      vertex   -1.700000e+00 -1.400000e+01 6.500000e+00
      vertex   -1.700000e+00 -1.400000e+01 3.200000e+00
      vertex   -1.690369e+00 -1.381930e+01 3.200000e+00
    endloop
  endfacet
  facet normal 9.985334e-01 -5.413891e-02 -5.034164e-05
    outer loop
      vertex   -1.700000e+00 -1.400000e+01 6.500000e+00
      vertex   -1.690369e+00 -1.381930e+01 3.200000e+00
      vertex   -1.690035e+00 -1.381620e+01 6.500000e+00
    endloop
  endfacet
  facet normal 9.872684e-01 -1.590635e-01 4.947448e-05
    outer loop
      vertex   -1.690035e+00 -1.381620e+01 6.500000e+00
      vertex   -1.690369e+00 -1.381930e+01 3.200000e+00
      vertex   -1.661586e+00 -1.364065e+01 3.200000e+00
    endloop
  endfacet
  facet normal 9.868265e-01 -1.617820e-01 -9.894893e-05
    outer loop
      vertex   -1.690035e+00 -1.381620e+01 6.500000e+00
      vertex   -1.661586e+00 -1.364065e+01 3.200000e+00
      vertex   -1.660255e+00 -1.363455e+01 6.500000e+00
    endloop
  endfacet
  facet normal 9.647679e-01 -2.631026e-01 9.721452e-05
    outer loop
      vertex   -1.660255e+00 -1.363455e+01 6.500000e+00
      vertex   -1.661586e+00 -1.364065e+01 3.200000e+00
      vertex   -1.613976e+00 -1.346607e+01 3.200000e+00
    endloop
  endfacet
  facet normal 9.635500e-01 -2.675283e-01 -1.458217e-04
    outer loop
      vertex   -1.660255e+00 -1.363455e+01 6.500000e+00
      vertex   -1.613976e+00 -1.346607e+01 3.200000e+00
      vertex   -1.611010e+00 -1.345719e+01 6.500000e+00
    endloop
  endfacet
  facet normal 9.313362e-01 -3.641606e-01 1.432200e-04
    outer loop
      vertex   -1.611010e+00 -1.345719e+01 6.500000e+00
      vertex   -1.613976e+00 -1.346607e+01 3.200000e+00
      vertex   -1.548079e+00 -1.329754e+01 3.200000e+00
    endloop
  endfacet
  facet normal 9.289767e-01 -3.701381e-01 -1.909598e-04
    outer loop
      vertex   -1.611010e+00 -1.345719e+01 6.500000e+00
      vertex   -1.548079e+00 -1.329754e+01 3.200000e+00
      vertex   -1.542878e+00 -1.328619e+01 6.500000e+00
    endloop
  endfacet
  facet normal 8.873521e-01 -4.610925e-01 1.874906e-04
    outer loop
      vertex   -1.542878e+00 -1.328619e+01 6.500000e+00
      vertex   -1.548079e+00 -1.329754e+01 3.200000e+00
      vertex   -1.464642e+00 -1.313697e+01 3.200000e+00
    endloop
  endfacet
  facet normal 8.835120e-01 -4.684084e-01 -2.343630e-04
    outer loop
      vertex   -1.542878e+00 -1.328619e+01 6.500000e+00
      vertex   -1.464642e+00 -1.313697e+01 3.200000e+00
      vertex   -1.456657e+00 -1.312356e+01 6.500000e+00
    endloop
  endfacet
  facet normal 8.333139e-01 -5.528001e-01 2.300264e-04
    outer loop
      vertex   -1.456657e+00 -1.312356e+01 6.500000e+00
      vertex   -1.464642e+00 -1.313697e+01 3.200000e+00
      vertex   -1.364610e+00 -1.298618e+01 3.200000e+00
    endloop
  endfacet
  facet normal 8.276890e-01 -5.611870e-01 -2.760312e-04
    outer loop
      vertex   -1.456657e+00 -1.312356e+01 6.500000e+00
      vertex   -1.364610e+00 -1.298618e+01 3.200000e+00
      vertex   -1.353358e+00 -1.297120e+01 6.500000e+00
    endloop
  endfacet
  facet normal 7.698340e-01 -6.382442e-01 2.708271e-04
    outer loop
      vertex   -1.353358e+00 -1.297120e+01 6.500000e+00
      vertex   -1.364610e+00 -1.298618e+01 3.200000e+00
      vertex   -1.249116e+00 -1.284687e+01 3.200000e+00
    endloop
  endfacet
  facet normal 7.621620e-01 -6.473863e-01 -3.159644e-04
    outer loop
      vertex   -1.353358e+00 -1.297120e+01 6.500000e+00
      vertex   -1.249116e+00 -1.284687e+01 3.200000e+00
      vertex   -1.234192e+00 -1.283091e+01 6.500000e+00
    endloop
  endfacet
  facet normal 6.976315e-01 -7.164567e-01 3.098926e-04
    outer loop
      vertex   -1.234192e+00 -1.283091e+01 6.500000e+00
      vertex   -1.249116e+00 -1.284687e+01 3.200000e+00
      vertex   -1.119469e+00 -1.272063e+01 3.200000e+00
    endloop
  endfacet
  facet normal 6.876994e-01 -7.259954e-01 -3.541622e-04
    outer loop
      vertex   -1.234192e+00 -1.283091e+01 6.500000e+00
      vertex   -1.119469e+00 -1.272063e+01 3.200000e+00
      vertex   -1.100557e+00 -1.270432e+01 6.500000e+00
    endloop
  endfacet
  facet normal 6.175246e-01 -7.865515e-01 3.472228e-04
    outer loop
      vertex   -1.100557e+00 -1.270432e+01 6.500000e+00
      vertex   -1.119469e+00 -1.272063e+01 3.200000e+00
      vertex   -9.771386e-01 -1.260889e+01 3.200000e+00
    endloop
  endfacet
  facet normal 6.051742e-01 -7.960930e-01 -3.906247e-04
    outer loop
      vertex   -1.100557e+00 -1.270432e+01 6.500000e+00
      vertex   -9.771386e-01 -1.260889e+01 3.200000e+00
      vertex   -9.540180e-01 -1.259293e+01 6.500000e+00
    endloop
  endfacet
  facet normal 5.304209e-01 -8.477344e-01 3.828176e-04
    outer loop
      vertex   -9.540180e-01 -1.259293e+01 6.500000e+00
      vertex   -9.771386e-01 -1.260889e+01 3.200000e+00
      vertex   -8.237365e-01 -1.251290e+01 3.200000e+00
    endloop
  endfacet
  facet normal 5.155538e-01 -8.568571e-01 -4.253517e-04
    outer loop
      vertex   -9.540180e-01 -1.259293e+01 6.500000e+00
      vertex   -8.237365e-01 -1.251290e+01 3.200000e+00
      vertex   -7.962943e-01 -1.249803e+01 6.500000e+00
    endloop
  endfacet
  facet normal 4.373073e-01 -8.993121e-01 4.166767e-04
    outer loop
      vertex   -7.962943e-01 -1.249803e+01 6.500000e+00
      vertex   -8.237365e-01 -1.251290e+01 3.200000e+00
      vertex   -6.610011e-01 -1.243377e+01 3.200000e+00
    endloop
  endfacet
  facet normal 4.198891e-01 -9.075753e-01 -4.583430e-04
    outer loop
      vertex   -7.962943e-01 -1.249803e+01 6.500000e+00
      vertex   -6.610011e-01 -1.243377e+01 3.200000e+00
      vertex   -6.292349e-01 -1.242074e+01 6.500000e+00
    endloop
  endfacet
  facet normal 3.392388e-01 -9.407002e-01 4.488002e-04
    outer loop
      vertex   -6.292349e-01 -1.242074e+01 6.500000e+00
      vertex   -6.610011e-01 -1.243377e+01 3.200000e+00
      vertex   -4.907763e-01 -1.237238e+01 3.200000e+00
    endloop
  endfacet
  facet normal 3.193015e-01 -9.476531e-01 -4.895986e-04
    outer loop
      vertex   -6.292349e-01 -1.242074e+01 6.500000e+00
      vertex   -4.907763e-01 -1.237238e+01 3.200000e+00
      vertex   -4.547982e-01 -1.236197e+01 6.500000e+00
    endloop
  endfacet
  facet normal 2.373267e-01 -9.714298e-01 4.791879e-04
    outer loop
      vertex   -4.547982e-01 -1.236197e+01 6.500000e+00
      vertex   -4.907763e-01 -1.237238e+01 3.200000e+00
      vertex   -3.149908e-01 -1.232944e+01 3.200000e+00
    endloop
  endfacet
  facet normal 2.149704e-01 -9.766204e-01 -5.191184e-04
    outer loop
      vertex   -4.547982e-01 -1.236197e+01 6.500000e+00
      vertex   -3.149908e-01 -1.232944e+01 3.200000e+00
      vertex   -2.750294e-01 -1.232239e+01 6.500000e+00
    endloop
  endfacet
  facet normal 1.327255e-01 -9.911527e-01 5.078397e-04
    outer loop
      vertex   -2.750294e-01 -1.232239e+01 6.500000e+00
      vertex   -3.149908e-01 -1.232944e+01 3.200000e+00
      vertex   -1.356364e-01 -1.230542e+01 3.200000e+00
    endloop
  endfacet
  facet normal 1.081190e-01 -9.941378e-01 -5.469022e-04
    outer loop
      vertex   -2.750294e-01 -1.232239e+01 6.500000e+00
      vertex   -1.356364e-01 -1.230542e+01 3.200000e+00
      vertex   -9.203614e-02 -1.230249e+01 6.500000e+00
    endloop
  endfacet
  facet normal 2.662052e-02 -9.996455e-01 5.347555e-04
    outer loop
      vertex   -9.203614e-02 -1.230249e+01 6.500000e+00
      vertex   -1.356364e-01 -1.230542e+01 3.200000e+00
      vertex   4.525489e-02 -1.230060e+01 3.200000e+00
    endloop
  endfacet
  facet normal 0.000000e+00 -9.999998e-01 -5.729500e-04
    outer loop
      vertex   -9.203614e-02 -1.230249e+01 6.500000e+00
      vertex   4.525489e-02 -1.230060e+01 3.200000e+00
      vertex   9.203614e-02 -1.230249e+01 6.500000e+00
    endloop
  endfacet
  facet normal -7.978609e-02 -9.968119e-01 5.599353e-04
    outer loop
      vertex   9.203614e-02 -1.230249e+01 6.500000e+00
      vertex   4.525489e-02 -1.230060e+01 3.200000e+00
      vertex   2.256334e-01 -1.231504e+01 3.200000e+00
    endloop
  endfacet
  facet normal -1.081190e-01 -9.941378e-01 -5.972617e-04
    outer loop
      vertex   9.203614e-02 -1.230249e+01 6.500000e+00
      vertex   2.256334e-01 -1.231504e+01 3.200000e+00
      vertex   2.750294e-01 -1.232239e+01 6.500000e+00
    endloop
  endfacet
  facet normal -1.852887e-01 -9.826840e-01 5.833788e-04
    outer loop
      vertex   2.750294e-01 -1.232239e+01 6.500000e+00
      vertex   2.256334e-01 -1.231504e+01 3.200000e+00
      vertex   4.034554e-01 -1.234857e+01 3.200000e+00
    endloop
  endfacet
  facet normal -2.149704e-01 -9.766204e-01 -6.198371e-04
    outer loop
      vertex   2.750294e-01 -1.232239e+01 6.500000e+00
      vertex   4.034554e-01 -1.234857e+01 3.200000e+00
      vertex   4.547982e-01 -1.236197e+01 6.500000e+00
    endloop
  endfacet
  facet normal -2.886919e-01 -9.574219e-01 6.050862e-04
    outer loop
      vertex   4.547982e-01 -1.236197e+01 6.500000e+00
      vertex   4.034554e-01 -1.234857e+01 3.200000e+00
      vertex   5.767061e-01 -1.240081e+01 3.200000e+00
    endloop
  endfacet
  facet normal -3.193015e-01 -9.476530e-01 -6.406763e-04
    outer loop
      vertex   4.547982e-01 -1.236197e+01 6.500000e+00
      vertex   5.767061e-01 -1.240081e+01 3.200000e+00
      vertex   6.292349e-01 -1.242074e+01 6.500000e+00
    endloop
  endfacet
  facet normal -3.888241e-01 -9.213118e-01 6.250572e-04
    outer loop
      vertex   6.292349e-01 -1.242074e+01 6.500000e+00
      vertex   5.767061e-01 -1.240081e+01 3.200000e+00
      vertex   7.434224e-01 -1.247117e+01 3.200000e+00
    endloop
  endfacet
  facet normal -4.198890e-01 -9.075752e-01 -6.597791e-04
    outer loop
      vertex   6.292349e-01 -1.242074e+01 6.500000e+00
      vertex   7.434224e-01 -1.247117e+01 3.200000e+00
      vertex   7.962943e-01 -1.249803e+01 6.500000e+00
    endloop
  endfacet
  facet normal -4.845508e-01 -8.747629e-01 6.432918e-04
    outer loop
      vertex   7.962943e-01 -1.249803e+01 6.500000e+00
      vertex   7.434224e-01 -1.247117e+01 3.200000e+00
      vertex   9.017155e-01 -1.255885e+01 3.200000e+00
    endloop
  endfacet
  facet normal -5.155537e-01 -8.568570e-01 -6.771455e-04
    outer loop
      vertex   7.962943e-01 -1.249803e+01 6.500000e+00
      vertex   9.017155e-01 -1.255885e+01 3.200000e+00
      vertex   9.540180e-01 -1.259293e+01 6.500000e+00
    endloop
  endfacet
  facet normal -5.747873e-01 -8.183026e-01 6.597900e-04
    outer loop
      vertex   9.540180e-01 -1.259293e+01 6.500000e+00
      vertex   9.017155e-01 -1.255885e+01 3.200000e+00
      vertex   1.049792e+00 -1.266286e+01 3.200000e+00
    endloop
  endfacet
  facet normal -6.051741e-01 -7.960929e-01 -6.927755e-04
    outer loop
      vertex   9.540180e-01 -1.259293e+01 6.500000e+00
      vertex   1.049792e+00 -1.266286e+01 3.200000e+00
      vertex   1.100557e+00 -1.270432e+01 6.500000e+00
    endloop
  endfacet
  facet normal -6.585112e-01 -7.525706e-01 6.745516e-04
    outer loop
      vertex   1.100557e+00 -1.270432e+01 6.500000e+00
      vertex   1.049792e+00 -1.266286e+01 3.200000e+00
      vertex   1.185974e+00 -1.278202e+01 3.200000e+00
    endloop
  endfacet
  facet normal -6.876993e-01 -7.259953e-01 -7.066689e-04
    outer loop
      vertex   1.100557e+00 -1.270432e+01 6.500000e+00
      vertex   1.185974e+00 -1.278202e+01 3.200000e+00
      vertex   1.234192e+00 -1.283091e+01 6.500000e+00
    endloop
  endfacet
  facet normal -7.347740e-01 -6.783117e-01 6.875768e-04
    outer loop
      vertex   1.234192e+00 -1.283091e+01 6.500000e+00
      vertex   1.185974e+00 -1.278202e+01 3.200000e+00
      vertex   1.308718e+00 -1.291498e+01 3.200000e+00
    endloop
  endfacet
  facet normal -7.621619e-01 -6.473861e-01 -7.188257e-04
    outer loop
      vertex   1.234192e+00 -1.283091e+01 6.500000e+00
      vertex   1.308718e+00 -1.291498e+01 3.200000e+00
      vertex   1.353358e+00 -1.297120e+01 6.500000e+00
    endloop
  endfacet
  facet normal -8.027114e-01 -5.963672e-01 6.988653e-04
    outer loop
      vertex   1.353358e+00 -1.297120e+01 6.500000e+00
      vertex   1.308718e+00 -1.291498e+01 3.200000e+00
      vertex   1.416634e+00 -1.306024e+01 3.200000e+00
    endloop
  endfacet
  facet normal -8.276888e-01 -5.611869e-01 -7.292459e-04
    outer loop
      vertex   1.353358e+00 -1.297120e+01 6.500000e+00
      vertex   1.416634e+00 -1.306024e+01 3.200000e+00
      vertex   1.456657e+00 -1.312356e+01 6.500000e+00
    endloop
  endfacet
  facet normal -8.615539e-01 -5.076657e-01 7.084172e-04
    outer loop
      vertex   1.456657e+00 -1.312356e+01 6.500000e+00
      vertex   1.416634e+00 -1.306024e+01 3.200000e+00
      vertex   1.508499e+00 -1.321614e+01 3.200000e+00
    endloop
  endfacet
  facet normal -8.835118e-01 -4.684083e-01 -7.379295e-04
    outer loop
      vertex   1.456657e+00 -1.312356e+01 6.500000e+00
      vertex   1.508499e+00 -1.321614e+01 3.200000e+00
      vertex   1.542878e+00 -1.328619e+01 6.500000e+00
    endloop
  endfacet
  facet normal -9.106345e-01 -4.132121e-01 7.162324e-04
    outer loop
      vertex   1.542878e+00 -1.328619e+01 6.500000e+00
      vertex   1.508499e+00 -1.321614e+01 3.200000e+00
      vertex   1.583272e+00 -1.338093e+01 3.200000e+00
    endloop
  endfacet
  facet normal -9.289765e-01 -3.701381e-01 -7.448764e-04
    outer loop
      vertex   1.542878e+00 -1.328619e+01 6.500000e+00
      vertex   1.583272e+00 -1.338093e+01 3.200000e+00
      vertex   1.611010e+00 -1.345719e+01 6.500000e+00
    endloop
  endfacet
  facet normal -9.493974e-01 -3.140766e-01 7.223110e-04
    outer loop
      vertex   1.611010e+00 -1.345719e+01 6.500000e+00
      vertex   1.583272e+00 -1.338093e+01 3.200000e+00
      vertex   1.640105e+00 -1.355273e+01 3.200000e+00
    endloop
  endfacet
  facet normal -9.635497e-01 -2.675283e-01 -7.500866e-04
    outer loop
      vertex   1.611010e+00 -1.345719e+01 6.500000e+00
      vertex   1.640105e+00 -1.355273e+01 3.200000e+00
      vertex   1.660255e+00 -1.363455e+01 6.500000e+00
    endloop
  endfacet
  facet normal -9.774031e-01 -2.113826e-01 7.266528e-04
    outer loop
      vertex   1.660255e+00 -1.363455e+01 6.500000e+00
      vertex   1.640105e+00 -1.355273e+01 3.200000e+00
      vertex   1.678356e+00 -1.372959e+01 3.200000e+00
    endloop
  endfacet
  facet normal -9.868262e-01 -1.617820e-01 -7.535600e-04
    outer loop
      vertex   1.660255e+00 -1.363455e+01 6.500000e+00
      vertex   1.678356e+00 -1.372959e+01 3.200000e+00
      vertex   1.690035e+00 -1.381620e+01 6.500000e+00
    endloop
  endfacet
  facet normal -9.943345e-01 -1.062935e-01 7.292579e-04
    outer loop
      vertex   1.690035e+00 -1.381620e+01 6.500000e+00
      vertex   1.678356e+00 -1.372959e+01 3.200000e+00
      vertex   1.697591e+00 -1.390952e+01 3.200000e+00
    endloop
  endfacet
  facet normal -9.985331e-01 -5.413889e-02 -7.552968e-04
    outer loop
      vertex   1.690035e+00 -1.381620e+01 6.500000e+00
      vertex   1.697591e+00 -1.390952e+01 3.200000e+00
      vertex   1.700000e+00 -1.400000e+01 6.500000e+00
    endloop
  endfacet
  facet normal -9.999997e-01 0.000000e+00 7.301263e-04
    outer loop
      vertex   1.700000e+00 -1.400000e+01 6.500000e+00
      vertex   1.697591e+00 -1.390952e+01 3.200000e+00
      vertex   1.697591e+00 -1.409048e+01 3.200000e+00
    endloop
  endfacet
  facet normal -9.985331e-01 5.413889e-02 -7.552968e-04
    outer loop
      vertex   1.700000e+00 -1.400000e+01 6.500000e+00
      vertex   1.697591e+00 -1.409048e+01 3.200000e+00
      vertex   1.690035e+00 -1.418380e+01 6.500000e+00
    endloop
  endfacet
  facet normal -9.943345e-01 1.062935e-01 7.292579e-04
    outer loop
      vertex   1.690035e+00 -1.418380e+01 6.500000e+00
      vertex   1.697591e+00 -1.409048e+01 3.200000e+00
      vertex   1.678356e+00 -1.427041e+01 3.200000e+00
    endloop
  endfacet
  facet normal -9.868262e-01 1.617820e-01 -7.535600e-04
    outer loop
      vertex   1.690035e+00 -1.418380e+01 6.500000e+00
      vertex   1.678356e+00 -1.427041e+01 3.200000e+00
      vertex   1.660255e+00 -1.436545e+01 6.500000e+00
    endloop
  endfacet
  facet normal -9.774031e-01 2.113826e-01 7.266528e-04
    outer loop
      vertex   1.660255e+00 -1.436545e+01 6.500000e+00
      vertex   1.678356e+00 -1.427041e+01 3.200000e+00
      vertex   1.640105e+00 -1.444727e+01 3.200000e+00
    endloop
  endfacet
  facet normal -9.635497e-01 2.675283e-01 -7.500866e-04
    outer loop
      vertex   1.660255e+00 -1.436545e+01 6.500000e+00
      vertex   1.640105e+00 -1.444727e+01 3.200000e+00
      vertex   1.611010e+00 -1.454281e+01 6.500000e+00
    endloop
  endfacet
  facet normal -9.493974e-01 3.140766e-01 7.223110e-04
    outer loop
      vertex   1.611010e+00 -1.454281e+01 6.500000e+00
      vertex   1.640105e+00 -1.444727e+01 3.200000e+00
      vertex   1.583272e+00 -1.461907e+01 3.200000e+00
    endloop
  endfacet
  facet normal -9.289765e-01 3.701381e-01 -7.448764e-04
    outer loop
      vertex   1.611010e+00 -1.454281e+01 6.500000e+00
      vertex   1.583272e+00 -1.461907e+01 3.200000e+00
      vertex   1.542878e+00 -1.471381e+01 6.500000e+00
    endloop
  endfacet
  facet normal -9.106345e-01 4.132121e-01 7.162324e-04
    outer loop
      vertex   1.542878e+00 -1.471381e+01 6.500000e+00
      vertex   1.583272e+00 -1.461907e+01 3.200000e+00
      vertex   1.508499e+00 -1.478386e+01 3.200000e+00
    endloop
  endfacet
  facet normal -8.835118e-01 4.684083e-01 -7.379295e-04
    outer loop
      vertex   1.542878e+00 -1.471381e+01 6.500000e+00
      vertex   1.508499e+00 -1.478386e+01 3.200000e+00
      vertex   1.456657e+00 -1.487644e+01 6.500000e+00
    endloop
  endfacet
  facet normal -8.615539e-01 5.076657e-01 7.084172e-04
    outer loop
      vertex   1.456657e+00 -1.487644e+01 6.500000e+00
      vertex   1.508499e+00 -1.478386e+01 3.200000e+00
      vertex   1.416634e+00 -1.493976e+01 3.200000e+00
    endloop
  endfacet
  facet normal -8.276888e-01 5.611869e-01 -7.292459e-04
    outer loop
      vertex   1.456657e+00 -1.487644e+01 6.500000e+00
      vertex   1.416634e+00 -1.493976e+01 3.200000e+00
      vertex   1.353358e+00 -1.502880e+01 6.500000e+00
    endloop
  endfacet
  facet normal -8.027114e-01 5.963672e-01 6.988653e-04
    outer loop
      vertex   1.353358e+00 -1.502880e+01 6.500000e+00
      vertex   1.416634e+00 -1.493976e+01 3.200000e+00
      vertex   1.308718e+00 -1.508502e+01 3.200000e+00
    endloop
  endfacet
  facet normal -7.621619e-01 6.473861e-01 -7.188257e-04
    outer loop
      vertex   1.353358e+00 -1.502880e+01 6.500000e+00
      vertex   1.308718e+00 -1.508502e+01 3.200000e+00
      vertex   1.234192e+00 -1.516909e+01 6.500000e+00
    endloop
  endfacet
  facet normal -7.347740e-01 6.783117e-01 6.875768e-04
    outer loop
      vertex   1.234192e+00 -1.516909e+01 6.500000e+00
      vertex   1.308718e+00 -1.508502e+01 3.200000e+00
      vertex   1.185974e+00 -1.521798e+01 3.200000e+00
    endloop
  endfacet
  facet normal -6.876993e-01 7.259953e-01 -7.066689e-04
    outer loop
      vertex   1.234192e+00 -1.516909e+01 6.500000e+00
      vertex   1.185974e+00 -1.521798e+01 3.200000e+00
      vertex   1.100557e+00 -1.529568e+01 6.500000e+00
    endloop
  endfacet
  facet normal -6.585112e-01 7.525706e-01 6.745516e-04
    outer loop
      vertex   1.100557e+00 -1.529568e+01 6.500000e+00
      vertex   1.185974e+00 -1.521798e+01 3.200000e+00
      vertex   1.049792e+00 -1.533714e+01 3.200000e+00
    endloop
  endfacet
  facet normal -6.051741e-01 7.960929e-01 -6.927755e-04
    outer loop
      vertex   1.100557e+00 -1.529568e+01 6.500000e+00
      vertex   1.049792e+00 -1.533714e+01 3.200000e+00
      vertex   9.540180e-01 -1.540707e+01 6.500000e+00
    endloop
  endfacet
  facet normal -5.747873e-01 8.183026e-01 6.597900e-04
    outer loop
      vertex   9.540180e-01 -1.540707e+01 6.500000e+00
      vertex   1.049792e+00 -1.533714e+01 3.200000e+00
      vertex   9.017155e-01 -1.544115e+01 3.200000e+00
    endloop
  endfacet
  facet normal -5.155537e-01 8.568570e-01 -6.771455e-04
    outer loop
      vertex   9.540180e-01 -1.540707e+01 6.500000e+00
      vertex   9.017155e-01 -1.544115e+01 3.200000e+00
      vertex   7.962943e-01 -1.550197e+01 6.500000e+00
    endloop
  endfacet
  facet normal -4.845508e-01 8.747629e-01 6.432918e-04
    outer loop
      vertex   7.962943e-01 -1.550197e+01 6.500000e+00
      vertex   9.017155e-01 -1.544115e+01 3.200000e+00
      vertex   7.434224e-01 -1.552883e+01 3.200000e+00
    endloop
  endfacet
  facet normal -4.198890e-01 9.075752e-01 -6.597791e-04
    outer loop
      vertex   7.962943e-01 -1.550197e+01 6.500000e+00
      vertex   7.434224e-01 -1.552883e+01 3.200000e+00
      vertex   6.292349e-01 -1.557926e+01 6.500000e+00
    endloop
  endfacet
  facet normal -3.888241e-01 9.213118e-01 6.250572e-04
    outer loop
      vertex   6.292349e-01 -1.557926e+01 6.500000e+00
      vertex   7.434224e-01 -1.552883e+01 3.200000e+00
      vertex   5.767061e-01 -1.559919e+01 3.200000e+00
    endloop
  endfacet
  facet normal -3.193015e-01 9.476530e-01 -6.406763e-04
    outer loop
      vertex   6.292349e-01 -1.557926e+01 6.500000e+00
      vertex   5.767061e-01 -1.559919e+01 3.200000e+00
      vertex   4.547982e-01 -1.563803e+01 6.500000e+00
    endloop
  endfacet
  facet normal -2.886919e-01 9.574219e-01 6.050862e-04
    outer loop
      vertex   4.547982e-01 -1.563803e+01 6.500000e+00
      vertex   5.767061e-01 -1.559919e+01 3.200000e+00
      vertex   4.034554e-01 -1.565143e+01 3.200000e+00
    endloop
  endfacet
  facet normal -2.149704e-01 9.766204e-01 -6.198371e-04
    outer loop
      vertex   4.547982e-01 -1.563803e+01 6.500000e+00
      vertex   4.034554e-01 -1.565143e+01 3.200000e+00
      vertex   2.750294e-01 -1.567761e+01 6.500000e+00
    endloop
  endfacet
  facet normal -1.852887e-01 9.826840e-01 5.833788e-04
    outer loop
      vertex   2.750294e-01 -1.567761e+01 6.500000e+00
      vertex   4.034554e-01 -1.565143e+01 3.200000e+00
      vertex   2.256334e-01 -1.568496e+01 3.200000e+00
    endloop
  endfacet
  facet normal -1.081190e-01 9.941378e-01 -5.972617e-04
    outer loop
      vertex   2.750294e-01 -1.567761e+01 6.500000e+00
      vertex   2.256334e-01 -1.568496e+01 3.200000e+00
      vertex   9.203614e-02 -1.569751e+01 6.500000e+00
    endloop
  endfacet
  facet normal -7.978609e-02 9.968119e-01 5.599353e-04
    outer loop
      vertex   9.203614e-02 -1.569751e+01 6.500000e+00
      vertex   2.256334e-01 -1.568496e+01 3.200000e+00
      vertex   4.525489e-02 -1.569940e+01 3.200000e+00
    endloop
  endfacet
  facet normal 0.000000e+00 9.999998e-01 -5.729500e-04
    outer loop
      vertex   9.203614e-02 -1.569751e+01 6.500000e+00
      vertex   4.525489e-02 -1.569940e+01 3.200000e+00
      vertex   -9.203614e-02 -1.569751e+01 6.500000e+00
    endloop
  endfacet
  facet normal 2.662052e-02 9.996455e-01 5.347555e-04
    outer loop
      vertex   -9.203614e-02 -1.569751e+01 6.500000e+00
      vertex   4.525489e-02 -1.569940e+01 3.200000e+00
      vertex   -1.356364e-01 -1.569458e+01 3.200000e+00
    endloop
  endfacet
  facet normal 1.081190e-01 9.941378e-01 -5.469022e-04
    outer loop
      vertex   -9.203614e-02 -1.569751e+01 6.500000e+00
      vertex   -1.356364e-01 -1.569458e+01 3.200000e+00
      vertex   -2.750294e-01 -1.567761e+01 6.500000e+00
    endloop
  endfacet
  facet normal 1.327255e-01 9.911527e-01 5.078397e-04
    outer loop
      vertex   -2.750294e-01 -1.567761e+01 6.500000e+00
      vertex   -1.356364e-01 -1.569458e+01 3.200000e+00
      vertex   -3.149908e-01 -1.567056e+01 3.200000e+00
    endloop
  endfacet
  facet normal 2.149704e-01 9.766204e-01 -5.191184e-04
    outer loop
      vertex   -2.750294e-01 -1.567761e+01 6.500000e+00
      vertex   -3.149908e-01 -1.567056e+01 3.200000e+00
      vertex   -4.547982e-01 -1.563803e+01 6.500000e+00
    endloop
  endfacet
  facet normal 2.373267e-01 9.714298e-01 4.791879e-04
    outer loop
      vertex   -4.547982e-01 -1.563803e+01 6.500000e+00
      vertex   -3.149908e-01 -1.567056e+01 3.200000e+00
      vertex   -4.907763e-01 -1.562762e+01 3.200000e+00
    endloop
  endfacet
  facet normal 3.193015e-01 9.476531e-01 -4.895986e-04
    outer loop
      vertex   -4.547982e-01 -1.563803e+01 6.500000e+00
      vertex   -4.907763e-01 -1.562762e+01 3.200000e+00
      vertex   -6.292349e-01 -1.557926e+01 6.500000e+00
    endloop
  endfacet
  facet normal 3.392388e-01 9.407002e-01 4.488002e-04
    outer loop
      vertex   -6.292349e-01 -1.557926e+01 6.500000e+00
      vertex   -4.907763e-01 -1.562762e+01 3.200000e+00
      vertex   -6.610011e-01 -1.556623e+01 3.200000e+00
    endloop
  endfacet
  facet normal 4.198891e-01 9.075753e-01 -4.583430e-04
    outer loop
      vertex   -6.292349e-01 -1.557926e+01 6.500000e+00
      vertex   -6.610011e-01 -1.556623e+01 3.200000e+00
      vertex   -7.962943e-01 -1.550197e+01 6.500000e+00
    endloop
  endfacet
  facet normal 4.373073e-01 8.993121e-01 4.166767e-04
    outer loop
      vertex   -7.962943e-01 -1.550197e+01 6.500000e+00
      vertex   -6.610011e-01 -1.556623e+01 3.200000e+00
      vertex   -8.237365e-01 -1.548710e+01 3.200000e+00
    endloop
  endfacet
  facet normal 5.155538e-01 8.568571e-01 -4.253517e-04
    outer loop
      vertex   -7.962943e-01 -1.550197e+01 6.500000e+00
      vertex   -8.237365e-01 -1.548710e+01 3.200000e+00
      vertex   -9.540180e-01 -1.540707e+01 6.500000e+00
    endloop
  endfacet
  facet normal 5.304209e-01 8.477344e-01 3.828176e-04
    outer loop
      vertex   -9.540180e-01 -1.540707e+01 6.500000e+00
      vertex   -8.237365e-01 -1.548710e+01 3.200000e+00
      vertex   -9.771386e-01 -1.539111e+01 3.200000e+00
    endloop
  endfacet
  facet normal 6.051742e-01 7.960930e-01 -3.906247e-04
    outer loop
      vertex   -9.540180e-01 -1.540707e+01 6.500000e+00
      vertex   -9.771386e-01 -1.539111e+01 3.200000e+00
      vertex   -1.100557e+00 -1.529568e+01 6.500000e+00
    endloop
  endfacet
  facet normal 6.175246e-01 7.865515e-01 3.472228e-04
    outer loop
      vertex   -1.100557e+00 -1.529568e+01 6.500000e+00
      vertex   -9.771386e-01 -1.539111e+01 3.200000e+00
      vertex   -1.119469e+00 -1.527937e+01 3.200000e+00
    endloop
  endfacet
  facet normal 6.876994e-01 7.259954e-01 -3.541622e-04
    outer loop
      vertex   -1.100557e+00 -1.529568e+01 6.500000e+00
      vertex   -1.119469e+00 -1.527937e+01 3.200000e+00
      vertex   -1.234192e+00 -1.516909e+01 6.500000e+00
    endloop
  endfacet
  facet normal 6.976315e-01 7.164567e-01 3.098926e-04
    outer loop
      vertex   -1.234192e+00 -1.516909e+01 6.500000e+00
      vertex   -1.119469e+00 -1.527937e+01 3.200000e+00
      vertex   -1.249116e+00 -1.515313e+01 3.200000e+00
    endloop
  endfacet
  facet normal 7.621620e-01 6.473863e-01 -3.159644e-04
    outer loop
      vertex   -1.234192e+00 -1.516909e+01 6.500000e+00
      vertex   -1.249116e+00 -1.515313e+01 3.200000e+00
      vertex   -1.353358e+00 -1.502880e+01 6.500000e+00
    endloop
  endfacet
  facet normal 7.698340e-01 6.382442e-01 2.708271e-04
    outer loop
      vertex   -1.353358e+00 -1.502880e+01 6.500000e+00
      vertex   -1.249116e+00 -1.515313e+01 3.200000e+00
      vertex   -1.364610e+00 -1.501382e+01 3.200000e+00
    endloop
  endfacet
  facet normal 8.276890e-01 5.611870e-01 -2.760312e-04
    outer loop
      vertex   -1.353358e+00 -1.502880e+01 6.500000e+00
      vertex   -1.364610e+00 -1.501382e+01 3.200000e+00
      vertex   -1.456657e+00 -1.487644e+01 6.500000e+00
    endloop
  endfacet
  facet normal 8.333139e-01 5.528001e-01 2.300264e-04
    outer loop
      vertex   -1.456657e+00 -1.487644e+01 6.500000e+00
      vertex   -1.364610e+00 -1.501382e+01 3.200000e+00
      vertex   -1.464642e+00 -1.486303e+01 3.200000e+00
    endloop
  endfacet
  facet normal 8.835120e-01 4.684084e-01 -2.343630e-04
    outer loop
      vertex   -1.456657e+00 -1.487644e+01 6.500000e+00
      vertex   -1.464642e+00 -1.486303e+01 3.200000e+00
      vertex   -1.542878e+00 -1.471381e+01 6.500000e+00
    endloop
  endfacet
  facet normal 8.873521e-01 4.610925e-01 1.874906e-04
    outer loop
      vertex   -1.542878e+00 -1.471381e+01 6.500000e+00
      vertex   -1.464642e+00 -1.486303e+01 3.200000e+00
      vertex   -1.548079e+00 -1.470246e+01 3.200000e+00
    endloop
  endfacet
  facet normal 9.289767e-01 3.701381e-01 -1.909598e-04
    outer loop
      vertex   -1.542878e+00 -1.471381e+01 6.500000e+00
      vertex   -1.548079e+00 -1.470246e+01 3.200000e+00
      vertex   -1.611010e+00 -1.454281e+01 6.500000e+00
    endloop
  endfacet
  facet normal 9.313362e-01 3.641606e-01 1.432200e-04
    outer loop
      vertex   -1.611010e+00 -1.454281e+01 6.500000e+00
      vertex   -1.548079e+00 -1.470246e+01 3.200000e+00
      vertex   -1.613976e+00 -1.453393e+01 3.200000e+00
    endloop
  endfacet
  facet normal 9.635500e-01 2.675283e-01 -1.458217e-04
    outer loop
      vertex   -1.611010e+00 -1.454281e+01 6.500000e+00
      vertex   -1.613976e+00 -1.453393e+01 3.200000e+00
      vertex   -1.660255e+00 -1.436545e+01 6.500000e+00
    endloop
  endfacet
  facet normal 9.647679e-01 2.631026e-01 9.721452e-05
    outer loop
      vertex   -1.660255e+00 -1.436545e+01 6.500000e+00
      vertex   -1.613976e+00 -1.453393e+01 3.200000e+00
      vertex   -1.661586e+00 -1.435935e+01 3.200000e+00
    endloop
  endfacet
  facet normal 9.868265e-01 1.617820e-01 -9.894893e-05
    outer loop
      vertex   -1.660255e+00 -1.436545e+01 6.500000e+00
      vertex   -1.661586e+00 -1.435935e+01 3.200000e+00
      vertex   -1.690035e+00 -1.418380e+01 6.500000e+00
    endloop
  endfacet
  facet normal 9.872684e-01 1.590635e-01 4.947448e-05
    outer loop
      vertex   -1.690035e+00 -1.418380e+01 6.500000e+00
      vertex   -1.661586e+00 -1.435935e+01 3.200000e+00
      vertex   -1.690369e+00 -1.418070e+01 3.200000e+00
    endloop
  endfacet
  facet normal 9.985334e-01 5.413891e-02 -5.034164e-05
    outer loop
      vertex   -1.690035e+00 -1.418380e+01 6.500000e+00
      vertex   -1.690369e+00 -1.418070e+01 3.200000e+00
      vertex   -1.700000e+00 -1.400000e+01 6.500000e+00
    endloop
  endfacet
  facet normal 9.985827e-01 -5.322217e-02 0.000000e+00
    outer loop
      vertex   -1.690369e+00 -1.381930e+01 9.800000e+00
      vertex   -1.700000e+00 -1.400000e+01 9.800000e+00
      vertex   -1.700000e+00 -1.400000e+01 6.500000e+00
    endloop
  endfacet
  facet normal 9.985827e-01 5.322217e-02 -0.000000e+00
    outer loop
      vertex   -1.700000e+00 -1.400000e+01 6.500000e+00
      vertex   -1.700000e+00 -1.400000e+01 9.800000e+00
      vertex   -1.690369e+00 -1.418070e+01 9.800000e+00
    endloop
  endfacet
  facet normal 9.985334e-01 5.413891e-02 5.034164e-05
    outer loop
      vertex   -1.700000e+00 -1.400000e+01 6.500000e+00
      vertex   -1.690369e+00 -1.418070e+01 9.800000e+00
      vertex   -1.690035e+00 -1.418380e+01 6.500000e+00
    endloop
  endfacet
  facet normal 9.872684e-01 1.590635e-01 -4.947448e-05
    outer loop
      vertex   -1.690035e+00 -1.418380e+01 6.500000e+00
      vertex   -1.690369e+00 -1.418070e+01 9.800000e+00
      vertex   -1.661586e+00 -1.435935e+01 9.800000e+00
    endloop
  endfacet
  facet normal 9.868265e-01 1.617820e-01 9.894893e-05
    outer loop
      vertex   -1.690035e+00 -1.418380e+01 6.500000e+00
      vertex   -1.661586e+00 -1.435935e+01 9.800000e+00
      vertex   -1.660255e+00 -1.436545e+01 6.500000e+00
    endloop
  endfacet
  facet normal 9.647679e-01 2.631026e-01 -9.721452e-05
    outer loop
      vertex   -1.660255e+00 -1.436545e+01 6.500000e+00
      vertex   -1.661586e+00 -1.435935e+01 9.800000e+00
      vertex   -1.613976e+00 -1.453393e+01 9.800000e+00
    endloop
  endfacet
  facet normal 9.635500e-01 2.675283e-01 1.458217e-04
    outer loop
      vertex   -1.660255e+00 -1.436545e+01 6.500000e+00
      vertex   -1.613976e+00 -1.453393e+01 9.800000e+00
      vertex   -1.611010e+00 -1.454281e+01 6.500000e+00
    endloop
  endfacet
  facet normal 9.313362e-01 3.641606e-01 -1.432200e-04
    outer loop
      vertex   -1.611010e+00 -1.454281e+01 6.500000e+00
      vertex   -1.613976e+00 -1.453393e+01 9.800000e+00
      vertex   -1.548079e+00 -1.470246e+01 9.800000e+00
    endloop
  endfacet
  facet normal 9.289767e-01 3.701381e-01 1.909598e-04
    outer loop
      vertex   -1.611010e+00 -1.454281e+01 6.500000e+00
      vertex   -1.548079e+00 -1.470246e+01 9.800000e+00
      vertex   -1.542878e+00 -1.471381e+01 6.500000e+00
    endloop
  endfacet
  facet normal 8.873521e-01 4.610925e-01 -1.874906e-04
    outer loop
      vertex   -1.542878e+00 -1.471381e+01 6.500000e+00
      vertex   -1.548079e+00 -1.470246e+01 9.800000e+00
      vertex   -1.464642e+00 -1.486303e+01 9.800000e+00
    endloop
  endfacet
  facet normal 8.835120e-01 4.684084e-01 2.343630e-04
    outer loop
      vertex   -1.542878e+00 -1.471381e+01 6.500000e+00
      vertex   -1.464642e+00 -1.486303e+01 9.800000e+00
      vertex   -1.456657e+00 -1.487644e+01 6.500000e+00
    endloop
  endfacet
  facet normal 8.333139e-01 5.528001e-01 -2.300264e-04
    outer loop
      vertex   -1.456657e+00 -1.487644e+01 6.500000e+00
      vertex   -1.464642e+00 -1.486303e+01 9.800000e+00
      vertex   -1.364610e+00 -1.501382e+01 9.800000e+00
    endloop
  endfacet
  facet normal 8.276890e-01 5.611870e-01 2.760312e-04
    outer loop
      vertex   -1.456657e+00 -1.487644e+01 6.500000e+00
      vertex   -1.364610e+00 -1.501382e+01 9.800000e+00
      vertex   -1.353358e+00 -1.502880e+01 6.500000e+00
    endloop
  endfacet
  facet normal 7.698340e-01 6.382442e-01 -2.708271e-04
    outer loop
      vertex   -1.353358e+00 -1.502880e+01 6.500000e+00
      vertex   -1.364610e+00 -1.501382e+01 9.800000e+00
      vertex   -1.249116e+00 -1.515313e+01 9.800000e+00
    endloop
  endfacet
  facet normal 7.621620e-01 6.473863e-01 3.159644e-04
    outer loop
      vertex   -1.353358e+00 -1.502880e+01 6.500000e+00
      vertex   -1.249116e+00 -1.515313e+01 9.800000e+00
      vertex   -1.234192e+00 -1.516909e+01 6.500000e+00
    endloop
  endfacet
  facet normal 6.976315e-01 7.164567e-01 -3.098926e-04
    outer loop
      vertex   -1.234192e+00 -1.516909e+01 6.500000e+00
      vertex   -1.249116e+00 -1.515313e+01 9.800000e+00
      vertex   -1.119469e+00 -1.527937e+01 9.800000e+00
    endloop
  endfacet
  facet normal 6.876994e-01 7.259954e-01 3.541622e-04
    outer loop
      vertex   -1.234192e+00 -1.516909e+01 6.500000e+00
      vertex   -1.119469e+00 -1.527937e+01 9.800000e+00
      vertex   -1.100557e+00 -1.529568e+01 6.500000e+00
    endloop
  endfacet
  facet normal 6.175246e-01 7.865515e-01 -3.472228e-04
    outer loop
      vertex   -1.100557e+00 -1.529568e+01 6.500000e+00
      vertex   -1.119469e+00 -1.527937e+01 9.800000e+00
      vertex   -9.771386e-01 -1.539111e+01 9.800000e+00
    endloop
  endfacet
  facet normal 6.051742e-01 7.960930e-01 3.906247e-04
    outer loop
      vertex   -1.100557e+00 -1.529568e+01 6.500000e+00
      vertex   -9.771386e-01 -1.539111e+01 9.800000e+00
      vertex   -9.540180e-01 -1.540707e+01 6.500000e+00
    endloop
  endfacet
  facet normal 5.304209e-01 8.477344e-01 -3.828176e-04
    outer loop
      vertex   -9.540180e-01 -1.540707e+01 6.500000e+00
      vertex   -9.771386e-01 -1.539111e+01 9.800000e+00
      vertex   -8.237365e-01 -1.548710e+01 9.800000e+00
    endloop
  endfacet
  facet normal 5.155538e-01 8.568571e-01 4.253517e-04
    outer loop
      vertex   -9.540180e-01 -1.540707e+01 6.500000e+00
      vertex   -8.237365e-01 -1.548710e+01 9.800000e+00
      vertex   -7.962943e-01 -1.550197e+01 6.500000e+00
    endloop
  endfacet
  facet normal 4.373073e-01 8.993121e-01 -4.166767e-04
    outer loop
      vertex   -7.962943e-01 -1.550197e+01 6.500000e+00
      vertex   -8.237365e-01 -1.548710e+01 9.800000e+00
      vertex   -6.610011e-01 -1.556623e+01 9.800000e+00
    endloop
  endfacet
  facet normal 4.198891e-01 9.075753e-01 4.583430e-04
    outer loop
      vertex   -7.962943e-01 -1.550197e+01 6.500000e+00
      vertex   -6.610011e-01 -1.556623e+01 9.800000e+00
      vertex   -6.292349e-01 -1.557926e+01 6.500000e+00
    endloop
  endfacet
  facet normal 3.392388e-01 9.407002e-01 -4.488002e-04
    outer loop
      vertex   -6.292349e-01 -1.557926e+01 6.500000e+00
      vertex   -6.610011e-01 -1.556623e+01 9.800000e+00
      vertex   -4.907763e-01 -1.562762e+01 9.800000e+00
    endloop
  endfacet
  facet normal 3.193015e-01 9.476531e-01 4.895986e-04
    outer loop
      vertex   -6.292349e-01 -1.557926e+01 6.500000e+00
      vertex   -4.907763e-01 -1.562762e+01 9.800000e+00
      vertex   -4.547982e-01 -1.563803e+01 6.500000e+00
    endloop
  endfacet
  facet normal 2.373267e-01 9.714298e-01 -4.791879e-04
    outer loop
      vertex   -4.547982e-01 -1.563803e+01 6.500000e+00
      vertex   -4.907763e-01 -1.562762e+01 9.800000e+00
      vertex   -3.149908e-01 -1.567056e+01 9.800000e+00
    endloop
  endfacet
  facet normal 2.149704e-01 9.766204e-01 5.191184e-04
    outer loop
      vertex   -4.547982e-01 -1.563803e+01 6.500000e+00
      vertex   -3.149908e-01 -1.567056e+01 9.800000e+00
      vertex   -2.750294e-01 -1.567761e+01 6.500000e+00
    endloop
  endfacet
  facet normal 1.327255e-01 9.911527e-01 -5.078397e-04
    outer loop
      vertex   -2.750294e-01 -1.567761e+01 6.500000e+00
      vertex   -3.149908e-01 -1.567056e+01 9.800000e+00
      vertex   -1.356364e-01 -1.569458e+01 9.800000e+00
    endloop
  endfacet
  facet normal 1.081190e-01 9.941378e-01 5.469022e-04
    outer loop
      vertex   -2.750294e-01 -1.567761e+01 6.500000e+00
      vertex   -1.356364e-01 -1.569458e+01 9.800000e+00
      vertex   -9.203614e-02 -1.569751e+01 6.500000e+00
    endloop
  endfacet
  facet normal 2.662052e-02 9.996455e-01 -5.347555e-04
    outer loop
      vertex   -9.203614e-02 -1.569751e+01 6.500000e+00
      vertex   -1.356364e-01 -1.569458e+01 9.800000e+00
      vertex   4.525489e-02 -1.569940e+01 9.800000e+00
    endloop
  endfacet
  facet normal -0.000000e+00 9.999998e-01 5.729500e-04
    outer loop
      vertex   -9.203614e-02 -1.569751e+01 6.500000e+00
      vertex   4.525489e-02 -1.569940e+01 9.800000e+00
      vertex   9.203614e-02 -1.569751e+01 6.500000e+00
    endloop
  endfacet
  facet normal -7.978609e-02 9.968119e-01 -5.599353e-04
    outer loop
      vertex   9.203614e-02 -1.569751e+01 6.500000e+00
      vertex   4.525489e-02 -1.569940e+01 9.800000e+00
      vertex   2.256334e-01 -1.568496e+01 9.800000e+00
    endloop
  endfacet
  facet normal -1.081190e-01 9.941378e-01 5.972617e-04
    outer loop
      vertex   9.203614e-02 -1.569751e+01 6.500000e+00
      vertex   2.256334e-01 -1.568496e+01 9.800000e+00
      vertex   2.750294e-01 -1.567761e+01 6.500000e+00
    endloop
  endfacet
  facet normal -1.852887e-01 9.826840e-01 -5.833788e-04
    outer loop
      vertex   2.750294e-01 -1.567761e+01 6.500000e+00
      vertex   2.256334e-01 -1.568496e+01 9.800000e+00
      vertex   4.034554e-01 -1.565143e+01 9.800000e+00
    endloop
  endfacet
  facet normal -2.149704e-01 9.766204e-01 6.198371e-04
    outer loop
      vertex   2.750294e-01 -1.567761e+01 6.500000e+00
      vertex   4.034554e-01 -1.565143e+01 9.800000e+00
      vertex   4.547982e-01 -1.563803e+01 6.500000e+00
    endloop
  endfacet
  facet normal -2.886919e-01 9.574219e-01 -6.050862e-04
    outer loop
      vertex   4.547982e-01 -1.563803e+01 6.500000e+00
      vertex   4.034554e-01 -1.565143e+01 9.800000e+00
      vertex   5.767061e-01 -1.559919e+01 9.800000e+00
    endloop
  endfacet
  facet normal -3.193015e-01 9.476530e-01 6.406763e-04
    outer loop
      vertex   4.547982e-01 -1.563803e+01 6.500000e+00
      vertex   5.767061e-01 -1.559919e+01 9.800000e+00
      vertex   6.292349e-01 -1.557926e+01 6.500000e+00
    endloop
  endfacet
  facet normal -3.888241e-01 9.213118e-01 -6.250572e-04
    outer loop
      vertex   6.292349e-01 -1.557926e+01 6.500000e+00
      vertex   5.767061e-01 -1.559919e+01 9.800000e+00
      vertex   7.434224e-01 -1.552883e+01 9.800000e+00
    endloop
  endfacet
  facet normal -4.198890e-01 9.075752e-01 6.597791e-04
    outer loop
      vertex   6.292349e-01 -1.557926e+01 6.500000e+00
      vertex   7.434224e-01 -1.552883e+01 9.800000e+00
      vertex   7.962943e-01 -1.550197e+01 6.500000e+00
    endloop
  endfacet
  facet normal -4.845508e-01 8.747629e-01 -6.432918e-04
    outer loop
      vertex   7.962943e-01 -1.550197e+01 6.500000e+00
      vertex   7.434224e-01 -1.552883e+01 9.800000e+00
      vertex   9.017155e-01 -1.544115e+01 9.800000e+00
    endloop
  endfacet
  facet normal -5.155537e-01 8.568570e-01 6.771455e-04
    outer loop
      vertex   7.962943e-01 -1.550197e+01 6.500000e+00
      vertex   9.017155e-01 -1.544115e+01 9.800000e+00
      vertex   9.540180e-01 -1.540707e+01 6.500000e+00
    endloop
  endfacet
  facet normal -5.747873e-01 8.183026e-01 -6.597900e-04
    outer loop
      vertex   9.540180e-01 -1.540707e+01 6.500000e+00
      vertex   9.017155e-01 -1.544115e+01 9.800000e+00
      vertex   1.049792e+00 -1.533714e+01 9.800000e+00
    endloop
  endfacet
  facet normal -6.051741e-01 7.960929e-01 6.927755e-04
    outer loop
      vertex   9.540180e-01 -1.540707e+01 6.500000e+00
      vertex   1.049792e+00 -1.533714e+01 9.800000e+00
      vertex   1.100557e+00 -1.529568e+01 6.500000e+00
    endloop
  endfacet
  facet normal -6.585112e-01 7.525706e-01 -6.745516e-04
    outer loop
      vertex   1.100557e+00 -1.529568e+01 6.500000e+00
      vertex   1.049792e+00 -1.533714e+01 9.800000e+00
      vertex   1.185974e+00 -1.521798e+01 9.800000e+00
    endloop
  endfacet
  facet normal -6.876993e-01 7.259953e-01 7.066689e-04
    outer loop
      vertex   1.100557e+00 -1.529568e+01 6.500000e+00
      vertex   1.185974e+00 -1.521798e+01 9.800000e+00
      vertex   1.234192e+00 -1.516909e+01 6.500000e+00
    endloop
  endfacet
  facet normal -7.347740e-01 6.783117e-01 -6.875768e-04
    outer loop
      vertex   1.234192e+00 -1.516909e+01 6.500000e+00
      vertex   1.185974e+00 -1.521798e+01 9.800000e+00
      vertex   1.308718e+00 -1.508502e+01 9.800000e+00
    endloop
  endfacet
  facet normal -7.621619e-01 6.473861e-01 7.188257e-04
    outer loop
      vertex   1.234192e+00 -1.516909e+01 6.500000e+00
      vertex   1.308718e+00 -1.508502e+01 9.800000e+00
      vertex   1.353358e+00 -1.502880e+01 6.500000e+00
    endloop
  endfacet
  facet normal -8.027114e-01 5.963672e-01 -6.988653e-04
    outer loop
      vertex   1.353358e+00 -1.502880e+01 6.500000e+00
      vertex   1.308718e+00 -1.508502e+01 9.800000e+00
      vertex   1.416634e+00 -1.493976e+01 9.800000e+00
    endloop
  endfacet
  facet normal -8.276888e-01 5.611869e-01 7.292459e-04
    outer loop
      vertex   1.353358e+00 -1.502880e+01 6.500000e+00
      vertex   1.416634e+00 -1.493976e+01 9.800000e+00
      vertex   1.456657e+00 -1.487644e+01 6.500000e+00
    endloop
  endfacet
  facet normal -8.615539e-01 5.076657e-01 -7.084172e-04
    outer loop
      vertex   1.456657e+00 -1.487644e+01 6.500000e+00
      vertex   1.416634e+00 -1.493976e+01 9.800000e+00
      vertex   1.508499e+00 -1.478386e+01 9.800000e+00
    endloop
  endfacet
  facet normal -8.835118e-01 4.684083e-01 7.379295e-04
    outer loop
      vertex   1.456657e+00 -1.487644e+01 6.500000e+00
      vertex   1.508499e+00 -1.478386e+01 9.800000e+00
      vertex   1.542878e+00 -1.471381e+01 6.500000e+00
    endloop
  endfacet
  facet normal -9.106345e-01 4.132121e-01 -7.162324e-04
    outer loop
      vertex   1.542878e+00 -1.471381e+01 6.500000e+00
      vertex   1.508499e+00 -1.478386e+01 9.800000e+00
      vertex   1.583272e+00 -1.461907e+01 9.800000e+00
    endloop
  endfacet
  facet normal -9.289765e-01 3.701381e-01 7.448764e-04
    outer loop
      vertex   1.542878e+00 -1.471381e+01 6.500000e+00
      vertex   1.583272e+00 -1.461907e+01 9.800000e+00
      vertex   1.611010e+00 -1.454281e+01 6.500000e+00
    endloop
  endfacet
  facet normal -9.493974e-01 3.140766e-01 -7.223110e-04
    outer loop
      vertex   1.611010e+00 -1.454281e+01 6.500000e+00
      vertex   1.583272e+00 -1.461907e+01 9.800000e+00
      vertex   1.640105e+00 -1.444727e+01 9.800000e+00
    endloop
  endfacet
  facet normal -9.635497e-01 2.675283e-01 7.500866e-04
    outer loop
      vertex   1.611010e+00 -1.454281e+01 6.500000e+00
      vertex   1.640105e+00 -1.444727e+01 9.800000e+00
      vertex   1.660255e+00 -1.436545e+01 6.500000e+00
    endloop
  endfacet
  facet normal -9.774031e-01 2.113826e-01 -7.266528e-04
    outer loop
      vertex   1.660255e+00 -1.436545e+01 6.500000e+00
      vertex   1.640105e+00 -1.444727e+01 9.800000e+00
      vertex   1.678356e+00 -1.427041e+01 9.800000e+00
    endloop
  endfacet
  facet normal -9.868262e-01 1.617820e-01 7.535600e-04
    outer loop
      vertex   1.660255e+00 -1.436545e+01 6.500000e+00
      vertex   1.678356e+00 -1.427041e+01 9.800000e+00
      vertex   1.690035e+00 -1.418380e+01 6.500000e+00
    endloop
  endfacet
  facet normal -9.943345e-01 1.062935e-01 -7.292579e-04
    outer loop
      vertex   1.690035e+00 -1.418380e+01 6.500000e+00
      vertex   1.678356e+00 -1.427041e+01 9.800000e+00
      vertex   1.697591e+00 -1.409048e+01 9.800000e+00
    endloop
  endfacet
  facet normal -9.985331e-01 5.413889e-02 7.552968e-04
    outer loop
      vertex   1.690035e+00 -1.418380e+01 6.500000e+00
      vertex   1.697591e+00 -1.409048e+01 9.800000e+00
      vertex   1.700000e+00 -1.400000e+01 6.500000e+00
    endloop
  endfacet
  facet normal -9.999997e-01 0.000000e+00 -7.301263e-04
    outer loop
      vertex   1.700000e+00 -1.400000e+01 6.500000e+00
      vertex   1.697591e+00 -1.409048e+01 9.800000e+00
      vertex   1.697591e+00 -1.390952e+01 9.800000e+00
    endloop
  endfacet
  facet normal -9.985331e-01 -5.413889e-02 7.552968e-04
    outer loop
      vertex   1.700000e+00 -1.400000e+01 6.500000e+00
      vertex   1.697591e+00 -1.390952e+01 9.800000e+00
      vertex   1.690035e+00 -1.381620e+01 6.500000e+00
    endloop
  endfacet
  facet normal -9.943345e-01 -1.062935e-01 -7.292579e-04
    outer loop
      vertex   1.690035e+00 -1.381620e+01 6.500000e+00
      vertex   1.697591e+00 -1.390952e+01 9.800000e+00
      vertex   1.678356e+00 -1.372959e+01 9.800000e+00
    endloop
  endfacet
  facet normal -9.868262e-01 -1.617820e-01 7.535600e-04
    outer loop
      vertex   1.690035e+00 -1.381620e+01 6.500000e+00
      vertex   1.678356e+00 -1.372959e+01 9.800000e+00
      vertex   1.660255e+00 -1.363455e+01 6.500000e+00
    endloop
  endfacet
  facet normal -9.774031e-01 -2.113826e-01 -7.266528e-04
    outer loop
      vertex   1.660255e+00 -1.363455e+01 6.500000e+00
      vertex   1.678356e+00 -1.372959e+01 9.800000e+00
      vertex   1.640105e+00 -1.355273e+01 9.800000e+00
    endloop
  endfacet
  facet normal -9.635497e-01 -2.675283e-01 7.500866e-04
    outer loop
      vertex   1.660255e+00 -1.363455e+01 6.500000e+00
      vertex   1.640105e+00 -1.355273e+01 9.800000e+00
      vertex   1.611010e+00 -1.345719e+01 6.500000e+00
    endloop
  endfacet
  facet normal -9.493974e-01 -3.140766e-01 -7.223110e-04
    outer loop
      vertex   1.611010e+00 -1.345719e+01 6.500000e+00
      vertex   1.640105e+00 -1.355273e+01 9.800000e+00
      vertex   1.583272e+00 -1.338093e+01 9.800000e+00
    endloop
  endfacet
  facet normal -9.289765e-01 -3.701381e-01 7.448764e-04
    outer loop
      vertex   1.611010e+00 -1.345719e+01 6.500000e+00
      vertex   1.583272e+00 -1.338093e+01 9.800000e+00
      vertex   1.542878e+00 -1.328619e+01 6.500000e+00
    endloop
  endfacet
  facet normal -9.106345e-01 -4.132121e-01 -7.162324e-04
    outer loop
      vertex   1.542878e+00 -1.328619e+01 6.500000e+00
      vertex   1.583272e+00 -1.338093e+01 9.800000e+00
      vertex   1.508499e+00 -1.321614e+01 9.800000e+00
    endloop
  endfacet
  facet normal -8.835118e-01 -4.684083e-01 7.379295e-04
    outer loop
      vertex   1.542878e+00 -1.328619e+01 6.500000e+00
      vertex   1.508499e+00 -1.321614e+01 9.800000e+00
      vertex   1.456657e+00 -1.312356e+01 6.500000e+00
    endloop
  endfacet
  facet normal -8.615539e-01 -5.076657e-01 -7.084172e-04
    outer loop
      vertex   1.456657e+00 -1.312356e+01 6.500000e+00
      vertex   1.508499e+00 -1.321614e+01 9.800000e+00
      vertex   1.416634e+00 -1.306024e+01 9.800000e+00
    endloop
  endfacet
  facet normal -8.276888e-01 -5.611869e-01 7.292459e-04
    outer loop
      vertex   1.456657e+00 -1.312356e+01 6.500000e+00
      vertex   1.416634e+00 -1.306024e+01 9.800000e+00
      vertex   1.353358e+00 -1.297120e+01 6.500000e+00
    endloop
  endfacet
  facet normal -8.027114e-01 -5.963672e-01 -6.988653e-04
    outer loop
      vertex   1.353358e+00 -1.297120e+01 6.500000e+00
      vertex   1.416634e+00 -1.306024e+01 9.800000e+00
      vertex   1.308718e+00 -1.291498e+01 9.800000e+00
    endloop
  endfacet
  facet normal -7.621619e-01 -6.473861e-01 7.188257e-04
    outer loop
      vertex   1.353358e+00 -1.297120e+01 6.500000e+00
      vertex   1.308718e+00 -1.291498e+01 9.800000e+00
      vertex   1.234192e+00 -1.283091e+01 6.500000e+00
    endloop
  endfacet
  facet normal -7.347740e-01 -6.783117e-01 -6.875768e-04
    outer loop
      vertex   1.234192e+00 -1.283091e+01 6.500000e+00
      vertex   1.308718e+00 -1.291498e+01 9.800000e+00
      vertex   1.185974e+00 -1.278202e+01 9.800000e+00
    endloop
  endfacet
  facet normal -6.876993e-01 -7.259953e-01 7.066689e-04
    outer loop
      vertex   1.234192e+00 -1.283091e+01 6.500000e+00
      vertex   1.185974e+00 -1.278202e+01 9.800000e+00
      vertex   1.100557e+00 -1.270432e+01 6.500000e+00
    endloop
  endfacet
  facet normal -6.585112e-01 -7.525706e-01 -6.745516e-04
    outer loop
      vertex   1.100557e+00 -1.270432e+01 6.500000e+00
      vertex   1.185974e+00 -1.278202e+01 9.800000e+00
      vertex   1.049792e+00 -1.266286e+01 9.800000e+00
    endloop
  endfacet
  facet normal -6.051741e-01 -7.960929e-01 6.927755e-04
    outer loop
      vertex   1.100557e+00 -1.270432e+01 6.500000e+00
      vertex   1.049792e+00 -1.266286e+01 9.800000e+00
      vertex   9.540180e-01 -1.259293e+01 6.500000e+00
    endloop
  endfacet
  facet normal -5.747873e-01 -8.183026e-01 -6.597900e-04
    outer loop
      vertex   9.540180e-01 -1.259293e+01 6.500000e+00
      vertex   1.049792e+00 -1.266286e+01 9.800000e+00
      vertex   9.017155e-01 -1.255885e+01 9.800000e+00
    endloop
  endfacet
  facet normal -5.155537e-01 -8.568570e-01 6.771455e-04
    outer loop
      vertex   9.540180e-01 -1.259293e+01 6.500000e+00
      vertex   9.017155e-01 -1.255885e+01 9.800000e+00
      vertex   7.962943e-01 -1.249803e+01 6.500000e+00
    endloop
  endfacet
  facet normal -4.845508e-01 -8.747629e-01 -6.432918e-04
    outer loop
      vertex   7.962943e-01 -1.249803e+01 6.500000e+00
      vertex   9.017155e-01 -1.255885e+01 9.800000e+00
      vertex   7.434224e-01 -1.247117e+01 9.800000e+00
    endloop
  endfacet
  facet normal -4.198890e-01 -9.075752e-01 6.597791e-04
    outer loop
      vertex   7.962943e-01 -1.249803e+01 6.500000e+00
      vertex   7.434224e-01 -1.247117e+01 9.800000e+00
      vertex   6.292349e-01 -1.242074e+01 6.500000e+00
    endloop
  endfacet
  facet normal -3.888241e-01 -9.213118e-01 -6.250572e-04
    outer loop
      vertex   6.292349e-01 -1.242074e+01 6.500000e+00
      vertex   7.434224e-01 -1.247117e+01 9.800000e+00
      vertex   5.767061e-01 -1.240081e+01 9.800000e+00
    endloop
  endfacet
  facet normal -3.193015e-01 -9.476530e-01 6.406763e-04
    outer loop
      vertex   6.292349e-01 -1.242074e+01 6.500000e+00
      vertex   5.767061e-01 -1.240081e+01 9.800000e+00
      vertex   4.547982e-01 -1.236197e+01 6.500000e+00
    endloop
  endfacet
  facet normal -2.886919e-01 -9.574219e-01 -6.050862e-04
    outer loop
      vertex   4.547982e-01 -1.236197e+01 6.500000e+00
      vertex   5.767061e-01 -1.240081e+01 9.800000e+00
      vertex   4.034554e-01 -1.234857e+01 9.800000e+00
    endloop
  endfacet
  facet normal -2.149704e-01 -9.766204e-01 6.198371e-04
    outer loop
      vertex   4.547982e-01 -1.236197e+01 6.500000e+00
      vertex   4.034554e-01 -1.234857e+01 9.800000e+00
      vertex   2.750294e-01 -1.232239e+01 6.500000e+00
    endloop
  endfacet
  facet normal -1.852887e-01 -9.826840e-01 -5.833788e-04
    outer loop
      vertex   2.750294e-01 -1.232239e+01 6.500000e+00
      vertex   4.034554e-01 -1.234857e+01 9.800000e+00
      vertex   2.256334e-01 -1.231504e+01 9.800000e+00
    endloop
  endfacet
  facet normal -1.081190e-01 -9.941378e-01 5.972617e-04
    outer loop
      vertex   2.750294e-01 -1.232239e+01 6.500000e+00
      vertex   2.256334e-01 -1.231504e+01 9.800000e+00
      vertex   9.203614e-02 -1.230249e+01 6.500000e+00
    endloop
  endfacet
  facet normal -7.978609e-02 -9.968119e-01 -5.599353e-04
    outer loop
      vertex   9.203614e-02 -1.230249e+01 6.500000e+00
      vertex   2.256334e-01 -1.231504e+01 9.800000e+00
      vertex   4.525489e-02 -1.230060e+01 9.800000e+00
    endloop
  endfacet
  facet normal 0.000000e+00 -9.999998e-01 5.729500e-04
    outer loop
      vertex   9.203614e-02 -1.230249e+01 6.500000e+00
      vertex   4.525489e-02 -1.230060e+01 9.800000e+00
      vertex   -9.203614e-02 -1.230249e+01 6.500000e+00
    endloop
  endfacet
  facet normal 2.662052e-02 -9.996455e-01 -5.347555e-04
    outer loop
      vertex   -9.203614e-02 -1.230249e+01 6.500000e+00
      vertex   4.525489e-02 -1.230060e+01 9.800000e+00
      vertex   -1.356364e-01 -1.230542e+01 9.800000e+00
    endloop
  endfacet
  facet normal 1.081190e-01 -9.941378e-01 5.469022e-04
    outer loop
      vertex   -9.203614e-02 -1.230249e+01 6.500000e+00
      vertex   -1.356364e-01 -1.230542e+01 9.800000e+00
      vertex   -2.750294e-01 -1.232239e+01 6.500000e+00
    endloop
  endfacet
  facet normal 1.327255e-01 -9.911527e-01 -5.078397e-04
    outer loop
      vertex   -2.750294e-01 -1.232239e+01 6.500000e+00
      vertex   -1.356364e-01 -1.230542e+01 9.800000e+00
      vertex   -3.149908e-01 -1.232944e+01 9.800000e+00
    endloop
  endfacet
  facet normal 2.149704e-01 -9.766204e-01 5.191184e-04
    outer loop
      vertex   -2.750294e-01 -1.232239e+01 6.500000e+00
      vertex   -3.149908e-01 -1.232944e+01 9.800000e+00
      vertex   -4.547982e-01 -1.236197e+01 6.500000e+00
    endloop
  endfacet
  facet normal 2.373267e-01 -9.714298e-01 -4.791879e-04
    outer loop
      vertex   -4.547982e-01 -1.236197e+01 6.500000e+00
      vertex   -3.149908e-01 -1.232944e+01 9.800000e+00
      vertex   -4.907763e-01 -1.237238e+01 9.800000e+00
    endloop
  endfacet
  facet normal 3.193015e-01 -9.476531e-01 4.895986e-04
    outer loop
      vertex   -4.547982e-01 -1.236197e+01 6.500000e+00
      vertex   -4.907763e-01 -1.237238e+01 9.800000e+00
      vertex   -6.292349e-01 -1.242074e+01 6.500000e+00
    endloop
  endfacet
  facet normal 3.392388e-01 -9.407002e-01 -4.488002e-04
    outer loop
      vertex   -6.292349e-01 -1.242074e+01 6.500000e+00
      vertex   -4.907763e-01 -1.237238e+01 9.800000e+00
      vertex   -6.610011e-01 -1.243377e+01 9.800000e+00
    endloop
  endfacet
  facet normal 4.198891e-01 -9.075753e-01 4.583430e-04
    outer loop
      vertex   -6.292349e-01 -1.242074e+01 6.500000e+00
      vertex   -6.610011e-01 -1.243377e+01 9.800000e+00
      vertex   -7.962943e-01 -1.249803e+01 6.500000e+00
    endloop
  endfacet
  facet normal 4.373073e-01 -8.993121e-01 -4.166767e-04
    outer loop
      vertex   -7.962943e-01 -1.249803e+01 6.500000e+00
      vertex   -6.610011e-01 -1.243377e+01 9.800000e+00
      vertex   -8.237365e-01 -1.251290e+01 9.800000e+00
    endloop
  endfacet
  facet normal 5.155538e-01 -8.568571e-01 4.253517e-04
    outer loop
      vertex   -7.962943e-01 -1.249803e+01 6.500000e+00
      vertex   -8.237365e-01 -1.251290e+01 9.800000e+00
      vertex   -9.540180e-01 -1.259293e+01 6.500000e+00
    endloop
  endfacet
  facet normal 5.304209e-01 -8.477344e-01 -3.828176e-04
    outer loop
      vertex   -9.540180e-01 -1.259293e+01 6.500000e+00
      vertex   -8.237365e-01 -1.251290e+01 9.800000e+00
      vertex   -9.771386e-01 -1.260889e+01 9.800000e+00
    endloop
  endfacet
  facet normal 6.051742e-01 -7.960930e-01 3.906247e-04
    outer loop
      vertex   -9.540180e-01 -1.259293e+01 6.500000e+00
      vertex   -9.771386e-01 -1.260889e+01 9.800000e+00
      vertex   -1.100557e+00 -1.270432e+01 6.500000e+00
    endloop
  endfacet
  facet normal 6.175246e-01 -7.865515e-01 -3.472228e-04
    outer loop
      vertex   -1.100557e+00 -1.270432e+01 6.500000e+00
      vertex   -9.771386e-01 -1.260889e+01 9.800000e+00
      vertex   -1.119469e+00 -1.272063e+01 9.800000e+00
    endloop
  endfacet
  facet normal 6.876994e-01 -7.259954e-01 3.541622e-04
    outer loop
      vertex   -1.100557e+00 -1.270432e+01 6.500000e+00
      vertex   -1.119469e+00 -1.272063e+01 9.800000e+00
      vertex   -1.234192e+00 -1.283091e+01 6.500000e+00
    endloop
  endfacet
  facet normal 6.976315e-01 -7.164567e-01 -3.098926e-04
    outer loop
      vertex   -1.234192e+00 -1.283091e+01 6.500000e+00
      vertex   -1.119469e+00 -1.272063e+01 9.800000e+00
      vertex   -1.249116e+00 -1.284687e+01 9.800000e+00
    endloop
  endfacet
  facet normal 7.621620e-01 -6.473863e-01 3.159644e-04
    outer loop
      vertex   -1.234192e+00 -1.283091e+01 6.500000e+00
      vertex   -1.249116e+00 -1.284687e+01 9.800000e+00
      vertex   -1.353358e+00 -1.297120e+01 6.500000e+00
    endloop
  endfacet
  facet normal 7.698340e-01 -6.382442e-01 -2.708271e-04
    outer loop
      vertex   -1.353358e+00 -1.297120e+01 6.500000e+00
      vertex   -1.249116e+00 -1.284687e+01 9.800000e+00
      vertex   -1.364610e+00 -1.298618e+01 9.800000e+00
    endloop
  endfacet
  facet normal 8.276890e-01 -5.611870e-01 2.760312e-04
    outer loop
      vertex   -1.353358e+00 -1.297120e+01 6.500000e+00
      vertex   -1.364610e+00 -1.298618e+01 9.800000e+00
      vertex   -1.456657e+00 -1.312356e+01 6.500000e+00
    endloop
  endfacet
  facet normal 8.333139e-01 -5.528001e-01 -2.300264e-04
    outer loop
      vertex   -1.456657e+00 -1.312356e+01 6.500000e+00
      vertex   -1.364610e+00 -1.298618e+01 9.800000e+00
      vertex   -1.464642e+00 -1.313697e+01 9.800000e+00
    endloop
  endfacet
  facet normal 8.835120e-01 -4.684084e-01 2.343630e-04
    outer loop
      vertex   -1.456657e+00 -1.312356e+01 6.500000e+00
      vertex   -1.464642e+00 -1.313697e+01 9.800000e+00
      vertex   -1.542878e+00 -1.328619e+01 6.500000e+00
    endloop
  endfacet
  facet normal 8.873521e-01 -4.610925e-01 -1.874906e-04
    outer loop
      vertex   -1.542878e+00 -1.328619e+01 6.500000e+00
      vertex   -1.464642e+00 -1.313697e+01 9.800000e+00
      vertex   -1.548079e+00 -1.329754e+01 9.800000e+00
    endloop
  endfacet
  facet normal 9.289767e-01 -3.701381e-01 1.909598e-04
    outer loop
      vertex   -1.542878e+00 -1.328619e+01 6.500000e+00
      vertex   -1.548079e+00 -1.329754e+01 9.800000e+00
      vertex   -1.611010e+00 -1.345719e+01 6.500000e+00
    endloop
  endfacet
  facet normal 9.313362e-01 -3.641606e-01 -1.432200e-04
    outer loop
      vertex   -1.611010e+00 -1.345719e+01 6.500000e+00
      vertex   -1.548079e+00 -1.329754e+01 9.800000e+00
      vertex   -1.613976e+00 -1.346607e+01 9.800000e+00
    endloop
  endfacet
  facet normal 9.635500e-01 -2.675283e-01 1.458217e-04
    outer loop
      vertex   -1.611010e+00 -1.345719e+01 6.500000e+00
      vertex   -1.613976e+00 -1.346607e+01 9.800000e+00
      vertex   -1.660255e+00 -1.363455e+01 6.500000e+00
    endloop
  endfacet
  facet normal 9.647679e-01 -2.631026e-01 -9.721452e-05
    outer loop
      vertex   -1.660255e+00 -1.363455e+01 6.500000e+00
      vertex   -1.613976e+00 -1.346607e+01 9.800000e+00
      vertex   -1.661586e+00 -1.364065e+01 9.800000e+00
    endloop
  endfacet
  facet normal 9.868265e-01 -1.617820e-01 9.894893e-05
    outer loop
      vertex   -1.660255e+00 -1.363455e+01 6.500000e+00
      vertex   -1.661586e+00 -1.364065e+01 9.800000e+00
      vertex   -1.690035e+00 -1.381620e+01 6.500000e+00
    endloop
  endfacet
  facet normal 9.872684e-01 -1.590635e-01 -4.947448e-05
    outer loop
      vertex   -1.690035e+00 -1.381620e+01 6.500000e+00
      vertex   -1.661586e+00 -1.364065e+01 9.800000e+00
      vertex   -1.690369e+00 -1.381930e+01 9.800000e+00
    endloop
  endfacet
  facet normal 9.985334e-01 -5.413891e-02 5.034164e-05
    outer loop
      vertex   -1.690035e+00 -1.381620e+01 6.500000e+00
      vertex   -1.690369e+00 -1.381930e+01 9.800000e+00
      vertex   -1.700000e+00 -1.400000e+01 6.500000e+00
    endloop
  endfacet
  facet normal -7.071068e-01 -1.427357e-16 7.071068e-01
    outer loop
      vertex   -2.700000e+00 -1.620000e+01 9.800000e+00
      vertex   -2.700000e+00 -1.180000e+01 9.800000e+00
      vertex   -3.500000e+00 -1.700000e+01 9.000000e+00
    endloop
  endfacet
  facet normal -7.071068e-01 -2.093457e-16 7.071068e-01
    outer loop
      vertex   -3.500000e+00 -1.700000e+01 9.000000e+00
      vertex   -2.700000e+00 -1.180000e+01 9.800000e+00
      vertex   -3.500000e+00 -1.100000e+01 9.000000e+00
    endloop
  endfacet
  facet normal -4.652126e-16 7.071068e-01 7.071068e-01
    outer loop
      vertex   -2.700000e+00 -1.180000e+01 9.800000e+00
      vertex   2.700000e+00 -1.180000e+01 9.800000e+00
      vertex   -3.500000e+00 -1.100000e+01 9.000000e+00
    endloop
  endfacet
  facet normal -1.794391e-16 7.071068e-01 7.071068e-01
    outer loop
      vertex   -3.500000e+00 -1.100000e+01 9.000000e+00
      vertex   2.700000e+00 -1.180000e+01 9.800000e+00
      vertex   3.500000e+00 -1.100000e+01 9.000000e+00
    endloop
  endfacet
  facet normal 7.071068e-01 -0.000000e+00 7.071068e-01
    outer loop
      vertex   2.700000e+00 -1.620000e+01 9.800000e+00
      vertex   3.500000e+00 -1.700000e+01 9.000000e+00
      vertex   2.700000e+00 -1.180000e+01 9.800000e+00
    endloop
  endfacet
  facet normal 7.071068e-01 0.000000e+00 7.071068e-01
    outer loop
      vertex   2.700000e+00 -1.180000e+01 9.800000e+00
      vertex   3.500000e+00 -1.700000e+01 9.000000e+00
      vertex   3.500000e+00 -1.100000e+01 9.000000e+00
    endloop
  endfacet
  facet normal 0.000000e+00 -7.071068e-01 7.071068e-01
    outer loop
      vertex   -3.500000e+00 -1.700000e+01 9.000000e+00
      vertex   3.500000e+00 -1.700000e+01 9.000000e+00
      vertex   -2.700000e+00 -1.620000e+01 9.800000e+00
    endloop
  endfacet
  facet normal 0.000000e+00 -7.071068e-01 7.071068e-01
    outer loop
      vertex   -2.700000e+00 -1.620000e+01 9.800000e+00
      vertex   3.500000e+00 -1.700000e+01 9.000000e+00
      vertex   2.700000e+00 -1.620000e+01 9.800000e+00
    endloop
  endfacet
  facet normal 0.000000e+00 0.000000e+00 1.000000e+00
    outer loop
      vertex   -1.690369e+00 -1.381930e+01 9.800000e+00
      vertex   -2.700000e+00 -1.180000e+01 9.800000e+00
      vertex   -1.700000e+00 -1.400000e+01 9.800000e+00
    endloop
  endfacet
  facet normal 0.000000e+00 0.000000e+00 1.000000e+00
    outer loop
      vertex   -1.700000e+00 -1.400000e+01 9.800000e+00
      vertex   -2.700000e+00 -1.180000e+01 9.800000e+00
      vertex   -2.700000e+00 -1.620000e+01 9.800000e+00
    endloop
  endfacet
  facet normal 0.000000e+00 0.000000e+00 1.000000e+00
    outer loop
      vertex   -1.700000e+00 -1.400000e+01 9.800000e+00
      vertex   -2.700000e+00 -1.620000e+01 9.800000e+00
      vertex   -1.690369e+00 -1.418070e+01 9.800000e+00
    endloop
  endfacet
  facet normal 0.000000e+00 0.000000e+00 1.000000e+00
    outer loop
      vertex   -1.690369e+00 -1.418070e+01 9.800000e+00
      vertex   -2.700000e+00 -1.620000e+01 9.800000e+00
      vertex   -1.661586e+00 -1.435935e+01 9.800000e+00
    endloop
  endfacet
  facet normal 0.000000e+00 0.000000e+00 1.000000e+00
    outer loop
      vertex   -1.661586e+00 -1.435935e+01 9.800000e+00
      vertex   -2.700000e+00 -1.620000e+01 9.800000e+00
      vertex   -1.613976e+00 -1.453393e+01 9.800000e+00
    endloop
  endfacet
  facet normal 0.000000e+00 0.000000e+00 1.000000e+00
    outer loop
      vertex   -1.613976e+00 -1.453393e+01 9.800000e+00
      vertex   -2.700000e+00 -1.620000e+01 9.800000e+00
      vertex   -1.548079e+00 -1.470246e+01 9.800000e+00
    endloop
  endfacet
  facet normal 0.000000e+00 0.000000e+00 1.000000e+00
    outer loop
      vertex   -1.548079e+00 -1.470246e+01 9.800000e+00
      vertex   -2.700000e+00 -1.620000e+01 9.800000e+00
      vertex   -1.464642e+00 -1.486303e+01 9.800000e+00
    endloop
  endfacet
  facet normal 0.000000e+00 0.000000e+00 1.000000e+00
    outer loop
      vertex   -1.464642e+00 -1.486303e+01 9.800000e+00
      vertex   -2.700000e+00 -1.620000e+01 9.800000e+00
      vertex   -1.364610e+00 -1.501382e+01 9.800000e+00
    endloop
  endfacet
  facet normal 0.000000e+00 0.000000e+00 1.000000e+00
    outer loop
      vertex   -1.364610e+00 -1.501382e+01 9.800000e+00
      vertex   -2.700000e+00 -1.620000e+01 9.800000e+00
      vertex   -1.249116e+00 -1.515313e+01 9.800000e+00
    endloop
  endfacet
  facet normal 0.000000e+00 0.000000e+00 1.000000e+00
    outer loop
      vertex   -1.249116e+00 -1.515313e+01 9.800000e+00
      vertex   -2.700000e+00 -1.620000e+01 9.800000e+00
      vertex   -1.119469e+00 -1.527937e+01 9.800000e+00
    endloop
  endfacet
  facet normal 0.000000e+00 0.000000e+00 1.000000e+00
    outer loop
      vertex   -1.119469e+00 -1.527937e+01 9.800000e+00
      vertex   -2.700000e+00 -1.620000e+01 9.800000e+00
      vertex   -9.771386e-01 -1.539111e+01 9.800000e+00
    endloop
  endfacet
  facet normal 0.000000e+00 0.000000e+00 1.000000e+00
    outer loop
      vertex   -9.771386e-01 -1.539111e+01 9.800000e+00
      vertex   -2.700000e+00 -1.620000e+01 9.800000e+00
      vertex   -8.237365e-01 -1.548710e+01 9.800000e+00
    endloop
  endfacet
  facet normal 0.000000e+00 0.000000e+00 1.000000e+00
    outer loop
      vertex   -8.237365e-01 -1.548710e+01 9.800000e+00
      vertex   -2.700000e+00 -1.620000e+01 9.800000e+00
      vertex   -6.610011e-01 -1.556623e+01 9.800000e+00
    endloop
  endfacet
  facet normal 0.000000e+00 0.000000e+00 1.000000e+00
    outer loop
      vertex   -6.610011e-01 -1.556623e+01 9.800000e+00
      vertex   -2.700000e+00 -1.620000e+01 9.800000e+00
      vertex   -4.907763e-01 -1.562762e+01 9.800000e+00
    endloop
  endfacet
  facet normal 0.000000e+00 0.000000e+00 1.000000e+00
    outer loop
      vertex   -4.907763e-01 -1.562762e+01 9.800000e+00
      vertex   -2.700000e+00 -1.620000e+01 9.800000e+00
      vertex   -3.149908e-01 -1.567056e+01 9.800000e+00
    endloop
  endfacet
  facet normal 0.000000e+00 0.000000e+00 1.000000e+00
    outer loop
      vertex   -3.149908e-01 -1.567056e+01 9.800000e+00
      vertex   -2.700000e+00 -1.620000e+01 9.800000e+00
      vertex   -1.356364e-01 -1.569458e+01 9.800000e+00
    endloop
  endfacet
  facet normal 0.000000e+00 0.000000e+00 1.000000e+00
    outer loop
      vertex   -1.356364e-01 -1.569458e+01 9.800000e+00
      vertex   -2.700000e+00 -1.620000e+01 9.800000e+00
      vertex   4.525489e-02 -1.569940e+01 9.800000e+00
    endloop
  endfacet
  facet normal 0.000000e+00 0.000000e+00 1.000000e+00
    outer loop
      vertex   4.525489e-02 -1.569940e+01 9.800000e+00
      vertex   -2.700000e+00 -1.620000e+01 9.800000e+00
      vertex   2.700000e+00 -1.620000e+01 9.800000e+00
    endloop
  endfacet
  facet normal -0.000000e+00 0.000000e+00 1.000000e+00
    outer loop
      vertex   4.525489e-02 -1.569940e+01 9.800000e+00
      vertex   2.700000e+00 -1.620000e+01 9.800000e+00
      vertex   2.256334e-01 -1.568496e+01 9.800000e+00
    endloop
  endfacet
  facet normal -0.000000e+00 0.000000e+00 1.000000e+00
    outer loop
      vertex   2.256334e-01 -1.568496e+01 9.800000e+00
      vertex   2.700000e+00 -1.620000e+01 9.800000e+00
      vertex   4.034554e-01 -1.565143e+01 9.800000e+00
    endloop
  endfacet
  facet normal -0.000000e+00 0.000000e+00 1.000000e+00
    outer loop
      vertex   4.034554e-01 -1.565143e+01 9.800000e+00
      vertex   2.700000e+00 -1.620000e+01 9.800000e+00
      vertex   5.767061e-01 -1.559919e+01 9.800000e+00
    endloop
  endfacet
  facet normal -0.000000e+00 0.000000e+00 1.000000e+00
    outer loop
      vertex   5.767061e-01 -1.559919e+01 9.800000e+00
      vertex   2.700000e+00 -1.620000e+01 9.800000e+00
      vertex   7.434224e-01 -1.552883e+01 9.800000e+00
    endloop
  endfacet
  facet normal -0.000000e+00 0.000000e+00 1.000000e+00
    outer loop
      vertex   7.434224e-01 -1.552883e+01 9.800000e+00
      vertex   2.700000e+00 -1.620000e+01 9.800000e+00
      vertex   9.017155e-01 -1.544115e+01 9.800000e+00
    endloop
  endfacet
  facet normal -0.000000e+00 0.000000e+00 1.000000e+00
    outer loop
      vertex   9.017155e-01 -1.544115e+01 9.800000e+00
      vertex   2.700000e+00 -1.620000e+01 9.800000e+00
      vertex   1.049792e+00 -1.533714e+01 9.800000e+00
    endloop
  endfacet
  facet normal -0.000000e+00 0.000000e+00 1.000000e+00
    outer loop
      vertex   1.049792e+00 -1.533714e+01 9.800000e+00
      vertex   2.700000e+00 -1.620000e+01 9.800000e+00
      vertex   1.185974e+00 -1.521798e+01 9.800000e+00
    endloop
  endfacet
  facet normal -0.000000e+00 0.000000e+00 1.000000e+00
    outer loop
      vertex   1.185974e+00 -1.521798e+01 9.800000e+00
      vertex   2.700000e+00 -1.620000e+01 9.800000e+00
      vertex   1.308718e+00 -1.508502e+01 9.800000e+00
    endloop
  endfacet
  facet normal -0.000000e+00 0.000000e+00 1.000000e+00
    outer loop
      vertex   1.308718e+00 -1.508502e+01 9.800000e+00
      vertex   2.700000e+00 -1.620000e+01 9.800000e+00
      vertex   1.416634e+00 -1.493976e+01 9.800000e+00
    endloop
  endfacet
  facet normal -0.000000e+00 0.000000e+00 1.000000e+00
    outer loop
      vertex   1.416634e+00 -1.493976e+01 9.800000e+00
      vertex   2.700000e+00 -1.620000e+01 9.800000e+00
      vertex   1.508499e+00 -1.478386e+01 9.800000e+00
    endloop
  endfacet
  facet normal -0.000000e+00 0.000000e+00 1.000000e+00
    outer loop
      vertex   1.508499e+00 -1.478386e+01 9.800000e+00
      vertex   2.700000e+00 -1.620000e+01 9.800000e+00
      vertex   1.583272e+00 -1.461907e+01 9.800000e+00
    endloop
  endfacet
  facet normal -0.000000e+00 0.000000e+00 1.000000e+00
    outer loop
      vertex   1.583272e+00 -1.461907e+01 9.800000e+00
      vertex   2.700000e+00 -1.620000e+01 9.800000e+00
      vertex   1.640105e+00 -1.444727e+01 9.800000e+00
    endloop
  endfacet
  facet normal -0.000000e+00 0.000000e+00 1.000000e+00
    outer loop
      vertex   1.640105e+00 -1.444727e+01 9.800000e+00
      vertex   2.700000e+00 -1.620000e+01 9.800000e+00
      vertex   1.678356e+00 -1.427041e+01 9.800000e+00
    endloop
  endfacet
  facet normal -0.000000e+00 0.000000e+00 1.000000e+00
    outer loop
      vertex   1.678356e+00 -1.427041e+01 9.800000e+00
      vertex   2.700000e+00 -1.620000e+01 9.800000e+00
      vertex   1.697591e+00 -1.409048e+01 9.800000e+00
    endloop
  endfacet
  facet normal -0.000000e+00 0.000000e+00 1.000000e+00
    outer loop
      vertex   1.697591e+00 -1.409048e+01 9.800000e+00
      vertex   2.700000e+00 -1.620000e+01 9.800000e+00
      vertex   1.697591e+00 -1.390952e+01 9.800000e+00
    endloop
  endfacet
  facet normal -0.000000e+00 0.000000e+00 1.000000e+00
    outer loop
      vertex   1.697591e+00 -1.390952e+01 9.800000e+00
      vertex   2.700000e+00 -1.620000e+01 9.800000e+00
      vertex   2.700000e+00 -1.180000e+01 9.800000e+00
    endloop
  endfacet
  facet normal 0.000000e+00 -0.000000e+00 1.000000e+00
    outer loop
      vertex   1.697591e+00 -1.390952e+01 9.800000e+00
      vertex   2.700000e+00 -1.180000e+01 9.800000e+00
      vertex   1.678356e+00 -1.372959e+01 9.800000e+00
    endloop
  endfacet
  facet normal 0.000000e+00 -0.000000e+00 1.000000e+00
    outer loop
      vertex   1.678356e+00 -1.372959e+01 9.800000e+00
      vertex   2.700000e+00 -1.180000e+01 9.800000e+00
      vertex   1.640105e+00 -1.355273e+01 9.800000e+00
    endloop
  endfacet
  facet normal 0.000000e+00 -0.000000e+00 1.000000e+00
    outer loop
      vertex   1.640105e+00 -1.355273e+01 9.800000e+00
      vertex   2.700000e+00 -1.180000e+01 9.800000e+00
      vertex   1.583272e+00 -1.338093e+01 9.800000e+00
    endloop
  endfacet
  facet normal 0.000000e+00 -0.000000e+00 1.000000e+00
    outer loop
      vertex   1.583272e+00 -1.338093e+01 9.800000e+00
      vertex   2.700000e+00 -1.180000e+01 9.800000e+00
      vertex   1.508499e+00 -1.321614e+01 9.800000e+00
    endloop
  endfacet
  facet normal 0.000000e+00 -0.000000e+00 1.000000e+00
    outer loop
      vertex   1.508499e+00 -1.321614e+01 9.800000e+00
      vertex   2.700000e+00 -1.180000e+01 9.800000e+00
      vertex   1.416634e+00 -1.306024e+01 9.800000e+00
    endloop
  endfacet
  facet normal 0.000000e+00 -0.000000e+00 1.000000e+00
    outer loop
      vertex   1.416634e+00 -1.306024e+01 9.800000e+00
      vertex   2.700000e+00 -1.180000e+01 9.800000e+00
      vertex   1.308718e+00 -1.291498e+01 9.800000e+00
    endloop
  endfacet
  facet normal 0.000000e+00 -0.000000e+00 1.000000e+00
    outer loop
      vertex   1.308718e+00 -1.291498e+01 9.800000e+00
      vertex   2.700000e+00 -1.180000e+01 9.800000e+00
      vertex   1.185974e+00 -1.278202e+01 9.800000e+00
    endloop
  endfacet
  facet normal 0.000000e+00 -0.000000e+00 1.000000e+00
    outer loop
      vertex   1.185974e+00 -1.278202e+01 9.800000e+00
      vertex   2.700000e+00 -1.180000e+01 9.800000e+00
      vertex   1.049792e+00 -1.266286e+01 9.800000e+00
    endloop
  endfacet
  facet normal 0.000000e+00 -0.000000e+00 1.000000e+00
    outer loop
      vertex   1.049792e+00 -1.266286e+01 9.800000e+00
      vertex   2.700000e+00 -1.180000e+01 9.800000e+00
      vertex   9.017155e-01 -1.255885e+01 9.800000e+00
    endloop
  endfacet
  facet normal 0.000000e+00 -0.000000e+00 1.000000e+00
    outer loop
      vertex   9.017155e-01 -1.255885e+01 9.800000e+00
      vertex   2.700000e+00 -1.180000e+01 9.800000e+00
      vertex   7.434224e-01 -1.247117e+01 9.800000e+00
    endloop
  endfacet
  facet normal 0.000000e+00 -0.000000e+00 1.000000e+00
    outer loop
      vertex   7.434224e-01 -1.247117e+01 9.800000e+00
      vertex   2.700000e+00 -1.180000e+01 9.800000e+00
      vertex   5.767061e-01 -1.240081e+01 9.800000e+00
    endloop
  endfacet
  facet normal 0.000000e+00 -0.000000e+00 1.000000e+00
    outer loop
      vertex   5.767061e-01 -1.240081e+01 9.800000e+00
      vertex   2.700000e+00 -1.180000e+01 9.800000e+00
      vertex   4.034554e-01 -1.234857e+01 9.800000e+00
    endloop
  endfacet
  facet normal 0.000000e+00 -0.000000e+00 1.000000e+00
    outer loop
      vertex   4.034554e-01 -1.234857e+01 9.800000e+00
      vertex   2.700000e+00 -1.180000e+01 9.800000e+00
      vertex   2.256334e-01 -1.231504e+01 9.800000e+00
    endloop
  endfacet
  facet normal 0.000000e+00 -0.000000e+00 1.000000e+00
    outer loop
      vertex   2.256334e-01 -1.231504e+01 9.800000e+00
      vertex   2.700000e+00 -1.180000e+01 9.800000e+00
      vertex   4.525489e-02 -1.230060e+01 9.800000e+00
    endloop
  endfacet
  facet normal 0.000000e+00 -0.000000e+00 1.000000e+00
    outer loop
      vertex   4.525489e-02 -1.230060e+01 9.800000e+00
      vertex   2.700000e+00 -1.180000e+01 9.800000e+00
      vertex   -2.700000e+00 -1.180000e+01 9.800000e+00
    endloop
  endfacet
  facet normal 0.000000e+00 0.000000e+00 1.000000e+00
    outer loop
      vertex   4.525489e-02 -1.230060e+01 9.800000e+00
      vertex   -2.700000e+00 -1.180000e+01 9.800000e+00
      vertex   -1.356364e-01 -1.230542e+01 9.800000e+00
    endloop
  endfacet
  facet normal 0.000000e+00 0.000000e+00 1.000000e+00
    outer loop
      vertex   -1.356364e-01 -1.230542e+01 9.800000e+00
      vertex   -2.700000e+00 -1.180000e+01 9.800000e+00
      vertex   -3.149908e-01 -1.232944e+01 9.800000e+00
    endloop
  endfacet
  facet normal 0.000000e+00 0.000000e+00 1.000000e+00
    outer loop
      vertex   -3.149908e-01 -1.232944e+01 9.800000e+00
      vertex   -2.700000e+00 -1.180000e+01 9.800000e+00
      vertex   -4.907763e-01 -1.237238e+01 9.800000e+00
    endloop
  endfacet
  facet normal 0.000000e+00 0.000000e+00 1.000000e+00
    outer loop
      vertex   -4.907763e-01 -1.237238e+01 9.800000e+00
      vertex   -2.700000e+00 -1.180000e+01 9.800000e+00
      vertex   -6.610011e-01 -1.243377e+01 9.800000e+00
    endloop
  endfacet
  facet normal 0.000000e+00 0.000000e+00 1.000000e+00
    outer loop
      vertex   -6.610011e-01 -1.243377e+01 9.800000e+00
      vertex   -2.700000e+00 -1.180000e+01 9.800000e+00
      vertex   -8.237365e-01 -1.251290e+01 9.800000e+00
    endloop
  endfacet
  facet normal 0.000000e+00 0.000000e+00 1.000000e+00
    outer loop
      vertex   -8.237365e-01 -1.251290e+01 9.800000e+00
      vertex   -2.700000e+00 -1.180000e+01 9.800000e+00
      vertex   -9.771386e-01 -1.260889e+01 9.800000e+00
    endloop
  endfacet
  facet normal 0.000000e+00 0.000000e+00 1.000000e+00
    outer loop
      vertex   -9.771386e-01 -1.260889e+01 9.800000e+00
      vertex   -2.700000e+00 -1.180000e+01 9.800000e+00
      vertex   -1.119469e+00 -1.272063e+01 9.800000e+00
    endloop
  endfacet
  facet normal 0.000000e+00 0.000000e+00 1.000000e+00
    outer loop
      vertex   -1.119469e+00 -1.272063e+01 9.800000e+00
      vertex   -2.700000e+00 -1.180000e+01 9.800000e+00
      vertex   -1.249116e+00 -1.284687e+01 9.800000e+00
    endloop
  endfacet
  facet normal 0.000000e+00 0.000000e+00 1.000000e+00
    outer loop
      vertex   -1.249116e+00 -1.284687e+01 9.800000e+00
      vertex   -2.700000e+00 -1.180000e+01 9.800000e+00
      vertex   -1.364610e+00 -1.298618e+01 9.800000e+00
    endloop
  endfacet
  facet normal 0.000000e+00 0.000000e+00 1.000000e+00
    outer loop
      vertex   -1.364610e+00 -1.298618e+01 9.800000e+00
      vertex   -2.700000e+00 -1.180000e+01 9.800000e+00
      vertex   -1.464642e+00 -1.313697e+01 9.800000e+00
    endloop
  endfacet
  facet normal 0.000000e+00 0.000000e+00 1.000000e+00
    outer loop
      vertex   -1.464642e+00 -1.313697e+01 9.800000e+00
      vertex   -2.700000e+00 -1.180000e+01 9.800000e+00
      vertex   -1.548079e+00 -1.329754e+01 9.800000e+00
    endloop
  endfacet
  facet normal 0.000000e+00 0.000000e+00 1.000000e+00
    outer loop
      vertex   -1.548079e+00 -1.329754e+01 9.800000e+00
      vertex   -2.700000e+00 -1.180000e+01 9.800000e+00
      vertex   -1.613976e+00 -1.346607e+01 9.800000e+00
    endloop
  endfacet
  facet normal 0.000000e+00 0.000000e+00 1.000000e+00
    outer loop
      vertex   -1.613976e+00 -1.346607e+01 9.800000e+00
      vertex   -2.700000e+00 -1.180000e+01 9.800000e+00
      vertex   -1.661586e+00 -1.364065e+01 9.800000e+00
    endloop
  endfacet
  facet normal 0.000000e+00 0.000000e+00 1.000000e+00
    outer loop
      vertex   -1.661586e+00 -1.364065e+01 9.800000e+00
      vertex   -2.700000e+00 -1.180000e+01 9.800000e+00
      vertex   -1.690369e+00 -1.381930e+01 9.800000e+00
    endloop
  endfacet
endsolid
