solid ASCII
  facet normal -7.071068e-01 -7.035975e-02 7.035975e-01
    outer loop
      vertex   2.116805e+01 -1.966641e+01 5.500000e+00
      vertex   2.145000e+01 -1.898572e+01 5.851428e+00
      vertex   2.105000e+01 -1.848005e+01 5.500000e+00
    endloop
  endfacet
  facet normal -7.071068e-01 -7.035975e-02 7.035975e-01
    outer loop
      vertex   2.105000e+01 -1.848005e+01 5.500000e+00
      vertex   2.145000e+01 -1.898572e+01 5.851428e+00
      vertex   2.105000e+01 2.250000e+01 9.598005e+00
    endloop
  endfacet
  facet normal -7.071068e-01 -7.035975e-02 7.035975e-01
    outer loop
      vertex   2.105000e+01 2.250000e+01 9.598005e+00
      vertex   2.145000e+01 -1.898572e+01 5.851428e+00
      vertex   2.145000e+01 2.210199e+01 9.960199e+00
    endloop
  endfacet
  facet normal -7.071068e-01 -7.035975e-02 7.035975e-01
    outer loop
      vertex   2.105000e+01 2.250000e+01 9.598005e+00
      vertex   2.145000e+01 2.210199e+01 9.960199e+00
      vertex   2.143015e+01 2.250000e+01 9.980050e+00
    endloop
  endfacet
  facet normal -1.000000e+00 0.000000e+00 0.000000e+00
    outer loop
      vertex   2.105000e+01 -1.848005e+01 5.500000e+00
      vertex   2.105000e+01 2.250000e+01 9.598005e+00
      vertex   2.105000e+01 2.250000e+01 5.500000e+00
    endloop
  endfacet
  facet normal 7.071068e-01 -7.035975e-02 7.035975e-01
    outer loop
      vertex   2.250000e+01 -1.850000e+01 5.498005e+00
      vertex   2.250000e+01 2.250000e+01 9.598005e+00
      vertex   2.249901e+01 -1.850099e+01 5.498902e+00
    endloop
  endfacet
  facet normal 7.071068e-01 -7.035975e-02 7.035975e-01
    outer loop
      vertex   2.249901e+01 -1.850099e+01 5.498902e+00
      vertex   2.250000e+01 2.250000e+01 9.598005e+00
      vertex   2.210000e+01 -1.833572e+01 5.916428e+00
    endloop
  endfacet
  facet normal 7.071068e-01 -7.035975e-02 7.035975e-01
    outer loop
      vertex   2.210000e+01 -1.833572e+01 5.916428e+00
      vertex   2.250000e+01 2.250000e+01 9.598005e+00
      vertex   2.210000e+01 2.210199e+01 9.960199e+00
    endloop
  endfacet
  facet normal 7.071068e-01 -7.035975e-02 7.035975e-01
    outer loop
      vertex   2.210000e+01 2.210199e+01 9.960199e+00
      vertex   2.250000e+01 2.250000e+01 9.598005e+00
      vertex   2.249870e+01 2.250685e+01 9.600000e+00
    endloop
  endfacet
  facet normal 7.071068e-01 -7.035975e-02 7.035975e-01
    outer loop
      vertex   2.210000e+01 2.210199e+01 9.960199e+00
      vertex   2.249870e+01 2.250685e+01 9.600000e+00
      vertex   2.211870e+01 2.247687e+01 9.978896e+00
    endloop
  endfacet
  facet normal 4.832870e-01 -5.512949e-01 6.800791e-01
    outer loop
      vertex   1.793572e+01 -2.250000e+01 5.500000e+00
      vertex   1.850000e+01 -2.250000e+01 5.099001e+00
      vertex   2.116805e+01 -1.966641e+01 5.500000e+00
    endloop
  endfacet
  facet normal 4.832870e-01 -5.512949e-01 6.800791e-01
    outer loop
      vertex   2.116805e+01 -1.966641e+01 5.500000e+00
      vertex   1.850000e+01 -2.250000e+01 5.099001e+00
      vertex   2.249901e+01 -1.850099e+01 5.498902e+00
    endloop
  endfacet
  facet normal 4.832870e-01 -5.512949e-01 6.800791e-01
    outer loop
      vertex   2.116805e+01 -1.966641e+01 5.500000e+00
      vertex   2.249901e+01 -1.850099e+01 5.498902e+00
      vertex   2.145000e+01 -1.898572e+01 5.851428e+00
    endloop
  endfacet
  facet normal 4.832870e-01 -5.512949e-01 6.800791e-01
    outer loop
      vertex   2.145000e+01 -1.898572e+01 5.851428e+00
      vertex   2.249901e+01 -1.850099e+01 5.498902e+00
      vertex   2.210000e+01 -1.833572e+01 5.916428e+00
    endloop
  endfacet
  facet normal 6.946183e-01 1.323082e-01 7.071068e-01
    outer loop
      vertex   2.211870e+01 2.247687e+01 9.978896e+00
      vertex   2.249870e+01 2.250685e+01 9.600000e+00
      vertex   2.201662e+01 2.290000e+01 1.000000e+01
    endloop
  endfacet
  facet normal 6.946183e-01 1.323082e-01 7.071068e-01
    outer loop
      vertex   2.201662e+01 2.290000e+01 1.000000e+01
      vertex   2.249870e+01 2.250685e+01 9.600000e+00
      vertex   1.684845e+01 5.217065e+01 9.600000e+00
    endloop
  endfacet
  facet normal 6.946183e-01 1.323082e-01 7.071068e-01
    outer loop
      vertex   2.201662e+01 2.290000e+01 1.000000e+01
      vertex   1.684845e+01 5.217065e+01 9.600000e+00
      vertex   1.648246e+01 5.195431e+01 1.000000e+01
    endloop
  endfacet
  facet normal 9.823386e-01 1.871121e-01 -5.576789e-13
    outer loop
      vertex   2.250000e+01 2.250000e+01 9.598005e+00
      vertex   1.962158e+01 3.761172e+01 6.815523e+00
      vertex   2.249870e+01 2.250685e+01 9.600000e+00
    endloop
  endfacet
  facet normal 9.823386e-01 1.871121e-01 -4.841399e-15
    outer loop
      vertex   2.249870e+01 2.250685e+01 9.600000e+00
      vertex   1.962158e+01 3.761172e+01 6.815523e+00
      vertex   1.958152e+01 3.782201e+01 7.063098e+00
    endloop
  endfacet
  facet normal 9.823386e-01 1.871121e-01 8.682607e-15
    outer loop
      vertex   2.249870e+01 2.250685e+01 9.600000e+00
      vertex   1.958152e+01 3.782201e+01 7.063098e+00
      vertex   1.953660e+01 3.805784e+01 7.286486e+00
    endloop
  endfacet
  facet normal 9.823386e-01 1.871121e-01 -0.000000e+00
    outer loop
      vertex   2.250000e+01 2.250000e+01 4.000000e-01
      vertex   1.973810e+01 3.700000e+01 5.000000e+00
      vertex   2.250000e+01 2.250000e+01 9.598005e+00
    endloop
  endfacet
  facet normal 9.823386e-01 1.871121e-01 -1.021303e-14
    outer loop
      vertex   2.250000e+01 2.250000e+01 9.598005e+00
      vertex   1.973810e+01 3.700000e+01 5.000000e+00
      vertex   1.973475e+01 3.701759e+01 5.324357e+00
    endloop
  endfacet
  facet normal 9.823386e-01 1.871121e-01 -4.292471e-15
    outer loop
      vertex   2.250000e+01 2.250000e+01 9.598005e+00
      vertex   1.973475e+01 3.701759e+01 5.324357e+00
      vertex   1.972474e+01 3.707014e+01 5.644911e+00
    endloop
  endfacet
  facet normal 9.823386e-01 1.871121e-01 -2.932526e-16
    outer loop
      vertex   1.684845e+01 5.217065e+01 4.000000e-01
      vertex   1.919760e+01 3.983758e+01 2.004400e+00
      vertex   2.250000e+01 2.250000e+01 4.000000e-01
    endloop
  endfacet
  facet normal 9.823386e-01 1.871121e-01 3.096646e-14
    outer loop
      vertex   2.250000e+01 2.250000e+01 4.000000e-01
      vertex   1.919760e+01 3.983758e+01 2.004400e+00
      vertex   1.925911e+01 3.951465e+01 2.039520e+00
    endloop
  endfacet
  facet normal 9.823386e-01 1.871121e-01 -2.860217e-14
    outer loop
      vertex   2.250000e+01 2.250000e+01 4.000000e-01
      vertex   1.925911e+01 3.951465e+01 2.039520e+00
      vertex   1.931954e+01 3.919741e+01 2.109350e+00
    endloop
  endfacet
  facet normal 9.823386e-01 1.871121e-01 0.000000e+00
    outer loop
      vertex   1.684845e+01 5.217065e+01 9.600000e+00
      vertex   1.859524e+01 4.300000e+01 5.000000e+00
      vertex   1.684845e+01 5.217065e+01 4.000000e-01
    endloop
  endfacet
  facet normal 9.823386e-01 1.871121e-01 1.142207e-15
    outer loop
      vertex   1.684845e+01 5.217065e+01 4.000000e-01
      vertex   1.859524e+01 4.300000e+01 5.000000e+00
      vertex   1.859859e+01 4.298241e+01 4.675643e+00
    endloop
  endfacet
  facet normal 9.823386e-01 1.871121e-01 -4.403715e-15
    outer loop
      vertex   1.684845e+01 5.217065e+01 4.000000e-01
      vertex   1.859859e+01 4.298241e+01 4.675643e+00
      vertex   1.860860e+01 4.292986e+01 4.355089e+00
    endloop
  endfacet
  facet normal 9.823386e-01 1.871121e-01 -2.933202e-16
    outer loop
      vertex   2.249870e+01 2.250685e+01 9.600000e+00
      vertex   1.919760e+01 3.983758e+01 7.995600e+00
      vertex   1.684845e+01 5.217065e+01 9.600000e+00
    endloop
  endfacet
  facet normal 9.823386e-01 1.871121e-01 -2.678601e-14
    outer loop
      vertex   1.684845e+01 5.217065e+01 9.600000e+00
      vertex   1.919760e+01 3.983758e+01 7.995600e+00
      vertex   1.913573e+01 4.016242e+01 7.995600e+00
    endloop
  endfacet
  facet normal 9.823386e-01 1.871121e-01 2.599341e-14
    outer loop
      vertex   1.684845e+01 5.217065e+01 9.600000e+00
      vertex   1.913573e+01 4.016242e+01 7.995600e+00
      vertex   1.907422e+01 4.048535e+01 7.960480e+00
    endloop
  endfacet
  facet normal 9.823386e-01 1.871121e-01 -5.559951e-17
    outer loop
      vertex   1.972474e+01 3.707014e+01 5.644911e+00
      vertex   1.970818e+01 3.715704e+01 5.957905e+00
      vertex   2.250000e+01 2.250000e+01 9.598005e+00
    endloop
  endfacet
  facet normal 9.823386e-01 1.871121e-01 -2.872041e-15
    outer loop
      vertex   2.250000e+01 2.250000e+01 9.598005e+00
      vertex   1.970818e+01 3.715704e+01 5.957905e+00
      vertex   1.968528e+01 3.727727e+01 6.259667e+00
    endloop
  endfacet
  facet normal 9.823386e-01 1.871121e-01 1.469789e-15
    outer loop
      vertex   2.250000e+01 2.250000e+01 9.598005e+00
      vertex   1.968528e+01 3.727727e+01 6.259667e+00
      vertex   1.965630e+01 3.742943e+01 6.546662e+00
    endloop
  endfacet
  facet normal 9.823386e-01 1.871121e-01 -2.839783e-15
    outer loop
      vertex   1.965630e+01 3.742943e+01 6.546662e+00
      vertex   1.962158e+01 3.761172e+01 6.815523e+00
      vertex   2.250000e+01 2.250000e+01 9.598005e+00
    endloop
  endfacet
  facet normal 9.823386e-01 1.871121e-01 -7.459140e-15
    outer loop
      vertex   1.953660e+01 3.805784e+01 7.286486e+00
      vertex   1.948734e+01 3.831644e+01 7.483067e+00
      vertex   2.249870e+01 2.250685e+01 9.600000e+00
    endloop
  endfacet
  facet normal 9.823386e-01 1.871121e-01 1.725125e-14
    outer loop
      vertex   2.249870e+01 2.250685e+01 9.600000e+00
      vertex   1.948734e+01 3.831644e+01 7.483067e+00
      vertex   1.943433e+01 3.859477e+01 7.650536e+00
    endloop
  endfacet
  facet normal 9.823386e-01 1.871121e-01 -1.260362e-14
    outer loop
      vertex   2.249870e+01 2.250685e+01 9.600000e+00
      vertex   1.943433e+01 3.859477e+01 7.650536e+00
      vertex   1.937817e+01 3.888959e+01 7.786930e+00
    endloop
  endfacet
  facet normal 9.823386e-01 1.871121e-01 -5.411207e-15
    outer loop
      vertex   1.937817e+01 3.888959e+01 7.786930e+00
      vertex   1.931954e+01 3.919741e+01 7.890650e+00
      vertex   2.249870e+01 2.250685e+01 9.600000e+00
    endloop
  endfacet
  facet normal 9.823386e-01 1.871121e-01 2.861018e-14
    outer loop
      vertex   2.249870e+01 2.250685e+01 9.600000e+00
      vertex   1.931954e+01 3.919741e+01 7.890650e+00
      vertex   1.925911e+01 3.951465e+01 7.960480e+00
    endloop
  endfacet
  facet normal 9.823386e-01 1.871121e-01 -3.097307e-14
    outer loop
      vertex   2.249870e+01 2.250685e+01 9.600000e+00
      vertex   1.925911e+01 3.951465e+01 7.960480e+00
      vertex   1.919760e+01 3.983758e+01 7.995600e+00
    endloop
  endfacet
  facet normal 9.823386e-01 1.871121e-01 -1.134612e-14
    outer loop
      vertex   1.907422e+01 4.048535e+01 7.960480e+00
      vertex   1.901379e+01 4.080259e+01 7.890650e+00
      vertex   1.684845e+01 5.217065e+01 9.600000e+00
    endloop
  endfacet
  facet normal 9.823386e-01 1.871121e-01 -4.093128e-15
    outer loop
      vertex   1.684845e+01 5.217065e+01 9.600000e+00
      vertex   1.901379e+01 4.080259e+01 7.890650e+00
      vertex   1.895516e+01 4.111041e+01 7.786930e+00
    endloop
  endfacet
  facet normal 9.823386e-01 1.871121e-01 1.195743e-14
    outer loop
      vertex   1.684845e+01 5.217065e+01 9.600000e+00
      vertex   1.895516e+01 4.111041e+01 7.786930e+00
      vertex   1.889900e+01 4.140523e+01 7.650536e+00
    endloop
  endfacet
  facet normal 9.823386e-01 1.871121e-01 -5.486829e-15
    outer loop
      vertex   1.889900e+01 4.140523e+01 7.650536e+00
      vertex   1.884599e+01 4.168356e+01 7.483067e+00
      vertex   1.684845e+01 5.217065e+01 9.600000e+00
    endloop
  endfacet
  facet normal 9.823386e-01 1.871121e-01 4.013004e-15
    outer loop
      vertex   1.684845e+01 5.217065e+01 9.600000e+00
      vertex   1.884599e+01 4.168356e+01 7.483067e+00
      vertex   1.879673e+01 4.194216e+01 7.286486e+00
    endloop
  endfacet
  facet normal 9.823386e-01 1.871121e-01 -2.465964e-15
    outer loop
      vertex   1.684845e+01 5.217065e+01 9.600000e+00
      vertex   1.879673e+01 4.194216e+01 7.286486e+00
      vertex   1.875181e+01 4.217799e+01 7.063098e+00
    endloop
  endfacet
  facet normal 9.823386e-01 1.871121e-01 -6.527519e-15
    outer loop
      vertex   1.875181e+01 4.217799e+01 7.063098e+00
      vertex   1.871176e+01 4.238828e+01 6.815523e+00
      vertex   1.684845e+01 5.217065e+01 9.600000e+00
    endloop
  endfacet
  facet normal 9.823386e-01 1.871121e-01 2.224548e-15
    outer loop
      vertex   1.684845e+01 5.217065e+01 9.600000e+00
      vertex   1.871176e+01 4.238828e+01 6.815523e+00
      vertex   1.867703e+01 4.257057e+01 6.546662e+00
    endloop
  endfacet
  facet normal 9.823386e-01 1.871121e-01 2.167853e-15
    outer loop
      vertex   1.684845e+01 5.217065e+01 9.600000e+00
      vertex   1.867703e+01 4.257057e+01 6.546662e+00
      vertex   1.864805e+01 4.272273e+01 6.259667e+00
    endloop
  endfacet
  facet normal 9.823386e-01 1.871121e-01 -1.911213e-15
    outer loop
      vertex   1.864805e+01 4.272273e+01 6.259667e+00
      vertex   1.862515e+01 4.284296e+01 5.957905e+00
      vertex   1.684845e+01 5.217065e+01 9.600000e+00
    endloop
  endfacet
  facet normal 9.823386e-01 1.871121e-01 1.078479e-15
    outer loop
      vertex   1.684845e+01 5.217065e+01 9.600000e+00
      vertex   1.862515e+01 4.284296e+01 5.957905e+00
      vertex   1.860860e+01 4.292986e+01 5.644911e+00
    endloop
  endfacet
  facet normal 9.823386e-01 1.871121e-01 4.403715e-15
    outer loop
      vertex   1.684845e+01 5.217065e+01 9.600000e+00
      vertex   1.860860e+01 4.292986e+01 5.644911e+00
      vertex   1.859859e+01 4.298241e+01 5.324357e+00
    endloop
  endfacet
  facet normal 9.823386e-01 1.871121e-01 -8.901184e-16
    outer loop
      vertex   1.859859e+01 4.298241e+01 5.324357e+00
      vertex   1.859524e+01 4.300000e+01 5.000000e+00
      vertex   1.684845e+01 5.217065e+01 9.600000e+00
    endloop
  endfacet
  facet normal 9.823386e-01 1.871121e-01 -3.370247e-17
    outer loop
      vertex   1.860860e+01 4.292986e+01 4.355089e+00
      vertex   1.862515e+01 4.284296e+01 4.042095e+00
      vertex   1.684845e+01 5.217065e+01 4.000000e-01
    endloop
  endfacet
  facet normal 9.823386e-01 1.871121e-01 2.145923e-15
    outer loop
      vertex   1.684845e+01 5.217065e+01 4.000000e-01
      vertex   1.862515e+01 4.284296e+01 4.042095e+00
      vertex   1.864805e+01 4.272273e+01 3.740333e+00
    endloop
  endfacet
  facet normal 9.823386e-01 1.871121e-01 -2.167853e-15
    outer loop
      vertex   1.684845e+01 5.217065e+01 4.000000e-01
      vertex   1.864805e+01 4.272273e+01 3.740333e+00
      vertex   1.867703e+01 4.257057e+01 3.453338e+00
    endloop
  endfacet
  facet normal 9.823386e-01 1.871121e-01 -2.624272e-15
    outer loop
      vertex   1.867703e+01 4.257057e+01 3.453338e+00
      vertex   1.871176e+01 4.238828e+01 3.184477e+00
      vertex   1.684845e+01 5.217065e+01 4.000000e-01
    endloop
  endfacet
  facet normal 9.823386e-01 1.871121e-01 6.962687e-15
    outer loop
      vertex   1.684845e+01 5.217065e+01 4.000000e-01
      vertex   1.871176e+01 4.238828e+01 3.184477e+00
      vertex   1.875181e+01 4.217799e+01 2.936902e+00
    endloop
  endfacet
  facet normal 9.823386e-01 1.871121e-01 -2.465964e-15
    outer loop
      vertex   1.684845e+01 5.217065e+01 4.000000e-01
      vertex   1.875181e+01 4.217799e+01 2.936902e+00
      vertex   1.879673e+01 4.194216e+01 2.713514e+00
    endloop
  endfacet
  facet normal 9.823386e-01 1.871121e-01 1.797492e-15
    outer loop
      vertex   1.879673e+01 4.194216e+01 2.713514e+00
      vertex   1.884599e+01 4.168356e+01 2.516933e+00
      vertex   1.684845e+01 5.217065e+01 4.000000e-01
    endloop
  endfacet
  facet normal 9.823386e-01 1.871121e-01 4.463861e-15
    outer loop
      vertex   1.684845e+01 5.217065e+01 4.000000e-01
      vertex   1.884599e+01 4.168356e+01 2.516933e+00
      vertex   1.889900e+01 4.140523e+01 2.349464e+00
    endloop
  endfacet
  facet normal 9.823386e-01 1.871121e-01 -1.195743e-14
    outer loop
      vertex   1.684845e+01 5.217065e+01 4.000000e-01
      vertex   1.889900e+01 4.140523e+01 2.349464e+00
      vertex   1.895516e+01 4.111041e+01 2.213070e+00
    endloop
  endfacet
  facet normal 9.823386e-01 1.871121e-01 -4.412904e-15
    outer loop
      vertex   1.895516e+01 4.111041e+01 2.213070e+00
      vertex   1.901379e+01 4.080259e+01 2.109350e+00
      vertex   1.684845e+01 5.217065e+01 4.000000e-01
    endloop
  endfacet
  facet normal 9.823386e-01 1.871121e-01 2.089645e-14
    outer loop
      vertex   1.684845e+01 5.217065e+01 4.000000e-01
      vertex   1.901379e+01 4.080259e+01 2.109350e+00
      vertex   1.907422e+01 4.048535e+01 2.039520e+00
    endloop
  endfacet
  facet normal 9.823386e-01 1.871121e-01 -2.599341e-14
    outer loop
      vertex   1.684845e+01 5.217065e+01 4.000000e-01
      vertex   1.907422e+01 4.048535e+01 2.039520e+00
      vertex   1.913573e+01 4.016242e+01 2.004400e+00
    endloop
  endfacet
  facet normal 9.823386e-01 1.871121e-01 2.594895e-14
    outer loop
      vertex   1.913573e+01 4.016242e+01 2.004400e+00
      vertex   1.919760e+01 3.983758e+01 2.004400e+00
      vertex   1.684845e+01 5.217065e+01 4.000000e-01
    endloop
  endfacet
  facet normal 9.823386e-01 1.871121e-01 5.168010e-15
    outer loop
      vertex   1.931954e+01 3.919741e+01 2.109350e+00
      vertex   1.937817e+01 3.888959e+01 2.213070e+00
      vertex   2.250000e+01 2.250000e+01 4.000000e-01
    endloop
  endfacet
  facet normal 9.823386e-01 1.871121e-01 1.259937e-14
    outer loop
      vertex   2.250000e+01 2.250000e+01 4.000000e-01
      vertex   1.937817e+01 3.888959e+01 2.213070e+00
      vertex   1.943433e+01 3.859477e+01 2.349464e+00
    endloop
  endfacet
  facet normal 9.823386e-01 1.871121e-01 -1.724514e-14
    outer loop
      vertex   2.250000e+01 2.250000e+01 4.000000e-01
      vertex   1.943433e+01 3.859477e+01 2.349464e+00
      vertex   1.948734e+01 3.831644e+01 2.516933e+00
    endloop
  endfacet
  facet normal 9.823386e-01 1.871121e-01 7.337093e-15
    outer loop
      vertex   1.948734e+01 3.831644e+01 2.516933e+00
      vertex   1.953660e+01 3.805784e+01 2.713514e+00
      vertex   2.250000e+01 2.250000e+01 4.000000e-01
    endloop
  endfacet
  facet normal 9.823386e-01 1.871121e-01 -1.041517e-14
    outer loop
      vertex   2.250000e+01 2.250000e+01 4.000000e-01
      vertex   1.953660e+01 3.805784e+01 2.713514e+00
      vertex   1.958152e+01 3.782201e+01 2.936902e+00
    endloop
  endfacet
  facet normal 9.823386e-01 1.871121e-01 6.452670e-15
    outer loop
      vertex   2.250000e+01 2.250000e+01 4.000000e-01
      vertex   1.958152e+01 3.782201e+01 2.936902e+00
      vertex   1.962158e+01 3.761172e+01 3.184477e+00
    endloop
  endfacet
  facet normal 9.823386e-01 1.871121e-01 2.839557e-15
    outer loop
      vertex   1.962158e+01 3.761172e+01 3.184477e+00
      vertex   1.965630e+01 3.742943e+01 3.453338e+00
      vertex   2.250000e+01 2.250000e+01 4.000000e-01
    endloop
  endfacet
  facet normal 9.823386e-01 1.871121e-01 -1.469695e-15
    outer loop
      vertex   2.250000e+01 2.250000e+01 4.000000e-01
      vertex   1.965630e+01 3.742943e+01 3.453338e+00
      vertex   1.968528e+01 3.727727e+01 3.740333e+00
    endloop
  endfacet
  facet normal 9.823386e-01 1.871121e-01 2.871899e-15
    outer loop
      vertex   2.250000e+01 2.250000e+01 4.000000e-01
      vertex   1.968528e+01 3.727727e+01 3.740333e+00
      vertex   1.970818e+01 3.715704e+01 4.042095e+00
    endloop
  endfacet
  facet normal 9.823386e-01 1.871121e-01 5.559754e-17
    outer loop
      vertex   1.970818e+01 3.715704e+01 4.042095e+00
      vertex   1.972474e+01 3.707014e+01 4.355089e+00
      vertex   2.250000e+01 2.250000e+01 4.000000e-01
    endloop
  endfacet
  facet normal 9.823386e-01 1.871121e-01 4.292379e-15
    outer loop
      vertex   2.250000e+01 2.250000e+01 4.000000e-01
      vertex   1.972474e+01 3.707014e+01 4.355089e+00
      vertex   1.973475e+01 3.701759e+01 4.675643e+00
    endloop
  endfacet
  facet normal 9.823386e-01 1.871121e-01 1.021296e-14
    outer loop
      vertex   2.250000e+01 2.250000e+01 4.000000e-01
      vertex   1.973475e+01 3.701759e+01 4.675643e+00
      vertex   1.973810e+01 3.700000e+01 5.000000e+00
    endloop
  endfacet
  facet normal 1.000000e+00 0.000000e+00 0.000000e+00
    outer loop
      vertex   2.250000e+01 2.250000e+01 9.598005e+00
      vertex   2.250000e+01 -1.850000e+01 5.498005e+00
      vertex   2.250000e+01 2.250000e+01 4.000000e-01
    endloop
  endfacet
  facet normal 1.000000e+00 0.000000e+00 0.000000e+00
    outer loop
      vertex   2.250000e+01 2.250000e+01 4.000000e-01
      vertex   2.250000e+01 -1.850000e+01 5.498005e+00
      vertex   2.250000e+01 -1.850000e+01 4.000000e-01
    endloop
  endfacet
  facet normal 7.071068e-01 -7.071068e-01 0.000000e+00
    outer loop
      vertex   2.250000e+01 -1.850000e+01 5.498005e+00
      vertex   2.249901e+01 -1.850099e+01 5.498902e+00
      vertex   2.250000e+01 -1.850000e+01 4.000000e-01
    endloop
  endfacet
  facet normal 7.071068e-01 -7.071068e-01 9.855933e-16
    outer loop
      vertex   2.250000e+01 -1.850000e+01 4.000000e-01
      vertex   2.249901e+01 -1.850099e+01 5.498902e+00
      vertex   1.850000e+01 -2.250000e+01 5.099001e+00
    endloop
  endfacet
  facet normal 7.071068e-01 -7.071068e-01 0.000000e+00
    outer loop
      vertex   2.250000e+01 -1.850000e+01 4.000000e-01
      vertex   1.850000e+01 -2.250000e+01 5.099001e+00
      vertex   1.850000e+01 -2.250000e+01 4.000000e-01
    endloop
  endfacet
  facet normal -0.000000e+00 -1.000000e+00 -0.000000e+00
    outer loop
      vertex   1.793572e+01 -2.250000e+01 5.500000e+00
      vertex   -1.793572e+01 -2.250000e+01 5.500000e+00
      vertex   1.850000e+01 -2.250000e+01 5.099001e+00
    endloop
  endfacet
  facet normal 0.000000e+00 -1.000000e+00 0.000000e+00
    outer loop
      vertex   1.850000e+01 -2.250000e+01 5.099001e+00
      vertex   -1.793572e+01 -2.250000e+01 5.500000e+00
      vertex   -1.850000e+01 -2.250000e+01 5.099001e+00
    endloop
  endfacet
  facet normal -0.000000e+00 -1.000000e+00 -0.000000e+00
    outer loop
      vertex   1.850000e+01 -2.250000e+01 5.099001e+00
      vertex   -1.850000e+01 -2.250000e+01 5.099001e+00
      vertex   1.850000e+01 -2.250000e+01 4.000000e-01
    endloop
  endfacet
  facet normal 0.000000e+00 -1.000000e+00 0.000000e+00
    outer loop
      vertex   1.850000e+01 -2.250000e+01 4.000000e-01
      vertex   -1.850000e+01 -2.250000e+01 5.099001e+00
      vertex   -1.850000e+01 -2.250000e+01 4.000000e-01
    endloop
  endfacet
  facet normal 7.071068e-01 -7.035975e-02 7.035975e-01
    outer loop
      vertex   -2.143015e+01 2.250000e+01 9.980050e+00
      vertex   -2.145000e+01 2.210199e+01 9.960199e+00
      vertex   -2.105000e+01 2.250000e+01 9.598005e+00
    endloop
  endfacet
  facet normal 7.071068e-01 -7.035975e-02 7.035975e-01
    outer loop
      vertex   -2.105000e+01 2.250000e+01 9.598005e+00
      vertex   -2.145000e+01 2.210199e+01 9.960199e+00
      vertex   -2.145000e+01 -1.898572e+01 5.851428e+00
    endloop
  endfacet
  facet normal 7.071068e-01 -7.035975e-02 7.035975e-01
    outer loop
      vertex   -2.105000e+01 2.250000e+01 9.598005e+00
      vertex   -2.145000e+01 -1.898572e+01 5.851428e+00
      vertex   -2.105000e+01 -1.848005e+01 5.500000e+00
    endloop
  endfacet
  facet normal 7.071068e-01 -7.035975e-02 7.035975e-01
    outer loop
      vertex   -2.105000e+01 -1.848005e+01 5.500000e+00
      vertex   -2.145000e+01 -1.898572e+01 5.851428e+00
      vertex   -2.116805e+01 -1.966641e+01 5.500000e+00
    endloop
  endfacet
  facet normal 1.000000e+00 0.000000e+00 0.000000e+00
    outer loop
      vertex   -2.105000e+01 2.250000e+01 9.598005e+00
      vertex   -2.105000e+01 -1.848005e+01 5.500000e+00
      vertex   -2.105000e+01 2.250000e+01 5.500000e+00
    endloop
  endfacet
  facet normal -4.832870e-01 -5.512949e-01 6.800791e-01
    outer loop
      vertex   -2.145000e+01 -1.898572e+01 5.851428e+00
      vertex   -2.249901e+01 -1.850099e+01 5.498902e+00
      vertex   -2.116805e+01 -1.966641e+01 5.500000e+00
    endloop
  endfacet
  facet normal -4.832870e-01 -5.512949e-01 6.800791e-01
    outer loop
      vertex   -2.116805e+01 -1.966641e+01 5.500000e+00
      vertex   -2.249901e+01 -1.850099e+01 5.498902e+00
      vertex   -1.850000e+01 -2.250000e+01 5.099001e+00
    endloop
  endfacet
  facet normal -4.832870e-01 -5.512949e-01 6.800791e-01
    outer loop
      vertex   -2.116805e+01 -1.966641e+01 5.500000e+00
      vertex   -1.850000e+01 -2.250000e+01 5.099001e+00
      vertex   -1.793572e+01 -2.250000e+01 5.500000e+00
    endloop
  endfacet
  facet normal -4.832870e-01 -5.512949e-01 6.800791e-01
    outer loop
      vertex   -2.145000e+01 -1.898572e+01 5.851428e+00
      vertex   -2.210000e+01 -1.833572e+01 5.916428e+00
      vertex   -2.249901e+01 -1.850099e+01 5.498902e+00
    endloop
  endfacet
  facet normal -7.071068e-01 -7.035975e-02 7.035975e-01
    outer loop
      vertex   -2.249901e+01 -1.850099e+01 5.498902e+00
      vertex   -2.210000e+01 -1.833572e+01 5.916428e+00
      vertex   -2.250000e+01 2.250000e+01 9.598005e+00
    endloop
  endfacet
  facet normal -7.071068e-01 -7.035975e-02 7.035975e-01
    outer loop
      vertex   -2.250000e+01 2.250000e+01 9.598005e+00
      vertex   -2.210000e+01 -1.833572e+01 5.916428e+00
      vertex   -2.210000e+01 2.210199e+01 9.960199e+00
    endloop
  endfacet
  facet normal -7.071068e-01 -7.035975e-02 7.035975e-01
    outer loop
      vertex   -2.250000e+01 2.250000e+01 9.598005e+00
      vertex   -2.210000e+01 2.210199e+01 9.960199e+00
      vertex   -2.249870e+01 2.250685e+01 9.600000e+00
    endloop
  endfacet
  facet normal -7.071068e-01 -7.035975e-02 7.035975e-01
    outer loop
      vertex   -2.249870e+01 2.250685e+01 9.600000e+00
      vertex   -2.210000e+01 2.210199e+01 9.960199e+00
      vertex   -2.211870e+01 2.247687e+01 9.978896e+00
    endloop
  endfacet
  facet normal -7.071068e-01 -7.035975e-02 7.035975e-01
    outer loop
      vertex   -2.250000e+01 2.250000e+01 9.598005e+00
      vertex   -2.250000e+01 -1.850000e+01 5.498005e+00
      vertex   -2.249901e+01 -1.850099e+01 5.498902e+00
    endloop
  endfacet
  facet normal -7.071068e-01 -7.071068e-01 0.000000e+00
    outer loop
      vertex   -1.850000e+01 -2.250000e+01 4.000000e-01
      vertex   -1.850000e+01 -2.250000e+01 5.099001e+00
      vertex   -2.250000e+01 -1.850000e+01 4.000000e-01
    endloop
  endfacet
  facet normal -7.071068e-01 -7.071068e-01 4.927966e-16
    outer loop
      vertex   -2.250000e+01 -1.850000e+01 4.000000e-01
      vertex   -1.850000e+01 -2.250000e+01 5.099001e+00
      vertex   -2.249901e+01 -1.850099e+01 5.498902e+00
    endloop
  endfacet
  facet normal -7.071068e-01 -7.071068e-01 0.000000e+00
    outer loop
      vertex   -2.250000e+01 -1.850000e+01 4.000000e-01
      vertex   -2.249901e+01 -1.850099e+01 5.498902e+00
      vertex   -2.250000e+01 -1.850000e+01 5.498005e+00
    endloop
  endfacet
  facet normal -1.000000e+00 0.000000e+00 -0.000000e+00
    outer loop
      vertex   -2.250000e+01 2.250000e+01 9.598005e+00
      vertex   -2.250000e+01 2.250000e+01 4.000000e-01
      vertex   -2.250000e+01 -1.850000e+01 5.498005e+00
    endloop
  endfacet
  facet normal -1.000000e+00 0.000000e+00 0.000000e+00
    outer loop
      vertex   -2.250000e+01 -1.850000e+01 5.498005e+00
      vertex   -2.250000e+01 2.250000e+01 4.000000e-01
      vertex   -2.250000e+01 -1.850000e+01 4.000000e-01
    endloop
  endfacet
  facet normal -9.823386e-01 1.871121e-01 8.846657e-14
    outer loop
      vertex   -2.249870e+01 2.250685e+01 9.600000e+00
      vertex   -1.962158e+01 3.761172e+01 6.815523e+00
      vertex   -2.250000e+01 2.250000e+01 9.598005e+00
    endloop
  endfacet
  facet normal -9.823386e-01 1.871121e-01 1.527278e-15
    outer loop
      vertex   -2.250000e+01 2.250000e+01 9.598005e+00
      vertex   -1.962158e+01 3.761172e+01 6.815523e+00
      vertex   -1.965630e+01 3.742943e+01 6.546662e+00
    endloop
  endfacet
  facet normal -9.823386e-01 1.871121e-01 -2.939578e-15
    outer loop
      vertex   -2.250000e+01 2.250000e+01 9.598005e+00
      vertex   -1.965630e+01 3.742943e+01 6.546662e+00
      vertex   -1.968528e+01 3.727727e+01 6.259667e+00
    endloop
  endfacet
  facet normal -9.823386e-01 1.871121e-01 -5.866405e-16
    outer loop
      vertex   -1.684845e+01 5.217065e+01 9.600000e+00
      vertex   -1.919760e+01 3.983758e+01 7.995600e+00
      vertex   -2.249870e+01 2.250685e+01 9.600000e+00
    endloop
  endfacet
  facet normal -9.823386e-01 1.871121e-01 -1.238923e-14
    outer loop
      vertex   -2.249870e+01 2.250685e+01 9.600000e+00
      vertex   -1.919760e+01 3.983758e+01 7.995600e+00
      vertex   -1.925911e+01 3.951465e+01 7.960480e+00
    endloop
  endfacet
  facet normal -9.823386e-01 1.871121e-01 -4.087168e-15
    outer loop
      vertex   -2.249870e+01 2.250685e+01 9.600000e+00
      vertex   -1.925911e+01 3.951465e+01 7.960480e+00
      vertex   -1.931954e+01 3.919741e+01 7.890650e+00
    endloop
  endfacet
  facet normal -9.823386e-01 1.871121e-01 0.000000e+00
    outer loop
      vertex   -1.684845e+01 5.217065e+01 4.000000e-01
      vertex   -1.859524e+01 4.300000e+01 5.000000e+00
      vertex   -1.684845e+01 5.217065e+01 9.600000e+00
    endloop
  endfacet
  facet normal -9.823386e-01 1.871121e-01 -1.142207e-15
    outer loop
      vertex   -1.684845e+01 5.217065e+01 9.600000e+00
      vertex   -1.859524e+01 4.300000e+01 5.000000e+00
      vertex   -1.859859e+01 4.298241e+01 5.324357e+00
    endloop
  endfacet
  facet normal -9.823386e-01 1.871121e-01 4.403715e-15
    outer loop
      vertex   -1.684845e+01 5.217065e+01 9.600000e+00
      vertex   -1.859859e+01 4.298241e+01 5.324357e+00
      vertex   -1.860860e+01 4.292986e+01 5.644911e+00
    endloop
  endfacet
  facet normal -9.823386e-01 1.871121e-01 8.797577e-16
    outer loop
      vertex   -2.250000e+01 2.250000e+01 4.000000e-01
      vertex   -1.919760e+01 3.983758e+01 2.004400e+00
      vertex   -1.684845e+01 5.217065e+01 4.000000e-01
    endloop
  endfacet
  facet normal -9.823386e-01 1.871121e-01 1.339301e-14
    outer loop
      vertex   -1.684845e+01 5.217065e+01 4.000000e-01
      vertex   -1.919760e+01 3.983758e+01 2.004400e+00
      vertex   -1.913573e+01 4.016242e+01 2.004400e+00
    endloop
  endfacet
  facet normal -9.823386e-01 1.871121e-01 3.342010e-14
    outer loop
      vertex   -1.684845e+01 5.217065e+01 4.000000e-01
      vertex   -1.913573e+01 4.016242e+01 2.004400e+00
      vertex   -1.907422e+01 4.048535e+01 2.039520e+00
    endloop
  endfacet
  facet normal -9.823386e-01 1.871121e-01 0.000000e+00
    outer loop
      vertex   -2.250000e+01 2.250000e+01 9.598005e+00
      vertex   -1.973810e+01 3.700000e+01 5.000000e+00
      vertex   -2.250000e+01 2.250000e+01 4.000000e-01
    endloop
  endfacet
  facet normal -9.823386e-01 1.871121e-01 -1.167195e-14
    outer loop
      vertex   -2.250000e+01 2.250000e+01 4.000000e-01
      vertex   -1.973810e+01 3.700000e+01 5.000000e+00
      vertex   -1.973475e+01 3.701759e+01 4.675643e+00
    endloop
  endfacet
  facet normal -9.823386e-01 1.871121e-01 4.292379e-15
    outer loop
      vertex   -2.250000e+01 2.250000e+01 4.000000e-01
      vertex   -1.973475e+01 3.701759e+01 4.675643e+00
      vertex   -1.972474e+01 3.707014e+01 4.355089e+00
    endloop
  endfacet
  facet normal -9.823386e-01 1.871121e-01 -7.644662e-15
    outer loop
      vertex   -1.972474e+01 3.707014e+01 4.355089e+00
      vertex   -1.970818e+01 3.715704e+01 4.042095e+00
      vertex   -2.250000e+01 2.250000e+01 4.000000e-01
    endloop
  endfacet
  facet normal -9.823386e-01 1.871121e-01 1.005165e-14
    outer loop
      vertex   -2.250000e+01 2.250000e+01 4.000000e-01
      vertex   -1.970818e+01 3.715704e+01 4.042095e+00
      vertex   -1.968528e+01 3.727727e+01 3.740333e+00
    endloop
  endfacet
  facet normal -9.823386e-01 1.871121e-01 2.939390e-15
    outer loop
      vertex   -2.250000e+01 2.250000e+01 4.000000e-01
      vertex   -1.968528e+01 3.727727e+01 3.740333e+00
      vertex   -1.965630e+01 3.742943e+01 3.453338e+00
    endloop
  endfacet
  facet normal -9.823386e-01 1.871121e-01 -1.908946e-15
    outer loop
      vertex   -1.965630e+01 3.742943e+01 3.453338e+00
      vertex   -1.962158e+01 3.761172e+01 3.184477e+00
      vertex   -2.250000e+01 2.250000e+01 4.000000e-01
    endloop
  endfacet
  facet normal -9.823386e-01 1.871121e-01 -4.839503e-15
    outer loop
      vertex   -2.250000e+01 2.250000e+01 4.000000e-01
      vertex   -1.962158e+01 3.761172e+01 3.184477e+00
      vertex   -1.958152e+01 3.782201e+01 2.936902e+00
    endloop
  endfacet
  facet normal -9.823386e-01 1.871121e-01 8.679305e-15
    outer loop
      vertex   -2.250000e+01 2.250000e+01 4.000000e-01
      vertex   -1.958152e+01 3.782201e+01 2.936902e+00
      vertex   -1.953660e+01 3.805784e+01 2.713514e+00
    endloop
  endfacet
  facet normal -9.823386e-01 1.871121e-01 -3.936977e-15
    outer loop
      vertex   -1.953660e+01 3.805784e+01 2.713514e+00
      vertex   -1.948734e+01 3.831644e+01 2.516933e+00
      vertex   -2.250000e+01 2.250000e+01 4.000000e-01
    endloop
  endfacet
  facet normal -9.823386e-01 1.871121e-01 -2.155642e-15
    outer loop
      vertex   -2.250000e+01 2.250000e+01 4.000000e-01
      vertex   -1.948734e+01 3.831644e+01 2.516933e+00
      vertex   -1.943433e+01 3.859477e+01 2.349464e+00
    endloop
  endfacet
  facet normal -9.823386e-01 1.871121e-01 -7.559622e-15
    outer loop
      vertex   -2.250000e+01 2.250000e+01 4.000000e-01
      vertex   -1.943433e+01 3.859477e+01 2.349464e+00
      vertex   -1.937817e+01 3.888959e+01 2.213070e+00
    endloop
  endfacet
  facet normal -9.823386e-01 1.871121e-01 7.051677e-15
    outer loop
      vertex   -1.937817e+01 3.888959e+01 2.213070e+00
      vertex   -1.931954e+01 3.919741e+01 2.109350e+00
      vertex   -2.250000e+01 2.250000e+01 4.000000e-01
    endloop
  endfacet
  facet normal -9.823386e-01 1.871121e-01 8.172049e-15
    outer loop
      vertex   -2.250000e+01 2.250000e+01 4.000000e-01
      vertex   -1.931954e+01 3.919741e+01 2.109350e+00
      vertex   -1.925911e+01 3.951465e+01 2.039520e+00
    endloop
  endfacet
  facet normal -9.823386e-01 1.871121e-01 1.238659e-14
    outer loop
      vertex   -2.250000e+01 2.250000e+01 4.000000e-01
      vertex   -1.925911e+01 3.951465e+01 2.039520e+00
      vertex   -1.919760e+01 3.983758e+01 2.004400e+00
    endloop
  endfacet
  facet normal -9.823386e-01 1.871121e-01 -4.587424e-14
    outer loop
      vertex   -1.907422e+01 4.048535e+01 2.039520e+00
      vertex   -1.901379e+01 4.080259e+01 2.109350e+00
      vertex   -1.684845e+01 5.217065e+01 4.000000e-01
    endloop
  endfacet
  facet normal -9.823386e-01 1.871121e-01 2.660533e-14
    outer loop
      vertex   -1.684845e+01 5.217065e+01 4.000000e-01
      vertex   -1.901379e+01 4.080259e+01 2.109350e+00
      vertex   -1.895516e+01 4.111041e+01 2.213070e+00
    endloop
  endfacet
  facet normal -9.823386e-01 1.871121e-01 -1.195743e-14
    outer loop
      vertex   -1.684845e+01 5.217065e+01 4.000000e-01
      vertex   -1.895516e+01 4.111041e+01 2.213070e+00
      vertex   -1.889900e+01 4.140523e+01 2.349464e+00
    endloop
  endfacet
  facet normal -9.823386e-01 1.871121e-01 9.671699e-15
    outer loop
      vertex   -1.889900e+01 4.140523e+01 2.349464e+00
      vertex   -1.884599e+01 4.168356e+01 2.516933e+00
      vertex   -1.684845e+01 5.217065e+01 4.000000e-01
    endloop
  endfacet
  facet normal -9.823386e-01 1.871121e-01 -6.688341e-15
    outer loop
      vertex   -1.684845e+01 5.217065e+01 4.000000e-01
      vertex   -1.884599e+01 4.168356e+01 2.516933e+00
      vertex   -1.879673e+01 4.194216e+01 2.713514e+00
    endloop
  endfacet
  facet normal -9.823386e-01 1.871121e-01 8.630875e-15
    outer loop
      vertex   -1.684845e+01 5.217065e+01 4.000000e-01
      vertex   -1.879673e+01 4.194216e+01 2.713514e+00
      vertex   -1.875181e+01 4.217799e+01 2.936902e+00
    endloop
  endfacet
  facet normal -9.823386e-01 1.871121e-01 -7.270931e-15
    outer loop
      vertex   -1.875181e+01 4.217799e+01 2.936902e+00
      vertex   -1.871176e+01 4.238828e+01 3.184477e+00
      vertex   -1.684845e+01 5.217065e+01 4.000000e-01
    endloop
  endfacet
  facet normal -9.823386e-01 1.871121e-01 2.224548e-15
    outer loop
      vertex   -1.684845e+01 5.217065e+01 4.000000e-01
      vertex   -1.871176e+01 4.238828e+01 3.184477e+00
      vertex   -1.867703e+01 4.257057e+01 3.453338e+00
    endloop
  endfacet
  facet normal -9.823386e-01 1.871121e-01 -6.503558e-15
    outer loop
      vertex   -1.684845e+01 5.217065e+01 4.000000e-01
      vertex   -1.867703e+01 4.257057e+01 3.453338e+00
      vertex   -1.864805e+01 4.272273e+01 3.740333e+00
    endloop
  endfacet
  facet normal -9.823386e-01 1.871121e-01 1.528132e-14
    outer loop
      vertex   -1.864805e+01 4.272273e+01 3.740333e+00
      vertex   -1.862515e+01 4.284296e+01 4.042095e+00
      vertex   -1.684845e+01 5.217065e+01 4.000000e-01
    endloop
  endfacet
  facet normal -9.823386e-01 1.871121e-01 -2.156958e-15
    outer loop
      vertex   -1.684845e+01 5.217065e+01 4.000000e-01
      vertex   -1.862515e+01 4.284296e+01 4.042095e+00
      vertex   -1.860860e+01 4.292986e+01 4.355089e+00
    endloop
  endfacet
  facet normal -9.823386e-01 1.871121e-01 -4.403715e-15
    outer loop
      vertex   -1.684845e+01 5.217065e+01 4.000000e-01
      vertex   -1.860860e+01 4.292986e+01 4.355089e+00
      vertex   -1.859859e+01 4.298241e+01 4.675643e+00
    endloop
  endfacet
  facet normal -9.823386e-01 1.871121e-01 8.666942e-16
    outer loop
      vertex   -1.859859e+01 4.298241e+01 4.675643e+00
      vertex   -1.859524e+01 4.300000e+01 5.000000e+00
      vertex   -1.684845e+01 5.217065e+01 4.000000e-01
    endloop
  endfacet
  facet normal -9.823386e-01 1.871121e-01 -7.498799e-15
    outer loop
      vertex   -1.860860e+01 4.292986e+01 5.644911e+00
      vertex   -1.862515e+01 4.284296e+01 5.957905e+00
      vertex   -1.684845e+01 5.217065e+01 9.600000e+00
    endloop
  endfacet
  facet normal -9.823386e-01 1.871121e-01 -5.364808e-15
    outer loop
      vertex   -1.684845e+01 5.217065e+01 9.600000e+00
      vertex   -1.862515e+01 4.284296e+01 5.957905e+00
      vertex   -1.864805e+01 4.272273e+01 6.259667e+00
    endloop
  endfacet
  facet normal -9.823386e-01 1.871121e-01 6.503558e-15
    outer loop
      vertex   -1.684845e+01 5.217065e+01 9.600000e+00
      vertex   -1.864805e+01 4.272273e+01 6.259667e+00
      vertex   -1.867703e+01 4.257057e+01 6.546662e+00
    endloop
  endfacet
  facet normal -9.823386e-01 1.871121e-01 -1.963859e-15
    outer loop
      vertex   -1.867703e+01 4.257057e+01 6.546662e+00
      vertex   -1.871176e+01 4.238828e+01 6.815523e+00
      vertex   -1.684845e+01 5.217065e+01 9.600000e+00
    endloop
  endfacet
  facet normal -9.823386e-01 1.871121e-01 6.962687e-15
    outer loop
      vertex   -1.684845e+01 5.217065e+01 9.600000e+00
      vertex   -1.871176e+01 4.238828e+01 6.815523e+00
      vertex   -1.875181e+01 4.217799e+01 7.063098e+00
    endloop
  endfacet
  facet normal -9.823386e-01 1.871121e-01 -3.698946e-15
    outer loop
      vertex   -1.684845e+01 5.217065e+01 9.600000e+00
      vertex   -1.875181e+01 4.217799e+01 7.063098e+00
      vertex   -1.879673e+01 4.194216e+01 7.286486e+00
    endloop
  endfacet
  facet normal -9.823386e-01 1.871121e-01 1.295866e-15
    outer loop
      vertex   -1.879673e+01 4.194216e+01 7.286486e+00
      vertex   -1.884599e+01 4.168356e+01 7.483067e+00
      vertex   -1.684845e+01 5.217065e+01 9.600000e+00
    endloop
  endfacet
  facet normal -9.823386e-01 1.871121e-01 -8.927722e-15
    outer loop
      vertex   -1.684845e+01 5.217065e+01 9.600000e+00
      vertex   -1.884599e+01 4.168356e+01 7.483067e+00
      vertex   -1.889900e+01 4.140523e+01 7.650536e+00
    endloop
  endfacet
  facet normal -9.823386e-01 1.871121e-01 1.195743e-14
    outer loop
      vertex   -1.684845e+01 5.217065e+01 9.600000e+00
      vertex   -1.889900e+01 4.140523e+01 7.650536e+00
      vertex   -1.895516e+01 4.111041e+01 7.786930e+00
    endloop
  endfacet
  facet normal -9.823386e-01 1.871121e-01 -1.733184e-14
    outer loop
      vertex   -1.895516e+01 4.111041e+01 7.786930e+00
      vertex   -1.901379e+01 4.080259e+01 7.890650e+00
      vertex   -1.684845e+01 5.217065e+01 9.600000e+00
    endloop
  endfacet
  facet normal -9.823386e-01 1.871121e-01 3.395674e-14
    outer loop
      vertex   -1.684845e+01 5.217065e+01 9.600000e+00
      vertex   -1.901379e+01 4.080259e+01 7.890650e+00
      vertex   -1.907422e+01 4.048535e+01 7.960480e+00
    endloop
  endfacet
  facet normal -9.823386e-01 1.871121e-01 -3.342010e-14
    outer loop
      vertex   -1.684845e+01 5.217065e+01 9.600000e+00
      vertex   -1.907422e+01 4.048535e+01 7.960480e+00
      vertex   -1.913573e+01 4.016242e+01 7.995600e+00
    endloop
  endfacet
  facet normal -9.823386e-01 1.871121e-01 -1.109108e-14
    outer loop
      vertex   -1.913573e+01 4.016242e+01 7.995600e+00
      vertex   -1.919760e+01 3.983758e+01 7.995600e+00
      vertex   -1.684845e+01 5.217065e+01 9.600000e+00
    endloop
  endfacet
  facet normal -9.823386e-01 1.871121e-01 -7.005581e-15
    outer loop
      vertex   -1.931954e+01 3.919741e+01 7.890650e+00
      vertex   -1.937817e+01 3.888959e+01 7.786930e+00
      vertex   -2.249870e+01 2.250685e+01 9.600000e+00
    endloop
  endfacet
  facet normal -9.823386e-01 1.871121e-01 7.562171e-15
    outer loop
      vertex   -2.249870e+01 2.250685e+01 9.600000e+00
      vertex   -1.937817e+01 3.888959e+01 7.786930e+00
      vertex   -1.943433e+01 3.859477e+01 7.650536e+00
    endloop
  endfacet
  facet normal -9.823386e-01 1.871121e-01 4.312812e-15
    outer loop
      vertex   -2.249870e+01 2.250685e+01 9.600000e+00
      vertex   -1.943433e+01 3.859477e+01 7.650536e+00
      vertex   -1.948734e+01 3.831644e+01 7.483067e+00
    endloop
  endfacet
  facet normal -9.823386e-01 1.871121e-01 3.968263e-15
    outer loop
      vertex   -1.948734e+01 3.831644e+01 7.483067e+00
      vertex   -1.953660e+01 3.805784e+01 7.286486e+00
      vertex   -2.249870e+01 2.250685e+01 9.600000e+00
    endloop
  endfacet
  facet normal -9.823386e-01 1.871121e-01 -8.682607e-15
    outer loop
      vertex   -2.249870e+01 2.250685e+01 9.600000e+00
      vertex   -1.953660e+01 3.805784e+01 7.286486e+00
      vertex   -1.958152e+01 3.782201e+01 7.063098e+00
    endloop
  endfacet
  facet normal -9.823386e-01 1.871121e-01 3.227599e-15
    outer loop
      vertex   -2.249870e+01 2.250685e+01 9.600000e+00
      vertex   -1.958152e+01 3.782201e+01 7.063098e+00
      vertex   -1.962158e+01 3.761172e+01 6.815523e+00
    endloop
  endfacet
  facet normal -9.823386e-01 1.871121e-01 -9.311696e-15
    outer loop
      vertex   -1.968528e+01 3.727727e+01 6.259667e+00
      vertex   -1.970818e+01 3.715704e+01 5.957905e+00
      vertex   -2.250000e+01 2.250000e+01 9.598005e+00
    endloop
  endfacet
  facet normal -9.823386e-01 1.871121e-01 7.116737e-15
    outer loop
      vertex   -2.250000e+01 2.250000e+01 9.598005e+00
      vertex   -1.970818e+01 3.715704e+01 5.957905e+00
      vertex   -1.972474e+01 3.707014e+01 5.644911e+00
    endloop
  endfacet
  facet normal -9.823386e-01 1.871121e-01 -4.292471e-15
    outer loop
      vertex   -2.250000e+01 2.250000e+01 9.598005e+00
      vertex   -1.972474e+01 3.707014e+01 5.644911e+00
      vertex   -1.973475e+01 3.701759e+01 5.324357e+00
    endloop
  endfacet
  facet normal -9.823386e-01 1.871121e-01 1.143552e-14
    outer loop
      vertex   -1.973475e+01 3.701759e+01 5.324357e+00
      vertex   -1.973810e+01 3.700000e+01 5.000000e+00
      vertex   -2.250000e+01 2.250000e+01 9.598005e+00
    endloop
  endfacet
  facet normal -6.946183e-01 1.323082e-01 7.071068e-01
    outer loop
      vertex   -2.211870e+01 2.247687e+01 9.978896e+00
      vertex   -2.201662e+01 2.290000e+01 1.000000e+01
      vertex   -2.249870e+01 2.250685e+01 9.600000e+00
    endloop
  endfacet
  facet normal -6.946183e-01 1.323082e-01 7.071068e-01
    outer loop
      vertex   -2.249870e+01 2.250685e+01 9.600000e+00
      vertex   -2.201662e+01 2.290000e+01 1.000000e+01
      vertex   -1.684845e+01 5.217065e+01 9.600000e+00
    endloop
  endfacet
  facet normal -6.946183e-01 1.323082e-01 7.071068e-01
    outer loop
      vertex   -1.684845e+01 5.217065e+01 9.600000e+00
      vertex   -2.201662e+01 2.290000e+01 1.000000e+01
      vertex   -1.648246e+01 5.195431e+01 1.000000e+01
    endloop
  endfacet
  facet normal -4.508015e-01 5.447734e-01 7.071068e-01
    outer loop
      vertex   -1.684845e+01 5.217065e+01 9.600000e+00
      vertex   -1.648246e+01 5.195431e+01 1.000000e+01
      vertex   -1.210000e+01 5.610000e+01 9.600000e+00
    endloop
  endfacet
  facet normal -4.508015e-01 5.447734e-01 7.071068e-01
    outer loop
      vertex   -1.210000e+01 5.610000e+01 9.600000e+00
      vertex   -1.648246e+01 5.195431e+01 1.000000e+01
      vertex   -1.195596e+01 5.570000e+01 1.000000e+01
    endloop
  endfacet
  facet normal 0.000000e+00 7.071068e-01 7.071068e-01
    outer loop
      vertex   1.210000e+01 5.610000e+01 9.600000e+00
      vertex   -1.210000e+01 5.610000e+01 9.600000e+00
      vertex   1.195596e+01 5.570000e+01 1.000000e+01
    endloop
  endfacet
  facet normal 0.000000e+00 7.071068e-01 7.071068e-01
    outer loop
      vertex   1.195596e+01 5.570000e+01 1.000000e+01
      vertex   -1.210000e+01 5.610000e+01 9.600000e+00
      vertex   -1.195596e+01 5.570000e+01 1.000000e+01
    endloop
  endfacet
  facet normal 4.508015e-01 5.447734e-01 7.071068e-01
    outer loop
      vertex   1.684845e+01 5.217065e+01 9.600000e+00
      vertex   1.210000e+01 5.610000e+01 9.600000e+00
      vertex   1.648246e+01 5.195431e+01 1.000000e+01
    endloop
  endfacet
  facet normal 4.508015e-01 5.447734e-01 7.071068e-01
    outer loop
      vertex   1.648246e+01 5.195431e+01 1.000000e+01
      vertex   1.210000e+01 5.610000e+01 9.600000e+00
      vertex   1.195596e+01 5.570000e+01 1.000000e+01
    endloop
  endfacet
  facet normal -6.375296e-01 7.704259e-01 0.000000e+00
    outer loop
      vertex   -1.210000e+01 5.610000e+01 9.600000e+00
      vertex   -1.210000e+01 5.610000e+01 4.000000e-01
      vertex   -1.684845e+01 5.217065e+01 9.600000e+00
    endloop
  endfacet
  facet normal -6.375296e-01 7.704259e-01 0.000000e+00
    outer loop
      vertex   -1.684845e+01 5.217065e+01 9.600000e+00
      vertex   -1.210000e+01 5.610000e+01 4.000000e-01
      vertex   -1.684845e+01 5.217065e+01 4.000000e-01
    endloop
  endfacet
  facet normal 0.000000e+00 1.000000e+00 0.000000e+00
    outer loop
      vertex   -2.981792e+00 5.610000e+01 4.669975e+00
      vertex   -1.210000e+01 5.610000e+01 4.000000e-01
      vertex   -3.000000e+00 5.610000e+01 5.000000e+00
    endloop
  endfacet
  facet normal 0.000000e+00 1.000000e+00 0.000000e+00
    outer loop
      vertex   -3.000000e+00 5.610000e+01 5.000000e+00
      vertex   -1.210000e+01 5.610000e+01 4.000000e-01
      vertex   -1.210000e+01 5.610000e+01 9.600000e+00
    endloop
  endfacet
  facet normal 0.000000e+00 1.000000e+00 -0.000000e+00
    outer loop
      vertex   -3.000000e+00 5.610000e+01 5.000000e+00
      vertex   -1.210000e+01 5.610000e+01 9.600000e+00
      vertex   -2.981792e+00 5.610000e+01 5.330025e+00
    endloop
  endfacet
  facet normal 0.000000e+00 1.000000e+00 -0.000000e+00
    outer loop
      vertex   -2.981792e+00 5.610000e+01 5.330025e+00
      vertex   -1.210000e+01 5.610000e+01 9.600000e+00
      vertex   -2.927389e+00 5.610000e+01 5.656043e+00
    endloop
  endfacet
  facet normal 0.000000e+00 1.000000e+00 -0.000000e+00
    outer loop
      vertex   -2.927389e+00 5.610000e+01 5.656043e+00
      vertex   -1.210000e+01 5.610000e+01 9.600000e+00
      vertex   -2.837452e+00 5.610000e+01 5.974098e+00
    endloop
  endfacet
  facet normal 0.000000e+00 1.000000e+00 -0.000000e+00
    outer loop
      vertex   -2.837452e+00 5.610000e+01 5.974098e+00
      vertex   -1.210000e+01 5.610000e+01 9.600000e+00
      vertex   -2.713071e+00 5.610000e+01 6.280329e+00
    endloop
  endfacet
  facet normal 0.000000e+00 1.000000e+00 -0.000000e+00
    outer loop
      vertex   -2.713071e+00 5.610000e+01 6.280329e+00
      vertex   -1.210000e+01 5.610000e+01 9.600000e+00
      vertex   -2.555758e+00 5.610000e+01 6.571019e+00
    endloop
  endfacet
  facet normal 0.000000e+00 1.000000e+00 -0.000000e+00
    outer loop
      vertex   -2.555758e+00 5.610000e+01 6.571019e+00
      vertex   -1.210000e+01 5.610000e+01 9.600000e+00
      vertex   -2.367422e+00 5.610000e+01 6.842638e+00
    endloop
  endfacet
  facet normal 0.000000e+00 1.000000e+00 -0.000000e+00
    outer loop
      vertex   -2.367422e+00 5.610000e+01 6.842638e+00
      vertex   -1.210000e+01 5.610000e+01 9.600000e+00
      vertex   -2.150348e+00 5.610000e+01 7.091890e+00
    endloop
  endfacet
  facet normal 0.000000e+00 1.000000e+00 -0.000000e+00
    outer loop
      vertex   -2.150348e+00 5.610000e+01 7.091890e+00
      vertex   -1.210000e+01 5.610000e+01 9.600000e+00
      vertex   -1.907171e+00 5.610000e+01 7.315750e+00
    endloop
  endfacet
  facet normal 0.000000e+00 1.000000e+00 -0.000000e+00
    outer loop
      vertex   -1.907171e+00 5.610000e+01 7.315750e+00
      vertex   -1.210000e+01 5.610000e+01 9.600000e+00
      vertex   -1.640844e+00 5.610000e+01 7.511499e+00
    endloop
  endfacet
  facet normal 0.000000e+00 1.000000e+00 -0.000000e+00
    outer loop
      vertex   -1.640844e+00 5.610000e+01 7.511499e+00
      vertex   -1.210000e+01 5.610000e+01 9.600000e+00
      vertex   -1.354600e+00 5.610000e+01 7.676763e+00
    endloop
  endfacet
  facet normal 0.000000e+00 1.000000e+00 -0.000000e+00
    outer loop
      vertex   -1.354600e+00 5.610000e+01 7.676763e+00
      vertex   -1.210000e+01 5.610000e+01 9.600000e+00
      vertex   -1.051913e+00 5.610000e+01 7.809534e+00
    endloop
  endfacet
  facet normal 0.000000e+00 1.000000e+00 -0.000000e+00
    outer loop
      vertex   -1.051913e+00 5.610000e+01 7.809534e+00
      vertex   -1.210000e+01 5.610000e+01 9.600000e+00
      vertex   -7.364565e-01 5.610000e+01 7.908201e+00
    endloop
  endfacet
  facet normal 0.000000e+00 1.000000e+00 -0.000000e+00
    outer loop
      vertex   -7.364565e-01 5.610000e+01 7.908201e+00
      vertex   -1.210000e+01 5.610000e+01 9.600000e+00
      vertex   -4.120607e-01 5.610000e+01 7.971566e+00
    endloop
  endfacet
  facet normal 0.000000e+00 1.000000e+00 -0.000000e+00
    outer loop
      vertex   -4.120607e-01 5.610000e+01 7.971566e+00
      vertex   -1.210000e+01 5.610000e+01 9.600000e+00
      vertex   -8.266303e-02 5.610000e+01 7.998861e+00
    endloop
  endfacet
  facet normal 0.000000e+00 1.000000e+00 -0.000000e+00
    outer loop
      vertex   -8.266303e-02 5.610000e+01 7.998861e+00
      vertex   -1.210000e+01 5.610000e+01 9.600000e+00
      vertex   1.210000e+01 5.610000e+01 9.600000e+00
    endloop
  endfacet
  facet normal -0.000000e+00 1.000000e+00 0.000000e+00
    outer loop
      vertex   -8.266303e-02 5.610000e+01 7.998861e+00
      vertex   1.210000e+01 5.610000e+01 9.600000e+00
      vertex   2.477380e-01 5.610000e+01 7.989753e+00
    endloop
  endfacet
  facet normal -0.000000e+00 1.000000e+00 0.000000e+00
    outer loop
      vertex   2.477380e-01 5.610000e+01 7.989753e+00
      vertex   1.210000e+01 5.610000e+01 9.600000e+00
      vertex   5.751319e-01 5.610000e+01 7.944354e+00
    endloop
  endfacet
  facet normal -0.000000e+00 1.000000e+00 0.000000e+00
    outer loop
      vertex   5.751319e-01 5.610000e+01 7.944354e+00
      vertex   1.210000e+01 5.610000e+01 9.600000e+00
      vertex   8.955444e-01 5.610000e+01 7.863215e+00
    endloop
  endfacet
  facet normal -0.000000e+00 1.000000e+00 0.000000e+00
    outer loop
      vertex   8.955444e-01 5.610000e+01 7.863215e+00
      vertex   1.210000e+01 5.610000e+01 9.600000e+00
      vertex   1.205086e+00 5.610000e+01 7.747320e+00
    endloop
  endfacet
  facet normal -0.000000e+00 1.000000e+00 0.000000e+00
    outer loop
      vertex   1.205086e+00 5.610000e+01 7.747320e+00
      vertex   1.210000e+01 5.610000e+01 9.600000e+00
      vertex   1.500000e+00 5.610000e+01 7.598076e+00
    endloop
  endfacet
  facet normal -0.000000e+00 1.000000e+00 0.000000e+00
    outer loop
      vertex   1.500000e+00 5.610000e+01 7.598076e+00
      vertex   1.210000e+01 5.610000e+01 9.600000e+00
      vertex   1.776706e+00 5.610000e+01 7.417295e+00
    endloop
  endfacet
  facet normal -0.000000e+00 1.000000e+00 0.000000e+00
    outer loop
      vertex   1.776706e+00 5.610000e+01 7.417295e+00
      vertex   1.210000e+01 5.610000e+01 9.600000e+00
      vertex   2.031845e+00 5.610000e+01 7.207172e+00
    endloop
  endfacet
  facet normal -0.000000e+00 1.000000e+00 0.000000e+00
    outer loop
      vertex   2.031845e+00 5.610000e+01 7.207172e+00
      vertex   1.210000e+01 5.610000e+01 9.600000e+00
      vertex   2.262320e+00 5.610000e+01 6.970256e+00
    endloop
  endfacet
  facet normal -0.000000e+00 1.000000e+00 0.000000e+00
    outer loop
      vertex   2.262320e+00 5.610000e+01 6.970256e+00
      vertex   1.210000e+01 5.610000e+01 9.600000e+00
      vertex   2.465333e+00 5.610000e+01 6.709424e+00
    endloop
  endfacet
  facet normal -0.000000e+00 1.000000e+00 0.000000e+00
    outer loop
      vertex   2.465333e+00 5.610000e+01 6.709424e+00
      vertex   1.210000e+01 5.610000e+01 9.600000e+00
      vertex   2.638421e+00 5.610000e+01 6.427842e+00
    endloop
  endfacet
  facet normal -0.000000e+00 1.000000e+00 0.000000e+00
    outer loop
      vertex   2.638421e+00 5.610000e+01 6.427842e+00
      vertex   1.210000e+01 5.610000e+01 9.600000e+00
      vertex   2.779482e+00 5.610000e+01 6.128928e+00
    endloop
  endfacet
  facet normal -0.000000e+00 1.000000e+00 0.000000e+00
    outer loop
      vertex   2.779482e+00 5.610000e+01 6.128928e+00
      vertex   1.210000e+01 5.610000e+01 9.600000e+00
      vertex   2.886804e+00 5.610000e+01 5.816310e+00
    endloop
  endfacet
  facet normal -0.000000e+00 1.000000e+00 0.000000e+00
    outer loop
      vertex   2.886804e+00 5.610000e+01 5.816310e+00
      vertex   1.210000e+01 5.610000e+01 9.600000e+00
      vertex   2.959084e+00 5.610000e+01 5.493784e+00
    endloop
  endfacet
  facet normal -0.000000e+00 1.000000e+00 0.000000e+00
    outer loop
      vertex   2.959084e+00 5.610000e+01 5.493784e+00
      vertex   1.210000e+01 5.610000e+01 9.600000e+00
      vertex   2.995445e+00 5.610000e+01 5.165263e+00
    endloop
  endfacet
  facet normal -0.000000e+00 1.000000e+00 0.000000e+00
    outer loop
      vertex   2.995445e+00 5.610000e+01 5.165263e+00
      vertex   1.210000e+01 5.610000e+01 9.600000e+00
      vertex   1.210000e+01 5.610000e+01 4.000000e-01
    endloop
  endfacet
  facet normal 0.000000e+00 1.000000e+00 0.000000e+00
    outer loop
      vertex   2.995445e+00 5.610000e+01 5.165263e+00
      vertex   1.210000e+01 5.610000e+01 4.000000e-01
      vertex   2.995445e+00 5.610000e+01 4.834737e+00
    endloop
  endfacet
  facet normal 0.000000e+00 1.000000e+00 0.000000e+00
    outer loop
      vertex   2.995445e+00 5.610000e+01 4.834737e+00
      vertex   1.210000e+01 5.610000e+01 4.000000e-01
      vertex   2.959084e+00 5.610000e+01 4.506216e+00
    endloop
  endfacet
  facet normal 0.000000e+00 1.000000e+00 0.000000e+00
    outer loop
      vertex   2.959084e+00 5.610000e+01 4.506216e+00
      vertex   1.210000e+01 5.610000e+01 4.000000e-01
      vertex   2.886804e+00 5.610000e+01 4.183690e+00
    endloop
  endfacet
  facet normal 0.000000e+00 1.000000e+00 0.000000e+00
    outer loop
      vertex   2.886804e+00 5.610000e+01 4.183690e+00
      vertex   1.210000e+01 5.610000e+01 4.000000e-01
      vertex   2.779482e+00 5.610000e+01 3.871072e+00
    endloop
  endfacet
  facet normal 0.000000e+00 1.000000e+00 0.000000e+00
    outer loop
      vertex   2.779482e+00 5.610000e+01 3.871072e+00
      vertex   1.210000e+01 5.610000e+01 4.000000e-01
      vertex   2.638421e+00 5.610000e+01 3.572158e+00
    endloop
  endfacet
  facet normal 0.000000e+00 1.000000e+00 0.000000e+00
    outer loop
      vertex   2.638421e+00 5.610000e+01 3.572158e+00
      vertex   1.210000e+01 5.610000e+01 4.000000e-01
      vertex   2.465333e+00 5.610000e+01 3.290576e+00
    endloop
  endfacet
  facet normal 0.000000e+00 1.000000e+00 0.000000e+00
    outer loop
      vertex   2.465333e+00 5.610000e+01 3.290576e+00
      vertex   1.210000e+01 5.610000e+01 4.000000e-01
      vertex   2.262320e+00 5.610000e+01 3.029744e+00
    endloop
  endfacet
  facet normal 0.000000e+00 1.000000e+00 0.000000e+00
    outer loop
      vertex   2.262320e+00 5.610000e+01 3.029744e+00
      vertex   1.210000e+01 5.610000e+01 4.000000e-01
      vertex   2.031845e+00 5.610000e+01 2.792828e+00
    endloop
  endfacet
  facet normal 0.000000e+00 1.000000e+00 0.000000e+00
    outer loop
      vertex   2.031845e+00 5.610000e+01 2.792828e+00
      vertex   1.210000e+01 5.610000e+01 4.000000e-01
      vertex   1.776706e+00 5.610000e+01 2.582705e+00
    endloop
  endfacet
  facet normal 0.000000e+00 1.000000e+00 0.000000e+00
    outer loop
      vertex   1.776706e+00 5.610000e+01 2.582705e+00
      vertex   1.210000e+01 5.610000e+01 4.000000e-01
      vertex   1.500000e+00 5.610000e+01 2.401924e+00
    endloop
  endfacet
  facet normal 0.000000e+00 1.000000e+00 0.000000e+00
    outer loop
      vertex   1.500000e+00 5.610000e+01 2.401924e+00
      vertex   1.210000e+01 5.610000e+01 4.000000e-01
      vertex   1.205086e+00 5.610000e+01 2.252680e+00
    endloop
  endfacet
  facet normal 0.000000e+00 1.000000e+00 0.000000e+00
    outer loop
      vertex   1.205086e+00 5.610000e+01 2.252680e+00
      vertex   1.210000e+01 5.610000e+01 4.000000e-01
      vertex   8.955444e-01 5.610000e+01 2.136785e+00
    endloop
  endfacet
  facet normal 0.000000e+00 1.000000e+00 0.000000e+00
    outer loop
      vertex   8.955444e-01 5.610000e+01 2.136785e+00
      vertex   1.210000e+01 5.610000e+01 4.000000e-01
      vertex   5.751319e-01 5.610000e+01 2.055646e+00
    endloop
  endfacet
  facet normal 0.000000e+00 1.000000e+00 0.000000e+00
    outer loop
      vertex   5.751319e-01 5.610000e+01 2.055646e+00
      vertex   1.210000e+01 5.610000e+01 4.000000e-01
      vertex   2.477380e-01 5.610000e+01 2.010247e+00
    endloop
  endfacet
  facet normal 0.000000e+00 1.000000e+00 0.000000e+00
    outer loop
      vertex   2.477380e-01 5.610000e+01 2.010247e+00
      vertex   1.210000e+01 5.610000e+01 4.000000e-01
      vertex   -8.266303e-02 5.610000e+01 2.001139e+00
    endloop
  endfacet
  facet normal 0.000000e+00 1.000000e+00 0.000000e+00
    outer loop
      vertex   -8.266303e-02 5.610000e+01 2.001139e+00
      vertex   1.210000e+01 5.610000e+01 4.000000e-01
      vertex   -1.210000e+01 5.610000e+01 4.000000e-01
    endloop
  endfacet
  facet normal 0.000000e+00 1.000000e+00 0.000000e+00
    outer loop
      vertex   -8.266303e-02 5.610000e+01 2.001139e+00
      vertex   -1.210000e+01 5.610000e+01 4.000000e-01
      vertex   -4.120607e-01 5.610000e+01 2.028434e+00
    endloop
  endfacet
  facet normal 0.000000e+00 1.000000e+00 0.000000e+00
    outer loop
      vertex   -4.120607e-01 5.610000e+01 2.028434e+00
      vertex   -1.210000e+01 5.610000e+01 4.000000e-01
      vertex   -7.364565e-01 5.610000e+01 2.091799e+00
    endloop
  endfacet
  facet normal 0.000000e+00 1.000000e+00 0.000000e+00
    outer loop
      vertex   -7.364565e-01 5.610000e+01 2.091799e+00
      vertex   -1.210000e+01 5.610000e+01 4.000000e-01
      vertex   -1.051913e+00 5.610000e+01 2.190466e+00
    endloop
  endfacet
  facet normal 0.000000e+00 1.000000e+00 0.000000e+00
    outer loop
      vertex   -1.051913e+00 5.610000e+01 2.190466e+00
      vertex   -1.210000e+01 5.610000e+01 4.000000e-01
      vertex   -1.354600e+00 5.610000e+01 2.323237e+00
    endloop
  endfacet
  facet normal 0.000000e+00 1.000000e+00 0.000000e+00
    outer loop
      vertex   -1.354600e+00 5.610000e+01 2.323237e+00
      vertex   -1.210000e+01 5.610000e+01 4.000000e-01
      vertex   -1.640844e+00 5.610000e+01 2.488501e+00
    endloop
  endfacet
  facet normal 0.000000e+00 1.000000e+00 0.000000e+00
    outer loop
      vertex   -1.640844e+00 5.610000e+01 2.488501e+00
      vertex   -1.210000e+01 5.610000e+01 4.000000e-01
      vertex   -1.907171e+00 5.610000e+01 2.684250e+00
    endloop
  endfacet
  facet normal 0.000000e+00 1.000000e+00 0.000000e+00
    outer loop
      vertex   -1.907171e+00 5.610000e+01 2.684250e+00
      vertex   -1.210000e+01 5.610000e+01 4.000000e-01
      vertex   -2.150348e+00 5.610000e+01 2.908110e+00
    endloop
  endfacet
  facet normal 0.000000e+00 1.000000e+00 0.000000e+00
    outer loop
      vertex   -2.150348e+00 5.610000e+01 2.908110e+00
      vertex   -1.210000e+01 5.610000e+01 4.000000e-01
      vertex   -2.367422e+00 5.610000e+01 3.157362e+00
    endloop
  endfacet
  facet normal 0.000000e+00 1.000000e+00 0.000000e+00
    outer loop
      vertex   -2.367422e+00 5.610000e+01 3.157362e+00
      vertex   -1.210000e+01 5.610000e+01 4.000000e-01
      vertex   -2.555758e+00 5.610000e+01 3.428981e+00
    endloop
  endfacet
  facet normal 0.000000e+00 1.000000e+00 0.000000e+00
    outer loop
      vertex   -2.555758e+00 5.610000e+01 3.428981e+00
      vertex   -1.210000e+01 5.610000e+01 4.000000e-01
      vertex   -2.713071e+00 5.610000e+01 3.719671e+00
    endloop
  endfacet
  facet normal 0.000000e+00 1.000000e+00 0.000000e+00
    outer loop
      vertex   -2.713071e+00 5.610000e+01 3.719671e+00
      vertex   -1.210000e+01 5.610000e+01 4.000000e-01
      vertex   -2.837452e+00 5.610000e+01 4.025902e+00
    endloop
  endfacet
  facet normal 0.000000e+00 1.000000e+00 0.000000e+00
    outer loop
      vertex   -2.837452e+00 5.610000e+01 4.025902e+00
      vertex   -1.210000e+01 5.610000e+01 4.000000e-01
      vertex   -2.927389e+00 5.610000e+01 4.343957e+00
    endloop
  endfacet
  facet normal 0.000000e+00 1.000000e+00 0.000000e+00
    outer loop
      vertex   -2.927389e+00 5.610000e+01 4.343957e+00
      vertex   -1.210000e+01 5.610000e+01 4.000000e-01
      vertex   -2.981792e+00 5.610000e+01 4.669975e+00
    endloop
  endfacet
  facet normal 6.375296e-01 7.704259e-01 0.000000e+00
    outer loop
      vertex   1.684845e+01 5.217065e+01 9.600000e+00
      vertex   1.684845e+01 5.217065e+01 4.000000e-01
      vertex   1.210000e+01 5.610000e+01 9.600000e+00
    endloop
  endfacet
  facet normal 6.375296e-01 7.704259e-01 0.000000e+00
    outer loop
      vertex   1.210000e+01 5.610000e+01 9.600000e+00
      vertex   1.684845e+01 5.217065e+01 4.000000e-01
      vertex   1.210000e+01 5.610000e+01 4.000000e-01
    endloop
  endfacet
  facet normal -5.294614e-16 -9.950372e-02 9.950372e-01
    outer loop
      vertex   2.145000e+01 -1.898572e+01 5.851428e+00
      vertex   2.210000e+01 -1.833572e+01 5.916428e+00
      vertex   2.145000e+01 2.210199e+01 9.960199e+00
    endloop
  endfacet
  facet normal 0.000000e+00 -9.950372e-02 9.950372e-01
    outer loop
      vertex   2.145000e+01 2.210199e+01 9.960199e+00
      vertex   2.210000e+01 -1.833572e+01 5.916428e+00
      vertex   2.210000e+01 2.210199e+01 9.960199e+00
    endloop
  endfacet
  facet normal 4.869802e-15 -4.981370e-02 9.987585e-01
    outer loop
      vertex   2.145000e+01 2.210199e+01 9.960199e+00
      vertex   2.211870e+01 2.247687e+01 9.978896e+00
      vertex   2.143015e+01 2.250000e+01 9.980050e+00
    endloop
  endfacet
  facet normal 4.702988e-15 -4.981370e-02 9.987585e-01
    outer loop
      vertex   2.143015e+01 2.250000e+01 9.980050e+00
      vertex   2.211870e+01 2.247687e+01 9.978896e+00
      vertex   2.201662e+01 2.290000e+01 1.000000e+01
    endloop
  endfacet
  facet normal 0.000000e+00 -4.981370e-02 9.987585e-01
    outer loop
      vertex   2.143015e+01 2.250000e+01 9.980050e+00
      vertex   2.201662e+01 2.290000e+01 1.000000e+01
      vertex   -2.201662e+01 2.290000e+01 1.000000e+01
    endloop
  endfacet
  facet normal 0.000000e+00 -4.981370e-02 9.987585e-01
    outer loop
      vertex   2.145000e+01 2.210199e+01 9.960199e+00
      vertex   2.210000e+01 2.210199e+01 9.960199e+00
      vertex   2.211870e+01 2.247687e+01 9.978896e+00
    endloop
  endfacet
  facet normal 0.000000e+00 -4.981370e-02 9.987585e-01
    outer loop
      vertex   2.143015e+01 2.250000e+01 9.980050e+00
      vertex   -2.201662e+01 2.290000e+01 1.000000e+01
      vertex   -2.143015e+01 2.250000e+01 9.980050e+00
    endloop
  endfacet
  facet normal -7.529802e-16 -4.981370e-02 9.987585e-01
    outer loop
      vertex   -2.143015e+01 2.250000e+01 9.980050e+00
      vertex   -2.201662e+01 2.290000e+01 1.000000e+01
      vertex   -2.211870e+01 2.247687e+01 9.978896e+00
    endloop
  endfacet
  facet normal -7.047044e-16 -4.981370e-02 9.987585e-01
    outer loop
      vertex   -2.143015e+01 2.250000e+01 9.980050e+00
      vertex   -2.211870e+01 2.247687e+01 9.978896e+00
      vertex   -2.145000e+01 2.210199e+01 9.960199e+00
    endloop
  endfacet
  facet normal 0.000000e+00 -4.981370e-02 9.987585e-01
    outer loop
      vertex   -2.145000e+01 2.210199e+01 9.960199e+00
      vertex   -2.211870e+01 2.247687e+01 9.978896e+00
      vertex   -2.210000e+01 2.210199e+01 9.960199e+00
    endloop
  endfacet
  facet normal 0.000000e+00 0.000000e+00 1.000000e+00
    outer loop
      vertex   -2.201662e+01 2.290000e+01 1.000000e+01
      vertex   -1.050000e+01 2.950000e+01 1.000000e+01
      vertex   -1.648246e+01 5.195431e+01 1.000000e+01
    endloop
  endfacet
  facet normal 0.000000e+00 0.000000e+00 1.000000e+00
    outer loop
      vertex   -1.648246e+01 5.195431e+01 1.000000e+01
      vertex   -1.050000e+01 2.950000e+01 1.000000e+01
      vertex   -1.050000e+01 5.050000e+01 1.000000e+01
    endloop
  endfacet
  facet normal -0.000000e+00 0.000000e+00 1.000000e+00
    outer loop
      vertex   -1.648246e+01 5.195431e+01 1.000000e+01
      vertex   -1.050000e+01 5.050000e+01 1.000000e+01
      vertex   -1.195596e+01 5.570000e+01 1.000000e+01
    endloop
  endfacet
  facet normal 0.000000e+00 0.000000e+00 1.000000e+00
    outer loop
      vertex   -1.195596e+01 5.570000e+01 1.000000e+01
      vertex   -1.050000e+01 5.050000e+01 1.000000e+01
      vertex   1.050000e+01 5.050000e+01 1.000000e+01
    endloop
  endfacet
  facet normal -0.000000e+00 0.000000e+00 1.000000e+00
    outer loop
      vertex   -1.195596e+01 5.570000e+01 1.000000e+01
      vertex   1.050000e+01 5.050000e+01 1.000000e+01
      vertex   1.195596e+01 5.570000e+01 1.000000e+01
    endloop
  endfacet
  facet normal 0.000000e+00 0.000000e+00 1.000000e+00
    outer loop
      vertex   1.195596e+01 5.570000e+01 1.000000e+01
      vertex   1.050000e+01 5.050000e+01 1.000000e+01
      vertex   1.648246e+01 5.195431e+01 1.000000e+01
    endloop
  endfacet
  facet normal 0.000000e+00 0.000000e+00 1.000000e+00
    outer loop
      vertex   1.648246e+01 5.195431e+01 1.000000e+01
      vertex   1.050000e+01 5.050000e+01 1.000000e+01
      vertex   1.050000e+01 2.950000e+01 1.000000e+01
    endloop
  endfacet
  facet normal 0.000000e+00 0.000000e+00 1.000000e+00
    outer loop
      vertex   1.648246e+01 5.195431e+01 1.000000e+01
      vertex   1.050000e+01 2.950000e+01 1.000000e+01
      vertex   2.201662e+01 2.290000e+01 1.000000e+01
    endloop
  endfacet
  facet normal 0.000000e+00 0.000000e+00 1.000000e+00
    outer loop
      vertex   2.201662e+01 2.290000e+01 1.000000e+01
      vertex   1.050000e+01 2.950000e+01 1.000000e+01
      vertex   -1.050000e+01 2.950000e+01 1.000000e+01
    endloop
  endfacet
  facet normal 0.000000e+00 0.000000e+00 1.000000e+00
    outer loop
      vertex   2.201662e+01 2.290000e+01 1.000000e+01
      vertex   -1.050000e+01 2.950000e+01 1.000000e+01
      vertex   -2.201662e+01 2.290000e+01 1.000000e+01
    endloop
  endfacet
  facet normal -7.071068e-01 -5.981305e-17 7.071068e-01
    outer loop
      vertex   1.050000e+01 5.050000e+01 1.000000e+01
      vertex   1.010000e+01 5.010000e+01 9.600000e+00
      vertex   1.050000e+01 2.950000e+01 1.000000e+01
    endloop
  endfacet
  facet normal -7.071068e-01 -1.238780e-16 7.071068e-01
    outer loop
      vertex   1.050000e+01 2.950000e+01 1.000000e+01
      vertex   1.010000e+01 5.010000e+01 9.600000e+00
      vertex   1.010000e+01 2.990000e+01 9.600000e+00
    endloop
  endfacet
  facet normal 0.000000e+00 -7.071068e-01 7.071068e-01
    outer loop
      vertex   1.050000e+01 5.050000e+01 1.000000e+01
      vertex   -1.050000e+01 5.050000e+01 1.000000e+01
      vertex   1.010000e+01 5.010000e+01 9.600000e+00
    endloop
  endfacet
  facet normal 0.000000e+00 -7.071068e-01 7.071068e-01
    outer loop
      vertex   1.010000e+01 5.010000e+01 9.600000e+00
      vertex   -1.050000e+01 5.050000e+01 1.000000e+01
      vertex   -1.010000e+01 5.010000e+01 9.600000e+00
    endloop
  endfacet
  facet normal 7.071068e-01 5.981305e-17 7.071068e-01
    outer loop
      vertex   -1.050000e+01 5.050000e+01 1.000000e+01
      vertex   -1.050000e+01 2.950000e+01 1.000000e+01
      vertex   -1.010000e+01 5.010000e+01 9.600000e+00
    endloop
  endfacet
  facet normal 7.071068e-01 6.218188e-17 7.071068e-01
    outer loop
      vertex   -1.010000e+01 5.010000e+01 9.600000e+00
      vertex   -1.050000e+01 2.950000e+01 1.000000e+01
      vertex   -1.010000e+01 2.990000e+01 9.600000e+00
    endloop
  endfacet
  facet normal 0.000000e+00 7.071068e-01 7.071068e-01
    outer loop
      vertex   1.010000e+01 2.990000e+01 9.600000e+00
      vertex   -1.010000e+01 2.990000e+01 9.600000e+00
      vertex   1.050000e+01 2.950000e+01 1.000000e+01
    endloop
  endfacet
  facet normal 0.000000e+00 7.071068e-01 7.071068e-01
    outer loop
      vertex   1.050000e+01 2.950000e+01 1.000000e+01
      vertex   -1.010000e+01 2.990000e+01 9.600000e+00
      vertex   -1.050000e+01 2.950000e+01 1.000000e+01
    endloop
  endfacet
  facet normal -0.000000e+00 1.000000e+00 0.000000e+00
    outer loop
      vertex   -1.010000e+01 2.990000e+01 9.600000e+00
      vertex   1.010000e+01 2.990000e+01 9.600000e+00
      vertex   -1.010000e+01 2.990000e+01 4.000000e-01
    endloop
  endfacet
  facet normal 0.000000e+00 1.000000e+00 0.000000e+00
    outer loop
      vertex   -1.010000e+01 2.990000e+01 4.000000e-01
      vertex   1.010000e+01 2.990000e+01 9.600000e+00
      vertex   1.010000e+01 2.990000e+01 4.000000e-01
    endloop
  endfacet
  facet normal -1.000000e+00 0.000000e+00 0.000000e+00
    outer loop
      vertex   1.010000e+01 3.700000e+01 9.500000e+00
      vertex   1.010000e+01 5.010000e+01 9.600000e+00
      vertex   1.010000e+01 4.300000e+01 9.500000e+00
    endloop
  endfacet
  facet normal -1.000000e+00 0.000000e+00 0.000000e+00
    outer loop
      vertex   1.010000e+01 4.300000e+01 9.500000e+00
      vertex   1.010000e+01 5.010000e+01 9.600000e+00
      vertex   1.010000e+01 5.010000e+01 4.000000e-01
    endloop
  endfacet
  facet normal -1.000000e+00 0.000000e+00 0.000000e+00
    outer loop
      vertex   1.010000e+01 4.300000e+01 9.500000e+00
      vertex   1.010000e+01 5.010000e+01 4.000000e-01
      vertex   1.010000e+01 4.300000e+01 5.000000e-01
    endloop
  endfacet
  facet normal -1.000000e+00 -1.758769e-16 -1.248726e-14
    outer loop
      vertex   1.010000e+01 4.300000e+01 5.000000e-01
      vertex   1.010000e+01 5.010000e+01 4.000000e-01
      vertex   1.010000e+01 2.990000e+01 4.000000e-01
    endloop
  endfacet
  facet normal -1.000000e+00 -0.000000e+00 -3.552714e-14
    outer loop
      vertex   1.010000e+01 4.300000e+01 5.000000e-01
      vertex   1.010000e+01 2.990000e+01 4.000000e-01
      vertex   1.010000e+01 3.700000e+01 5.000000e-01
    endloop
  endfacet
  facet normal -1.000000e+00 -5.003822e-16 0.000000e+00
    outer loop
      vertex   1.010000e+01 3.700000e+01 5.000000e-01
      vertex   1.010000e+01 2.990000e+01 4.000000e-01
      vertex   1.010000e+01 3.700000e+01 9.500000e+00
    endloop
  endfacet
  facet normal -1.000000e+00 -5.003822e-16 0.000000e+00
    outer loop
      vertex   1.010000e+01 3.700000e+01 9.500000e+00
      vertex   1.010000e+01 2.990000e+01 4.000000e-01
      vertex   1.010000e+01 2.990000e+01 9.600000e+00
    endloop
  endfacet
  facet normal -1.000000e+00 -1.758769e-16 2.303988e-14
    outer loop
      vertex   1.010000e+01 3.700000e+01 9.500000e+00
      vertex   1.010000e+01 2.990000e+01 9.600000e+00
      vertex   1.010000e+01 5.010000e+01 9.600000e+00
    endloop
  endfacet
  facet normal 0.000000e+00 7.071068e-01 -7.071068e-01
    outer loop
      vertex   1.195596e+01 5.570000e+01 0.000000e+00
      vertex   -1.195596e+01 5.570000e+01 0.000000e+00
      vertex   1.210000e+01 5.610000e+01 4.000000e-01
    endloop
  endfacet
  facet normal 0.000000e+00 7.071068e-01 -7.071068e-01
    outer loop
      vertex   1.210000e+01 5.610000e+01 4.000000e-01
      vertex   -1.195596e+01 5.570000e+01 0.000000e+00
      vertex   -1.210000e+01 5.610000e+01 4.000000e-01
    endloop
  endfacet
  facet normal -4.508015e-01 5.447734e-01 -7.071068e-01
    outer loop
      vertex   -1.195596e+01 5.570000e+01 0.000000e+00
      vertex   -1.648246e+01 5.195431e+01 0.000000e+00
      vertex   -1.210000e+01 5.610000e+01 4.000000e-01
    endloop
  endfacet
  facet normal -4.508015e-01 5.447734e-01 -7.071068e-01
    outer loop
      vertex   -1.210000e+01 5.610000e+01 4.000000e-01
      vertex   -1.648246e+01 5.195431e+01 0.000000e+00
      vertex   -1.684845e+01 5.217065e+01 4.000000e-01
    endloop
  endfacet
  facet normal -6.946183e-01 1.323082e-01 -7.071068e-01
    outer loop
      vertex   -1.648246e+01 5.195431e+01 0.000000e+00
      vertex   -2.210000e+01 2.246224e+01 0.000000e+00
      vertex   -1.684845e+01 5.217065e+01 4.000000e-01
    endloop
  endfacet
  facet normal -6.946183e-01 1.323082e-01 -7.071068e-01
    outer loop
      vertex   -1.684845e+01 5.217065e+01 4.000000e-01
      vertex   -2.210000e+01 2.246224e+01 0.000000e+00
      vertex   -2.250000e+01 2.250000e+01 4.000000e-01
    endloop
  endfacet
  facet normal -7.071068e-01 -0.000000e+00 -7.071068e-01
    outer loop
      vertex   -2.210000e+01 2.246224e+01 0.000000e+00
      vertex   -2.210000e+01 -1.833431e+01 0.000000e+00
      vertex   -2.250000e+01 2.250000e+01 4.000000e-01
    endloop
  endfacet
  facet normal -7.071068e-01 -0.000000e+00 -7.071068e-01
    outer loop
      vertex   -2.250000e+01 2.250000e+01 4.000000e-01
      vertex   -2.210000e+01 -1.833431e+01 0.000000e+00
      vertex   -2.250000e+01 -1.850000e+01 4.000000e-01
    endloop
  endfacet
  facet normal -5.000000e-01 -5.000000e-01 -7.071068e-01
    outer loop
      vertex   -2.250000e+01 -1.850000e+01 4.000000e-01
      vertex   -2.210000e+01 -1.833431e+01 0.000000e+00
      vertex   -1.850000e+01 -2.250000e+01 4.000000e-01
    endloop
  endfacet
  facet normal -5.000000e-01 -5.000000e-01 -7.071068e-01
    outer loop
      vertex   -1.850000e+01 -2.250000e+01 4.000000e-01
      vertex   -2.210000e+01 -1.833431e+01 0.000000e+00
      vertex   -1.833431e+01 -2.210000e+01 0.000000e+00
    endloop
  endfacet
  facet normal -0.000000e+00 -7.071068e-01 -7.071068e-01
    outer loop
      vertex   1.850000e+01 -2.250000e+01 4.000000e-01
      vertex   -1.850000e+01 -2.250000e+01 4.000000e-01
      vertex   1.833431e+01 -2.210000e+01 0.000000e+00
    endloop
  endfacet
  facet normal -0.000000e+00 -7.071068e-01 -7.071068e-01
    outer loop
      vertex   1.833431e+01 -2.210000e+01 0.000000e+00
      vertex   -1.850000e+01 -2.250000e+01 4.000000e-01
      vertex   -1.833431e+01 -2.210000e+01 0.000000e+00
    endloop
  endfacet
  facet normal 5.000000e-01 -5.000000e-01 -7.071068e-01
    outer loop
      vertex   2.250000e+01 -1.850000e+01 4.000000e-01
      vertex   1.850000e+01 -2.250000e+01 4.000000e-01
      vertex   2.210000e+01 -1.833431e+01 0.000000e+00
    endloop
  endfacet
  facet normal 5.000000e-01 -5.000000e-01 -7.071068e-01
    outer loop
      vertex   2.210000e+01 -1.833431e+01 0.000000e+00
      vertex   1.850000e+01 -2.250000e+01 4.000000e-01
      vertex   1.833431e+01 -2.210000e+01 0.000000e+00
    endloop
  endfacet
  facet normal 7.071068e-01 0.000000e+00 -7.071068e-01
    outer loop
      vertex   2.250000e+01 -1.850000e+01 4.000000e-01
      vertex   2.210000e+01 -1.833431e+01 0.000000e+00
      vertex   2.250000e+01 2.250000e+01 4.000000e-01
    endloop
  endfacet
  facet normal 7.071068e-01 0.000000e+00 -7.071068e-01
    outer loop
      vertex   2.250000e+01 2.250000e+01 4.000000e-01
      vertex   2.210000e+01 -1.833431e+01 0.000000e+00
      vertex   2.210000e+01 2.246224e+01 0.000000e+00
    endloop
  endfacet
  facet normal 6.946183e-01 1.323082e-01 -7.071068e-01
    outer loop
      vertex   2.250000e+01 2.250000e+01 4.000000e-01
      vertex   2.210000e+01 2.246224e+01 0.000000e+00
      vertex   1.684845e+01 5.217065e+01 4.000000e-01
    endloop
  endfacet
  facet normal 6.946183e-01 1.323082e-01 -7.071068e-01
    outer loop
      vertex   1.684845e+01 5.217065e+01 4.000000e-01
      vertex   2.210000e+01 2.246224e+01 0.000000e+00
      vertex   1.648246e+01 5.195431e+01 0.000000e+00
    endloop
  endfacet
  facet normal 4.508015e-01 5.447734e-01 -7.071068e-01
    outer loop
      vertex   1.684845e+01 5.217065e+01 4.000000e-01
      vertex   1.648246e+01 5.195431e+01 0.000000e+00
      vertex   1.210000e+01 5.610000e+01 4.000000e-01
    endloop
  endfacet
  facet normal 4.508015e-01 5.447734e-01 -7.071068e-01
    outer loop
      vertex   1.210000e+01 5.610000e+01 4.000000e-01
      vertex   1.648246e+01 5.195431e+01 0.000000e+00
      vertex   1.195596e+01 5.570000e+01 0.000000e+00
    endloop
  endfacet
  facet normal -0.000000e+00 0.000000e+00 -1.000000e+00
    outer loop
      vertex   1.341797e+01 1.522589e+01 0.000000e+00
      vertex   1.013629e+01 1.159377e+01 0.000000e+00
      vertex   1.340000e+01 1.550000e+01 0.000000e+00
    endloop
  endfacet
  facet normal 0.000000e+00 0.000000e+00 -1.000000e+00
    outer loop
      vertex   1.340000e+01 1.550000e+01 0.000000e+00
      vertex   1.013629e+01 1.159377e+01 0.000000e+00
      vertex   9.559796e+00 1.207354e+01 0.000000e+00
    endloop
  endfacet
  facet normal -0.000000e+00 0.000000e+00 -1.000000e+00
    outer loop
      vertex   1.340000e+01 1.550000e+01 0.000000e+00
      vertex   9.559796e+00 1.207354e+01 0.000000e+00
      vertex   1.341797e+01 1.577411e+01 0.000000e+00
    endloop
  endfacet
  facet normal 0.000000e+00 0.000000e+00 -1.000000e+00
    outer loop
      vertex   1.341797e+01 1.577411e+01 0.000000e+00
      vertex   9.559796e+00 1.207354e+01 0.000000e+00
      vertex   8.960627e+00 1.252466e+01 0.000000e+00
    endloop
  endfacet
  facet normal -0.000000e+00 0.000000e+00 -1.000000e+00
    outer loop
      vertex   1.341797e+01 1.577411e+01 0.000000e+00
      vertex   8.960627e+00 1.252466e+01 0.000000e+00
      vertex   1.347156e+01 1.604352e+01 0.000000e+00
    endloop
  endfacet
  facet normal 0.000000e+00 0.000000e+00 -1.000000e+00
    outer loop
      vertex   1.347156e+01 1.604352e+01 0.000000e+00
      vertex   8.960627e+00 1.252466e+01 0.000000e+00
      vertex   8.340205e+00 1.294608e+01 0.000000e+00
    endloop
  endfacet
  facet normal -0.000000e+00 0.000000e+00 -1.000000e+00
    outer loop
      vertex   1.347156e+01 1.604352e+01 0.000000e+00
      vertex   8.340205e+00 1.294608e+01 0.000000e+00
      vertex   1.355985e+01 1.630364e+01 0.000000e+00
    endloop
  endfacet
  facet normal -0.000000e+00 0.000000e+00 -1.000000e+00
    outer loop
      vertex   1.355985e+01 1.630364e+01 0.000000e+00
      vertex   8.340205e+00 1.294608e+01 0.000000e+00
      vertex   1.050000e+01 2.950000e+01 0.000000e+00
    endloop
  endfacet
  facet normal 0.000000e+00 0.000000e+00 -1.000000e+00
    outer loop
      vertex   1.355985e+01 1.630364e+01 0.000000e+00
      vertex   1.050000e+01 2.950000e+01 0.000000e+00
      vertex   1.368135e+01 1.655000e+01 0.000000e+00
    endloop
  endfacet
  facet normal 0.000000e+00 0.000000e+00 -1.000000e+00
    outer loop
      vertex   1.368135e+01 1.655000e+01 0.000000e+00
      vertex   1.050000e+01 2.950000e+01 0.000000e+00
      vertex   1.383396e+01 1.677840e+01 0.000000e+00
    endloop
  endfacet
  facet normal 0.000000e+00 0.000000e+00 -1.000000e+00
    outer loop
      vertex   1.383396e+01 1.677840e+01 0.000000e+00
      vertex   1.050000e+01 2.950000e+01 0.000000e+00
      vertex   1.401508e+01 1.698492e+01 0.000000e+00
    endloop
  endfacet
  facet normal 0.000000e+00 0.000000e+00 -1.000000e+00
    outer loop
      vertex   1.401508e+01 1.698492e+01 0.000000e+00
      vertex   1.050000e+01 2.950000e+01 0.000000e+00
      vertex   1.422160e+01 1.716604e+01 0.000000e+00
    endloop
  endfacet
  facet normal 0.000000e+00 0.000000e+00 -1.000000e+00
    outer loop
      vertex   1.422160e+01 1.716604e+01 0.000000e+00
      vertex   1.050000e+01 2.950000e+01 0.000000e+00
      vertex   1.445000e+01 1.731865e+01 0.000000e+00
    endloop
  endfacet
  facet normal 0.000000e+00 0.000000e+00 -1.000000e+00
    outer loop
      vertex   1.445000e+01 1.731865e+01 0.000000e+00
      vertex   1.050000e+01 2.950000e+01 0.000000e+00
      vertex   1.469636e+01 1.744015e+01 0.000000e+00
    endloop
  endfacet
  facet normal 0.000000e+00 0.000000e+00 -1.000000e+00
    outer loop
      vertex   1.469636e+01 1.744015e+01 0.000000e+00
      vertex   1.050000e+01 2.950000e+01 0.000000e+00
      vertex   1.495648e+01 1.752844e+01 0.000000e+00
    endloop
  endfacet
  facet normal 0.000000e+00 0.000000e+00 -1.000000e+00
    outer loop
      vertex   1.495648e+01 1.752844e+01 0.000000e+00
      vertex   1.050000e+01 2.950000e+01 0.000000e+00
      vertex   1.522589e+01 1.758203e+01 0.000000e+00
    endloop
  endfacet
  facet normal 0.000000e+00 0.000000e+00 -1.000000e+00
    outer loop
      vertex   1.522589e+01 1.758203e+01 0.000000e+00
      vertex   1.050000e+01 2.950000e+01 0.000000e+00
      vertex   1.550000e+01 1.760000e+01 0.000000e+00
    endloop
  endfacet
  facet normal 0.000000e+00 0.000000e+00 -1.000000e+00
    outer loop
      vertex   1.550000e+01 1.760000e+01 0.000000e+00
      vertex   1.050000e+01 2.950000e+01 0.000000e+00
      vertex   1.577411e+01 1.758203e+01 0.000000e+00
    endloop
  endfacet
  facet normal 0.000000e+00 0.000000e+00 -1.000000e+00
    outer loop
      vertex   1.577411e+01 1.758203e+01 0.000000e+00
      vertex   1.050000e+01 2.950000e+01 0.000000e+00
      vertex   1.604352e+01 1.752844e+01 0.000000e+00
    endloop
  endfacet
  facet normal 0.000000e+00 0.000000e+00 -1.000000e+00
    outer loop
      vertex   1.604352e+01 1.752844e+01 0.000000e+00
      vertex   1.050000e+01 2.950000e+01 0.000000e+00
      vertex   2.210000e+01 2.246224e+01 0.000000e+00
    endloop
  endfacet
  facet normal 0.000000e+00 0.000000e+00 -1.000000e+00
    outer loop
      vertex   1.604352e+01 1.752844e+01 0.000000e+00
      vertex   2.210000e+01 2.246224e+01 0.000000e+00
      vertex   1.630364e+01 1.744015e+01 0.000000e+00
    endloop
  endfacet
  facet normal 0.000000e+00 0.000000e+00 -1.000000e+00
    outer loop
      vertex   1.630364e+01 1.744015e+01 0.000000e+00
      vertex   2.210000e+01 2.246224e+01 0.000000e+00
      vertex   1.655000e+01 1.731865e+01 0.000000e+00
    endloop
  endfacet
  facet normal 0.000000e+00 0.000000e+00 -1.000000e+00
    outer loop
      vertex   1.655000e+01 1.731865e+01 0.000000e+00
      vertex   2.210000e+01 2.246224e+01 0.000000e+00
      vertex   1.677840e+01 1.716604e+01 0.000000e+00
    endloop
  endfacet
  facet normal 0.000000e+00 0.000000e+00 -1.000000e+00
    outer loop
      vertex   1.677840e+01 1.716604e+01 0.000000e+00
      vertex   2.210000e+01 2.246224e+01 0.000000e+00
      vertex   1.698492e+01 1.698492e+01 0.000000e+00
    endloop
  endfacet
  facet normal 0.000000e+00 0.000000e+00 -1.000000e+00
    outer loop
      vertex   1.698492e+01 1.698492e+01 0.000000e+00
      vertex   2.210000e+01 2.246224e+01 0.000000e+00
      vertex   1.716604e+01 1.677840e+01 0.000000e+00
    endloop
  endfacet
  facet normal 0.000000e+00 0.000000e+00 -1.000000e+00
    outer loop
      vertex   1.716604e+01 1.677840e+01 0.000000e+00
      vertex   2.210000e+01 2.246224e+01 0.000000e+00
      vertex   1.731865e+01 1.655000e+01 0.000000e+00
    endloop
  endfacet
  facet normal 0.000000e+00 0.000000e+00 -1.000000e+00
    outer loop
      vertex   1.731865e+01 1.655000e+01 0.000000e+00
      vertex   2.210000e+01 2.246224e+01 0.000000e+00
      vertex   1.744015e+01 1.630364e+01 0.000000e+00
    endloop
  endfacet
  facet normal 0.000000e+00 0.000000e+00 -1.000000e+00
    outer loop
      vertex   1.744015e+01 1.630364e+01 0.000000e+00
      vertex   2.210000e+01 2.246224e+01 0.000000e+00
      vertex   1.752844e+01 1.604352e+01 0.000000e+00
    endloop
  endfacet
  facet normal 0.000000e+00 0.000000e+00 -1.000000e+00
    outer loop
      vertex   1.752844e+01 1.604352e+01 0.000000e+00
      vertex   2.210000e+01 2.246224e+01 0.000000e+00
      vertex   1.758203e+01 1.577411e+01 0.000000e+00
    endloop
  endfacet
  facet normal 0.000000e+00 0.000000e+00 -1.000000e+00
    outer loop
      vertex   1.758203e+01 1.577411e+01 0.000000e+00
      vertex   2.210000e+01 2.246224e+01 0.000000e+00
      vertex   1.760000e+01 1.550000e+01 0.000000e+00
    endloop
  endfacet
  facet normal 0.000000e+00 -0.000000e+00 -1.000000e+00
    outer loop
      vertex   1.760000e+01 1.550000e+01 0.000000e+00
      vertex   2.210000e+01 2.246224e+01 0.000000e+00
      vertex   1.758203e+01 1.522589e+01 0.000000e+00
    endloop
  endfacet
  facet normal 0.000000e+00 -0.000000e+00 -1.000000e+00
    outer loop
      vertex   1.758203e+01 1.522589e+01 0.000000e+00
      vertex   2.210000e+01 2.246224e+01 0.000000e+00
      vertex   1.752844e+01 1.495648e+01 0.000000e+00
    endloop
  endfacet
  facet normal 0.000000e+00 -0.000000e+00 -1.000000e+00
    outer loop
      vertex   1.752844e+01 1.495648e+01 0.000000e+00
      vertex   2.210000e+01 2.246224e+01 0.000000e+00
      vertex   1.744015e+01 1.469636e+01 0.000000e+00
    endloop
  endfacet
  facet normal 0.000000e+00 0.000000e+00 -1.000000e+00
    outer loop
      vertex   1.744015e+01 1.469636e+01 0.000000e+00
      vertex   2.210000e+01 2.246224e+01 0.000000e+00
      vertex   2.210000e+01 -1.833431e+01 0.000000e+00
    endloop
  endfacet
  facet normal 0.000000e+00 -0.000000e+00 -1.000000e+00
    outer loop
      vertex   1.744015e+01 1.469636e+01 0.000000e+00
      vertex   2.210000e+01 -1.833431e+01 0.000000e+00
      vertex   1.539543e+01 3.750058e-01 0.000000e+00
    endloop
  endfacet
  facet normal 0.000000e+00 0.000000e+00 -1.000000e+00
    outer loop
      vertex   1.539543e+01 3.750058e-01 0.000000e+00
      vertex   2.210000e+01 -1.833431e+01 0.000000e+00
      vertex   1.539543e+01 -3.750058e-01 0.000000e+00
    endloop
  endfacet
  facet normal 0.000000e+00 -0.000000e+00 -1.000000e+00
    outer loop
      vertex   1.539543e+01 -3.750058e-01 0.000000e+00
      vertex   2.210000e+01 -1.833431e+01 0.000000e+00
      vertex   1.535892e+01 -1.124128e+00 0.000000e+00
    endloop
  endfacet
  facet normal 0.000000e+00 -0.000000e+00 -1.000000e+00
    outer loop
      vertex   1.535892e+01 -1.124128e+00 0.000000e+00
      vertex   2.210000e+01 -1.833431e+01 0.000000e+00
      vertex   1.528597e+01 -1.870584e+00 0.000000e+00
    endloop
  endfacet
  facet normal 0.000000e+00 0.000000e+00 -1.000000e+00
    outer loop
      vertex   1.528597e+01 -1.870584e+00 0.000000e+00
      vertex   2.210000e+01 -1.833431e+01 0.000000e+00
      vertex   1.731865e+01 -1.445000e+01 0.000000e+00
    endloop
  endfacet
  facet normal 0.000000e+00 -0.000000e+00 -1.000000e+00
    outer loop
      vertex   1.528597e+01 -1.870584e+00 0.000000e+00
      vertex   1.731865e+01 -1.445000e+01 0.000000e+00
      vertex   1.517677e+01 -2.612603e+00 0.000000e+00
    endloop
  endfacet
  facet normal 0.000000e+00 0.000000e+00 -1.000000e+00
    outer loop
      vertex   1.517677e+01 -2.612603e+00 0.000000e+00
      vertex   1.731865e+01 -1.445000e+01 0.000000e+00
      vertex   1.716604e+01 -1.422160e+01 0.000000e+00
    endloop
  endfacet
  facet normal 0.000000e+00 -0.000000e+00 -1.000000e+00
    outer loop
      vertex   1.517677e+01 -2.612603e+00 0.000000e+00
      vertex   1.716604e+01 -1.422160e+01 0.000000e+00
      vertex   1.503157e+01 -3.348425e+00 0.000000e+00
    endloop
  endfacet
  facet normal 0.000000e+00 0.000000e+00 -1.000000e+00
    outer loop
      vertex   1.503157e+01 -3.348425e+00 0.000000e+00
      vertex   1.716604e+01 -1.422160e+01 0.000000e+00
      vertex   1.698492e+01 -1.401508e+01 0.000000e+00
    endloop
  endfacet
  facet normal 0.000000e+00 -0.000000e+00 -1.000000e+00
    outer loop
      vertex   1.503157e+01 -3.348425e+00 0.000000e+00
      vertex   1.698492e+01 -1.401508e+01 0.000000e+00
      vertex   1.485072e+01 -4.076305e+00 0.000000e+00
    endloop
  endfacet
  facet normal 0.000000e+00 0.000000e+00 -1.000000e+00
    outer loop
      vertex   1.485072e+01 -4.076305e+00 0.000000e+00
      vertex   1.698492e+01 -1.401508e+01 0.000000e+00
      vertex   1.677840e+01 -1.383396e+01 0.000000e+00
    endloop
  endfacet
  facet normal 0.000000e+00 -0.000000e+00 -1.000000e+00
    outer loop
      vertex   1.485072e+01 -4.076305e+00 0.000000e+00
      vertex   1.677840e+01 -1.383396e+01 0.000000e+00
      vertex   1.463464e+01 -4.794516e+00 0.000000e+00
    endloop
  endfacet
  facet normal 0.000000e+00 0.000000e+00 -1.000000e+00
    outer loop
      vertex   1.463464e+01 -4.794516e+00 0.000000e+00
      vertex   1.677840e+01 -1.383396e+01 0.000000e+00
      vertex   1.655000e+01 -1.368135e+01 0.000000e+00
    endloop
  endfacet
  facet normal 0.000000e+00 0.000000e+00 -1.000000e+00
    outer loop
      vertex   1.463464e+01 -4.794516e+00 0.000000e+00
      vertex   1.655000e+01 -1.368135e+01 0.000000e+00
      vertex   1.630364e+01 -1.355985e+01 0.000000e+00
    endloop
  endfacet
  facet normal 0.000000e+00 0.000000e+00 -1.000000e+00
    outer loop
      vertex   1.013629e+01 1.159377e+01 0.000000e+00
      vertex   1.341797e+01 1.522589e+01 0.000000e+00
      vertex   1.068874e+01 1.108651e+01 0.000000e+00
    endloop
  endfacet
  facet normal 0.000000e+00 0.000000e+00 -1.000000e+00
    outer loop
      vertex   1.068874e+01 1.108651e+01 0.000000e+00
      vertex   1.341797e+01 1.522589e+01 0.000000e+00
      vertex   1.347156e+01 1.495648e+01 0.000000e+00
    endloop
  endfacet
  facet normal 0.000000e+00 0.000000e+00 -1.000000e+00
    outer loop
      vertex   1.068874e+01 1.108651e+01 0.000000e+00
      vertex   1.347156e+01 1.495648e+01 0.000000e+00
      vertex   1.121584e+01 1.055296e+01 0.000000e+00
    endloop
  endfacet
  facet normal 0.000000e+00 0.000000e+00 -1.000000e+00
    outer loop
      vertex   1.121584e+01 1.055296e+01 0.000000e+00
      vertex   1.347156e+01 1.495648e+01 0.000000e+00
      vertex   1.355985e+01 1.469636e+01 0.000000e+00
    endloop
  endfacet
  facet normal 0.000000e+00 0.000000e+00 -1.000000e+00
    outer loop
      vertex   1.121584e+01 1.055296e+01 0.000000e+00
      vertex   1.355985e+01 1.469636e+01 0.000000e+00
      vertex   1.171634e+01 9.994368e+00 0.000000e+00
    endloop
  endfacet
  facet normal 0.000000e+00 0.000000e+00 -1.000000e+00
    outer loop
      vertex   1.171634e+01 9.994368e+00 0.000000e+00
      vertex   1.355985e+01 1.469636e+01 0.000000e+00
      vertex   1.368135e+01 1.445000e+01 0.000000e+00
    endloop
  endfacet
  facet normal 0.000000e+00 0.000000e+00 -1.000000e+00
    outer loop
      vertex   1.171634e+01 9.994368e+00 0.000000e+00
      vertex   1.368135e+01 1.445000e+01 0.000000e+00
      vertex   1.383396e+01 1.422160e+01 0.000000e+00
    endloop
  endfacet
  facet normal 0.000000e+00 0.000000e+00 -1.000000e+00
    outer loop
      vertex   1.171634e+01 9.994368e+00 0.000000e+00
      vertex   1.383396e+01 1.422160e+01 0.000000e+00
      vertex   1.218905e+01 9.412075e+00 0.000000e+00
    endloop
  endfacet
  facet normal 0.000000e+00 0.000000e+00 -1.000000e+00
    outer loop
      vertex   1.218905e+01 9.412075e+00 0.000000e+00
      vertex   1.383396e+01 1.422160e+01 0.000000e+00
      vertex   1.401508e+01 1.401508e+01 0.000000e+00
    endloop
  endfacet
  facet normal 0.000000e+00 0.000000e+00 -1.000000e+00
    outer loop
      vertex   1.218905e+01 9.412075e+00 0.000000e+00
      vertex   1.401508e+01 1.401508e+01 0.000000e+00
      vertex   1.422160e+01 1.383396e+01 0.000000e+00
    endloop
  endfacet
  facet normal 0.000000e+00 0.000000e+00 -1.000000e+00
    outer loop
      vertex   1.218905e+01 9.412075e+00 0.000000e+00
      vertex   1.422160e+01 1.383396e+01 0.000000e+00
      vertex   1.263284e+01 8.807458e+00 0.000000e+00
    endloop
  endfacet
  facet normal 0.000000e+00 0.000000e+00 -1.000000e+00
    outer loop
      vertex   1.263284e+01 8.807458e+00 0.000000e+00
      vertex   1.422160e+01 1.383396e+01 0.000000e+00
      vertex   1.445000e+01 1.368135e+01 0.000000e+00
    endloop
  endfacet
  facet normal 0.000000e+00 0.000000e+00 -1.000000e+00
    outer loop
      vertex   1.263284e+01 8.807458e+00 0.000000e+00
      vertex   1.445000e+01 1.368135e+01 0.000000e+00
      vertex   1.304667e+01 8.181950e+00 0.000000e+00
    endloop
  endfacet
  facet normal 0.000000e+00 0.000000e+00 -1.000000e+00
    outer loop
      vertex   1.304667e+01 8.181950e+00 0.000000e+00
      vertex   1.445000e+01 1.368135e+01 0.000000e+00
      vertex   1.469636e+01 1.355985e+01 0.000000e+00
    endloop
  endfacet
  facet normal 0.000000e+00 0.000000e+00 -1.000000e+00
    outer loop
      vertex   1.304667e+01 8.181950e+00 0.000000e+00
      vertex   1.469636e+01 1.355985e+01 0.000000e+00
      vertex   1.495648e+01 1.347156e+01 0.000000e+00
    endloop
  endfacet
  facet normal 0.000000e+00 0.000000e+00 -1.000000e+00
    outer loop
      vertex   1.304667e+01 8.181950e+00 0.000000e+00
      vertex   1.495648e+01 1.347156e+01 0.000000e+00
      vertex   1.342956e+01 7.537035e+00 0.000000e+00
    endloop
  endfacet
  facet normal 0.000000e+00 0.000000e+00 -1.000000e+00
    outer loop
      vertex   1.342956e+01 7.537035e+00 0.000000e+00
      vertex   1.495648e+01 1.347156e+01 0.000000e+00
      vertex   1.522589e+01 1.341797e+01 0.000000e+00
    endloop
  endfacet
  facet normal 0.000000e+00 0.000000e+00 -1.000000e+00
    outer loop
      vertex   1.342956e+01 7.537035e+00 0.000000e+00
      vertex   1.522589e+01 1.341797e+01 0.000000e+00
      vertex   1.378059e+01 6.874243e+00 0.000000e+00
    endloop
  endfacet
  facet normal 0.000000e+00 0.000000e+00 -1.000000e+00
    outer loop
      vertex   1.378059e+01 6.874243e+00 0.000000e+00
      vertex   1.522589e+01 1.341797e+01 0.000000e+00
      vertex   1.550000e+01 1.340000e+01 0.000000e+00
    endloop
  endfacet
  facet normal 0.000000e+00 0.000000e+00 -1.000000e+00
    outer loop
      vertex   1.378059e+01 6.874243e+00 0.000000e+00
      vertex   1.550000e+01 1.340000e+01 0.000000e+00
      vertex   1.577411e+01 1.341797e+01 0.000000e+00
    endloop
  endfacet
  facet normal 0.000000e+00 0.000000e+00 -1.000000e+00
    outer loop
      vertex   1.378059e+01 6.874243e+00 0.000000e+00
      vertex   1.577411e+01 1.341797e+01 0.000000e+00
      vertex   1.409894e+01 6.195147e+00 0.000000e+00
    endloop
  endfacet
  facet normal 0.000000e+00 0.000000e+00 -1.000000e+00
    outer loop
      vertex   1.409894e+01 6.195147e+00 0.000000e+00
      vertex   1.577411e+01 1.341797e+01 0.000000e+00
      vertex   1.604352e+01 1.347156e+01 0.000000e+00
    endloop
  endfacet
  facet normal 0.000000e+00 0.000000e+00 -1.000000e+00
    outer loop
      vertex   1.409894e+01 6.195147e+00 0.000000e+00
      vertex   1.604352e+01 1.347156e+01 0.000000e+00
      vertex   1.438385e+01 5.501356e+00 0.000000e+00
    endloop
  endfacet
  facet normal 0.000000e+00 0.000000e+00 -1.000000e+00
    outer loop
      vertex   1.438385e+01 5.501356e+00 0.000000e+00
      vertex   1.604352e+01 1.347156e+01 0.000000e+00
      vertex   1.630364e+01 1.355985e+01 0.000000e+00
    endloop
  endfacet
  facet normal 0.000000e+00 0.000000e+00 -1.000000e+00
    outer loop
      vertex   1.438385e+01 5.501356e+00 0.000000e+00
      vertex   1.630364e+01 1.355985e+01 0.000000e+00
      vertex   1.463464e+01 4.794516e+00 0.000000e+00
    endloop
  endfacet
  facet normal 0.000000e+00 0.000000e+00 -1.000000e+00
    outer loop
      vertex   1.463464e+01 4.794516e+00 0.000000e+00
      vertex   1.630364e+01 1.355985e+01 0.000000e+00
      vertex   1.655000e+01 1.368135e+01 0.000000e+00
    endloop
  endfacet
  facet normal 0.000000e+00 0.000000e+00 -1.000000e+00
    outer loop
      vertex   1.463464e+01 4.794516e+00 0.000000e+00
      vertex   1.655000e+01 1.368135e+01 0.000000e+00
      vertex   1.677840e+01 1.383396e+01 0.000000e+00
    endloop
  endfacet
  facet normal 0.000000e+00 0.000000e+00 -1.000000e+00
    outer loop
      vertex   1.463464e+01 4.794516e+00 0.000000e+00
      vertex   1.677840e+01 1.383396e+01 0.000000e+00
      vertex   1.485072e+01 4.076305e+00 0.000000e+00
    endloop
  endfacet
  facet normal 0.000000e+00 0.000000e+00 -1.000000e+00
    outer loop
      vertex   1.485072e+01 4.076305e+00 0.000000e+00
      vertex   1.677840e+01 1.383396e+01 0.000000e+00
      vertex   1.698492e+01 1.401508e+01 0.000000e+00
    endloop
  endfacet
  facet normal 0.000000e+00 0.000000e+00 -1.000000e+00
    outer loop
      vertex   1.485072e+01 4.076305e+00 0.000000e+00
      vertex   1.698492e+01 1.401508e+01 0.000000e+00
      vertex   1.503157e+01 3.348425e+00 0.000000e+00
    endloop
  endfacet
  facet normal 0.000000e+00 0.000000e+00 -1.000000e+00
    outer loop
      vertex   1.503157e+01 3.348425e+00 0.000000e+00
      vertex   1.698492e+01 1.401508e+01 0.000000e+00
      vertex   1.716604e+01 1.422160e+01 0.000000e+00
    endloop
  endfacet
  facet normal 0.000000e+00 0.000000e+00 -1.000000e+00
    outer loop
      vertex   1.503157e+01 3.348425e+00 0.000000e+00
      vertex   1.716604e+01 1.422160e+01 0.000000e+00
      vertex   1.517677e+01 2.612603e+00 0.000000e+00
    endloop
  endfacet
  facet normal 0.000000e+00 0.000000e+00 -1.000000e+00
    outer loop
      vertex   1.517677e+01 2.612603e+00 0.000000e+00
      vertex   1.716604e+01 1.422160e+01 0.000000e+00
      vertex   1.731865e+01 1.445000e+01 0.000000e+00
    endloop
  endfacet
  facet normal 0.000000e+00 0.000000e+00 -1.000000e+00
    outer loop
      vertex   1.517677e+01 2.612603e+00 0.000000e+00
      vertex   1.731865e+01 1.445000e+01 0.000000e+00
      vertex   1.528597e+01 1.870584e+00 0.000000e+00
    endloop
  endfacet
  facet normal 0.000000e+00 0.000000e+00 -1.000000e+00
    outer loop
      vertex   1.528597e+01 1.870584e+00 0.000000e+00
      vertex   1.731865e+01 1.445000e+01 0.000000e+00
      vertex   1.744015e+01 1.469636e+01 0.000000e+00
    endloop
  endfacet
  facet normal 0.000000e+00 0.000000e+00 -1.000000e+00
    outer loop
      vertex   1.528597e+01 1.870584e+00 0.000000e+00
      vertex   1.744015e+01 1.469636e+01 0.000000e+00
      vertex   1.535892e+01 1.124128e+00 0.000000e+00
    endloop
  endfacet
  facet normal 0.000000e+00 0.000000e+00 -1.000000e+00
    outer loop
      vertex   1.535892e+01 1.124128e+00 0.000000e+00
      vertex   1.744015e+01 1.469636e+01 0.000000e+00
      vertex   1.539543e+01 3.750058e-01 0.000000e+00
    endloop
  endfacet
  facet normal 0.000000e+00 0.000000e+00 -1.000000e+00
    outer loop
      vertex   -1.538174e+01 7.497891e-01 0.000000e+00
      vertex   -1.540000e+01 1.885956e-15 0.000000e+00
      vertex   -2.210000e+01 -1.833431e+01 0.000000e+00
    endloop
  endfacet
  facet normal 0.000000e+00 0.000000e+00 -1.000000e+00
    outer loop
      vertex   -2.210000e+01 -1.833431e+01 0.000000e+00
      vertex   -1.540000e+01 1.885956e-15 0.000000e+00
      vertex   -1.538174e+01 -7.497891e-01 0.000000e+00
    endloop
  endfacet
  facet normal 0.000000e+00 0.000000e+00 -1.000000e+00
    outer loop
      vertex   -2.210000e+01 -1.833431e+01 0.000000e+00
      vertex   -1.538174e+01 -7.497891e-01 0.000000e+00
      vertex   -1.532699e+01 -1.497800e+00 0.000000e+00
    endloop
  endfacet
  facet normal 0.000000e+00 -0.000000e+00 -1.000000e+00
    outer loop
      vertex   -1.532699e+01 -1.497800e+00 0.000000e+00
      vertex   -1.523589e+01 -2.242258e+00 0.000000e+00
      vertex   -2.210000e+01 -1.833431e+01 0.000000e+00
    endloop
  endfacet
  facet normal 0.000000e+00 0.000000e+00 -1.000000e+00
    outer loop
      vertex   -2.210000e+01 -1.833431e+01 0.000000e+00
      vertex   -1.523589e+01 -2.242258e+00 0.000000e+00
      vertex   -1.731865e+01 -1.445000e+01 0.000000e+00
    endloop
  endfacet
  facet normal 0.000000e+00 0.000000e+00 -1.000000e+00
    outer loop
      vertex   -2.210000e+01 -1.833431e+01 0.000000e+00
      vertex   -1.731865e+01 -1.445000e+01 0.000000e+00
      vertex   -1.744015e+01 -1.469636e+01 0.000000e+00
    endloop
  endfacet
  facet normal 0.000000e+00 0.000000e+00 -1.000000e+00
    outer loop
      vertex   -1.731865e+01 -1.445000e+01 0.000000e+00
      vertex   -1.523589e+01 -2.242258e+00 0.000000e+00
      vertex   -1.716604e+01 -1.422160e+01 0.000000e+00
    endloop
  endfacet
  facet normal 0.000000e+00 0.000000e+00 -1.000000e+00
    outer loop
      vertex   -1.716604e+01 -1.422160e+01 0.000000e+00
      vertex   -1.523589e+01 -2.242258e+00 0.000000e+00
      vertex   -1.510865e+01 -2.981398e+00 0.000000e+00
    endloop
  endfacet
  facet normal 0.000000e+00 0.000000e+00 -1.000000e+00
    outer loop
      vertex   -1.716604e+01 -1.422160e+01 0.000000e+00
      vertex   -1.510865e+01 -2.981398e+00 0.000000e+00
      vertex   -1.698492e+01 -1.401508e+01 0.000000e+00
    endloop
  endfacet
  facet normal 0.000000e+00 0.000000e+00 -1.000000e+00
    outer loop
      vertex   -1.698492e+01 -1.401508e+01 0.000000e+00
      vertex   -1.510865e+01 -2.981398e+00 0.000000e+00
      vertex   -1.494557e+01 -3.713466e+00 0.000000e+00
    endloop
  endfacet
  facet normal 0.000000e+00 0.000000e+00 -1.000000e+00
    outer loop
      vertex   -1.698492e+01 -1.401508e+01 0.000000e+00
      vertex   -1.494557e+01 -3.713466e+00 0.000000e+00
      vertex   -1.677840e+01 -1.383396e+01 0.000000e+00
    endloop
  endfacet
  facet normal 0.000000e+00 0.000000e+00 -1.000000e+00
    outer loop
      vertex   -1.677840e+01 -1.383396e+01 0.000000e+00
      vertex   -1.494557e+01 -3.713466e+00 0.000000e+00
      vertex   -1.474705e+01 -4.436726e+00 0.000000e+00
    endloop
  endfacet
  facet normal 0.000000e+00 0.000000e+00 -1.000000e+00
    outer loop
      vertex   -1.677840e+01 -1.383396e+01 0.000000e+00
      vertex   -1.474705e+01 -4.436726e+00 0.000000e+00
      vertex   -1.655000e+01 -1.368135e+01 0.000000e+00
    endloop
  endfacet
  facet normal 0.000000e+00 0.000000e+00 -1.000000e+00
    outer loop
      vertex   -1.655000e+01 -1.368135e+01 0.000000e+00
      vertex   -1.474705e+01 -4.436726e+00 0.000000e+00
      vertex   -1.451355e+01 -5.149463e+00 0.000000e+00
    endloop
  endfacet
  facet normal 0.000000e+00 0.000000e+00 -1.000000e+00
    outer loop
      vertex   -1.655000e+01 -1.368135e+01 0.000000e+00
      vertex   -1.451355e+01 -5.149463e+00 0.000000e+00
      vertex   -1.630364e+01 -1.355985e+01 0.000000e+00
    endloop
  endfacet
  facet normal 0.000000e+00 0.000000e+00 -1.000000e+00
    outer loop
      vertex   -1.630364e+01 -1.355985e+01 0.000000e+00
      vertex   -1.451355e+01 -5.149463e+00 0.000000e+00
      vertex   -1.424562e+01 -5.849986e+00 0.000000e+00
    endloop
  endfacet
  facet normal 0.000000e+00 0.000000e+00 -1.000000e+00
    outer loop
      vertex   -1.630364e+01 -1.355985e+01 0.000000e+00
      vertex   -1.424562e+01 -5.849986e+00 0.000000e+00
      vertex   -1.604352e+01 -1.347156e+01 0.000000e+00
    endloop
  endfacet
  facet normal 0.000000e+00 0.000000e+00 -1.000000e+00
    outer loop
      vertex   -1.604352e+01 -1.347156e+01 0.000000e+00
      vertex   -1.424562e+01 -5.849986e+00 0.000000e+00
      vertex   -1.577411e+01 -1.341797e+01 0.000000e+00
    endloop
  endfacet
  facet normal 0.000000e+00 0.000000e+00 -1.000000e+00
    outer loop
      vertex   -1.577411e+01 -1.341797e+01 0.000000e+00
      vertex   -1.424562e+01 -5.849986e+00 0.000000e+00
      vertex   -1.394390e+01 -6.536633e+00 0.000000e+00
    endloop
  endfacet
  facet normal 0.000000e+00 0.000000e+00 -1.000000e+00
    outer loop
      vertex   -1.577411e+01 -1.341797e+01 0.000000e+00
      vertex   -1.394390e+01 -6.536633e+00 0.000000e+00
      vertex   -1.550000e+01 -1.340000e+01 0.000000e+00
    endloop
  endfacet
  facet normal 0.000000e+00 0.000000e+00 -1.000000e+00
    outer loop
      vertex   -1.550000e+01 -1.340000e+01 0.000000e+00
      vertex   -1.394390e+01 -6.536633e+00 0.000000e+00
      vertex   -1.360911e+01 -7.207776e+00 0.000000e+00
    endloop
  endfacet
  facet normal 0.000000e+00 0.000000e+00 -1.000000e+00
    outer loop
      vertex   -1.550000e+01 -1.340000e+01 0.000000e+00
      vertex   -1.360911e+01 -7.207776e+00 0.000000e+00
      vertex   -1.522589e+01 -1.341797e+01 0.000000e+00
    endloop
  endfacet
  facet normal 0.000000e+00 0.000000e+00 -1.000000e+00
    outer loop
      vertex   -1.522589e+01 -1.341797e+01 0.000000e+00
      vertex   -1.360911e+01 -7.207776e+00 0.000000e+00
      vertex   -1.495648e+01 -1.347156e+01 0.000000e+00
    endloop
  endfacet
  facet normal 0.000000e+00 0.000000e+00 -1.000000e+00
    outer loop
      vertex   -1.495648e+01 -1.347156e+01 0.000000e+00
      vertex   -1.360911e+01 -7.207776e+00 0.000000e+00
      vertex   -1.324204e+01 -7.861823e+00 0.000000e+00
    endloop
  endfacet
  facet normal 0.000000e+00 0.000000e+00 -1.000000e+00
    outer loop
      vertex   -1.495648e+01 -1.347156e+01 0.000000e+00
      vertex   -1.324204e+01 -7.861823e+00 0.000000e+00
      vertex   -1.469636e+01 -1.355985e+01 0.000000e+00
    endloop
  endfacet
  facet normal 0.000000e+00 0.000000e+00 -1.000000e+00
    outer loop
      vertex   -1.469636e+01 -1.355985e+01 0.000000e+00
      vertex   -1.324204e+01 -7.861823e+00 0.000000e+00
      vertex   -1.284357e+01 -8.497223e+00 0.000000e+00
    endloop
  endfacet
  facet normal 0.000000e+00 0.000000e+00 -1.000000e+00
    outer loop
      vertex   -1.469636e+01 -1.355985e+01 0.000000e+00
      vertex   -1.284357e+01 -8.497223e+00 0.000000e+00
      vertex   -1.445000e+01 -1.368135e+01 0.000000e+00
    endloop
  endfacet
  facet normal 0.000000e+00 0.000000e+00 -1.000000e+00
    outer loop
      vertex   -1.445000e+01 -1.368135e+01 0.000000e+00
      vertex   -1.284357e+01 -8.497223e+00 0.000000e+00
      vertex   -1.422160e+01 -1.383396e+01 0.000000e+00
    endloop
  endfacet
  facet normal 0.000000e+00 0.000000e+00 -1.000000e+00
    outer loop
      vertex   -1.422160e+01 -1.383396e+01 0.000000e+00
      vertex   -1.284357e+01 -8.497223e+00 0.000000e+00
      vertex   -1.241463e+01 -9.112468e+00 0.000000e+00
    endloop
  endfacet
  facet normal 0.000000e+00 0.000000e+00 -1.000000e+00
    outer loop
      vertex   -1.422160e+01 -1.383396e+01 0.000000e+00
      vertex   -1.241463e+01 -9.112468e+00 0.000000e+00
      vertex   -1.401508e+01 -1.401508e+01 0.000000e+00
    endloop
  endfacet
  facet normal 0.000000e+00 0.000000e+00 -1.000000e+00
    outer loop
      vertex   -1.401508e+01 -1.401508e+01 0.000000e+00
      vertex   -1.241463e+01 -9.112468e+00 0.000000e+00
      vertex   -1.195624e+01 -9.706100e+00 0.000000e+00
    endloop
  endfacet
  facet normal 0.000000e+00 0.000000e+00 -1.000000e+00
    outer loop
      vertex   -1.401508e+01 -1.401508e+01 0.000000e+00
      vertex   -1.195624e+01 -9.706100e+00 0.000000e+00
      vertex   -1.383396e+01 -1.422160e+01 0.000000e+00
    endloop
  endfacet
  facet normal 0.000000e+00 0.000000e+00 -1.000000e+00
    outer loop
      vertex   -1.383396e+01 -1.422160e+01 0.000000e+00
      vertex   -1.195624e+01 -9.706100e+00 0.000000e+00
      vertex   -1.368135e+01 -1.445000e+01 0.000000e+00
    endloop
  endfacet
  facet normal 0.000000e+00 0.000000e+00 -1.000000e+00
    outer loop
      vertex   -1.368135e+01 -1.445000e+01 0.000000e+00
      vertex   -1.195624e+01 -9.706100e+00 0.000000e+00
      vertex   -1.146949e+01 -1.027671e+01 0.000000e+00
    endloop
  endfacet
  facet normal 0.000000e+00 0.000000e+00 -1.000000e+00
    outer loop
      vertex   -1.368135e+01 -1.445000e+01 0.000000e+00
      vertex   -1.146949e+01 -1.027671e+01 0.000000e+00
      vertex   -1.355985e+01 -1.469636e+01 0.000000e+00
    endloop
  endfacet
  facet normal 0.000000e+00 0.000000e+00 -1.000000e+00
    outer loop
      vertex   -1.355985e+01 -1.469636e+01 0.000000e+00
      vertex   -1.146949e+01 -1.027671e+01 0.000000e+00
      vertex   -1.095554e+01 -1.082294e+01 0.000000e+00
    endloop
  endfacet
  facet normal 0.000000e+00 0.000000e+00 -1.000000e+00
    outer loop
      vertex   -1.355985e+01 -1.469636e+01 0.000000e+00
      vertex   -1.095554e+01 -1.082294e+01 0.000000e+00
      vertex   -1.347156e+01 -1.495648e+01 0.000000e+00
    endloop
  endfacet
  facet normal 0.000000e+00 0.000000e+00 -1.000000e+00
    outer loop
      vertex   -1.347156e+01 -1.495648e+01 0.000000e+00
      vertex   -1.095554e+01 -1.082294e+01 0.000000e+00
      vertex   -1.341797e+01 -1.522589e+01 0.000000e+00
    endloop
  endfacet
  facet normal 0.000000e+00 0.000000e+00 -1.000000e+00
    outer loop
      vertex   -1.341797e+01 -1.522589e+01 0.000000e+00
      vertex   -1.095554e+01 -1.082294e+01 0.000000e+00
      vertex   -1.041561e+01 -1.134351e+01 0.000000e+00
    endloop
  endfacet
  facet normal 0.000000e+00 0.000000e+00 -1.000000e+00
    outer loop
      vertex   -1.341797e+01 -1.522589e+01 0.000000e+00
      vertex   -1.041561e+01 -1.134351e+01 0.000000e+00
      vertex   -1.340000e+01 -1.550000e+01 0.000000e+00
    endloop
  endfacet
  facet normal 0.000000e+00 0.000000e+00 -1.000000e+00
    outer loop
      vertex   -1.340000e+01 -1.550000e+01 0.000000e+00
      vertex   -1.041561e+01 -1.134351e+01 0.000000e+00
      vertex   -9.850965e+00 -1.183717e+01 0.000000e+00
    endloop
  endfacet
  facet normal 0.000000e+00 0.000000e+00 -1.000000e+00
    outer loop
      vertex   -1.340000e+01 -1.550000e+01 0.000000e+00
      vertex   -9.850965e+00 -1.183717e+01 0.000000e+00
      vertex   -9.262959e+00 -1.230275e+01 0.000000e+00
    endloop
  endfacet
  facet normal 0.000000e+00 -0.000000e+00 -1.000000e+00
    outer loop
      vertex   -9.262959e+00 -1.230275e+01 0.000000e+00
      vertex   -8.652982e+00 -1.273915e+01 0.000000e+00
      vertex   -1.340000e+01 -1.550000e+01 0.000000e+00
    endloop
  endfacet
  facet normal 0.000000e+00 0.000000e+00 -1.000000e+00
    outer loop
      vertex   -1.340000e+01 -1.550000e+01 0.000000e+00
      vertex   -8.652982e+00 -1.273915e+01 0.000000e+00
      vertex   -8.022481e+00 -1.314533e+01 0.000000e+00
    endloop
  endfacet
  facet normal 0.000000e+00 0.000000e+00 -1.000000e+00
    outer loop
      vertex   -1.340000e+01 -1.550000e+01 0.000000e+00
      vertex   -8.022481e+00 -1.314533e+01 0.000000e+00
      vertex   -7.372952e+00 -1.352034e+01 0.000000e+00
    endloop
  endfacet
  facet normal 0.000000e+00 -0.000000e+00 -1.000000e+00
    outer loop
      vertex   -7.372952e+00 -1.352034e+01 0.000000e+00
      vertex   -6.705935e+00 -1.386328e+01 0.000000e+00
      vertex   -1.340000e+01 -1.550000e+01 0.000000e+00
    endloop
  endfacet
  facet normal 0.000000e+00 0.000000e+00 -1.000000e+00
    outer loop
      vertex   -1.340000e+01 -1.550000e+01 0.000000e+00
      vertex   -6.705935e+00 -1.386328e+01 0.000000e+00
      vertex   -6.023013e+00 -1.417333e+01 0.000000e+00
    endloop
  endfacet
  facet normal 0.000000e+00 0.000000e+00 -1.000000e+00
    outer loop
      vertex   -1.340000e+01 -1.550000e+01 0.000000e+00
      vertex   -6.023013e+00 -1.417333e+01 0.000000e+00
      vertex   -5.325804e+00 -1.444977e+01 0.000000e+00
    endloop
  endfacet
  facet normal 0.000000e+00 -0.000000e+00 -1.000000e+00
    outer loop
      vertex   -5.325804e+00 -1.444977e+01 0.000000e+00
      vertex   -4.615963e+00 -1.469193e+01 0.000000e+00
      vertex   -1.340000e+01 -1.550000e+01 0.000000e+00
    endloop
  endfacet
  facet normal 0.000000e+00 0.000000e+00 -1.000000e+00
    outer loop
      vertex   -1.340000e+01 -1.550000e+01 0.000000e+00
      vertex   -4.615963e+00 -1.469193e+01 0.000000e+00
      vertex   -3.895174e+00 -1.489925e+01 0.000000e+00
    endloop
  endfacet
  facet normal 0.000000e+00 0.000000e+00 -1.000000e+00
    outer loop
      vertex   -1.340000e+01 -1.550000e+01 0.000000e+00
      vertex   -3.895174e+00 -1.489925e+01 0.000000e+00
      vertex   -3.165146e+00 -1.507123e+01 0.000000e+00
    endloop
  endfacet
  facet normal 0.000000e+00 -0.000000e+00 -1.000000e+00
    outer loop
      vertex   -3.165146e+00 -1.507123e+01 0.000000e+00
      vertex   -2.427610e+00 -1.520746e+01 0.000000e+00
      vertex   -1.340000e+01 -1.550000e+01 0.000000e+00
    endloop
  endfacet
  facet normal 0.000000e+00 0.000000e+00 -1.000000e+00
    outer loop
      vertex   -1.340000e+01 -1.550000e+01 0.000000e+00
      vertex   -2.427610e+00 -1.520746e+01 0.000000e+00
      vertex   -1.684317e+00 -1.530762e+01 0.000000e+00
    endloop
  endfacet
  facet normal 0.000000e+00 0.000000e+00 -1.000000e+00
    outer loop
      vertex   -1.340000e+01 -1.550000e+01 0.000000e+00
      vertex   -1.684317e+00 -1.530762e+01 0.000000e+00
      vertex   -9.370280e-01 -1.537147e+01 0.000000e+00
    endloop
  endfacet
  facet normal 0.000000e+00 -0.000000e+00 -1.000000e+00
    outer loop
      vertex   -9.370280e-01 -1.537147e+01 0.000000e+00
      vertex   -1.875168e-01 -1.539886e+01 0.000000e+00
      vertex   -1.340000e+01 -1.550000e+01 0.000000e+00
    endloop
  endfacet
  facet normal 0.000000e+00 -0.000000e+00 -1.000000e+00
    outer loop
      vertex   -1.340000e+01 -1.550000e+01 0.000000e+00
      vertex   -1.875168e-01 -1.539886e+01 0.000000e+00
      vertex   -1.341797e+01 -1.577411e+01 0.000000e+00
    endloop
  endfacet
  facet normal 0.000000e+00 -0.000000e+00 -1.000000e+00
    outer loop
      vertex   -1.341797e+01 -1.577411e+01 0.000000e+00
      vertex   -1.875168e-01 -1.539886e+01 0.000000e+00
      vertex   -1.347156e+01 -1.604352e+01 0.000000e+00
    endloop
  endfacet
  facet normal 0.000000e+00 -0.000000e+00 -1.000000e+00
    outer loop
      vertex   -1.347156e+01 -1.604352e+01 0.000000e+00
      vertex   -1.875168e-01 -1.539886e+01 0.000000e+00
      vertex   -1.355985e+01 -1.630364e+01 0.000000e+00
    endloop
  endfacet
  facet normal 0.000000e+00 -0.000000e+00 -1.000000e+00
    outer loop
      vertex   -1.355985e+01 -1.630364e+01 0.000000e+00
      vertex   -1.875168e-01 -1.539886e+01 0.000000e+00
      vertex   -1.368135e+01 -1.655000e+01 0.000000e+00
    endloop
  endfacet
  facet normal 0.000000e+00 -0.000000e+00 -1.000000e+00
    outer loop
      vertex   -1.368135e+01 -1.655000e+01 0.000000e+00
      vertex   -1.875168e-01 -1.539886e+01 0.000000e+00
      vertex   -1.383396e+01 -1.677840e+01 0.000000e+00
    endloop
  endfacet
  facet normal 0.000000e+00 -0.000000e+00 -1.000000e+00
    outer loop
      vertex   -1.383396e+01 -1.677840e+01 0.000000e+00
      vertex   -1.875168e-01 -1.539886e+01 0.000000e+00
      vertex   -1.401508e+01 -1.698492e+01 0.000000e+00
    endloop
  endfacet
  facet normal 0.000000e+00 -0.000000e+00 -1.000000e+00
    outer loop
      vertex   -1.401508e+01 -1.698492e+01 0.000000e+00
      vertex   -1.875168e-01 -1.539886e+01 0.000000e+00
      vertex   -1.422160e+01 -1.716604e+01 0.000000e+00
    endloop
  endfacet
  facet normal 0.000000e+00 -0.000000e+00 -1.000000e+00
    outer loop
      vertex   -1.422160e+01 -1.716604e+01 0.000000e+00
      vertex   -1.875168e-01 -1.539886e+01 0.000000e+00
      vertex   -1.445000e+01 -1.731865e+01 0.000000e+00
    endloop
  endfacet
  facet normal 0.000000e+00 -0.000000e+00 -1.000000e+00
    outer loop
      vertex   -1.445000e+01 -1.731865e+01 0.000000e+00
      vertex   -1.875168e-01 -1.539886e+01 0.000000e+00
      vertex   -1.469636e+01 -1.744015e+01 0.000000e+00
    endloop
  endfacet
  facet normal 0.000000e+00 -0.000000e+00 -1.000000e+00
    outer loop
      vertex   -1.469636e+01 -1.744015e+01 0.000000e+00
      vertex   -1.875168e-01 -1.539886e+01 0.000000e+00
      vertex   -1.495648e+01 -1.752844e+01 0.000000e+00
    endloop
  endfacet
  facet normal 0.000000e+00 0.000000e+00 -1.000000e+00
    outer loop
      vertex   -1.495648e+01 -1.752844e+01 0.000000e+00
      vertex   -1.875168e-01 -1.539886e+01 0.000000e+00
      vertex   1.495648e+01 -1.752844e+01 0.000000e+00
    endloop
  endfacet
  facet normal 0.000000e+00 -0.000000e+00 -1.000000e+00
    outer loop
      vertex   -1.495648e+01 -1.752844e+01 0.000000e+00
      vertex   1.495648e+01 -1.752844e+01 0.000000e+00
      vertex   -1.522589e+01 -1.758203e+01 0.000000e+00
    endloop
  endfacet
  facet normal 0.000000e+00 0.000000e+00 -1.000000e+00
    outer loop
      vertex   -1.522589e+01 -1.758203e+01 0.000000e+00
      vertex   1.495648e+01 -1.752844e+01 0.000000e+00
      vertex   1.522589e+01 -1.758203e+01 0.000000e+00
    endloop
  endfacet
  facet normal 0.000000e+00 -0.000000e+00 -1.000000e+00
    outer loop
      vertex   -1.522589e+01 -1.758203e+01 0.000000e+00
      vertex   1.522589e+01 -1.758203e+01 0.000000e+00
      vertex   -1.550000e+01 -1.760000e+01 0.000000e+00
    endloop
  endfacet
  facet normal 0.000000e+00 0.000000e+00 -1.000000e+00
    outer loop
      vertex   -1.550000e+01 -1.760000e+01 0.000000e+00
      vertex   1.522589e+01 -1.758203e+01 0.000000e+00
      vertex   1.550000e+01 -1.760000e+01 0.000000e+00
    endloop
  endfacet
  facet normal 0.000000e+00 -0.000000e+00 -1.000000e+00
    outer loop
      vertex   -1.550000e+01 -1.760000e+01 0.000000e+00
      vertex   1.550000e+01 -1.760000e+01 0.000000e+00
      vertex   -1.833431e+01 -2.210000e+01 0.000000e+00
    endloop
  endfacet
  facet normal 0.000000e+00 0.000000e+00 -1.000000e+00
    outer loop
      vertex   -1.833431e+01 -2.210000e+01 0.000000e+00
      vertex   1.550000e+01 -1.760000e+01 0.000000e+00
      vertex   1.833431e+01 -2.210000e+01 0.000000e+00
    endloop
  endfacet
  facet normal 0.000000e+00 0.000000e+00 -1.000000e+00
    outer loop
      vertex   1.833431e+01 -2.210000e+01 0.000000e+00
      vertex   1.550000e+01 -1.760000e+01 0.000000e+00
      vertex   2.210000e+01 -1.833431e+01 0.000000e+00
    endloop
  endfacet
  facet normal 0.000000e+00 0.000000e+00 -1.000000e+00
    outer loop
      vertex   2.210000e+01 -1.833431e+01 0.000000e+00
      vertex   1.550000e+01 -1.760000e+01 0.000000e+00
      vertex   1.577411e+01 -1.758203e+01 0.000000e+00
    endloop
  endfacet
  facet normal 0.000000e+00 0.000000e+00 -1.000000e+00
    outer loop
      vertex   2.210000e+01 -1.833431e+01 0.000000e+00
      vertex   1.577411e+01 -1.758203e+01 0.000000e+00
      vertex   1.604352e+01 -1.752844e+01 0.000000e+00
    endloop
  endfacet
  facet normal 0.000000e+00 0.000000e+00 -1.000000e+00
    outer loop
      vertex   -1.875168e-01 -1.539886e+01 0.000000e+00
      vertex   5.624392e-01 -1.538973e+01 0.000000e+00
      vertex   1.495648e+01 -1.752844e+01 0.000000e+00
    endloop
  endfacet
  facet normal 0.000000e+00 0.000000e+00 -1.000000e+00
    outer loop
      vertex   1.495648e+01 -1.752844e+01 0.000000e+00
      vertex   5.624392e-01 -1.538973e+01 0.000000e+00
      vertex   1.469636e+01 -1.744015e+01 0.000000e+00
    endloop
  endfacet
  facet normal 0.000000e+00 0.000000e+00 -1.000000e+00
    outer loop
      vertex   1.469636e+01 -1.744015e+01 0.000000e+00
      vertex   5.624392e-01 -1.538973e+01 0.000000e+00
      vertex   1.311061e+00 -1.534409e+01 0.000000e+00
    endloop
  endfacet
  facet normal 0.000000e+00 0.000000e+00 -1.000000e+00
    outer loop
      vertex   1.469636e+01 -1.744015e+01 0.000000e+00
      vertex   1.311061e+00 -1.534409e+01 0.000000e+00
      vertex   2.056573e+00 -1.526206e+01 0.000000e+00
    endloop
  endfacet
  facet normal 0.000000e+00 0.000000e+00 -1.000000e+00
    outer loop
      vertex   1.469636e+01 -1.744015e+01 0.000000e+00
      vertex   2.056573e+00 -1.526206e+01 0.000000e+00
      vertex   1.445000e+01 -1.731865e+01 0.000000e+00
    endloop
  endfacet
  facet normal 0.000000e+00 0.000000e+00 -1.000000e+00
    outer loop
      vertex   1.445000e+01 -1.731865e+01 0.000000e+00
      vertex   2.056573e+00 -1.526206e+01 0.000000e+00
      vertex   2.797208e+00 -1.514383e+01 0.000000e+00
    endloop
  endfacet
  facet normal 0.000000e+00 0.000000e+00 -1.000000e+00
    outer loop
      vertex   1.445000e+01 -1.731865e+01 0.000000e+00
      vertex   2.797208e+00 -1.514383e+01 0.000000e+00
      vertex   3.531207e+00 -1.498968e+01 0.000000e+00
    endloop
  endfacet
  facet normal 0.000000e+00 0.000000e+00 -1.000000e+00
    outer loop
      vertex   1.445000e+01 -1.731865e+01 0.000000e+00
      vertex   3.531207e+00 -1.498968e+01 0.000000e+00
      vertex   1.422160e+01 -1.716604e+01 0.000000e+00
    endloop
  endfacet
  facet normal 0.000000e+00 0.000000e+00 -1.000000e+00
    outer loop
      vertex   1.422160e+01 -1.716604e+01 0.000000e+00
      vertex   3.531207e+00 -1.498968e+01 0.000000e+00
      vertex   4.256831e+00 -1.479998e+01 0.000000e+00
    endloop
  endfacet
  facet normal 0.000000e+00 0.000000e+00 -1.000000e+00
    outer loop
      vertex   1.422160e+01 -1.716604e+01 0.000000e+00
      vertex   4.256831e+00 -1.479998e+01 0.000000e+00
      vertex   4.972358e+00 -1.457517e+01 0.000000e+00
    endloop
  endfacet
  facet normal 0.000000e+00 0.000000e+00 -1.000000e+00
    outer loop
      vertex   1.422160e+01 -1.716604e+01 0.000000e+00
      vertex   4.972358e+00 -1.457517e+01 0.000000e+00
      vertex   1.401508e+01 -1.698492e+01 0.000000e+00
    endloop
  endfacet
  facet normal 0.000000e+00 0.000000e+00 -1.000000e+00
    outer loop
      vertex   1.401508e+01 -1.698492e+01 0.000000e+00
      vertex   4.972358e+00 -1.457517e+01 0.000000e+00
      vertex   5.676092e+00 -1.431579e+01 0.000000e+00
    endloop
  endfacet
  facet normal 0.000000e+00 0.000000e+00 -1.000000e+00
    outer loop
      vertex   1.401508e+01 -1.698492e+01 0.000000e+00
      vertex   5.676092e+00 -1.431579e+01 0.000000e+00
      vertex   1.383396e+01 -1.677840e+01 0.000000e+00
    endloop
  endfacet
  facet normal 0.000000e+00 0.000000e+00 -1.000000e+00
    outer loop
      vertex   1.383396e+01 -1.677840e+01 0.000000e+00
      vertex   5.676092e+00 -1.431579e+01 0.000000e+00
      vertex   6.366362e+00 -1.402246e+01 0.000000e+00
    endloop
  endfacet
  facet normal 0.000000e+00 0.000000e+00 -1.000000e+00
    outer loop
      vertex   1.383396e+01 -1.677840e+01 0.000000e+00
      vertex   6.366362e+00 -1.402246e+01 0.000000e+00
      vertex   1.368135e+01 -1.655000e+01 0.000000e+00
    endloop
  endfacet
  facet normal 0.000000e+00 0.000000e+00 -1.000000e+00
    outer loop
      vertex   1.368135e+01 -1.655000e+01 0.000000e+00
      vertex   6.366362e+00 -1.402246e+01 0.000000e+00
      vertex   7.041532e+00 -1.369587e+01 0.000000e+00
    endloop
  endfacet
  facet normal 0.000000e+00 0.000000e+00 -1.000000e+00
    outer loop
      vertex   1.368135e+01 -1.655000e+01 0.000000e+00
      vertex   7.041532e+00 -1.369587e+01 0.000000e+00
      vertex   7.700000e+00 -1.333679e+01 0.000000e+00
    endloop
  endfacet
  facet normal 0.000000e+00 0.000000e+00 -1.000000e+00
    outer loop
      vertex   1.368135e+01 -1.655000e+01 0.000000e+00
      vertex   7.700000e+00 -1.333679e+01 0.000000e+00
      vertex   1.355985e+01 -1.630364e+01 0.000000e+00
    endloop
  endfacet
  facet normal 0.000000e+00 0.000000e+00 -1.000000e+00
    outer loop
      vertex   1.355985e+01 -1.630364e+01 0.000000e+00
      vertex   7.700000e+00 -1.333679e+01 0.000000e+00
      vertex   8.340205e+00 -1.294608e+01 0.000000e+00
    endloop
  endfacet
  facet normal 0.000000e+00 0.000000e+00 -1.000000e+00
    outer loop
      vertex   1.355985e+01 -1.630364e+01 0.000000e+00
      vertex   8.340205e+00 -1.294608e+01 0.000000e+00
      vertex   1.347156e+01 -1.604352e+01 0.000000e+00
    endloop
  endfacet
  facet normal 0.000000e+00 0.000000e+00 -1.000000e+00
    outer loop
      vertex   1.347156e+01 -1.604352e+01 0.000000e+00
      vertex   8.340205e+00 -1.294608e+01 0.000000e+00
      vertex   8.960627e+00 -1.252466e+01 0.000000e+00
    endloop
  endfacet
  facet normal 0.000000e+00 0.000000e+00 -1.000000e+00
    outer loop
      vertex   1.347156e+01 -1.604352e+01 0.000000e+00
      vertex   8.960627e+00 -1.252466e+01 0.000000e+00
      vertex   1.341797e+01 -1.577411e+01 0.000000e+00
    endloop
  endfacet
  facet normal 0.000000e+00 0.000000e+00 -1.000000e+00
    outer loop
      vertex   1.341797e+01 -1.577411e+01 0.000000e+00
      vertex   8.960627e+00 -1.252466e+01 0.000000e+00
      vertex   9.559796e+00 -1.207354e+01 0.000000e+00
    endloop
  endfacet
  facet normal 0.000000e+00 0.000000e+00 -1.000000e+00
    outer loop
      vertex   1.341797e+01 -1.577411e+01 0.000000e+00
      vertex   9.559796e+00 -1.207354e+01 0.000000e+00
      vertex   1.340000e+01 -1.550000e+01 0.000000e+00
    endloop
  endfacet
  facet normal 0.000000e+00 0.000000e+00 -1.000000e+00
    outer loop
      vertex   1.340000e+01 -1.550000e+01 0.000000e+00
      vertex   9.559796e+00 -1.207354e+01 0.000000e+00
      vertex   1.013629e+01 -1.159377e+01 0.000000e+00
    endloop
  endfacet
  facet normal 0.000000e+00 0.000000e+00 -1.000000e+00
    outer loop
      vertex   1.340000e+01 -1.550000e+01 0.000000e+00
      vertex   1.013629e+01 -1.159377e+01 0.000000e+00
      vertex   1.341797e+01 -1.522589e+01 0.000000e+00
    endloop
  endfacet
  facet normal 0.000000e+00 0.000000e+00 -1.000000e+00
    outer loop
      vertex   1.341797e+01 -1.522589e+01 0.000000e+00
      vertex   1.013629e+01 -1.159377e+01 0.000000e+00
      vertex   1.068874e+01 -1.108651e+01 0.000000e+00
    endloop
  endfacet
  facet normal 0.000000e+00 0.000000e+00 -1.000000e+00
    outer loop
      vertex   1.341797e+01 -1.522589e+01 0.000000e+00
      vertex   1.068874e+01 -1.108651e+01 0.000000e+00
      vertex   1.347156e+01 -1.495648e+01 0.000000e+00
    endloop
  endfacet
  facet normal 0.000000e+00 0.000000e+00 -1.000000e+00
    outer loop
      vertex   1.347156e+01 -1.495648e+01 0.000000e+00
      vertex   1.068874e+01 -1.108651e+01 0.000000e+00
      vertex   1.121584e+01 -1.055296e+01 0.000000e+00
    endloop
  endfacet
  facet normal 0.000000e+00 0.000000e+00 -1.000000e+00
    outer loop
      vertex   1.347156e+01 -1.495648e+01 0.000000e+00
      vertex   1.121584e+01 -1.055296e+01 0.000000e+00
      vertex   1.355985e+01 -1.469636e+01 0.000000e+00
    endloop
  endfacet
  facet normal 0.000000e+00 0.000000e+00 -1.000000e+00
    outer loop
      vertex   1.355985e+01 -1.469636e+01 0.000000e+00
      vertex   1.121584e+01 -1.055296e+01 0.000000e+00
      vertex   1.171634e+01 -9.994368e+00 0.000000e+00
    endloop
  endfacet
  facet normal 0.000000e+00 0.000000e+00 -1.000000e+00
    outer loop
      vertex   1.355985e+01 -1.469636e+01 0.000000e+00
      vertex   1.171634e+01 -9.994368e+00 0.000000e+00
      vertex   1.368135e+01 -1.445000e+01 0.000000e+00
    endloop
  endfacet
  facet normal 0.000000e+00 0.000000e+00 -1.000000e+00
    outer loop
      vertex   1.368135e+01 -1.445000e+01 0.000000e+00
      vertex   1.171634e+01 -9.994368e+00 0.000000e+00
      vertex   1.383396e+01 -1.422160e+01 0.000000e+00
    endloop
  endfacet
  facet normal 0.000000e+00 0.000000e+00 -1.000000e+00
    outer loop
      vertex   1.383396e+01 -1.422160e+01 0.000000e+00
      vertex   1.171634e+01 -9.994368e+00 0.000000e+00
      vertex   1.218905e+01 -9.412075e+00 0.000000e+00
    endloop
  endfacet
  facet normal 0.000000e+00 0.000000e+00 -1.000000e+00
    outer loop
      vertex   1.383396e+01 -1.422160e+01 0.000000e+00
      vertex   1.218905e+01 -9.412075e+00 0.000000e+00
      vertex   1.401508e+01 -1.401508e+01 0.000000e+00
    endloop
  endfacet
  facet normal 0.000000e+00 0.000000e+00 -1.000000e+00
    outer loop
      vertex   1.401508e+01 -1.401508e+01 0.000000e+00
      vertex   1.218905e+01 -9.412075e+00 0.000000e+00
      vertex   1.422160e+01 -1.383396e+01 0.000000e+00
    endloop
  endfacet
  facet normal 0.000000e+00 0.000000e+00 -1.000000e+00
    outer loop
      vertex   1.422160e+01 -1.383396e+01 0.000000e+00
      vertex   1.218905e+01 -9.412075e+00 0.000000e+00
      vertex   1.263284e+01 -8.807458e+00 0.000000e+00
    endloop
  endfacet
  facet normal 0.000000e+00 0.000000e+00 -1.000000e+00
    outer loop
      vertex   1.422160e+01 -1.383396e+01 0.000000e+00
      vertex   1.263284e+01 -8.807458e+00 0.000000e+00
      vertex   1.445000e+01 -1.368135e+01 0.000000e+00
    endloop
  endfacet
  facet normal 0.000000e+00 0.000000e+00 -1.000000e+00
    outer loop
      vertex   1.445000e+01 -1.368135e+01 0.000000e+00
      vertex   1.263284e+01 -8.807458e+00 0.000000e+00
      vertex   1.304667e+01 -8.181950e+00 0.000000e+00
    endloop
  endfacet
  facet normal 0.000000e+00 0.000000e+00 -1.000000e+00
    outer loop
      vertex   1.445000e+01 -1.368135e+01 0.000000e+00
      vertex   1.304667e+01 -8.181950e+00 0.000000e+00
      vertex   1.469636e+01 -1.355985e+01 0.000000e+00
    endloop
  endfacet
  facet normal 0.000000e+00 0.000000e+00 -1.000000e+00
    outer loop
      vertex   1.469636e+01 -1.355985e+01 0.000000e+00
      vertex   1.304667e+01 -8.181950e+00 0.000000e+00
      vertex   1.495648e+01 -1.347156e+01 0.000000e+00
    endloop
  endfacet
  facet normal 0.000000e+00 0.000000e+00 -1.000000e+00
    outer loop
      vertex   1.495648e+01 -1.347156e+01 0.000000e+00
      vertex   1.304667e+01 -8.181950e+00 0.000000e+00
      vertex   1.342956e+01 -7.537035e+00 0.000000e+00
    endloop
  endfacet
  facet normal 0.000000e+00 0.000000e+00 -1.000000e+00
    outer loop
      vertex   1.495648e+01 -1.347156e+01 0.000000e+00
      vertex   1.342956e+01 -7.537035e+00 0.000000e+00
      vertex   1.522589e+01 -1.341797e+01 0.000000e+00
    endloop
  endfacet
  facet normal 0.000000e+00 0.000000e+00 -1.000000e+00
    outer loop
      vertex   1.522589e+01 -1.341797e+01 0.000000e+00
      vertex   1.342956e+01 -7.537035e+00 0.000000e+00
      vertex   1.378059e+01 -6.874243e+00 0.000000e+00
    endloop
  endfacet
  facet normal 0.000000e+00 0.000000e+00 -1.000000e+00
    outer loop
      vertex   1.522589e+01 -1.341797e+01 0.000000e+00
      vertex   1.378059e+01 -6.874243e+00 0.000000e+00
      vertex   1.550000e+01 -1.340000e+01 0.000000e+00
    endloop
  endfacet
  facet normal 0.000000e+00 0.000000e+00 -1.000000e+00
    outer loop
      vertex   1.550000e+01 -1.340000e+01 0.000000e+00
      vertex   1.378059e+01 -6.874243e+00 0.000000e+00
      vertex   1.577411e+01 -1.341797e+01 0.000000e+00
    endloop
  endfacet
  facet normal 0.000000e+00 0.000000e+00 -1.000000e+00
    outer loop
      vertex   1.577411e+01 -1.341797e+01 0.000000e+00
      vertex   1.378059e+01 -6.874243e+00 0.000000e+00
      vertex   1.409894e+01 -6.195147e+00 0.000000e+00
    endloop
  endfacet
  facet normal 0.000000e+00 0.000000e+00 -1.000000e+00
    outer loop
      vertex   1.577411e+01 -1.341797e+01 0.000000e+00
      vertex   1.409894e+01 -6.195147e+00 0.000000e+00
      vertex   1.604352e+01 -1.347156e+01 0.000000e+00
    endloop
  endfacet
  facet normal 0.000000e+00 0.000000e+00 -1.000000e+00
    outer loop
      vertex   1.604352e+01 -1.347156e+01 0.000000e+00
      vertex   1.409894e+01 -6.195147e+00 0.000000e+00
      vertex   1.438385e+01 -5.501356e+00 0.000000e+00
    endloop
  endfacet
  facet normal 0.000000e+00 0.000000e+00 -1.000000e+00
    outer loop
      vertex   1.604352e+01 -1.347156e+01 0.000000e+00
      vertex   1.438385e+01 -5.501356e+00 0.000000e+00
      vertex   1.630364e+01 -1.355985e+01 0.000000e+00
    endloop
  endfacet
  facet normal 0.000000e+00 0.000000e+00 -1.000000e+00
    outer loop
      vertex   1.630364e+01 -1.355985e+01 0.000000e+00
      vertex   1.438385e+01 -5.501356e+00 0.000000e+00
      vertex   1.463464e+01 -4.794516e+00 0.000000e+00
    endloop
  endfacet
  facet normal 0.000000e+00 0.000000e+00 -1.000000e+00
    outer loop
      vertex   8.340205e+00 1.294608e+01 0.000000e+00
      vertex   7.700000e+00 1.333679e+01 0.000000e+00
      vertex   1.050000e+01 2.950000e+01 0.000000e+00
    endloop
  endfacet
  facet normal 0.000000e+00 0.000000e+00 -1.000000e+00
    outer loop
      vertex   1.050000e+01 2.950000e+01 0.000000e+00
      vertex   7.700000e+00 1.333679e+01 0.000000e+00
      vertex   7.041532e+00 1.369587e+01 0.000000e+00
    endloop
  endfacet
  facet normal 0.000000e+00 0.000000e+00 -1.000000e+00
    outer loop
      vertex   1.050000e+01 2.950000e+01 0.000000e+00
      vertex   7.041532e+00 1.369587e+01 0.000000e+00
      vertex   6.366362e+00 1.402246e+01 0.000000e+00
    endloop
  endfacet
  facet normal 0.000000e+00 0.000000e+00 -1.000000e+00
    outer loop
      vertex   6.366362e+00 1.402246e+01 0.000000e+00
      vertex   5.676092e+00 1.431579e+01 0.000000e+00
      vertex   1.050000e+01 2.950000e+01 0.000000e+00
    endloop
  endfacet
  facet normal 0.000000e+00 0.000000e+00 -1.000000e+00
    outer loop
      vertex   1.050000e+01 2.950000e+01 0.000000e+00
      vertex   5.676092e+00 1.431579e+01 0.000000e+00
      vertex   4.972358e+00 1.457517e+01 0.000000e+00
    endloop
  endfacet
  facet normal 0.000000e+00 0.000000e+00 -1.000000e+00
    outer loop
      vertex   1.050000e+01 2.950000e+01 0.000000e+00
      vertex   4.972358e+00 1.457517e+01 0.000000e+00
      vertex   4.256831e+00 1.479998e+01 0.000000e+00
    endloop
  endfacet
  facet normal 0.000000e+00 0.000000e+00 -1.000000e+00
    outer loop
      vertex   4.256831e+00 1.479998e+01 0.000000e+00
      vertex   3.531207e+00 1.498968e+01 0.000000e+00
      vertex   1.050000e+01 2.950000e+01 0.000000e+00
    endloop
  endfacet
  facet normal 0.000000e+00 0.000000e+00 -1.000000e+00
    outer loop
      vertex   1.050000e+01 2.950000e+01 0.000000e+00
      vertex   3.531207e+00 1.498968e+01 0.000000e+00
      vertex   2.797208e+00 1.514383e+01 0.000000e+00
    endloop
  endfacet
  facet normal 0.000000e+00 0.000000e+00 -1.000000e+00
    outer loop
      vertex   1.050000e+01 2.950000e+01 0.000000e+00
      vertex   2.797208e+00 1.514383e+01 0.000000e+00
      vertex   2.056573e+00 1.526206e+01 0.000000e+00
    endloop
  endfacet
  facet normal 0.000000e+00 0.000000e+00 -1.000000e+00
    outer loop
      vertex   2.056573e+00 1.526206e+01 0.000000e+00
      vertex   1.311061e+00 1.534409e+01 0.000000e+00
      vertex   1.050000e+01 2.950000e+01 0.000000e+00
    endloop
  endfacet
  facet normal 0.000000e+00 0.000000e+00 -1.000000e+00
    outer loop
      vertex   1.050000e+01 2.950000e+01 0.000000e+00
      vertex   1.311061e+00 1.534409e+01 0.000000e+00
      vertex   5.624392e-01 1.538973e+01 0.000000e+00
    endloop
  endfacet
  facet normal 0.000000e+00 0.000000e+00 -1.000000e+00
    outer loop
      vertex   1.050000e+01 2.950000e+01 0.000000e+00
      vertex   5.624392e-01 1.538973e+01 0.000000e+00
      vertex   -1.875168e-01 1.539886e+01 0.000000e+00
    endloop
  endfacet
  facet normal -0.000000e+00 0.000000e+00 -1.000000e+00
    outer loop
      vertex   1.050000e+01 2.950000e+01 0.000000e+00
      vertex   -1.875168e-01 1.539886e+01 0.000000e+00
      vertex   -1.050000e+01 2.950000e+01 0.000000e+00
    endloop
  endfacet
  facet normal 0.000000e+00 0.000000e+00 -1.000000e+00
    outer loop
      vertex   -1.050000e+01 2.950000e+01 0.000000e+00
      vertex   -1.875168e-01 1.539886e+01 0.000000e+00
      vertex   -9.370280e-01 1.537147e+01 0.000000e+00
    endloop
  endfacet
  facet normal 0.000000e+00 0.000000e+00 -1.000000e+00
    outer loop
      vertex   -1.050000e+01 2.950000e+01 0.000000e+00
      vertex   -9.370280e-01 1.537147e+01 0.000000e+00
      vertex   -1.684317e+00 1.530762e+01 0.000000e+00
    endloop
  endfacet
  facet normal -0.000000e+00 0.000000e+00 -1.000000e+00
    outer loop
      vertex   -1.684317e+00 1.530762e+01 0.000000e+00
      vertex   -2.427610e+00 1.520746e+01 0.000000e+00
      vertex   -1.050000e+01 2.950000e+01 0.000000e+00
    endloop
  endfacet
  facet normal 0.000000e+00 0.000000e+00 -1.000000e+00
    outer loop
      vertex   -1.050000e+01 2.950000e+01 0.000000e+00
      vertex   -2.427610e+00 1.520746e+01 0.000000e+00
      vertex   -3.165146e+00 1.507123e+01 0.000000e+00
    endloop
  endfacet
  facet normal 0.000000e+00 0.000000e+00 -1.000000e+00
    outer loop
      vertex   -1.050000e+01 2.950000e+01 0.000000e+00
      vertex   -3.165146e+00 1.507123e+01 0.000000e+00
      vertex   -3.895174e+00 1.489925e+01 0.000000e+00
    endloop
  endfacet
  facet normal -0.000000e+00 0.000000e+00 -1.000000e+00
    outer loop
      vertex   -3.895174e+00 1.489925e+01 0.000000e+00
      vertex   -4.615963e+00 1.469193e+01 0.000000e+00
      vertex   -1.050000e+01 2.950000e+01 0.000000e+00
    endloop
  endfacet
  facet normal 0.000000e+00 0.000000e+00 -1.000000e+00
    outer loop
      vertex   -1.050000e+01 2.950000e+01 0.000000e+00
      vertex   -4.615963e+00 1.469193e+01 0.000000e+00
      vertex   -5.325804e+00 1.444977e+01 0.000000e+00
    endloop
  endfacet
  facet normal 0.000000e+00 0.000000e+00 -1.000000e+00
    outer loop
      vertex   -1.050000e+01 2.950000e+01 0.000000e+00
      vertex   -5.325804e+00 1.444977e+01 0.000000e+00
      vertex   -6.023013e+00 1.417333e+01 0.000000e+00
    endloop
  endfacet
  facet normal -0.000000e+00 0.000000e+00 -1.000000e+00
    outer loop
      vertex   -6.023013e+00 1.417333e+01 0.000000e+00
      vertex   -6.705935e+00 1.386328e+01 0.000000e+00
      vertex   -1.050000e+01 2.950000e+01 0.000000e+00
    endloop
  endfacet
  facet normal 0.000000e+00 0.000000e+00 -1.000000e+00
    outer loop
      vertex   -1.050000e+01 2.950000e+01 0.000000e+00
      vertex   -6.705935e+00 1.386328e+01 0.000000e+00
      vertex   -7.372952e+00 1.352034e+01 0.000000e+00
    endloop
  endfacet
  facet normal 0.000000e+00 0.000000e+00 -1.000000e+00
    outer loop
      vertex   -1.050000e+01 2.950000e+01 0.000000e+00
      vertex   -7.372952e+00 1.352034e+01 0.000000e+00
      vertex   -8.022481e+00 1.314533e+01 0.000000e+00
    endloop
  endfacet
  facet normal 0.000000e+00 0.000000e+00 -1.000000e+00
    outer loop
      vertex   -8.652982e+00 1.273915e+01 0.000000e+00
      vertex   -1.347156e+01 1.604352e+01 0.000000e+00
      vertex   -8.022481e+00 1.314533e+01 0.000000e+00
    endloop
  endfacet
  facet normal 0.000000e+00 0.000000e+00 -1.000000e+00
    outer loop
      vertex   -8.022481e+00 1.314533e+01 0.000000e+00
      vertex   -1.347156e+01 1.604352e+01 0.000000e+00
      vertex   -1.355985e+01 1.630364e+01 0.000000e+00
    endloop
  endfacet
  facet normal 0.000000e+00 0.000000e+00 -1.000000e+00
    outer loop
      vertex   -8.022481e+00 1.314533e+01 0.000000e+00
      vertex   -1.355985e+01 1.630364e+01 0.000000e+00
      vertex   -1.050000e+01 2.950000e+01 0.000000e+00
    endloop
  endfacet
  facet normal 0.000000e+00 0.000000e+00 -1.000000e+00
    outer loop
      vertex   -1.050000e+01 2.950000e+01 0.000000e+00
      vertex   -1.355985e+01 1.630364e+01 0.000000e+00
      vertex   -1.368135e+01 1.655000e+01 0.000000e+00
    endloop
  endfacet
  facet normal 0.000000e+00 0.000000e+00 -1.000000e+00
    outer loop
      vertex   -1.050000e+01 2.950000e+01 0.000000e+00
      vertex   -1.368135e+01 1.655000e+01 0.000000e+00
      vertex   -1.383396e+01 1.677840e+01 0.000000e+00
    endloop
  endfacet
  facet normal -0.000000e+00 0.000000e+00 -1.000000e+00
    outer loop
      vertex   -8.652982e+00 1.273915e+01 0.000000e+00
      vertex   -9.262959e+00 1.230275e+01 0.000000e+00
      vertex   -1.347156e+01 1.604352e+01 0.000000e+00
    endloop
  endfacet
  facet normal 0.000000e+00 0.000000e+00 -1.000000e+00
    outer loop
      vertex   -1.347156e+01 1.604352e+01 0.000000e+00
      vertex   -9.262959e+00 1.230275e+01 0.000000e+00
      vertex   -1.341797e+01 1.577411e+01 0.000000e+00
    endloop
  endfacet
  facet normal 0.000000e+00 0.000000e+00 -1.000000e+00
    outer loop
      vertex   -1.341797e+01 1.577411e+01 0.000000e+00
      vertex   -9.262959e+00 1.230275e+01 0.000000e+00
      vertex   -9.850965e+00 1.183717e+01 0.000000e+00
    endloop
  endfacet
  facet normal 0.000000e+00 0.000000e+00 -1.000000e+00
    outer loop
      vertex   -1.341797e+01 1.577411e+01 0.000000e+00
      vertex   -9.850965e+00 1.183717e+01 0.000000e+00
      vertex   -1.340000e+01 1.550000e+01 0.000000e+00
    endloop
  endfacet
  facet normal 0.000000e+00 0.000000e+00 -1.000000e+00
    outer loop
      vertex   -1.340000e+01 1.550000e+01 0.000000e+00
      vertex   -9.850965e+00 1.183717e+01 0.000000e+00
      vertex   -1.041561e+01 1.134351e+01 0.000000e+00
    endloop
  endfacet
  facet normal 0.000000e+00 -0.000000e+00 -1.000000e+00
    outer loop
      vertex   -1.340000e+01 1.550000e+01 0.000000e+00
      vertex   -1.041561e+01 1.134351e+01 0.000000e+00
      vertex   -1.341797e+01 1.522589e+01 0.000000e+00
    endloop
  endfacet
  facet normal 0.000000e+00 0.000000e+00 -1.000000e+00
    outer loop
      vertex   -1.341797e+01 1.522589e+01 0.000000e+00
      vertex   -1.041561e+01 1.134351e+01 0.000000e+00
      vertex   -1.095554e+01 1.082294e+01 0.000000e+00
    endloop
  endfacet
  facet normal 0.000000e+00 -0.000000e+00 -1.000000e+00
    outer loop
      vertex   -1.341797e+01 1.522589e+01 0.000000e+00
      vertex   -1.095554e+01 1.082294e+01 0.000000e+00
      vertex   -1.347156e+01 1.495648e+01 0.000000e+00
    endloop
  endfacet
  facet normal 0.000000e+00 -0.000000e+00 -1.000000e+00
    outer loop
      vertex   -1.347156e+01 1.495648e+01 0.000000e+00
      vertex   -1.095554e+01 1.082294e+01 0.000000e+00
      vertex   -1.355985e+01 1.469636e+01 0.000000e+00
    endloop
  endfacet
  facet normal 0.000000e+00 0.000000e+00 -1.000000e+00
    outer loop
      vertex   -1.355985e+01 1.469636e+01 0.000000e+00
      vertex   -1.095554e+01 1.082294e+01 0.000000e+00
      vertex   -1.146949e+01 1.027671e+01 0.000000e+00
    endloop
  endfacet
  facet normal 0.000000e+00 -0.000000e+00 -1.000000e+00
    outer loop
      vertex   -1.355985e+01 1.469636e+01 0.000000e+00
      vertex   -1.146949e+01 1.027671e+01 0.000000e+00
      vertex   -1.368135e+01 1.445000e+01 0.000000e+00
    endloop
  endfacet
  facet normal 0.000000e+00 0.000000e+00 -1.000000e+00
    outer loop
      vertex   -1.368135e+01 1.445000e+01 0.000000e+00
      vertex   -1.146949e+01 1.027671e+01 0.000000e+00
      vertex   -1.195624e+01 9.706100e+00 0.000000e+00
    endloop
  endfacet
  facet normal 0.000000e+00 -0.000000e+00 -1.000000e+00
    outer loop
      vertex   -1.368135e+01 1.445000e+01 0.000000e+00
      vertex   -1.195624e+01 9.706100e+00 0.000000e+00
      vertex   -1.383396e+01 1.422160e+01 0.000000e+00
    endloop
  endfacet
  facet normal 0.000000e+00 -0.000000e+00 -1.000000e+00
    outer loop
      vertex   -1.383396e+01 1.422160e+01 0.000000e+00
      vertex   -1.195624e+01 9.706100e+00 0.000000e+00
      vertex   -1.401508e+01 1.401508e+01 0.000000e+00
    endloop
  endfacet
  facet normal 0.000000e+00 0.000000e+00 -1.000000e+00
    outer loop
      vertex   -1.401508e+01 1.401508e+01 0.000000e+00
      vertex   -1.195624e+01 9.706100e+00 0.000000e+00
      vertex   -1.241463e+01 9.112468e+00 0.000000e+00
    endloop
  endfacet
  facet normal 0.000000e+00 -0.000000e+00 -1.000000e+00
    outer loop
      vertex   -1.401508e+01 1.401508e+01 0.000000e+00
      vertex   -1.241463e+01 9.112468e+00 0.000000e+00
      vertex   -1.422160e+01 1.383396e+01 0.000000e+00
    endloop
  endfacet
  facet normal 0.000000e+00 0.000000e+00 -1.000000e+00
    outer loop
      vertex   -1.422160e+01 1.383396e+01 0.000000e+00
      vertex   -1.241463e+01 9.112468e+00 0.000000e+00
      vertex   -1.284357e+01 8.497223e+00 0.000000e+00
    endloop
  endfacet
  facet normal 0.000000e+00 -0.000000e+00 -1.000000e+00
    outer loop
      vertex   -1.422160e+01 1.383396e+01 0.000000e+00
      vertex   -1.284357e+01 8.497223e+00 0.000000e+00
      vertex   -1.445000e+01 1.368135e+01 0.000000e+00
    endloop
  endfacet
  facet normal 0.000000e+00 -0.000000e+00 -1.000000e+00
    outer loop
      vertex   -1.445000e+01 1.368135e+01 0.000000e+00
      vertex   -1.284357e+01 8.497223e+00 0.000000e+00
      vertex   -1.469636e+01 1.355985e+01 0.000000e+00
    endloop
  endfacet
  facet normal 0.000000e+00 0.000000e+00 -1.000000e+00
    outer loop
      vertex   -1.469636e+01 1.355985e+01 0.000000e+00
      vertex   -1.284357e+01 8.497223e+00 0.000000e+00
      vertex   -1.324204e+01 7.861823e+00 0.000000e+00
    endloop
  endfacet
  facet normal 0.000000e+00 -0.000000e+00 -1.000000e+00
    outer loop
      vertex   -1.469636e+01 1.355985e+01 0.000000e+00
      vertex   -1.324204e+01 7.861823e+00 0.000000e+00
      vertex   -1.495648e+01 1.347156e+01 0.000000e+00
    endloop
  endfacet
  facet normal 0.000000e+00 0.000000e+00 -1.000000e+00
    outer loop
      vertex   -1.495648e+01 1.347156e+01 0.000000e+00
      vertex   -1.324204e+01 7.861823e+00 0.000000e+00
      vertex   -1.360911e+01 7.207776e+00 0.000000e+00
    endloop
  endfacet
  facet normal 0.000000e+00 -0.000000e+00 -1.000000e+00
    outer loop
      vertex   -1.495648e+01 1.347156e+01 0.000000e+00
      vertex   -1.360911e+01 7.207776e+00 0.000000e+00
      vertex   -1.522589e+01 1.341797e+01 0.000000e+00
    endloop
  endfacet
  facet normal 0.000000e+00 -0.000000e+00 -1.000000e+00
    outer loop
      vertex   -1.522589e+01 1.341797e+01 0.000000e+00
      vertex   -1.360911e+01 7.207776e+00 0.000000e+00
      vertex   -1.550000e+01 1.340000e+01 0.000000e+00
    endloop
  endfacet
  facet normal 0.000000e+00 0.000000e+00 -1.000000e+00
    outer loop
      vertex   -1.550000e+01 1.340000e+01 0.000000e+00
      vertex   -1.360911e+01 7.207776e+00 0.000000e+00
      vertex   -1.394390e+01 6.536633e+00 0.000000e+00
    endloop
  endfacet
  facet normal -0.000000e+00 -0.000000e+00 -1.000000e+00
    outer loop
      vertex   -1.550000e+01 1.340000e+01 0.000000e+00
      vertex   -1.394390e+01 6.536633e+00 0.000000e+00
      vertex   -1.577411e+01 1.341797e+01 0.000000e+00
    endloop
  endfacet
  facet normal 0.000000e+00 0.000000e+00 -1.000000e+00
    outer loop
      vertex   -1.577411e+01 1.341797e+01 0.000000e+00
      vertex   -1.394390e+01 6.536633e+00 0.000000e+00
      vertex   -1.424562e+01 5.849986e+00 0.000000e+00
    endloop
  endfacet
  facet normal -0.000000e+00 -0.000000e+00 -1.000000e+00
    outer loop
      vertex   -1.577411e+01 1.341797e+01 0.000000e+00
      vertex   -1.424562e+01 5.849986e+00 0.000000e+00
      vertex   -1.604352e+01 1.347156e+01 0.000000e+00
    endloop
  endfacet
  facet normal -0.000000e+00 -0.000000e+00 -1.000000e+00
    outer loop
      vertex   -1.604352e+01 1.347156e+01 0.000000e+00
      vertex   -1.424562e+01 5.849986e+00 0.000000e+00
      vertex   -1.630364e+01 1.355985e+01 0.000000e+00
    endloop
  endfacet
  facet normal 0.000000e+00 0.000000e+00 -1.000000e+00
    outer loop
      vertex   -1.630364e+01 1.355985e+01 0.000000e+00
      vertex   -1.424562e+01 5.849986e+00 0.000000e+00
      vertex   -1.451355e+01 5.149463e+00 0.000000e+00
    endloop
  endfacet
  facet normal -0.000000e+00 -0.000000e+00 -1.000000e+00
    outer loop
      vertex   -1.630364e+01 1.355985e+01 0.000000e+00
      vertex   -1.451355e+01 5.149463e+00 0.000000e+00
      vertex   -1.655000e+01 1.368135e+01 0.000000e+00
    endloop
  endfacet
  facet normal 0.000000e+00 0.000000e+00 -1.000000e+00
    outer loop
      vertex   -1.655000e+01 1.368135e+01 0.000000e+00
      vertex   -1.451355e+01 5.149463e+00 0.000000e+00
      vertex   -1.474705e+01 4.436726e+00 0.000000e+00
    endloop
  endfacet
  facet normal -0.000000e+00 -0.000000e+00 -1.000000e+00
    outer loop
      vertex   -1.655000e+01 1.368135e+01 0.000000e+00
      vertex   -1.474705e+01 4.436726e+00 0.000000e+00
      vertex   -1.677840e+01 1.383396e+01 0.000000e+00
    endloop
  endfacet
  facet normal 0.000000e+00 0.000000e+00 -1.000000e+00
    outer loop
      vertex   -1.677840e+01 1.383396e+01 0.000000e+00
      vertex   -1.474705e+01 4.436726e+00 0.000000e+00
      vertex   -1.494557e+01 3.713466e+00 0.000000e+00
    endloop
  endfacet
  facet normal -0.000000e+00 -0.000000e+00 -1.000000e+00
    outer loop
      vertex   -1.677840e+01 1.383396e+01 0.000000e+00
      vertex   -1.494557e+01 3.713466e+00 0.000000e+00
      vertex   -1.698492e+01 1.401508e+01 0.000000e+00
    endloop
  endfacet
  facet normal 0.000000e+00 0.000000e+00 -1.000000e+00
    outer loop
      vertex   -1.698492e+01 1.401508e+01 0.000000e+00
      vertex   -1.494557e+01 3.713466e+00 0.000000e+00
      vertex   -1.510865e+01 2.981398e+00 0.000000e+00
    endloop
  endfacet
  facet normal -0.000000e+00 -0.000000e+00 -1.000000e+00
    outer loop
      vertex   -1.698492e+01 1.401508e+01 0.000000e+00
      vertex   -1.510865e+01 2.981398e+00 0.000000e+00
      vertex   -1.716604e+01 1.422160e+01 0.000000e+00
    endloop
  endfacet
  facet normal 0.000000e+00 0.000000e+00 -1.000000e+00
    outer loop
      vertex   -1.716604e+01 1.422160e+01 0.000000e+00
      vertex   -1.510865e+01 2.981398e+00 0.000000e+00
      vertex   -1.523589e+01 2.242258e+00 0.000000e+00
    endloop
  endfacet
  facet normal -0.000000e+00 -0.000000e+00 -1.000000e+00
    outer loop
      vertex   -1.716604e+01 1.422160e+01 0.000000e+00
      vertex   -1.523589e+01 2.242258e+00 0.000000e+00
      vertex   -1.731865e+01 1.445000e+01 0.000000e+00
    endloop
  endfacet
  facet normal 0.000000e+00 0.000000e+00 -1.000000e+00
    outer loop
      vertex   -1.731865e+01 1.445000e+01 0.000000e+00
      vertex   -1.523589e+01 2.242258e+00 0.000000e+00
      vertex   -1.532699e+01 1.497800e+00 0.000000e+00
    endloop
  endfacet
  facet normal -0.000000e+00 -0.000000e+00 -1.000000e+00
    outer loop
      vertex   -1.731865e+01 1.445000e+01 0.000000e+00
      vertex   -1.532699e+01 1.497800e+00 0.000000e+00
      vertex   -1.744015e+01 1.469636e+01 0.000000e+00
    endloop
  endfacet
  facet normal 0.000000e+00 0.000000e+00 -1.000000e+00
    outer loop
      vertex   -1.744015e+01 1.469636e+01 0.000000e+00
      vertex   -1.532699e+01 1.497800e+00 0.000000e+00
      vertex   -1.538174e+01 7.497891e-01 0.000000e+00
    endloop
  endfacet
  facet normal 0.000000e+00 -0.000000e+00 -1.000000e+00
    outer loop
      vertex   -1.744015e+01 1.469636e+01 0.000000e+00
      vertex   -1.538174e+01 7.497891e-01 0.000000e+00
      vertex   -2.210000e+01 -1.833431e+01 0.000000e+00
    endloop
  endfacet
  facet normal 0.000000e+00 0.000000e+00 -1.000000e+00
    outer loop
      vertex   -1.758203e+01 -1.522589e+01 0.000000e+00
      vertex   -1.760000e+01 -1.550000e+01 0.000000e+00
      vertex   -2.210000e+01 -1.833431e+01 0.000000e+00
    endloop
  endfacet
  facet normal 0.000000e+00 0.000000e+00 -1.000000e+00
    outer loop
      vertex   -2.210000e+01 -1.833431e+01 0.000000e+00
      vertex   -1.760000e+01 -1.550000e+01 0.000000e+00
      vertex   -1.758203e+01 -1.577411e+01 0.000000e+00
    endloop
  endfacet
  facet normal 0.000000e+00 0.000000e+00 -1.000000e+00
    outer loop
      vertex   -2.210000e+01 -1.833431e+01 0.000000e+00
      vertex   -1.758203e+01 -1.577411e+01 0.000000e+00
      vertex   -1.752844e+01 -1.604352e+01 0.000000e+00
    endloop
  endfacet
  facet normal 0.000000e+00 0.000000e+00 -1.000000e+00
    outer loop
      vertex   -2.210000e+01 -1.833431e+01 0.000000e+00
      vertex   -1.752844e+01 -1.604352e+01 0.000000e+00
      vertex   -1.833431e+01 -2.210000e+01 0.000000e+00
    endloop
  endfacet
  facet normal 0.000000e+00 0.000000e+00 -1.000000e+00
    outer loop
      vertex   -1.833431e+01 -2.210000e+01 0.000000e+00
      vertex   -1.752844e+01 -1.604352e+01 0.000000e+00
      vertex   -1.744015e+01 -1.630364e+01 0.000000e+00
    endloop
  endfacet
  facet normal 0.000000e+00 0.000000e+00 -1.000000e+00
    outer loop
      vertex   -1.833431e+01 -2.210000e+01 0.000000e+00
      vertex   -1.744015e+01 -1.630364e+01 0.000000e+00
      vertex   -1.731865e+01 -1.655000e+01 0.000000e+00
    endloop
  endfacet
  facet normal 0.000000e+00 -0.000000e+00 -1.000000e+00
    outer loop
      vertex   -1.731865e+01 -1.655000e+01 0.000000e+00
      vertex   -1.716604e+01 -1.677840e+01 0.000000e+00
      vertex   -1.833431e+01 -2.210000e+01 0.000000e+00
    endloop
  endfacet
  facet normal 0.000000e+00 0.000000e+00 -1.000000e+00
    outer loop
      vertex   -1.833431e+01 -2.210000e+01 0.000000e+00
      vertex   -1.716604e+01 -1.677840e+01 0.000000e+00
      vertex   -1.698492e+01 -1.698492e+01 0.000000e+00
    endloop
  endfacet
  facet normal 0.000000e+00 0.000000e+00 -1.000000e+00
    outer loop
      vertex   -1.833431e+01 -2.210000e+01 0.000000e+00
      vertex   -1.698492e+01 -1.698492e+01 0.000000e+00
      vertex   -1.677840e+01 -1.716604e+01 0.000000e+00
    endloop
  endfacet
  facet normal 0.000000e+00 -0.000000e+00 -1.000000e+00
    outer loop
      vertex   -1.677840e+01 -1.716604e+01 0.000000e+00
      vertex   -1.655000e+01 -1.731865e+01 0.000000e+00
      vertex   -1.833431e+01 -2.210000e+01 0.000000e+00
    endloop
  endfacet
  facet normal 0.000000e+00 0.000000e+00 -1.000000e+00
    outer loop
      vertex   -1.833431e+01 -2.210000e+01 0.000000e+00
      vertex   -1.655000e+01 -1.731865e+01 0.000000e+00
      vertex   -1.630364e+01 -1.744015e+01 0.000000e+00
    endloop
  endfacet
  facet normal 0.000000e+00 0.000000e+00 -1.000000e+00
    outer loop
      vertex   -1.833431e+01 -2.210000e+01 0.000000e+00
      vertex   -1.630364e+01 -1.744015e+01 0.000000e+00
      vertex   -1.604352e+01 -1.752844e+01 0.000000e+00
    endloop
  endfacet
  facet normal 0.000000e+00 -0.000000e+00 -1.000000e+00
    outer loop
      vertex   -1.604352e+01 -1.752844e+01 0.000000e+00
      vertex   -1.577411e+01 -1.758203e+01 0.000000e+00
      vertex   -1.833431e+01 -2.210000e+01 0.000000e+00
    endloop
  endfacet
  facet normal 0.000000e+00 0.000000e+00 -1.000000e+00
    outer loop
      vertex   -1.833431e+01 -2.210000e+01 0.000000e+00
      vertex   -1.577411e+01 -1.758203e+01 0.000000e+00
      vertex   -1.550000e+01 -1.760000e+01 0.000000e+00
    endloop
  endfacet
  facet normal 0.000000e+00 0.000000e+00 -1.000000e+00
    outer loop
      vertex   -1.744015e+01 -1.469636e+01 0.000000e+00
      vertex   -1.752844e+01 -1.495648e+01 0.000000e+00
      vertex   -2.210000e+01 -1.833431e+01 0.000000e+00
    endloop
  endfacet
  facet normal 0.000000e+00 0.000000e+00 -1.000000e+00
    outer loop
      vertex   -2.210000e+01 -1.833431e+01 0.000000e+00
      vertex   -1.752844e+01 -1.495648e+01 0.000000e+00
      vertex   -1.758203e+01 -1.522589e+01 0.000000e+00
    endloop
  endfacet
  facet normal -0.000000e+00 0.000000e+00 -1.000000e+00
    outer loop
      vertex   -1.758203e+01 1.577411e+01 0.000000e+00
      vertex   -1.760000e+01 1.550000e+01 0.000000e+00
      vertex   -2.210000e+01 2.246224e+01 0.000000e+00
    endloop
  endfacet
  facet normal 0.000000e+00 0.000000e+00 -1.000000e+00
    outer loop
      vertex   -2.210000e+01 2.246224e+01 0.000000e+00
      vertex   -1.760000e+01 1.550000e+01 0.000000e+00
      vertex   -1.758203e+01 1.522589e+01 0.000000e+00
    endloop
  endfacet
  facet normal 0.000000e+00 0.000000e+00 -1.000000e+00
    outer loop
      vertex   -2.210000e+01 2.246224e+01 0.000000e+00
      vertex   -1.758203e+01 1.522589e+01 0.000000e+00
      vertex   -1.752844e+01 1.495648e+01 0.000000e+00
    endloop
  endfacet
  facet normal -0.000000e+00 -0.000000e+00 -1.000000e+00
    outer loop
      vertex   -1.752844e+01 1.495648e+01 0.000000e+00
      vertex   -1.744015e+01 1.469636e+01 0.000000e+00
      vertex   -2.210000e+01 2.246224e+01 0.000000e+00
    endloop
  endfacet
  facet normal 0.000000e+00 0.000000e+00 -1.000000e+00
    outer loop
      vertex   -2.210000e+01 2.246224e+01 0.000000e+00
      vertex   -1.744015e+01 1.469636e+01 0.000000e+00
      vertex   -2.210000e+01 -1.833431e+01 0.000000e+00
    endloop
  endfacet
  facet normal 0.000000e+00 0.000000e+00 -1.000000e+00
    outer loop
      vertex   -1.383396e+01 1.677840e+01 0.000000e+00
      vertex   -1.401508e+01 1.698492e+01 0.000000e+00
      vertex   -1.050000e+01 2.950000e+01 0.000000e+00
    endloop
  endfacet
  facet normal 0.000000e+00 0.000000e+00 -1.000000e+00
    outer loop
      vertex   -1.050000e+01 2.950000e+01 0.000000e+00
      vertex   -1.401508e+01 1.698492e+01 0.000000e+00
      vertex   -1.422160e+01 1.716604e+01 0.000000e+00
    endloop
  endfacet
  facet normal 0.000000e+00 0.000000e+00 -1.000000e+00
    outer loop
      vertex   -1.050000e+01 2.950000e+01 0.000000e+00
      vertex   -1.422160e+01 1.716604e+01 0.000000e+00
      vertex   -1.445000e+01 1.731865e+01 0.000000e+00
    endloop
  endfacet
  facet normal 0.000000e+00 0.000000e+00 -1.000000e+00
    outer loop
      vertex   -1.445000e+01 1.731865e+01 0.000000e+00
      vertex   -1.469636e+01 1.744015e+01 0.000000e+00
      vertex   -1.050000e+01 2.950000e+01 0.000000e+00
    endloop
  endfacet
  facet normal 0.000000e+00 0.000000e+00 -1.000000e+00
    outer loop
      vertex   -1.050000e+01 2.950000e+01 0.000000e+00
      vertex   -1.469636e+01 1.744015e+01 0.000000e+00
      vertex   -1.495648e+01 1.752844e+01 0.000000e+00
    endloop
  endfacet
  facet normal 0.000000e+00 0.000000e+00 -1.000000e+00
    outer loop
      vertex   -1.050000e+01 2.950000e+01 0.000000e+00
      vertex   -1.495648e+01 1.752844e+01 0.000000e+00
      vertex   -1.522589e+01 1.758203e+01 0.000000e+00
    endloop
  endfacet
  facet normal 0.000000e+00 0.000000e+00 -1.000000e+00
    outer loop
      vertex   -1.522589e+01 1.758203e+01 0.000000e+00
      vertex   -1.550000e+01 1.760000e+01 0.000000e+00
      vertex   -1.050000e+01 2.950000e+01 0.000000e+00
    endloop
  endfacet
  facet normal 0.000000e+00 0.000000e+00 -1.000000e+00
    outer loop
      vertex   -1.050000e+01 2.950000e+01 0.000000e+00
      vertex   -1.550000e+01 1.760000e+01 0.000000e+00
      vertex   -1.577411e+01 1.758203e+01 0.000000e+00
    endloop
  endfacet
  facet normal 0.000000e+00 0.000000e+00 -1.000000e+00
    outer loop
      vertex   -1.050000e+01 2.950000e+01 0.000000e+00
      vertex   -1.577411e+01 1.758203e+01 0.000000e+00
      vertex   -1.604352e+01 1.752844e+01 0.000000e+00
    endloop
  endfacet
  facet normal 0.000000e+00 0.000000e+00 -1.000000e+00
    outer loop
      vertex   -1.050000e+01 2.950000e+01 0.000000e+00
      vertex   -1.604352e+01 1.752844e+01 0.000000e+00
      vertex   -2.210000e+01 2.246224e+01 0.000000e+00
    endloop
  endfacet
  facet normal 0.000000e+00 0.000000e+00 -1.000000e+00
    outer loop
      vertex   -2.210000e+01 2.246224e+01 0.000000e+00
      vertex   -1.604352e+01 1.752844e+01 0.000000e+00
      vertex   -1.630364e+01 1.744015e+01 0.000000e+00
    endloop
  endfacet
  facet normal 0.000000e+00 0.000000e+00 -1.000000e+00
    outer loop
      vertex   -2.210000e+01 2.246224e+01 0.000000e+00
      vertex   -1.630364e+01 1.744015e+01 0.000000e+00
      vertex   -1.655000e+01 1.731865e+01 0.000000e+00
    endloop
  endfacet
  facet normal -0.000000e+00 0.000000e+00 -1.000000e+00
    outer loop
      vertex   -1.655000e+01 1.731865e+01 0.000000e+00
      vertex   -1.677840e+01 1.716604e+01 0.000000e+00
      vertex   -2.210000e+01 2.246224e+01 0.000000e+00
    endloop
  endfacet
  facet normal 0.000000e+00 0.000000e+00 -1.000000e+00
    outer loop
      vertex   -2.210000e+01 2.246224e+01 0.000000e+00
      vertex   -1.677840e+01 1.716604e+01 0.000000e+00
      vertex   -1.698492e+01 1.698492e+01 0.000000e+00
    endloop
  endfacet
  facet normal 0.000000e+00 0.000000e+00 -1.000000e+00
    outer loop
      vertex   -2.210000e+01 2.246224e+01 0.000000e+00
      vertex   -1.698492e+01 1.698492e+01 0.000000e+00
      vertex   -1.716604e+01 1.677840e+01 0.000000e+00
    endloop
  endfacet
  facet normal -0.000000e+00 0.000000e+00 -1.000000e+00
    outer loop
      vertex   -1.716604e+01 1.677840e+01 0.000000e+00
      vertex   -1.731865e+01 1.655000e+01 0.000000e+00
      vertex   -2.210000e+01 2.246224e+01 0.000000e+00
    endloop
  endfacet
  facet normal 0.000000e+00 0.000000e+00 -1.000000e+00
    outer loop
      vertex   -2.210000e+01 2.246224e+01 0.000000e+00
      vertex   -1.731865e+01 1.655000e+01 0.000000e+00
      vertex   -1.744015e+01 1.630364e+01 0.000000e+00
    endloop
  endfacet
  facet normal 0.000000e+00 0.000000e+00 -1.000000e+00
    outer loop
      vertex   -2.210000e+01 2.246224e+01 0.000000e+00
      vertex   -1.744015e+01 1.630364e+01 0.000000e+00
      vertex   -1.752844e+01 1.604352e+01 0.000000e+00
    endloop
  endfacet
  facet normal -0.000000e+00 0.000000e+00 -1.000000e+00
    outer loop
      vertex   -1.752844e+01 1.604352e+01 0.000000e+00
      vertex   -1.758203e+01 1.577411e+01 0.000000e+00
      vertex   -2.210000e+01 2.246224e+01 0.000000e+00
    endloop
  endfacet
  facet normal 0.000000e+00 0.000000e+00 -1.000000e+00
    outer loop
      vertex   1.604352e+01 -1.752844e+01 0.000000e+00
      vertex   1.630364e+01 -1.744015e+01 0.000000e+00
      vertex   2.210000e+01 -1.833431e+01 0.000000e+00
    endloop
  endfacet
  facet normal 0.000000e+00 0.000000e+00 -1.000000e+00
    outer loop
      vertex   2.210000e+01 -1.833431e+01 0.000000e+00
      vertex   1.630364e+01 -1.744015e+01 0.000000e+00
      vertex   1.655000e+01 -1.731865e+01 0.000000e+00
    endloop
  endfacet
  facet normal 0.000000e+00 0.000000e+00 -1.000000e+00
    outer loop
      vertex   2.210000e+01 -1.833431e+01 0.000000e+00
      vertex   1.655000e+01 -1.731865e+01 0.000000e+00
      vertex   1.677840e+01 -1.716604e+01 0.000000e+00
    endloop
  endfacet
  facet normal 0.000000e+00 0.000000e+00 -1.000000e+00
    outer loop
      vertex   1.677840e+01 -1.716604e+01 0.000000e+00
      vertex   1.698492e+01 -1.698492e+01 0.000000e+00
      vertex   2.210000e+01 -1.833431e+01 0.000000e+00
    endloop
  endfacet
  facet normal 0.000000e+00 0.000000e+00 -1.000000e+00
    outer loop
      vertex   2.210000e+01 -1.833431e+01 0.000000e+00
      vertex   1.698492e+01 -1.698492e+01 0.000000e+00
      vertex   1.716604e+01 -1.677840e+01 0.000000e+00
    endloop
  endfacet
  facet normal 0.000000e+00 0.000000e+00 -1.000000e+00
    outer loop
      vertex   2.210000e+01 -1.833431e+01 0.000000e+00
      vertex   1.716604e+01 -1.677840e+01 0.000000e+00
      vertex   1.731865e+01 -1.655000e+01 0.000000e+00
    endloop
  endfacet
  facet normal 0.000000e+00 0.000000e+00 -1.000000e+00
    outer loop
      vertex   1.731865e+01 -1.655000e+01 0.000000e+00
      vertex   1.744015e+01 -1.630364e+01 0.000000e+00
      vertex   2.210000e+01 -1.833431e+01 0.000000e+00
    endloop
  endfacet
  facet normal 0.000000e+00 0.000000e+00 -1.000000e+00
    outer loop
      vertex   2.210000e+01 -1.833431e+01 0.000000e+00
      vertex   1.744015e+01 -1.630364e+01 0.000000e+00
      vertex   1.752844e+01 -1.604352e+01 0.000000e+00
    endloop
  endfacet
  facet normal 0.000000e+00 0.000000e+00 -1.000000e+00
    outer loop
      vertex   2.210000e+01 -1.833431e+01 0.000000e+00
      vertex   1.752844e+01 -1.604352e+01 0.000000e+00
      vertex   1.758203e+01 -1.577411e+01 0.000000e+00
    endloop
  endfacet
  facet normal 0.000000e+00 0.000000e+00 -1.000000e+00
    outer loop
      vertex   1.758203e+01 -1.577411e+01 0.000000e+00
      vertex   1.760000e+01 -1.550000e+01 0.000000e+00
      vertex   2.210000e+01 -1.833431e+01 0.000000e+00
    endloop
  endfacet
  facet normal 0.000000e+00 0.000000e+00 -1.000000e+00
    outer loop
      vertex   2.210000e+01 -1.833431e+01 0.000000e+00
      vertex   1.760000e+01 -1.550000e+01 0.000000e+00
      vertex   1.758203e+01 -1.522589e+01 0.000000e+00
    endloop
  endfacet
  facet normal 0.000000e+00 0.000000e+00 -1.000000e+00
    outer loop
      vertex   2.210000e+01 -1.833431e+01 0.000000e+00
      vertex   1.758203e+01 -1.522589e+01 0.000000e+00
      vertex   1.752844e+01 -1.495648e+01 0.000000e+00
    endloop
  endfacet
  facet normal 0.000000e+00 0.000000e+00 -1.000000e+00
    outer loop
      vertex   1.752844e+01 -1.495648e+01 0.000000e+00
      vertex   1.744015e+01 -1.469636e+01 0.000000e+00
      vertex   2.210000e+01 -1.833431e+01 0.000000e+00
    endloop
  endfacet
  facet normal 0.000000e+00 0.000000e+00 -1.000000e+00
    outer loop
      vertex   2.210000e+01 -1.833431e+01 0.000000e+00
      vertex   1.744015e+01 -1.469636e+01 0.000000e+00
      vertex   1.731865e+01 -1.445000e+01 0.000000e+00
    endloop
  endfacet
  facet normal 0.000000e+00 0.000000e+00 -1.000000e+00
    outer loop
      vertex   -1.050000e+01 5.050000e+01 0.000000e+00
      vertex   1.195596e+01 5.570000e+01 0.000000e+00
      vertex   1.050000e+01 5.050000e+01 0.000000e+00
    endloop
  endfacet
  facet normal 0.000000e+00 0.000000e+00 -1.000000e+00
    outer loop
      vertex   1.050000e+01 5.050000e+01 0.000000e+00
      vertex   1.195596e+01 5.570000e+01 0.000000e+00
      vertex   1.648246e+01 5.195431e+01 0.000000e+00
    endloop
  endfacet
  facet normal 0.000000e+00 0.000000e+00 -1.000000e+00
    outer loop
      vertex   1.050000e+01 5.050000e+01 0.000000e+00
      vertex   1.648246e+01 5.195431e+01 0.000000e+00
      vertex   1.050000e+01 2.950000e+01 0.000000e+00
    endloop
  endfacet
  facet normal 0.000000e+00 0.000000e+00 -1.000000e+00
    outer loop
      vertex   1.050000e+01 2.950000e+01 0.000000e+00
      vertex   1.648246e+01 5.195431e+01 0.000000e+00
      vertex   2.210000e+01 2.246224e+01 0.000000e+00
    endloop
  endfacet
  facet normal 0.000000e+00 0.000000e+00 -1.000000e+00
    outer loop
      vertex   -1.050000e+01 2.950000e+01 0.000000e+00
      vertex   -1.648246e+01 5.195431e+01 0.000000e+00
      vertex   -1.050000e+01 5.050000e+01 0.000000e+00
    endloop
  endfacet
  facet normal 0.000000e+00 0.000000e+00 -1.000000e+00
    outer loop
      vertex   -1.050000e+01 5.050000e+01 0.000000e+00
      vertex   -1.648246e+01 5.195431e+01 0.000000e+00
      vertex   -1.195596e+01 5.570000e+01 0.000000e+00
    endloop
  endfacet
  facet normal 0.000000e+00 0.000000e+00 -1.000000e+00
    outer loop
      vertex   -1.050000e+01 5.050000e+01 0.000000e+00
      vertex   -1.195596e+01 5.570000e+01 0.000000e+00
      vertex   1.195596e+01 5.570000e+01 0.000000e+00
    endloop
  endfacet
  facet normal 0.000000e+00 0.000000e+00 -1.000000e+00
    outer loop
      vertex   -2.210000e+01 2.246224e+01 0.000000e+00
      vertex   -1.648246e+01 5.195431e+01 0.000000e+00
      vertex   -1.050000e+01 2.950000e+01 0.000000e+00
    endloop
  endfacet
  facet normal 7.063486e-01 4.629653e-02 -7.063486e-01
    outer loop
      vertex   1.341797e+01 1.522589e+01 0.000000e+00
      vertex   1.340000e+01 1.550000e+01 0.000000e+00
      vertex   1.380000e+01 1.550000e+01 4.000000e-01
    endloop
  endfacet
  facet normal 7.063486e-01 -4.629653e-02 -7.063486e-01
    outer loop
      vertex   1.380000e+01 1.550000e+01 4.000000e-01
      vertex   1.340000e+01 1.550000e+01 0.000000e+00
      vertex   1.341797e+01 1.577411e+01 0.000000e+00
    endloop
  endfacet
  facet normal 7.043188e-01 -5.154949e-02 -7.080096e-01
    outer loop
      vertex   1.380000e+01 1.550000e+01 4.000000e-01
      vertex   1.341797e+01 1.577411e+01 0.000000e+00
      vertex   1.381812e+01 1.574752e+01 4.000000e-01
    endloop
  endfacet
  facet normal 6.955620e-01 -1.383559e-01 -7.050185e-01
    outer loop
      vertex   1.381812e+01 1.574752e+01 4.000000e-01
      vertex   1.341797e+01 1.577411e+01 0.000000e+00
      vertex   1.347156e+01 1.604352e+01 0.000000e+00
    endloop
  endfacet
  facet normal 6.879261e-01 -1.532421e-01 -7.094184e-01
    outer loop
      vertex   1.381812e+01 1.574752e+01 4.000000e-01
      vertex   1.347156e+01 1.604352e+01 0.000000e+00
      vertex   1.387208e+01 1.598977e+01 4.000000e-01
    endloop
  endfacet
  facet normal 6.724784e-01 -2.282757e-01 -7.040334e-01
    outer loop
      vertex   1.387208e+01 1.598977e+01 4.000000e-01
      vertex   1.347156e+01 1.604352e+01 0.000000e+00
      vertex   1.355985e+01 1.630364e+01 0.000000e+00
    endloop
  endfacet
  facet normal 6.573630e-01 -2.514200e-01 -7.103955e-01
    outer loop
      vertex   1.387208e+01 1.598977e+01 4.000000e-01
      vertex   1.355985e+01 1.630364e+01 0.000000e+00
      vertex   1.396074e+01 1.622158e+01 4.000000e-01
    endloop
  endfacet
  facet normal 6.374939e-01 -3.143772e-01 -7.033979e-01
    outer loop
      vertex   1.396074e+01 1.622158e+01 4.000000e-01
      vertex   1.355985e+01 1.630364e+01 0.000000e+00
      vertex   1.368135e+01 1.655000e+01 0.000000e+00
    endloop
  endfacet
  facet normal 6.132657e-01 -3.441814e-01 -7.109461e-01
    outer loop
      vertex   1.396074e+01 1.622158e+01 4.000000e-01
      vertex   1.368135e+01 1.655000e+01 0.000000e+00
      vertex   1.408220e+01 1.643801e+01 4.000000e-01
    endloop
  endfacet
  facet normal 5.912383e-01 -3.950528e-01 -7.031148e-01
    outer loop
      vertex   1.408220e+01 1.643801e+01 4.000000e-01
      vertex   1.368135e+01 1.655000e+01 0.000000e+00
      vertex   1.383396e+01 1.677840e+01 0.000000e+00
    endloop
  endfacet
  facet normal 5.565156e-01 -4.297274e-01 -7.110729e-01
    outer loop
      vertex   1.408220e+01 1.643801e+01 4.000000e-01
      vertex   1.383396e+01 1.677840e+01 0.000000e+00
      vertex   1.423389e+01 1.663444e+01 4.000000e-01
    endloop
  endfacet
  facet normal 5.345628e-01 -4.687990e-01 -7.031856e-01
    outer loop
      vertex   1.423389e+01 1.663444e+01 4.000000e-01
      vertex   1.383396e+01 1.677840e+01 0.000000e+00
      vertex   1.401508e+01 1.698492e+01 0.000000e+00
    endloop
  endfacet
  facet normal 4.882240e-01 -5.063928e-01 -7.107768e-01
    outer loop
      vertex   1.423389e+01 1.663444e+01 4.000000e-01
      vertex   1.401508e+01 1.698492e+01 0.000000e+00
      vertex   1.441256e+01 1.680670e+01 4.000000e-01
    endloop
  endfacet
  facet normal 4.685222e-01 -5.342472e-01 -7.036099e-01
    outer loop
      vertex   1.441256e+01 1.680670e+01 4.000000e-01
      vertex   1.401508e+01 1.698492e+01 0.000000e+00
      vertex   1.422160e+01 1.716604e+01 0.000000e+00
    endloop
  endfacet
  facet normal 4.097131e-01 -5.726740e-01 -7.100561e-01
    outer loop
      vertex   1.441256e+01 1.680670e+01 4.000000e-01
      vertex   1.422160e+01 1.716604e+01 0.000000e+00
      vertex   1.461440e+01 1.695111e+01 4.000000e-01
    endloop
  endfacet
  facet normal 3.943534e-01 -5.901916e-01 -7.043857e-01
    outer loop
      vertex   1.461440e+01 1.695111e+01 4.000000e-01
      vertex   1.422160e+01 1.716604e+01 0.000000e+00
      vertex   1.445000e+01 1.731865e+01 0.000000e+00
    endloop
  endfacet
  facet normal 3.224939e-01 -6.272547e-01 -7.089071e-01
    outer loop
      vertex   1.461440e+01 1.695111e+01 4.000000e-01
      vertex   1.445000e+01 1.731865e+01 0.000000e+00
      vertex   1.483512e+01 1.706459e+01 4.000000e-01
    endloop
  endfacet
  facet normal 3.134502e-01 -6.356142e-01 -7.055094e-01
    outer loop
      vertex   1.483512e+01 1.706459e+01 4.000000e-01
      vertex   1.445000e+01 1.731865e+01 0.000000e+00
      vertex   1.469636e+01 1.744015e+01 0.000000e+00
    endloop
  endfacet
  facet normal 2.282409e-01 -6.690287e-01 -7.073237e-01
    outer loop
      vertex   1.483512e+01 1.706459e+01 4.000000e-01
      vertex   1.469636e+01 1.744015e+01 0.000000e+00
      vertex   1.507001e+01 1.714472e+01 4.000000e-01
    endloop
  endfacet
  facet normal 2.273341e-01 -6.697046e-01 -7.069759e-01
    outer loop
      vertex   1.507001e+01 1.714472e+01 4.000000e-01
      vertex   1.469636e+01 1.744015e+01 0.000000e+00
      vertex   1.495648e+01 1.752844e+01 0.000000e+00
    endloop
  endfacet
  facet normal 1.382089e-01 -6.948232e-01 -7.057755e-01
    outer loop
      vertex   1.507001e+01 1.714472e+01 4.000000e-01
      vertex   1.495648e+01 1.752844e+01 0.000000e+00
      vertex   1.522589e+01 1.758203e+01 0.000000e+00
    endloop
  endfacet
  facet normal 1.281602e-01 -6.938480e-01 -7.086254e-01
    outer loop
      vertex   1.507001e+01 1.714472e+01 4.000000e-01
      vertex   1.522589e+01 1.758203e+01 0.000000e+00
      vertex   1.531407e+01 1.718980e+01 4.000000e-01
    endloop
  endfacet
  facet normal 4.641149e-02 -7.081024e-01 -7.045828e-01
    outer loop
      vertex   1.531407e+01 1.718980e+01 4.000000e-01
      vertex   1.522589e+01 1.758203e+01 0.000000e+00
      vertex   1.550000e+01 1.760000e+01 0.000000e+00
    endloop
  endfacet
  facet normal 2.572400e-02 -7.038721e-01 -7.098607e-01
    outer loop
      vertex   1.531407e+01 1.718980e+01 4.000000e-01
      vertex   1.550000e+01 1.760000e+01 0.000000e+00
      vertex   1.556209e+01 1.719887e+01 4.000000e-01
    endloop
  endfacet
  facet normal -4.646634e-02 -7.089394e-01 -7.037371e-01
    outer loop
      vertex   1.556209e+01 1.719887e+01 4.000000e-01
      vertex   1.550000e+01 1.760000e+01 0.000000e+00
      vertex   1.577411e+01 1.758203e+01 0.000000e+00
    endloop
  endfacet
  facet normal -7.694580e-02 -6.993083e-01 -7.106667e-01
    outer loop
      vertex   1.556209e+01 1.719887e+01 4.000000e-01
      vertex   1.577411e+01 1.758203e+01 0.000000e+00
      vertex   1.580878e+01 1.717172e+01 4.000000e-01
    endloop
  endfacet
  facet normal -1.386995e-01 -6.972896e-01 -7.032423e-01
    outer loop
      vertex   1.580878e+01 1.717172e+01 4.000000e-01
      vertex   1.577411e+01 1.758203e+01 0.000000e+00
      vertex   1.604352e+01 1.752844e+01 0.000000e+00
    endloop
  endfacet
  facet normal -1.778486e-01 -6.802803e-01 -7.110476e-01
    outer loop
      vertex   1.580878e+01 1.717172e+01 4.000000e-01
      vertex   1.604352e+01 1.752844e+01 0.000000e+00
      vertex   1.604890e+01 1.710895e+01 4.000000e-01
    endloop
  endfacet
  facet normal -2.285725e-01 -6.733528e-01 -7.031007e-01
    outer loop
      vertex   1.604890e+01 1.710895e+01 4.000000e-01
      vertex   1.604352e+01 1.752844e+01 0.000000e+00
      vertex   1.630364e+01 1.744015e+01 0.000000e+00
    endloop
  endfacet
  facet normal -2.750196e-01 -6.471752e-01 -7.110053e-01
    outer loop
      vertex   1.604890e+01 1.710895e+01 4.000000e-01
      vertex   1.630364e+01 1.744015e+01 0.000000e+00
      vertex   1.627731e+01 1.701188e+01 4.000000e-01
    endloop
  endfacet
  facet normal -3.144143e-01 -6.375692e-01 -7.033130e-01
    outer loop
      vertex   1.627731e+01 1.701188e+01 4.000000e-01
      vertex   1.630364e+01 1.744015e+01 0.000000e+00
      vertex   1.655000e+01 1.731865e+01 0.000000e+00
    endloop
  endfacet
  facet normal -3.665634e-01 -6.006369e-01 -7.105396e-01
    outer loop
      vertex   1.627731e+01 1.701188e+01 4.000000e-01
      vertex   1.655000e+01 1.731865e+01 0.000000e+00
      vertex   1.648916e+01 1.688259e+01 4.000000e-01
    endloop
  endfacet
  facet normal -3.946330e-01 -5.906100e-01 -7.038782e-01
    outer loop
      vertex   1.648916e+01 1.688259e+01 4.000000e-01
      vertex   1.655000e+01 1.731865e+01 0.000000e+00
      vertex   1.677840e+01 1.716604e+01 0.000000e+00
    endloop
  endfacet
  facet normal -4.506856e-01 -5.415551e-01 -7.096482e-01
    outer loop
      vertex   1.648916e+01 1.688259e+01 4.000000e-01
      vertex   1.677840e+01 1.716604e+01 0.000000e+00
      vertex   1.667993e+01 1.672384e+01 4.000000e-01
    endloop
  endfacet
  facet normal -4.677480e-01 -5.333644e-01 -7.047937e-01
    outer loop
      vertex   1.667993e+01 1.672384e+01 4.000000e-01
      vertex   1.677840e+01 1.716604e+01 0.000000e+00
      vertex   1.698492e+01 1.698492e+01 0.000000e+00
    endloop
  endfacet
  facet normal -5.257237e-01 -4.710505e-01 -7.083263e-01
    outer loop
      vertex   1.667993e+01 1.672384e+01 4.000000e-01
      vertex   1.698492e+01 1.698492e+01 0.000000e+00
      vertex   1.684554e+01 1.653900e+01 4.000000e-01
    endloop
  endfacet
  facet normal -5.324204e-01 -4.669202e-01 -7.060552e-01
    outer loop
      vertex   1.684554e+01 1.653900e+01 4.000000e-01
      vertex   1.698492e+01 1.698492e+01 0.000000e+00
      vertex   1.716604e+01 1.677840e+01 0.000000e+00
    endloop
  endfacet
  facet normal -5.883128e-01 -3.930980e-01 -7.066555e-01
    outer loop
      vertex   1.684554e+01 1.653900e+01 4.000000e-01
      vertex   1.716604e+01 1.677840e+01 0.000000e+00
      vertex   1.731865e+01 1.655000e+01 0.000000e+00
    endloop
  endfacet
  facet normal -5.892509e-01 -3.898447e-01 -7.076755e-01
    outer loop
      vertex   1.684554e+01 1.653900e+01 4.000000e-01
      vertex   1.731865e+01 1.655000e+01 0.000000e+00
      vertex   1.698248e+01 1.633201e+01 4.000000e-01
    endloop
  endfacet
  facet normal -6.358394e-01 -3.135613e-01 -7.052571e-01
    outer loop
      vertex   1.698248e+01 1.633201e+01 4.000000e-01
      vertex   1.731865e+01 1.655000e+01 0.000000e+00
      vertex   1.744015e+01 1.630364e+01 0.000000e+00
    endloop
  endfacet
  facet normal -6.383737e-01 -2.992573e-01 -7.091714e-01
    outer loop
      vertex   1.698248e+01 1.633201e+01 4.000000e-01
      vertex   1.744015e+01 1.630364e+01 0.000000e+00
      vertex   1.708783e+01 1.610729e+01 4.000000e-01
    endloop
  endfacet
  facet normal -6.723195e-01 -2.282217e-01 -7.042026e-01
    outer loop
      vertex   1.708783e+01 1.610729e+01 4.000000e-01
      vertex   1.744015e+01 1.630364e+01 0.000000e+00
      vertex   1.752844e+01 1.604352e+01 0.000000e+00
    endloop
  endfacet
  facet normal -6.741176e-01 -2.028118e-01 -7.102344e-01
    outer loop
      vertex   1.708783e+01 1.610729e+01 4.000000e-01
      vertex   1.752844e+01 1.604352e+01 0.000000e+00
      vertex   1.715933e+01 1.586963e+01 4.000000e-01
    endloop
  endfacet
  facet normal -6.970425e-01 -1.386504e-01 -7.034969e-01
    outer loop
      vertex   1.715933e+01 1.586963e+01 4.000000e-01
      vertex   1.752844e+01 1.604352e+01 0.000000e+00
      vertex   1.758203e+01 1.577411e+01 0.000000e+00
    endloop
  endfacet
  facet normal -6.958284e-01 -1.024047e-01 -7.108699e-01
    outer loop
      vertex   1.715933e+01 1.586963e+01 4.000000e-01
      vertex   1.758203e+01 1.577411e+01 0.000000e+00
      vertex   1.719546e+01 1.562409e+01 4.000000e-01
    endloop
  endfacet
  facet normal -7.095259e-01 -4.650478e-02 -7.031432e-01
    outer loop
      vertex   1.719546e+01 1.562409e+01 4.000000e-01
      vertex   1.758203e+01 1.577411e+01 0.000000e+00
      vertex   1.760000e+01 1.550000e+01 0.000000e+00
    endloop
  endfacet
  facet normal -7.031097e-01 -0.000000e+00 -7.110814e-01
    outer loop
      vertex   1.719546e+01 1.562409e+01 4.000000e-01
      vertex   1.760000e+01 1.550000e+01 0.000000e+00
      vertex   1.719546e+01 1.537591e+01 4.000000e-01
    endloop
  endfacet
  facet normal -7.095259e-01 4.650478e-02 -7.031432e-01
    outer loop
      vertex   1.719546e+01 1.537591e+01 4.000000e-01
      vertex   1.760000e+01 1.550000e+01 0.000000e+00
      vertex   1.758203e+01 1.522589e+01 0.000000e+00
    endloop
  endfacet
  facet normal -6.958284e-01 1.024047e-01 -7.108699e-01
    outer loop
      vertex   1.719546e+01 1.537591e+01 4.000000e-01
      vertex   1.758203e+01 1.522589e+01 0.000000e+00
      vertex   1.715933e+01 1.513037e+01 4.000000e-01
    endloop
  endfacet
  facet normal -6.970425e-01 1.386504e-01 -7.034969e-01
    outer loop
      vertex   1.715933e+01 1.513037e+01 4.000000e-01
      vertex   1.758203e+01 1.522589e+01 0.000000e+00
      vertex   1.752844e+01 1.495648e+01 0.000000e+00
    endloop
  endfacet
  facet normal -6.741176e-01 2.028118e-01 -7.102344e-01
    outer loop
      vertex   1.715933e+01 1.513037e+01 4.000000e-01
      vertex   1.752844e+01 1.495648e+01 0.000000e+00
      vertex   1.708783e+01 1.489271e+01 4.000000e-01
    endloop
  endfacet
  facet normal -6.723195e-01 2.282217e-01 -7.042026e-01
    outer loop
      vertex   1.708783e+01 1.489271e+01 4.000000e-01
      vertex   1.752844e+01 1.495648e+01 0.000000e+00
      vertex   1.744015e+01 1.469636e+01 0.000000e+00
    endloop
  endfacet
  facet normal -6.383737e-01 2.992573e-01 -7.091714e-01
    outer loop
      vertex   1.708783e+01 1.489271e+01 4.000000e-01
      vertex   1.744015e+01 1.469636e+01 0.000000e+00
      vertex   1.698248e+01 1.466799e+01 4.000000e-01
    endloop
  endfacet
  facet normal -6.358394e-01 3.135613e-01 -7.052571e-01
    outer loop
      vertex   1.698248e+01 1.466799e+01 4.000000e-01
      vertex   1.744015e+01 1.469636e+01 0.000000e+00
      vertex   1.731865e+01 1.445000e+01 0.000000e+00
    endloop
  endfacet
  facet normal -5.892509e-01 3.898447e-01 -7.076755e-01
    outer loop
      vertex   1.698248e+01 1.466799e+01 4.000000e-01
      vertex   1.731865e+01 1.445000e+01 0.000000e+00
      vertex   1.684554e+01 1.446100e+01 4.000000e-01
    endloop
  endfacet
  facet normal -5.883128e-01 3.930980e-01 -7.066555e-01
    outer loop
      vertex   1.684554e+01 1.446100e+01 4.000000e-01
      vertex   1.731865e+01 1.445000e+01 0.000000e+00
      vertex   1.716604e+01 1.422160e+01 0.000000e+00
    endloop
  endfacet
  facet normal -5.324204e-01 4.669202e-01 -7.060552e-01
    outer loop
      vertex   1.684554e+01 1.446100e+01 4.000000e-01
      vertex   1.716604e+01 1.422160e+01 0.000000e+00
      vertex   1.698492e+01 1.401508e+01 0.000000e+00
    endloop
  endfacet
  facet normal -5.257237e-01 4.710505e-01 -7.083263e-01
    outer loop
      vertex   1.684554e+01 1.446100e+01 4.000000e-01
      vertex   1.698492e+01 1.401508e+01 0.000000e+00
      vertex   1.667993e+01 1.427616e+01 4.000000e-01
    endloop
  endfacet
  facet normal -4.677480e-01 5.333644e-01 -7.047937e-01
    outer loop
      vertex   1.667993e+01 1.427616e+01 4.000000e-01
      vertex   1.698492e+01 1.401508e+01 0.000000e+00
      vertex   1.677840e+01 1.383396e+01 0.000000e+00
    endloop
  endfacet
  facet normal -4.506856e-01 5.415551e-01 -7.096482e-01
    outer loop
      vertex   1.667993e+01 1.427616e+01 4.000000e-01
      vertex   1.677840e+01 1.383396e+01 0.000000e+00
      vertex   1.648916e+01 1.411741e+01 4.000000e-01
    endloop
  endfacet
  facet normal -3.946330e-01 5.906100e-01 -7.038782e-01
    outer loop
      vertex   1.648916e+01 1.411741e+01 4.000000e-01
      vertex   1.677840e+01 1.383396e+01 0.000000e+00
      vertex   1.655000e+01 1.368135e+01 0.000000e+00
    endloop
  endfacet
  facet normal -3.665634e-01 6.006369e-01 -7.105396e-01
    outer loop
      vertex   1.648916e+01 1.411741e+01 4.000000e-01
      vertex   1.655000e+01 1.368135e+01 0.000000e+00
      vertex   1.627731e+01 1.398812e+01 4.000000e-01
    endloop
  endfacet
  facet normal -3.144143e-01 6.375692e-01 -7.033130e-01
    outer loop
      vertex   1.627731e+01 1.398812e+01 4.000000e-01
      vertex   1.655000e+01 1.368135e+01 0.000000e+00
      vertex   1.630364e+01 1.355985e+01 0.000000e+00
    endloop
  endfacet
  facet normal -2.750196e-01 6.471752e-01 -7.110053e-01
    outer loop
      vertex   1.627731e+01 1.398812e+01 4.000000e-01
      vertex   1.630364e+01 1.355985e+01 0.000000e+00
      vertex   1.604890e+01 1.389105e+01 4.000000e-01
    endloop
  endfacet
  facet normal -2.285725e-01 6.733528e-01 -7.031007e-01
    outer loop
      vertex   1.604890e+01 1.389105e+01 4.000000e-01
      vertex   1.630364e+01 1.355985e+01 0.000000e+00
      vertex   1.604352e+01 1.347156e+01 0.000000e+00
    endloop
  endfacet
  facet normal -1.778486e-01 6.802803e-01 -7.110476e-01
    outer loop
      vertex   1.604890e+01 1.389105e+01 4.000000e-01
      vertex   1.604352e+01 1.347156e+01 0.000000e+00
      vertex   1.580878e+01 1.382828e+01 4.000000e-01
    endloop
  endfacet
  facet normal -1.386995e-01 6.972896e-01 -7.032423e-01
    outer loop
      vertex   1.580878e+01 1.382828e+01 4.000000e-01
      vertex   1.604352e+01 1.347156e+01 0.000000e+00
      vertex   1.577411e+01 1.341797e+01 0.000000e+00
    endloop
  endfacet
  facet normal -7.694580e-02 6.993083e-01 -7.106667e-01
    outer loop
      vertex   1.580878e+01 1.382828e+01 4.000000e-01
      vertex   1.577411e+01 1.341797e+01 0.000000e+00
      vertex   1.556209e+01 1.380113e+01 4.000000e-01
    endloop
  endfacet
  facet normal -4.646634e-02 7.089394e-01 -7.037371e-01
    outer loop
      vertex   1.556209e+01 1.380113e+01 4.000000e-01
      vertex   1.577411e+01 1.341797e+01 0.000000e+00
      vertex   1.550000e+01 1.340000e+01 0.000000e+00
    endloop
  endfacet
  facet normal 2.572400e-02 7.038721e-01 -7.098607e-01
    outer loop
      vertex   1.556209e+01 1.380113e+01 4.000000e-01
      vertex   1.550000e+01 1.340000e+01 0.000000e+00
      vertex   1.531407e+01 1.381020e+01 4.000000e-01
    endloop
  endfacet
  facet normal 4.641149e-02 7.081024e-01 -7.045828e-01
    outer loop
      vertex   1.531407e+01 1.381020e+01 4.000000e-01
      vertex   1.550000e+01 1.340000e+01 0.000000e+00
      vertex   1.522589e+01 1.341797e+01 0.000000e+00
    endloop
  endfacet
  facet normal 1.281602e-01 6.938480e-01 -7.086254e-01
    outer loop
      vertex   1.531407e+01 1.381020e+01 4.000000e-01
      vertex   1.522589e+01 1.341797e+01 0.000000e+00
      vertex   1.507001e+01 1.385528e+01 4.000000e-01
    endloop
  endfacet
  facet normal 1.382089e-01 6.948232e-01 -7.057755e-01
    outer loop
      vertex   1.507001e+01 1.385528e+01 4.000000e-01
      vertex   1.522589e+01 1.341797e+01 0.000000e+00
      vertex   1.495648e+01 1.347156e+01 0.000000e+00
    endloop
  endfacet
  facet normal 2.273341e-01 6.697046e-01 -7.069759e-01
    outer loop
      vertex   1.507001e+01 1.385528e+01 4.000000e-01
      vertex   1.495648e+01 1.347156e+01 0.000000e+00
      vertex   1.469636e+01 1.355985e+01 0.000000e+00
    endloop
  endfacet
  facet normal 2.282409e-01 6.690287e-01 -7.073237e-01
    outer loop
      vertex   1.507001e+01 1.385528e+01 4.000000e-01
      vertex   1.469636e+01 1.355985e+01 0.000000e+00
      vertex   1.483512e+01 1.393541e+01 4.000000e-01
    endloop
  endfacet
  facet normal 3.134502e-01 6.356142e-01 -7.055094e-01
    outer loop
      vertex   1.483512e+01 1.393541e+01 4.000000e-01
      vertex   1.469636e+01 1.355985e+01 0.000000e+00
      vertex   1.445000e+01 1.368135e+01 0.000000e+00
    endloop
  endfacet
  facet normal 3.224939e-01 6.272547e-01 -7.089071e-01
    outer loop
      vertex   1.483512e+01 1.393541e+01 4.000000e-01
      vertex   1.445000e+01 1.368135e+01 0.000000e+00
      vertex   1.461440e+01 1.404889e+01 4.000000e-01
    endloop
  endfacet
  facet normal 3.943534e-01 5.901916e-01 -7.043857e-01
    outer loop
      vertex   1.461440e+01 1.404889e+01 4.000000e-01
      vertex   1.445000e+01 1.368135e+01 0.000000e+00
      vertex   1.422160e+01 1.383396e+01 0.000000e+00
    endloop
  endfacet
  facet normal 4.097131e-01 5.726740e-01 -7.100561e-01
    outer loop
      vertex   1.461440e+01 1.404889e+01 4.000000e-01
      vertex   1.422160e+01 1.383396e+01 0.000000e+00
      vertex   1.441256e+01 1.419330e+01 4.000000e-01
    endloop
  endfacet
  facet normal 4.685222e-01 5.342472e-01 -7.036099e-01
    outer loop
      vertex   1.441256e+01 1.419330e+01 4.000000e-01
      vertex   1.422160e+01 1.383396e+01 0.000000e+00
      vertex   1.401508e+01 1.401508e+01 0.000000e+00
    endloop
  endfacet
  facet normal 4.882240e-01 5.063928e-01 -7.107768e-01
    outer loop
      vertex   1.441256e+01 1.419330e+01 4.000000e-01
      vertex   1.401508e+01 1.401508e+01 0.000000e+00
      vertex   1.423389e+01 1.436556e+01 4.000000e-01
    endloop
  endfacet
  facet normal 5.345628e-01 4.687990e-01 -7.031856e-01
    outer loop
      vertex   1.423389e+01 1.436556e+01 4.000000e-01
      vertex   1.401508e+01 1.401508e+01 0.000000e+00
      vertex   1.383396e+01 1.422160e+01 0.000000e+00
    endloop
  endfacet
  facet normal 5.565156e-01 4.297274e-01 -7.110729e-01
    outer loop
      vertex   1.423389e+01 1.436556e+01 4.000000e-01
      vertex   1.383396e+01 1.422160e+01 0.000000e+00
      vertex   1.408220e+01 1.456199e+01 4.000000e-01
    endloop
  endfacet
  facet normal 5.912383e-01 3.950528e-01 -7.031148e-01
    outer loop
      vertex   1.408220e+01 1.456199e+01 4.000000e-01
      vertex   1.383396e+01 1.422160e+01 0.000000e+00
      vertex   1.368135e+01 1.445000e+01 0.000000e+00
    endloop
  endfacet
  facet normal 6.132657e-01 3.441814e-01 -7.109461e-01
    outer loop
      vertex   1.408220e+01 1.456199e+01 4.000000e-01
      vertex   1.368135e+01 1.445000e+01 0.000000e+00
      vertex   1.396074e+01 1.477842e+01 4.000000e-01
    endloop
  endfacet
  facet normal 6.374939e-01 3.143772e-01 -7.033979e-01
    outer loop
      vertex   1.396074e+01 1.477842e+01 4.000000e-01
      vertex   1.368135e+01 1.445000e+01 0.000000e+00
      vertex   1.355985e+01 1.469636e+01 0.000000e+00
    endloop
  endfacet
  facet normal 6.573630e-01 2.514200e-01 -7.103955e-01
    outer loop
      vertex   1.396074e+01 1.477842e+01 4.000000e-01
      vertex   1.355985e+01 1.469636e+01 0.000000e+00
      vertex   1.387208e+01 1.501023e+01 4.000000e-01
    endloop
  endfacet
  facet normal 6.724784e-01 2.282757e-01 -7.040334e-01
    outer loop
      vertex   1.387208e+01 1.501023e+01 4.000000e-01
      vertex   1.355985e+01 1.469636e+01 0.000000e+00
      vertex   1.347156e+01 1.495648e+01 0.000000e+00
    endloop
  endfacet
  facet normal 6.879261e-01 1.532421e-01 -7.094184e-01
    outer loop
      vertex   1.387208e+01 1.501023e+01 4.000000e-01
      vertex   1.347156e+01 1.495648e+01 0.000000e+00
      vertex   1.381812e+01 1.525248e+01 4.000000e-01
    endloop
  endfacet
  facet normal 6.955620e-01 1.383559e-01 -7.050185e-01
    outer loop
      vertex   1.381812e+01 1.525248e+01 4.000000e-01
      vertex   1.347156e+01 1.495648e+01 0.000000e+00
      vertex   1.341797e+01 1.522589e+01 0.000000e+00
    endloop
  endfacet
  facet normal 7.043188e-01 5.154949e-02 -7.080096e-01
    outer loop
      vertex   1.381812e+01 1.525248e+01 4.000000e-01
      vertex   1.341797e+01 1.522589e+01 0.000000e+00
      vertex   1.380000e+01 1.550000e+01 4.000000e-01
    endloop
  endfacet
  facet normal 9.973323e-01 7.299531e-02 0.000000e+00
    outer loop
      vertex   1.381812e+01 1.525248e+01 5.500000e+00
      vertex   1.381812e+01 1.525248e+01 4.000000e-01
      vertex   1.380000e+01 1.550000e+01 5.500000e+00
    endloop
  endfacet
  facet normal 9.973323e-01 7.299531e-02 0.000000e+00
    outer loop
      vertex   1.380000e+01 1.550000e+01 5.500000e+00
      vertex   1.381812e+01 1.525248e+01 4.000000e-01
      vertex   1.380000e+01 1.550000e+01 4.000000e-01
    endloop
  endfacet
  facet normal 9.973323e-01 -7.299531e-02 0.000000e+00
    outer loop
      vertex   1.380000e+01 1.550000e+01 5.500000e+00
      vertex   1.380000e+01 1.550000e+01 4.000000e-01
      vertex   1.381812e+01 1.574752e+01 5.500000e+00
    endloop
  endfacet
  facet normal 9.973323e-01 -7.299531e-02 0.000000e+00
    outer loop
      vertex   1.381812e+01 1.574752e+01 5.500000e+00
      vertex   1.380000e+01 1.550000e+01 4.000000e-01
      vertex   1.381812e+01 1.574752e+01 4.000000e-01
    endloop
  endfacet
  facet normal 9.760759e-01 -2.174302e-01 0.000000e+00
    outer loop
      vertex   1.381812e+01 1.574752e+01 5.500000e+00
      vertex   1.381812e+01 1.574752e+01 4.000000e-01
      vertex   1.387208e+01 1.598977e+01 5.500000e+00
    endloop
  endfacet
  facet normal 9.760759e-01 -2.174302e-01 0.000000e+00
    outer loop
      vertex   1.387208e+01 1.598977e+01 5.500000e+00
      vertex   1.381812e+01 1.574752e+01 4.000000e-01
      vertex   1.387208e+01 1.598977e+01 4.000000e-01
    endloop
  endfacet
  facet normal 9.340161e-01 -3.572309e-01 0.000000e+00
    outer loop
      vertex   1.387208e+01 1.598977e+01 5.500000e+00
      vertex   1.387208e+01 1.598977e+01 4.000000e-01
      vertex   1.396074e+01 1.622158e+01 5.500000e+00
    endloop
  endfacet
  facet normal 9.340161e-01 -3.572309e-01 0.000000e+00
    outer loop
      vertex   1.396074e+01 1.622158e+01 5.500000e+00
      vertex   1.387208e+01 1.598977e+01 4.000000e-01
      vertex   1.396074e+01 1.622158e+01 4.000000e-01
    endloop
  endfacet
  facet normal 8.720494e-01 -4.894178e-01 0.000000e+00
    outer loop
      vertex   1.396074e+01 1.622158e+01 5.500000e+00
      vertex   1.396074e+01 1.622158e+01 4.000000e-01
      vertex   1.408220e+01 1.643801e+01 5.500000e+00
    endloop
  endfacet
  facet normal 8.720494e-01 -4.894178e-01 3.409336e-16
    outer loop
      vertex   1.408220e+01 1.643801e+01 5.500000e+00
      vertex   1.396074e+01 1.622158e+01 4.000000e-01
      vertex   1.408220e+01 1.643801e+01 4.000000e-01
    endloop
  endfacet
  facet normal 7.914965e-01 -6.111737e-01 4.257500e-16
    outer loop
      vertex   1.408220e+01 1.643801e+01 5.500000e+00
      vertex   1.408220e+01 1.643801e+01 4.000000e-01
      vertex   1.423389e+01 1.663444e+01 5.500000e+00
    endloop
  endfacet
  facet normal 7.914965e-01 -6.111737e-01 0.000000e+00
    outer loop
      vertex   1.423389e+01 1.663444e+01 5.500000e+00
      vertex   1.408220e+01 1.643801e+01 4.000000e-01
      vertex   1.423389e+01 1.663444e+01 4.000000e-01
    endloop
  endfacet
  facet normal 6.940742e-01 -7.199035e-01 0.000000e+00
    outer loop
      vertex   1.423389e+01 1.663444e+01 5.500000e+00
      vertex   1.423389e+01 1.663444e+01 4.000000e-01
      vertex   1.441256e+01 1.680670e+01 5.500000e+00
    endloop
  endfacet
  facet normal 6.940742e-01 -7.199035e-01 0.000000e+00
    outer loop
      vertex   1.441256e+01 1.680670e+01 5.500000e+00
      vertex   1.423389e+01 1.663444e+01 4.000000e-01
      vertex   1.441256e+01 1.680670e+01 4.000000e-01
    endloop
  endfacet
  facet normal 5.818589e-01 -8.132897e-01 0.000000e+00
    outer loop
      vertex   1.441256e+01 1.680670e+01 5.500000e+00
      vertex   1.441256e+01 1.680670e+01 4.000000e-01
      vertex   1.461440e+01 1.695111e+01 5.500000e+00
    endloop
  endfacet
  facet normal 5.818589e-01 -8.132897e-01 0.000000e+00
    outer loop
      vertex   1.461440e+01 1.695111e+01 5.500000e+00
      vertex   1.441256e+01 1.680670e+01 4.000000e-01
      vertex   1.461440e+01 1.695111e+01 4.000000e-01
    endloop
  endfacet
  facet normal 4.572423e-01 -8.893421e-01 0.000000e+00
    outer loop
      vertex   1.461440e+01 1.695111e+01 5.500000e+00
      vertex   1.461440e+01 1.695111e+01 4.000000e-01
      vertex   1.483512e+01 1.706459e+01 5.500000e+00
    endloop
  endfacet
  facet normal 4.572423e-01 -8.893421e-01 -1.592599e-16
    outer loop
      vertex   1.483512e+01 1.706459e+01 5.500000e+00
      vertex   1.461440e+01 1.695111e+01 4.000000e-01
      vertex   1.483512e+01 1.706459e+01 4.000000e-01
    endloop
  endfacet
  facet normal 3.228804e-01 -9.464398e-01 -1.124609e-16
    outer loop
      vertex   1.483512e+01 1.706459e+01 5.500000e+00
      vertex   1.483512e+01 1.706459e+01 4.000000e-01
      vertex   1.507001e+01 1.714472e+01 5.500000e+00
    endloop
  endfacet
  facet normal 3.228804e-01 -9.464398e-01 0.000000e+00
    outer loop
      vertex   1.507001e+01 1.714472e+01 5.500000e+00
      vertex   1.483512e+01 1.706459e+01 4.000000e-01
      vertex   1.507001e+01 1.714472e+01 4.000000e-01
    endloop
  endfacet
  facet normal 1.816369e-01 -9.833657e-01 0.000000e+00
    outer loop
      vertex   1.507001e+01 1.714472e+01 5.500000e+00
      vertex   1.507001e+01 1.714472e+01 4.000000e-01
      vertex   1.531407e+01 1.718980e+01 5.500000e+00
    endloop
  endfacet
  facet normal 1.816369e-01 -9.833657e-01 -6.326507e-17
    outer loop
      vertex   1.531407e+01 1.718980e+01 5.500000e+00
      vertex   1.507001e+01 1.714472e+01 4.000000e-01
      vertex   1.531407e+01 1.718980e+01 4.000000e-01
    endloop
  endfacet
  facet normal 3.652202e-02 -9.993328e-01 -1.272081e-17
    outer loop
      vertex   1.531407e+01 1.718980e+01 5.500000e+00
      vertex   1.531407e+01 1.718980e+01 4.000000e-01
      vertex   1.556209e+01 1.719887e+01 5.500000e+00
    endloop
  endfacet
  facet normal 3.652202e-02 -9.993328e-01 0.000000e+00
    outer loop
      vertex   1.556209e+01 1.719887e+01 5.500000e+00
      vertex   1.531407e+01 1.718980e+01 4.000000e-01
      vertex   1.556209e+01 1.719887e+01 4.000000e-01
    endloop
  endfacet
  facet normal -1.093712e-01 -9.940010e-01 -0.000000e+00
    outer loop
      vertex   1.556209e+01 1.719887e+01 5.500000e+00
      vertex   1.556209e+01 1.719887e+01 4.000000e-01
      vertex   1.580878e+01 1.717172e+01 5.500000e+00
    endloop
  endfacet
  facet normal -1.093712e-01 -9.940010e-01 3.809457e-17
    outer loop
      vertex   1.580878e+01 1.717172e+01 5.500000e+00
      vertex   1.556209e+01 1.719887e+01 4.000000e-01
      vertex   1.580878e+01 1.717172e+01 4.000000e-01
    endloop
  endfacet
  facet normal -2.529334e-01 -9.674837e-01 8.809803e-17
    outer loop
      vertex   1.580878e+01 1.717172e+01 5.500000e+00
      vertex   1.580878e+01 1.717172e+01 4.000000e-01
      vertex   1.604890e+01 1.710895e+01 5.500000e+00
    endloop
  endfacet
  facet normal -2.529334e-01 -9.674837e-01 -0.000000e+00
    outer loop
      vertex   1.604890e+01 1.710895e+01 5.500000e+00
      vertex   1.580878e+01 1.717172e+01 4.000000e-01
      vertex   1.604890e+01 1.710895e+01 4.000000e-01
    endloop
  endfacet
  facet normal -3.911047e-01 -9.203462e-01 -0.000000e+00
    outer loop
      vertex   1.604890e+01 1.710895e+01 5.500000e+00
      vertex   1.604890e+01 1.710895e+01 4.000000e-01
      vertex   1.627731e+01 1.701188e+01 5.500000e+00
    endloop
  endfacet
  facet normal -3.911047e-01 -9.203462e-01 -0.000000e+00
    outer loop
      vertex   1.627731e+01 1.701188e+01 5.500000e+00
      vertex   1.604890e+01 1.710895e+01 4.000000e-01
      vertex   1.627731e+01 1.701188e+01 4.000000e-01
    endloop
  endfacet
  facet normal -5.209403e-01 -8.535931e-01 -0.000000e+00
    outer loop
      vertex   1.627731e+01 1.701188e+01 5.500000e+00
      vertex   1.627731e+01 1.701188e+01 4.000000e-01
      vertex   1.648916e+01 1.688259e+01 5.500000e+00
    endloop
  endfacet
  facet normal -5.209403e-01 -8.535931e-01 -2.317294e-16
    outer loop
      vertex   1.648916e+01 1.688259e+01 5.500000e+00
      vertex   1.627731e+01 1.701188e+01 4.000000e-01
      vertex   1.648916e+01 1.688259e+01 4.000000e-01
    endloop
  endfacet
  facet normal -6.396730e-01 -7.686471e-01 -8.984473e-17
    outer loop
      vertex   1.648916e+01 1.688259e+01 5.500000e+00
      vertex   1.648916e+01 1.688259e+01 4.000000e-01
      vertex   1.667993e+01 1.672384e+01 5.500000e+00
    endloop
  endfacet
  facet normal -6.396730e-01 -7.686471e-01 -0.000000e+00
    outer loop
      vertex   1.667993e+01 1.672384e+01 5.500000e+00
      vertex   1.648916e+01 1.688259e+01 4.000000e-01
      vertex   1.667993e+01 1.672384e+01 4.000000e-01
    endloop
  endfacet
  facet normal -7.447722e-01 -6.673188e-01 -0.000000e+00
    outer loop
      vertex   1.667993e+01 1.672384e+01 5.500000e+00
      vertex   1.667993e+01 1.672384e+01 4.000000e-01
      vertex   1.684554e+01 1.653900e+01 5.500000e+00
    endloop
  endfacet
  facet normal -7.447722e-01 -6.673188e-01 -0.000000e+00
    outer loop
      vertex   1.684554e+01 1.653900e+01 5.500000e+00
      vertex   1.667993e+01 1.672384e+01 4.000000e-01
      vertex   1.684554e+01 1.653900e+01 4.000000e-01
    endloop
  endfacet
  facet normal -8.339978e-01 -5.517677e-01 -0.000000e+00
    outer loop
      vertex   1.684554e+01 1.653900e+01 5.500000e+00
      vertex   1.684554e+01 1.653900e+01 4.000000e-01
      vertex   1.698248e+01 1.633201e+01 5.500000e+00
    endloop
  endfacet
  facet normal -8.339978e-01 -5.517677e-01 -3.843672e-16
    outer loop
      vertex   1.698248e+01 1.633201e+01 5.500000e+00
      vertex   1.684554e+01 1.653900e+01 4.000000e-01
      vertex   1.698248e+01 1.633201e+01 4.000000e-01
    endloop
  endfacet
  facet normal -9.054482e-01 -4.244567e-01 -2.956810e-16
    outer loop
      vertex   1.698248e+01 1.633201e+01 5.500000e+00
      vertex   1.698248e+01 1.633201e+01 4.000000e-01
      vertex   1.708783e+01 1.610729e+01 5.500000e+00
    endloop
  endfacet
  facet normal -9.054482e-01 -4.244567e-01 -0.000000e+00
    outer loop
      vertex   1.708783e+01 1.610729e+01 5.500000e+00
      vertex   1.698248e+01 1.633201e+01 4.000000e-01
      vertex   1.708783e+01 1.610729e+01 4.000000e-01
    endloop
  endfacet
  facet normal -9.576006e-01 -2.880991e-01 -0.000000e+00
    outer loop
      vertex   1.708783e+01 1.610729e+01 5.500000e+00
      vertex   1.708783e+01 1.610729e+01 4.000000e-01
      vertex   1.715933e+01 1.586963e+01 5.500000e+00
    endloop
  endfacet
  facet normal -9.576006e-01 -2.880991e-01 -0.000000e+00
    outer loop
      vertex   1.715933e+01 1.586963e+01 5.500000e+00
      vertex   1.708783e+01 1.610729e+01 4.000000e-01
      vertex   1.715933e+01 1.586963e+01 4.000000e-01
    endloop
  endfacet
  facet normal -9.893434e-01 -1.456012e-01 -0.000000e+00
    outer loop
      vertex   1.715933e+01 1.586963e+01 5.500000e+00
      vertex   1.715933e+01 1.586963e+01 4.000000e-01
      vertex   1.719546e+01 1.562409e+01 5.500000e+00
    endloop
  endfacet
  facet normal -9.893434e-01 -1.456012e-01 -5.071365e-17
    outer loop
      vertex   1.719546e+01 1.562409e+01 5.500000e+00
      vertex   1.715933e+01 1.586963e+01 4.000000e-01
      vertex   1.719546e+01 1.562409e+01 4.000000e-01
    endloop
  endfacet
  facet normal -1.000000e+00 -0.000000e+00 -0.000000e+00
    outer loop
      vertex   1.719546e+01 1.562409e+01 5.500000e+00
      vertex   1.719546e+01 1.562409e+01 4.000000e-01
      vertex   1.719546e+01 1.537591e+01 5.500000e+00
    endloop
  endfacet
  facet normal -1.000000e+00 0.000000e+00 0.000000e+00
    outer loop
      vertex   1.719546e+01 1.537591e+01 5.500000e+00
      vertex   1.719546e+01 1.562409e+01 4.000000e-01
      vertex   1.719546e+01 1.537591e+01 4.000000e-01
    endloop
  endfacet
  facet normal -9.893434e-01 1.456012e-01 5.071365e-17
    outer loop
      vertex   1.719546e+01 1.537591e+01 5.500000e+00
      vertex   1.719546e+01 1.537591e+01 4.000000e-01
      vertex   1.715933e+01 1.513037e+01 5.500000e+00
    endloop
  endfacet
  facet normal -9.893434e-01 1.456012e-01 0.000000e+00
    outer loop
      vertex   1.715933e+01 1.513037e+01 5.500000e+00
      vertex   1.719546e+01 1.537591e+01 4.000000e-01
      vertex   1.715933e+01 1.513037e+01 4.000000e-01
    endloop
  endfacet
  facet normal -9.576006e-01 2.880991e-01 0.000000e+00
    outer loop
      vertex   1.715933e+01 1.513037e+01 5.500000e+00
      vertex   1.715933e+01 1.513037e+01 4.000000e-01
      vertex   1.708783e+01 1.489271e+01 5.500000e+00
    endloop
  endfacet
  facet normal -9.576006e-01 2.880991e-01 0.000000e+00
    outer loop
      vertex   1.708783e+01 1.489271e+01 5.500000e+00
      vertex   1.715933e+01 1.513037e+01 4.000000e-01
      vertex   1.708783e+01 1.489271e+01 4.000000e-01
    endloop
  endfacet
  facet normal -9.054482e-01 4.244567e-01 0.000000e+00
    outer loop
      vertex   1.708783e+01 1.489271e+01 5.500000e+00
      vertex   1.708783e+01 1.489271e+01 4.000000e-01
      vertex   1.698248e+01 1.466799e+01 5.500000e+00
    endloop
  endfacet
  facet normal -9.054482e-01 4.244567e-01 1.478405e-16
    outer loop
      vertex   1.698248e+01 1.466799e+01 5.500000e+00
      vertex   1.708783e+01 1.489271e+01 4.000000e-01
      vertex   1.698248e+01 1.466799e+01 4.000000e-01
    endloop
  endfacet
  facet normal -8.339978e-01 5.517677e-01 1.921836e-16
    outer loop
      vertex   1.698248e+01 1.466799e+01 5.500000e+00
      vertex   1.698248e+01 1.466799e+01 4.000000e-01
      vertex   1.684554e+01 1.446100e+01 5.500000e+00
    endloop
  endfacet
  facet normal -8.339978e-01 5.517677e-01 0.000000e+00
    outer loop
      vertex   1.684554e+01 1.446100e+01 5.500000e+00
      vertex   1.698248e+01 1.466799e+01 4.000000e-01
      vertex   1.684554e+01 1.446100e+01 4.000000e-01
    endloop
  endfacet
  facet normal -7.447722e-01 6.673188e-01 0.000000e+00
    outer loop
      vertex   1.684554e+01 1.446100e+01 5.500000e+00
      vertex   1.684554e+01 1.446100e+01 4.000000e-01
      vertex   1.667993e+01 1.427616e+01 5.500000e+00
    endloop
  endfacet
  facet normal -7.447722e-01 6.673188e-01 0.000000e+00
    outer loop
      vertex   1.667993e+01 1.427616e+01 5.500000e+00
      vertex   1.684554e+01 1.446100e+01 4.000000e-01
      vertex   1.667993e+01 1.427616e+01 4.000000e-01
    endloop
  endfacet
  facet normal -6.396730e-01 7.686471e-01 0.000000e+00
    outer loop
      vertex   1.667993e+01 1.427616e+01 5.500000e+00
      vertex   1.667993e+01 1.427616e+01 4.000000e-01
      vertex   1.648916e+01 1.411741e+01 5.500000e+00
    endloop
  endfacet
  facet normal -6.396730e-01 7.686471e-01 -1.778791e-16
    outer loop
      vertex   1.648916e+01 1.411741e+01 5.500000e+00
      vertex   1.667993e+01 1.427616e+01 4.000000e-01
      vertex   1.648916e+01 1.411741e+01 4.000000e-01
    endloop
  endfacet
  facet normal -5.209403e-01 8.535931e-01 -6.558156e-17
    outer loop
      vertex   1.648916e+01 1.411741e+01 5.500000e+00
      vertex   1.648916e+01 1.411741e+01 4.000000e-01
      vertex   1.627731e+01 1.398812e+01 5.500000e+00
    endloop
  endfacet
  facet normal -5.209403e-01 8.535931e-01 0.000000e+00
    outer loop
      vertex   1.627731e+01 1.398812e+01 5.500000e+00
      vertex   1.648916e+01 1.411741e+01 4.000000e-01
      vertex   1.627731e+01 1.398812e+01 4.000000e-01
    endloop
  endfacet
  facet normal -3.911047e-01 9.203462e-01 0.000000e+00
    outer loop
      vertex   1.627731e+01 1.398812e+01 5.500000e+00
      vertex   1.627731e+01 1.398812e+01 4.000000e-01
      vertex   1.604890e+01 1.389105e+01 5.500000e+00
    endloop
  endfacet
  facet normal -3.911047e-01 9.203462e-01 0.000000e+00
    outer loop
      vertex   1.604890e+01 1.389105e+01 5.500000e+00
      vertex   1.627731e+01 1.398812e+01 4.000000e-01
      vertex   1.604890e+01 1.389105e+01 4.000000e-01
    endloop
  endfacet
  facet normal -2.529334e-01 9.674837e-01 0.000000e+00
    outer loop
      vertex   1.604890e+01 1.389105e+01 5.500000e+00
      vertex   1.604890e+01 1.389105e+01 4.000000e-01
      vertex   1.580878e+01 1.382828e+01 5.500000e+00
    endloop
  endfacet
  facet normal -2.529334e-01 9.674837e-01 -8.809803e-17
    outer loop
      vertex   1.580878e+01 1.382828e+01 5.500000e+00
      vertex   1.604890e+01 1.389105e+01 4.000000e-01
      vertex   1.580878e+01 1.382828e+01 4.000000e-01
    endloop
  endfacet
  facet normal -1.093712e-01 9.940010e-01 -3.809457e-17
    outer loop
      vertex   1.580878e+01 1.382828e+01 5.500000e+00
      vertex   1.580878e+01 1.382828e+01 4.000000e-01
      vertex   1.556209e+01 1.380113e+01 5.500000e+00
    endloop
  endfacet
  facet normal -1.093712e-01 9.940010e-01 0.000000e+00
    outer loop
      vertex   1.556209e+01 1.380113e+01 5.500000e+00
      vertex   1.580878e+01 1.382828e+01 4.000000e-01
      vertex   1.556209e+01 1.380113e+01 4.000000e-01
    endloop
  endfacet
  facet normal 3.652202e-02 9.993328e-01 0.000000e+00
    outer loop
      vertex   1.556209e+01 1.380113e+01 5.500000e+00
      vertex   1.556209e+01 1.380113e+01 4.000000e-01
      vertex   1.531407e+01 1.381020e+01 5.500000e+00
    endloop
  endfacet
  facet normal 3.652202e-02 9.993328e-01 1.272081e-17
    outer loop
      vertex   1.531407e+01 1.381020e+01 5.500000e+00
      vertex   1.556209e+01 1.380113e+01 4.000000e-01
      vertex   1.531407e+01 1.381020e+01 4.000000e-01
    endloop
  endfacet
  facet normal 1.816369e-01 9.833657e-01 6.326507e-17
    outer loop
      vertex   1.531407e+01 1.381020e+01 5.500000e+00
      vertex   1.531407e+01 1.381020e+01 4.000000e-01
      vertex   1.507001e+01 1.385528e+01 5.500000e+00
    endloop
  endfacet
  facet normal 1.816369e-01 9.833657e-01 0.000000e+00
    outer loop
      vertex   1.507001e+01 1.385528e+01 5.500000e+00
      vertex   1.531407e+01 1.381020e+01 4.000000e-01
      vertex   1.507001e+01 1.385528e+01 4.000000e-01
    endloop
  endfacet
  facet normal 3.228804e-01 9.464398e-01 0.000000e+00
    outer loop
      vertex   1.507001e+01 1.385528e+01 5.500000e+00
      vertex   1.507001e+01 1.385528e+01 4.000000e-01
      vertex   1.483512e+01 1.393541e+01 5.500000e+00
    endloop
  endfacet
  facet normal 3.228804e-01 9.464398e-01 1.124609e-16
    outer loop
      vertex   1.483512e+01 1.393541e+01 5.500000e+00
      vertex   1.507001e+01 1.385528e+01 4.000000e-01
      vertex   1.483512e+01 1.393541e+01 4.000000e-01
    endloop
  endfacet
  facet normal 4.572423e-01 8.893421e-01 1.592599e-16
    outer loop
      vertex   1.483512e+01 1.393541e+01 5.500000e+00
      vertex   1.483512e+01 1.393541e+01 4.000000e-01
      vertex   1.461440e+01 1.404889e+01 5.500000e+00
    endloop
  endfacet
  facet normal 4.572423e-01 8.893421e-01 0.000000e+00
    outer loop
      vertex   1.461440e+01 1.404889e+01 5.500000e+00
      vertex   1.483512e+01 1.393541e+01 4.000000e-01
      vertex   1.461440e+01 1.404889e+01 4.000000e-01
    endloop
  endfacet
  facet normal 5.818589e-01 8.132897e-01 0.000000e+00
    outer loop
      vertex   1.461440e+01 1.404889e+01 5.500000e+00
      vertex   1.461440e+01 1.404889e+01 4.000000e-01
      vertex   1.441256e+01 1.419330e+01 5.500000e+00
    endloop
  endfacet
  facet normal 5.818589e-01 8.132897e-01 0.000000e+00
    outer loop
      vertex   1.441256e+01 1.419330e+01 5.500000e+00
      vertex   1.461440e+01 1.404889e+01 4.000000e-01
      vertex   1.441256e+01 1.419330e+01 4.000000e-01
    endloop
  endfacet
  facet normal 6.940742e-01 7.199035e-01 0.000000e+00
    outer loop
      vertex   1.441256e+01 1.419330e+01 5.500000e+00
      vertex   1.441256e+01 1.419330e+01 4.000000e-01
      vertex   1.423389e+01 1.436556e+01 5.500000e+00
    endloop
  endfacet
  facet normal 6.940742e-01 7.199035e-01 0.000000e+00
    outer loop
      vertex   1.423389e+01 1.436556e+01 5.500000e+00
      vertex   1.441256e+01 1.419330e+01 4.000000e-01
      vertex   1.423389e+01 1.436556e+01 4.000000e-01
    endloop
  endfacet
  facet normal 7.914965e-01 6.111737e-01 0.000000e+00
    outer loop
      vertex   1.423389e+01 1.436556e+01 5.500000e+00
      vertex   1.423389e+01 1.436556e+01 4.000000e-01
      vertex   1.408220e+01 1.456199e+01 5.500000e+00
    endloop
  endfacet
  facet normal 7.914965e-01 6.111737e-01 -4.257500e-16
    outer loop
      vertex   1.408220e+01 1.456199e+01 5.500000e+00
      vertex   1.423389e+01 1.436556e+01 4.000000e-01
      vertex   1.408220e+01 1.456199e+01 4.000000e-01
    endloop
  endfacet
  facet normal 8.720494e-01 4.894178e-01 -3.409336e-16
    outer loop
      vertex   1.408220e+01 1.456199e+01 5.500000e+00
      vertex   1.408220e+01 1.456199e+01 4.000000e-01
      vertex   1.396074e+01 1.477842e+01 5.500000e+00
    endloop
  endfacet
  facet normal 8.720494e-01 4.894178e-01 0.000000e+00
    outer loop
      vertex   1.396074e+01 1.477842e+01 5.500000e+00
      vertex   1.408220e+01 1.456199e+01 4.000000e-01
      vertex   1.396074e+01 1.477842e+01 4.000000e-01
    endloop
  endfacet
  facet normal 9.340161e-01 3.572309e-01 0.000000e+00
    outer loop
      vertex   1.396074e+01 1.477842e+01 5.500000e+00
      vertex   1.396074e+01 1.477842e+01 4.000000e-01
      vertex   1.387208e+01 1.501023e+01 5.500000e+00
    endloop
  endfacet
  facet normal 9.340161e-01 3.572309e-01 0.000000e+00
    outer loop
      vertex   1.387208e+01 1.501023e+01 5.500000e+00
      vertex   1.396074e+01 1.477842e+01 4.000000e-01
      vertex   1.387208e+01 1.501023e+01 4.000000e-01
    endloop
  endfacet
  facet normal 9.760759e-01 2.174302e-01 0.000000e+00
    outer loop
      vertex   1.387208e+01 1.501023e+01 5.500000e+00
      vertex   1.387208e+01 1.501023e+01 4.000000e-01
      vertex   1.381812e+01 1.525248e+01 5.500000e+00
    endloop
  endfacet
  facet normal 9.760759e-01 2.174302e-01 0.000000e+00
    outer loop
      vertex   1.381812e+01 1.525248e+01 5.500000e+00
      vertex   1.387208e+01 1.501023e+01 4.000000e-01
      vertex   1.381812e+01 1.525248e+01 4.000000e-01
    endloop
  endfacet
  facet normal -0.000000e+00 -7.071068e-01 -7.071068e-01
    outer loop
      vertex   1.010000e+01 5.010000e+01 4.000000e-01
      vertex   -1.010000e+01 5.010000e+01 4.000000e-01
      vertex   1.050000e+01 5.050000e+01 0.000000e+00
    endloop
  endfacet
  facet normal -0.000000e+00 -7.071068e-01 -7.071068e-01
    outer loop
      vertex   1.050000e+01 5.050000e+01 0.000000e+00
      vertex   -1.010000e+01 5.010000e+01 4.000000e-01
      vertex   -1.050000e+01 5.050000e+01 0.000000e+00
    endloop
  endfacet
  facet normal 7.071068e-01 5.981305e-17 -7.071068e-01
    outer loop
      vertex   -1.050000e+01 5.050000e+01 0.000000e+00
      vertex   -1.010000e+01 5.010000e+01 4.000000e-01
      vertex   -1.050000e+01 2.950000e+01 0.000000e+00
    endloop
  endfacet
  facet normal 7.071068e-01 6.315347e-17 -7.071068e-01
    outer loop
      vertex   -1.050000e+01 2.950000e+01 0.000000e+00
      vertex   -1.010000e+01 5.010000e+01 4.000000e-01
      vertex   -1.010000e+01 2.990000e+01 4.000000e-01
    endloop
  endfacet
  facet normal -7.071068e-01 -1.243638e-16 -7.071068e-01
    outer loop
      vertex   1.010000e+01 2.990000e+01 4.000000e-01
      vertex   1.010000e+01 5.010000e+01 4.000000e-01
      vertex   1.050000e+01 2.950000e+01 0.000000e+00
    endloop
  endfacet
  facet normal -7.071068e-01 -5.981305e-17 -7.071068e-01
    outer loop
      vertex   1.050000e+01 2.950000e+01 0.000000e+00
      vertex   1.010000e+01 5.010000e+01 4.000000e-01
      vertex   1.050000e+01 5.050000e+01 0.000000e+00
    endloop
  endfacet
  facet normal 0.000000e+00 7.071068e-01 -7.071068e-01
    outer loop
      vertex   -1.010000e+01 2.990000e+01 4.000000e-01
      vertex   1.010000e+01 2.990000e+01 4.000000e-01
      vertex   -1.050000e+01 2.950000e+01 0.000000e+00
    endloop
  endfacet
  facet normal 0.000000e+00 7.071068e-01 -7.071068e-01
    outer loop
      vertex   -1.050000e+01 2.950000e+01 0.000000e+00
      vertex   1.010000e+01 2.990000e+01 4.000000e-01
      vertex   1.050000e+01 2.950000e+01 0.000000e+00
    endloop
  endfacet
  facet normal 1.000000e+00 2.501911e-16 -0.000000e+00
    outer loop
      vertex   -1.010000e+01 5.010000e+01 4.000000e-01
      vertex   -1.010000e+01 5.010000e+01 9.600000e+00
      vertex   -1.010000e+01 4.300000e+01 9.500000e+00
    endloop
  endfacet
  facet normal 1.000000e+00 8.793846e-17 1.151994e-14
    outer loop
      vertex   -1.010000e+01 4.300000e+01 9.500000e+00
      vertex   -1.010000e+01 5.010000e+01 9.600000e+00
      vertex   -1.010000e+01 2.990000e+01 9.600000e+00
    endloop
  endfacet
  facet normal 1.000000e+00 0.000000e+00 0.000000e+00
    outer loop
      vertex   -1.010000e+01 4.300000e+01 9.500000e+00
      vertex   -1.010000e+01 2.990000e+01 9.600000e+00
      vertex   -1.010000e+01 3.700000e+01 9.500000e+00
    endloop
  endfacet
  facet normal 1.000000e+00 0.000000e+00 0.000000e+00
    outer loop
      vertex   -1.010000e+01 3.700000e+01 9.500000e+00
      vertex   -1.010000e+01 2.990000e+01 9.600000e+00
      vertex   -1.010000e+01 2.990000e+01 4.000000e-01
    endloop
  endfacet
  facet normal 1.000000e+00 0.000000e+00 0.000000e+00
    outer loop
      vertex   -1.010000e+01 3.700000e+01 9.500000e+00
      vertex   -1.010000e+01 2.990000e+01 4.000000e-01
      vertex   -1.010000e+01 3.700000e+01 5.000000e-01
    endloop
  endfacet
  facet normal 1.000000e+00 8.793846e-17 -6.243630e-15
    outer loop
      vertex   -1.010000e+01 3.700000e+01 5.000000e-01
      vertex   -1.010000e+01 2.990000e+01 4.000000e-01
      vertex   -1.010000e+01 5.010000e+01 4.000000e-01
    endloop
  endfacet
  facet normal 1.000000e+00 0.000000e+00 -1.776357e-14
    outer loop
      vertex   -1.010000e+01 3.700000e+01 5.000000e-01
      vertex   -1.010000e+01 5.010000e+01 4.000000e-01
      vertex   -1.010000e+01 4.300000e+01 5.000000e-01
    endloop
  endfacet
  facet normal 1.000000e+00 2.501911e-16 -0.000000e+00
    outer loop
      vertex   -1.010000e+01 4.300000e+01 5.000000e-01
      vertex   -1.010000e+01 5.010000e+01 4.000000e-01
      vertex   -1.010000e+01 4.300000e+01 9.500000e+00
    endloop
  endfacet
  facet normal 0.000000e+00 -1.000000e+00 0.000000e+00
    outer loop
      vertex   1.010000e+01 5.010000e+01 4.000000e-01
      vertex   1.010000e+01 5.010000e+01 9.600000e+00
      vertex   3.000000e+00 5.010000e+01 9.500000e+00
    endloop
  endfacet
  facet normal 0.000000e+00 -1.000000e+00 0.000000e+00
    outer loop
      vertex   3.000000e+00 5.010000e+01 9.500000e+00
      vertex   1.010000e+01 5.010000e+01 9.600000e+00
      vertex   -1.010000e+01 5.010000e+01 9.600000e+00
    endloop
  endfacet
  facet normal 0.000000e+00 -1.000000e+00 0.000000e+00
    outer loop
      vertex   3.000000e+00 5.010000e+01 9.500000e+00
      vertex   -1.010000e+01 5.010000e+01 9.600000e+00
      vertex   -3.000000e+00 5.010000e+01 9.500000e+00
    endloop
  endfacet
  facet normal -0.000000e+00 -1.000000e+00 0.000000e+00
    outer loop
      vertex   -3.000000e+00 5.010000e+01 9.500000e+00
      vertex   -1.010000e+01 5.010000e+01 9.600000e+00
      vertex   -1.010000e+01 5.010000e+01 4.000000e-01
    endloop
  endfacet
  facet normal 0.000000e+00 -1.000000e+00 -0.000000e+00
    outer loop
      vertex   -3.000000e+00 5.010000e+01 9.500000e+00
      vertex   -1.010000e+01 5.010000e+01 4.000000e-01
      vertex   -3.000000e+00 5.010000e+01 5.000000e-01
    endloop
  endfacet
  facet normal 0.000000e+00 -1.000000e+00 -0.000000e+00
    outer loop
      vertex   -3.000000e+00 5.010000e+01 5.000000e-01
      vertex   -1.010000e+01 5.010000e+01 4.000000e-01
      vertex   1.010000e+01 5.010000e+01 4.000000e-01
    endloop
  endfacet
  facet normal 0.000000e+00 -1.000000e+00 0.000000e+00
    outer loop
      vertex   -3.000000e+00 5.010000e+01 5.000000e-01
      vertex   1.010000e+01 5.010000e+01 4.000000e-01
      vertex   3.000000e+00 5.010000e+01 5.000000e-01
    endloop
  endfacet
  facet normal 0.000000e+00 -1.000000e+00 0.000000e+00
    outer loop
      vertex   3.000000e+00 5.010000e+01 5.000000e-01
      vertex   1.010000e+01 5.010000e+01 4.000000e-01
      vertex   3.000000e+00 5.010000e+01 9.500000e+00
    endloop
  endfacet
  facet normal 7.070019e-01 1.722133e-02 -7.070019e-01
    outer loop
      vertex   -1.538174e+01 -7.497891e-01 0.000000e+00
      vertex   -1.540000e+01 1.885956e-15 0.000000e+00
      vertex   -1.500000e+01 -1.836970e-15 4.000000e-01
    endloop
  endfacet
  facet normal 7.070019e-01 -1.722133e-02 -7.070019e-01
    outer loop
      vertex   -1.500000e+01 -1.836970e-15 4.000000e-01
      vertex   -1.540000e+01 1.885956e-15 0.000000e+00
      vertex   -1.538174e+01 7.497891e-01 0.000000e+00
    endloop
  endfacet
  facet normal 7.068742e-01 -1.735279e-02 -7.071264e-01
    outer loop
      vertex   -1.500000e+01 -1.836970e-15 4.000000e-01
      vertex   -1.538174e+01 7.497891e-01 0.000000e+00
      vertex   -1.498193e+01 7.360151e-01 4.000000e-01
    endloop
  endfacet
  facet normal 7.054466e-01 -5.163204e-02 -7.068799e-01
    outer loop
      vertex   -1.498193e+01 7.360151e-01 4.000000e-01
      vertex   -1.538174e+01 7.497891e-01 0.000000e+00
      vertex   -1.532699e+01 1.497800e+00 0.000000e+00
    endloop
  endfacet
  facet normal 7.050474e-01 -5.200742e-02 -7.072505e-01
    outer loop
      vertex   -1.498193e+01 7.360151e-01 4.000000e-01
      vertex   -1.532699e+01 1.497800e+00 0.000000e+00
      vertex   -1.492777e+01 1.470257e+00 4.000000e-01
    endloop
  endfacet
  facet normal 7.022153e-01 -8.593189e-02 -7.067598e-01
    outer loop
      vertex   -1.492777e+01 1.470257e+00 4.000000e-01
      vertex   -1.532699e+01 1.497800e+00 0.000000e+00
      vertex   -1.523589e+01 2.242258e+00 0.000000e+00
    endloop
  endfacet
  facet normal 7.015251e-01 -8.652486e-02 -7.073726e-01
    outer loop
      vertex   -1.492777e+01 1.470257e+00 4.000000e-01
      vertex   -1.523589e+01 2.242258e+00 0.000000e+00
      vertex   -1.483765e+01 2.200957e+00 4.000000e-01
    endloop
  endfacet
  facet normal 6.973151e-01 -1.200392e-01 -7.066416e-01
    outer loop
      vertex   -1.483765e+01 2.200957e+00 4.000000e-01
      vertex   -1.523589e+01 2.242258e+00 0.000000e+00
      vertex   -1.510865e+01 2.981398e+00 0.000000e+00
    endloop
  endfacet
  facet normal 6.963161e-01 -1.208223e-01 -7.074927e-01
    outer loop
      vertex   -1.483765e+01 2.200957e+00 4.000000e-01
      vertex   -1.510865e+01 2.981398e+00 0.000000e+00
      vertex   -1.471178e+01 2.926355e+00 4.000000e-01
    endloop
  endfacet
  facet normal 6.907571e-01 -1.538727e-01 -7.065252e-01
    outer loop
      vertex   -1.471178e+01 2.926355e+00 4.000000e-01
      vertex   -1.510865e+01 2.981398e+00 0.000000e+00
      vertex   -1.494557e+01 3.713466e+00 0.000000e+00
    endloop
  endfacet
  facet normal 6.894336e-01 -1.548175e-01 -7.076107e-01
    outer loop
      vertex   -1.471178e+01 2.926355e+00 4.000000e-01
      vertex   -1.494557e+01 3.713466e+00 0.000000e+00
      vertex   -1.455047e+01 3.644703e+00 4.000000e-01
    endloop
  endfacet
  facet normal 6.825565e-01 -1.873518e-01 -7.064106e-01
    outer loop
      vertex   -1.455047e+01 3.644703e+00 4.000000e-01
      vertex   -1.494557e+01 3.713466e+00 0.000000e+00
      vertex   -1.474705e+01 4.436726e+00 0.000000e+00
    endloop
  endfacet
  facet normal 6.808946e-01 -1.884289e-01 -7.077267e-01
    outer loop
      vertex   -1.455047e+01 3.644703e+00 4.000000e-01
      vertex   -1.474705e+01 4.436726e+00 0.000000e+00
      vertex   -1.435411e+01 4.354270e+00 4.000000e-01
    endloop
  endfacet
  facet normal 6.727321e-01 -2.203966e-01 -7.062980e-01
    outer loop
      vertex   -1.435411e+01 4.354270e+00 4.000000e-01
      vertex   -1.474705e+01 4.436726e+00 0.000000e+00
      vertex   -1.451355e+01 5.149463e+00 0.000000e+00
    endloop
  endfacet
  facet normal 6.707202e-01 -2.215760e-01 -7.078407e-01
    outer loop
      vertex   -1.435411e+01 4.354270e+00 4.000000e-01
      vertex   -1.451355e+01 5.149463e+00 0.000000e+00
      vertex   -1.412316e+01 5.053348e+00 4.000000e-01
    endloop
  endfacet
  facet normal 6.613069e-01 -2.529285e-01 -7.061872e-01
    outer loop
      vertex   -1.412316e+01 5.053348e+00 4.000000e-01
      vertex   -1.451355e+01 5.149463e+00 0.000000e+00
      vertex   -1.424562e+01 5.849986e+00 0.000000e+00
    endloop
  endfacet
  facet normal 6.589354e-01 -2.541794e-01 -7.079526e-01
    outer loop
      vertex   -1.412316e+01 5.053348e+00 4.000000e-01
      vertex   -1.424562e+01 5.849986e+00 0.000000e+00
      vertex   -1.385819e+01 5.740251e+00 4.000000e-01
    endloop
  endfacet
  facet normal 6.483076e-01 -2.848696e-01 -7.060783e-01
    outer loop
      vertex   -1.385819e+01 5.740251e+00 4.000000e-01
      vertex   -1.424562e+01 5.849986e+00 0.000000e+00
      vertex   -1.394390e+01 6.536633e+00 0.000000e+00
    endloop
  endfacet
  facet normal 6.455689e-01 -2.861610e-01 -7.080626e-01
    outer loop
      vertex   -1.385819e+01 5.740251e+00 4.000000e-01
      vertex   -1.394390e+01 6.536633e+00 0.000000e+00
      vertex   -1.355984e+01 6.413326e+00 4.000000e-01
    endloop
  endfacet
  facet normal 6.337646e-01 -3.161440e-01 -7.059713e-01
    outer loop
      vertex   -1.355984e+01 6.413326e+00 4.000000e-01
      vertex   -1.394390e+01 6.536633e+00 0.000000e+00
      vertex   -1.360911e+01 7.207776e+00 0.000000e+00
    endloop
  endfacet
  facet normal 6.306534e-01 -3.174442e-01 -7.081705e-01
    outer loop
      vertex   -1.355984e+01 6.413326e+00 4.000000e-01
      vertex   -1.360911e+01 7.207776e+00 0.000000e+00
      vertex   -1.322882e+01 7.070951e+00 4.000000e-01
    endloop
  endfacet
  facet normal 6.177121e-01 -3.466768e-01 -7.058661e-01
    outer loop
      vertex   -1.322882e+01 7.070951e+00 4.000000e-01
      vertex   -1.360911e+01 7.207776e+00 0.000000e+00
      vertex   -1.324204e+01 7.861823e+00 0.000000e+00
    endloop
  endfacet
  facet normal 6.142250e-01 -3.479542e-01 -7.082764e-01
    outer loop
      vertex   -1.322882e+01 7.070951e+00 4.000000e-01
      vertex   -1.324204e+01 7.861823e+00 0.000000e+00
      vertex   -1.286593e+01 7.711541e+00 4.000000e-01
    endloop
  endfacet
  facet normal 6.001878e-01 -3.763953e-01 -7.057629e-01
    outer loop
      vertex   -1.286593e+01 7.711541e+00 4.000000e-01
      vertex   -1.324204e+01 7.861823e+00 0.000000e+00
      vertex   -1.284357e+01 8.497223e+00 0.000000e+00
    endloop
  endfacet
  facet normal 5.963238e-01 -3.776179e-01 -7.083803e-01
    outer loop
      vertex   -1.286593e+01 7.711541e+00 4.000000e-01
      vertex   -1.284357e+01 8.497223e+00 0.000000e+00
      vertex   -1.247204e+01 8.333553e+00 4.000000e-01
    endloop
  endfacet
  facet normal 5.812331e-01 -4.052283e-01 -7.056615e-01
    outer loop
      vertex   -1.247204e+01 8.333553e+00 4.000000e-01
      vertex   -1.284357e+01 8.497223e+00 0.000000e+00
      vertex   -1.241463e+01 9.112468e+00 0.000000e+00
    endloop
  endfacet
  facet normal 5.769930e-01 -4.063643e-01 -7.084822e-01
    outer loop
      vertex   -1.247204e+01 8.333553e+00 4.000000e-01
      vertex   -1.241463e+01 9.112468e+00 0.000000e+00
      vertex   -1.204811e+01 8.935490e+00 4.000000e-01
    endloop
  endfacet
  facet normal 5.608926e-01 -4.331072e-01 -7.055620e-01
    outer loop
      vertex   -1.204811e+01 8.935490e+00 4.000000e-01
      vertex   -1.241463e+01 9.112468e+00 0.000000e+00
      vertex   -1.195624e+01 9.706100e+00 0.000000e+00
    endloop
  endfacet
  facet normal 5.562796e-01 -4.341248e-01 -7.085821e-01
    outer loop
      vertex   -1.204811e+01 8.935490e+00 4.000000e-01
      vertex   -1.195624e+01 9.706100e+00 0.000000e+00
      vertex   -1.159516e+01 9.515899e+00 4.000000e-01
    endloop
  endfacet
  facet normal 5.392143e-01 -4.599651e-01 -7.054644e-01
    outer loop
      vertex   -1.159516e+01 9.515899e+00 4.000000e-01
      vertex   -1.195624e+01 9.706100e+00 0.000000e+00
      vertex   -1.146949e+01 1.027671e+01 0.000000e+00
    endloop
  endfacet
  facet normal 5.342336e-01 -4.608330e-01 -7.086801e-01
    outer loop
      vertex   -1.159516e+01 9.515899e+00 4.000000e-01
      vertex   -1.146949e+01 1.027671e+01 0.000000e+00
      vertex   -1.111427e+01 1.007338e+01 4.000000e-01
    endloop
  endfacet
  facet normal 5.162496e-01 -4.857379e-01 -7.053687e-01
    outer loop
      vertex   -1.111427e+01 1.007338e+01 4.000000e-01
      vertex   -1.146949e+01 1.027671e+01 0.000000e+00
      vertex   -1.095554e+01 1.082294e+01 0.000000e+00
    endloop
  endfacet
  facet normal 5.109083e-01 -4.864251e-01 -7.087760e-01
    outer loop
      vertex   -1.111427e+01 1.007338e+01 4.000000e-01
      vertex   -1.095554e+01 1.082294e+01 0.000000e+00
      vertex   -1.060660e+01 1.060660e+01 4.000000e-01
    endloop
  endfacet
  facet normal 4.920528e-01 -5.103640e-01 -7.052749e-01
    outer loop
      vertex   -1.060660e+01 1.060660e+01 4.000000e-01
      vertex   -1.095554e+01 1.082294e+01 0.000000e+00
      vertex   -1.041561e+01 1.134351e+01 0.000000e+00
    endloop
  endfacet
  facet normal 4.863600e-01 -5.108399e-01 -7.088699e-01
    outer loop
      vertex   -1.060660e+01 1.060660e+01 4.000000e-01
      vertex   -1.041561e+01 1.134351e+01 0.000000e+00
      vertex   -1.007338e+01 1.111427e+01 4.000000e-01
    endloop
  endfacet
  facet normal 4.666810e-01 -5.337844e-01 -7.051830e-01
    outer loop
      vertex   -1.007338e+01 1.111427e+01 4.000000e-01
      vertex   -1.041561e+01 1.134351e+01 0.000000e+00
      vertex   -9.850965e+00 1.183717e+01 0.000000e+00
    endloop
  endfacet
  facet normal 4.606481e-01 -5.340192e-01 -7.089618e-01
    outer loop
      vertex   -1.007338e+01 1.111427e+01 4.000000e-01
      vertex   -9.850965e+00 1.183717e+01 0.000000e+00
      vertex   -9.515899e+00 1.159516e+01 4.000000e-01
    endloop
  endfacet
  facet normal 4.401944e-01 -5.559432e-01 -7.050930e-01
    outer loop
      vertex   -9.515899e+00 1.159516e+01 4.000000e-01
      vertex   -9.850965e+00 1.183717e+01 0.000000e+00
      vertex   -9.262959e+00 1.230275e+01 0.000000e+00
    endloop
  endfacet
  facet normal 4.338345e-01 -5.559076e-01 -7.090517e-01
    outer loop
      vertex   -9.515899e+00 1.159516e+01 4.000000e-01
      vertex   -9.262959e+00 1.230275e+01 0.000000e+00
      vertex   -8.935490e+00 1.204811e+01 4.000000e-01
    endloop
  endfacet
  facet normal 4.126558e-01 -5.767871e-01 -7.050049e-01
    outer loop
      vertex   -8.935490e+00 1.204811e+01 4.000000e-01
      vertex   -9.262959e+00 1.230275e+01 0.000000e+00
      vertex   -8.652982e+00 1.273915e+01 0.000000e+00
    endloop
  endfacet
  facet normal 4.059840e-01 -5.764529e-01 -7.091397e-01
    outer loop
      vertex   -8.935490e+00 1.204811e+01 4.000000e-01
      vertex   -8.652982e+00 1.273915e+01 0.000000e+00
      vertex   -8.333553e+00 1.247204e+01 4.000000e-01
    endloop
  endfacet
  facet normal 3.841304e-01 -5.962663e-01 -7.049187e-01
    outer loop
      vertex   -8.333553e+00 1.247204e+01 4.000000e-01
      vertex   -8.652982e+00 1.273915e+01 0.000000e+00
      vertex   -8.022481e+00 1.314533e+01 0.000000e+00
    endloop
  endfacet
  facet normal 3.771635e-01 -5.956062e-01 -7.092256e-01
    outer loop
      vertex   -8.333553e+00 1.247204e+01 4.000000e-01
      vertex   -8.022481e+00 1.314533e+01 0.000000e+00
      vertex   -7.711541e+00 1.286593e+01 4.000000e-01
    endloop
  endfacet
  facet normal 3.546860e-01 -6.143341e-01 -7.048344e-01
    outer loop
      vertex   -7.711541e+00 1.286593e+01 4.000000e-01
      vertex   -8.022481e+00 1.314533e+01 0.000000e+00
      vertex   -7.372952e+00 1.352034e+01 0.000000e+00
    endloop
  endfacet
  facet normal 3.474425e-01 -6.133218e-01 -7.093096e-01
    outer loop
      vertex   -7.711541e+00 1.286593e+01 4.000000e-01
      vertex   -7.372952e+00 1.352034e+01 0.000000e+00
      vertex   -7.070951e+00 1.322882e+01 4.000000e-01
    endloop
  endfacet
  facet normal 3.243923e-01 -6.309471e-01 -7.047520e-01
    outer loop
      vertex   -7.070951e+00 1.322882e+01 4.000000e-01
      vertex   -7.372952e+00 1.352034e+01 0.000000e+00
      vertex   -6.705935e+00 1.386328e+01 0.000000e+00
    endloop
  endfacet
  facet normal 3.168926e-01 -6.295575e-01 -7.093916e-01
    outer loop
      vertex   -7.070951e+00 1.322882e+01 4.000000e-01
      vertex   -6.705935e+00 1.386328e+01 0.000000e+00
      vertex   -6.413326e+00 1.355984e+01 4.000000e-01
    endloop
  endfacet
  facet normal 2.933213e-01 -6.460655e-01 -7.046715e-01
    outer loop
      vertex   -6.413326e+00 1.355984e+01 4.000000e-01
      vertex   -6.705935e+00 1.386328e+01 0.000000e+00
      vertex   -6.023013e+00 1.417333e+01 0.000000e+00
    endloop
  endfacet
  facet normal 2.855874e-01 -6.442747e-01 -7.094716e-01
    outer loop
      vertex   -6.413326e+00 1.355984e+01 4.000000e-01
      vertex   -6.023013e+00 1.417333e+01 0.000000e+00
      vertex   -5.740251e+00 1.385819e+01 4.000000e-01
    endloop
  endfacet
  facet normal 2.615468e-01 -6.596530e-01 -7.045929e-01
    outer loop
      vertex   -5.740251e+00 1.385819e+01 4.000000e-01
      vertex   -6.023013e+00 1.417333e+01 0.000000e+00
      vertex   -5.325804e+00 1.444977e+01 0.000000e+00
    endloop
  endfacet
  facet normal 2.536020e-01 -6.574385e-01 -7.095496e-01
    outer loop
      vertex   -5.740251e+00 1.385819e+01 4.000000e-01
      vertex   -5.325804e+00 1.444977e+01 0.000000e+00
      vertex   -5.053348e+00 1.412316e+01 4.000000e-01
    endloop
  endfacet
  facet normal 2.291443e-01 -6.716768e-01 -7.045163e-01
    outer loop
      vertex   -5.053348e+00 1.412316e+01 4.000000e-01
      vertex   -5.325804e+00 1.444977e+01 0.000000e+00
      vertex   -4.615963e+00 1.469193e+01 0.000000e+00
    endloop
  endfacet
  facet normal 2.210135e-01 -6.690175e-01 -7.096257e-01
    outer loop
      vertex   -5.053348e+00 1.412316e+01 4.000000e-01
      vertex   -4.615963e+00 1.469193e+01 0.000000e+00
      vertex   -4.354270e+00 1.435411e+01 4.000000e-01
    endloop
  endfacet
  facet normal 1.961907e-01 -6.821080e-01 -7.044416e-01
    outer loop
      vertex   -4.354270e+00 1.435411e+01 4.000000e-01
      vertex   -4.615963e+00 1.469193e+01 0.000000e+00
      vertex   -3.895174e+00 1.489925e+01 0.000000e+00
    endloop
  endfacet
  facet normal 1.879003e-01 -6.789844e-01 -7.096997e-01
    outer loop
      vertex   -4.354270e+00 1.435411e+01 4.000000e-01
      vertex   -3.895174e+00 1.489925e+01 0.000000e+00
      vertex   -3.644703e+00 1.455047e+01 4.000000e-01
    endloop
  endfacet
  facet normal 1.627644e-01 -6.909214e-01 -7.043687e-01
    outer loop
      vertex   -3.644703e+00 1.455047e+01 4.000000e-01
      vertex   -3.895174e+00 1.489925e+01 0.000000e+00
      vertex   -3.165146e+00 1.507123e+01 0.000000e+00
    endloop
  endfacet
  facet normal 1.543418e-01 -6.873154e-01 -7.097719e-01
    outer loop
      vertex   -3.644703e+00 1.455047e+01 4.000000e-01
      vertex   -3.165146e+00 1.507123e+01 0.000000e+00
      vertex   -2.926355e+00 1.471178e+01 4.000000e-01
    endloop
  endfacet
  facet normal 1.289448e-01 -6.980958e-01 -7.042978e-01
    outer loop
      vertex   -2.926355e+00 1.471178e+01 4.000000e-01
      vertex   -3.165146e+00 1.507123e+01 0.000000e+00
      vertex   -2.427610e+00 1.520746e+01 0.000000e+00
    endloop
  endfacet
  facet normal 1.204189e-01 -6.939911e-01 -7.098420e-01
    outer loop
      vertex   -2.926355e+00 1.471178e+01 4.000000e-01
      vertex   -2.427610e+00 1.520746e+01 0.000000e+00
      vertex   -2.200957e+00 1.483765e+01 4.000000e-01
    endloop
  endfacet
  facet normal 9.481244e-02 -7.036137e-01 -7.042289e-01
    outer loop
      vertex   -2.200957e+00 1.483765e+01 4.000000e-01
      vertex   -2.427610e+00 1.520746e+01 0.000000e+00
      vertex   -1.684317e+00 1.530762e+01 0.000000e+00
    endloop
  endfacet
  facet normal 8.621289e-02 -6.989956e-01 -7.099102e-01
    outer loop
      vertex   -2.200957e+00 1.483765e+01 4.000000e-01
      vertex   -1.684317e+00 1.530762e+01 0.000000e+00
      vertex   -1.470257e+00 1.492777e+01 4.000000e-01
    endloop
  endfacet
  facet normal 6.044839e-02 -7.074617e-01 -7.041618e-01
    outer loop
      vertex   -1.470257e+00 1.492777e+01 4.000000e-01
      vertex   -1.684317e+00 1.530762e+01 0.000000e+00
      vertex   -9.370280e-01 1.537147e+01 0.000000e+00
    endloop
  endfacet
  facet normal 5.180604e-02 -7.023174e-01 -7.099764e-01
    outer loop
      vertex   -1.470257e+00 1.492777e+01 4.000000e-01
      vertex   -9.370280e-01 1.537147e+01 0.000000e+00
      vertex   -7.360151e-01 1.498193e+01 4.000000e-01
    endloop
  endfacet
  facet normal 2.593444e-02 -7.096303e-01 -7.040967e-01
    outer loop
      vertex   -7.360151e-01 1.498193e+01 4.000000e-01
      vertex   -9.370280e-01 1.537147e+01 0.000000e+00
      vertex   -1.875168e-01 1.539886e+01 0.000000e+00
    endloop
  endfacet
  facet normal 1.728097e-02 -7.039486e-01 -7.100406e-01
    outer loop
      vertex   -7.360151e-01 1.498193e+01 4.000000e-01
      vertex   -1.875168e-01 1.539886e+01 0.000000e+00
      vertex   9.184851e-16 1.500000e+01 4.000000e-01
    endloop
  endfacet
  facet normal -8.647285e-03 -7.101141e-01 -7.040335e-01
    outer loop
      vertex   9.184851e-16 1.500000e+01 4.000000e-01
      vertex   -1.875168e-01 1.539886e+01 0.000000e+00
      vertex   5.624392e-01 1.538973e+01 0.000000e+00
    endloop
  endfacet
  facet normal -1.727943e-02 -7.038859e-01 -7.101029e-01
    outer loop
      vertex   9.184851e-16 1.500000e+01 4.000000e-01
      vertex   5.624392e-01 1.538973e+01 0.000000e+00
      vertex   7.360151e-01 1.498193e+01 4.000000e-01
    endloop
  endfacet
  facet normal -4.321448e-02 -7.089116e-01 -7.039722e-01
    outer loop
      vertex   7.360151e-01 1.498193e+01 4.000000e-01
      vertex   5.624392e-01 1.538973e+01 0.000000e+00
      vertex   1.311061e+00 1.534409e+01 0.000000e+00
    endloop
  endfacet
  facet normal -5.179218e-02 -7.021295e-01 -7.101632e-01
    outer loop
      vertex   7.360151e-01 1.498193e+01 4.000000e-01
      vertex   1.311061e+00 1.534409e+01 0.000000e+00
      vertex   1.470257e+00 1.492777e+01 4.000000e-01
    endloop
  endfacet
  facet normal -7.768487e-02 -7.060253e-01 -7.039129e-01
    outer loop
      vertex   1.470257e+00 1.492777e+01 4.000000e-01
      vertex   1.311061e+00 1.534409e+01 0.000000e+00
      vertex   2.056573e+00 1.526206e+01 0.000000e+00
    endloop
  endfacet
  facet normal -8.617445e-02 -6.986840e-01 -7.102216e-01
    outer loop
      vertex   1.470257e+00 1.492777e+01 4.000000e-01
      vertex   2.056573e+00 1.526206e+01 0.000000e+00
      vertex   2.200957e+00 1.483765e+01 4.000000e-01
    endloop
  endfacet
  facet normal -1.119764e-01 -7.014618e-01 -7.038555e-01
    outer loop
      vertex   2.200957e+00 1.483765e+01 4.000000e-01
      vertex   2.056573e+00 1.526206e+01 0.000000e+00
      vertex   2.797208e+00 1.514383e+01 0.000000e+00
    endloop
  endfacet
  facet normal -1.203437e-01 -6.935579e-01 -7.102779e-01
    outer loop
      vertex   2.200957e+00 1.483765e+01 4.000000e-01
      vertex   2.797208e+00 1.514383e+01 0.000000e+00
      vertex   2.926355e+00 1.471178e+01 4.000000e-01
    endloop
  endfacet
  facet normal -1.460074e-01 -6.952319e-01 -7.038000e-01
    outer loop
      vertex   2.926355e+00 1.471178e+01 4.000000e-01
      vertex   2.797208e+00 1.514383e+01 0.000000e+00
      vertex   3.531207e+00 1.498968e+01 0.000000e+00
    endloop
  endfacet
  facet normal -1.542180e-01 -6.867639e-01 -7.103324e-01
    outer loop
      vertex   2.926355e+00 1.471178e+01 4.000000e-01
      vertex   3.531207e+00 1.498968e+01 0.000000e+00
      vertex   3.644703e+00 1.455047e+01 4.000000e-01
    endloop
  endfacet
  facet normal -1.796968e-01 -6.873499e-01 -7.037465e-01
    outer loop
      vertex   3.644703e+00 1.455047e+01 4.000000e-01
      vertex   3.531207e+00 1.498968e+01 0.000000e+00
      vertex   4.256831e+00 1.479998e+01 0.000000e+00
    endloop
  endfacet
  facet normal -1.877160e-01 -6.783185e-01 -7.103849e-01
    outer loop
      vertex   3.644703e+00 1.455047e+01 4.000000e-01
      vertex   4.256831e+00 1.479998e+01 0.000000e+00
      vertex   4.354270e+00 1.435411e+01 4.000000e-01
    endloop
  endfacet
  facet normal -2.129645e-01 -6.778345e-01 -7.036949e-01
    outer loop
      vertex   4.354270e+00 1.435411e+01 4.000000e-01
      vertex   4.256831e+00 1.479998e+01 0.000000e+00
      vertex   4.972358e+00 1.457517e+01 0.000000e+00
    endloop
  endfacet
  facet normal -2.207574e-01 -6.682423e-01 -7.104354e-01
    outer loop
      vertex   4.354270e+00 1.435411e+01 4.000000e-01
      vertex   4.972358e+00 1.457517e+01 0.000000e+00
      vertex   5.053348e+00 1.412316e+01 4.000000e-01
    endloop
  endfacet
  facet normal -2.457310e-01 -6.667081e-01 -7.036452e-01
    outer loop
      vertex   5.053348e+00 1.412316e+01 4.000000e-01
      vertex   4.972358e+00 1.457517e+01 0.000000e+00
      vertex   5.676092e+00 1.431579e+01 0.000000e+00
    endloop
  endfacet
  facet normal -2.532630e-01 -6.565595e-01 -7.104840e-01
    outer loop
      vertex   5.053348e+00 1.412316e+01 4.000000e-01
      vertex   5.676092e+00 1.431579e+01 0.000000e+00
      vertex   5.740251e+00 1.385819e+01 4.000000e-01
    endloop
  endfacet
  facet normal -2.779185e-01 -6.539968e-01 -7.035975e-01
    outer loop
      vertex   5.740251e+00 1.385819e+01 4.000000e-01
      vertex   5.676092e+00 1.431579e+01 0.000000e+00
      vertex   6.366362e+00 1.402246e+01 0.000000e+00
    endloop
  endfacet
  facet normal -2.851547e-01 -6.432986e-01 -7.105306e-01
    outer loop
      vertex   5.740251e+00 1.385819e+01 4.000000e-01
      vertex   6.366362e+00 1.402246e+01 0.000000e+00
      vertex   6.413326e+00 1.355984e+01 4.000000e-01
    endloop
  endfacet
  facet normal -3.094502e-01 -6.397309e-01 -7.035517e-01
    outer loop
      vertex   6.413326e+00 1.355984e+01 4.000000e-01
      vertex   6.366362e+00 1.402246e+01 0.000000e+00
      vertex   7.041532e+00 1.369587e+01 0.000000e+00
    endloop
  endfacet
  facet normal -3.163561e-01 -6.284916e-01 -7.105753e-01
    outer loop
      vertex   6.413326e+00 1.355984e+01 4.000000e-01
      vertex   7.041532e+00 1.369587e+01 0.000000e+00
      vertex   7.070951e+00 1.322882e+01 4.000000e-01
    endloop
  endfacet
  facet normal -3.402510e-01 -6.239439e-01 -7.035079e-01
    outer loop
      vertex   7.070951e+00 1.322882e+01 4.000000e-01
      vertex   7.041532e+00 1.369587e+01 0.000000e+00
      vertex   7.700000e+00 1.333679e+01 0.000000e+00
    endloop
  endfacet
  facet normal -3.467924e-01 -6.121741e-01 -7.106180e-01
    outer loop
      vertex   7.070951e+00 1.322882e+01 4.000000e-01
      vertex   7.700000e+00 1.333679e+01 0.000000e+00
      vertex   7.711541e+00 1.286593e+01 4.000000e-01
    endloop
  endfacet
  facet normal -3.702474e-01 -6.066733e-01 -7.034659e-01
    outer loop
      vertex   7.711541e+00 1.286593e+01 4.000000e-01
      vertex   7.700000e+00 1.333679e+01 0.000000e+00
      vertex   8.340205e+00 1.294608e+01 0.000000e+00
    endloop
  endfacet
  facet normal -3.763906e-01 -5.943857e-01 -7.106587e-01
    outer loop
      vertex   7.711541e+00 1.286593e+01 4.000000e-01
      vertex   8.340205e+00 1.294608e+01 0.000000e+00
      vertex   8.333553e+00 1.247204e+01 4.000000e-01
    endloop
  endfacet
  facet normal -3.993680e-01 -5.879601e-01 -7.034260e-01
    outer loop
      vertex   8.333553e+00 1.247204e+01 4.000000e-01
      vertex   8.340205e+00 1.294608e+01 0.000000e+00
      vertex   8.960627e+00 1.252466e+01 0.000000e+00
    endloop
  endfacet
  facet normal -4.050797e-01 -5.751690e-01 -7.106976e-01
    outer loop
      vertex   8.333553e+00 1.247204e+01 4.000000e-01
      vertex   8.960627e+00 1.252466e+01 0.000000e+00
      vertex   8.935490e+00 1.204811e+01 4.000000e-01
    endloop
  endfacet
  facet normal -4.275434e-01 -5.678486e-01 -7.033880e-01
    outer loop
      vertex   8.935490e+00 1.204811e+01 4.000000e-01
      vertex   8.960627e+00 1.252466e+01 0.000000e+00
      vertex   9.559796e+00 1.207354e+01 0.000000e+00
    endloop
  endfacet
  facet normal -4.327911e-01 -5.545705e-01 -7.107344e-01
    outer loop
      vertex   8.935490e+00 1.204811e+01 4.000000e-01
      vertex   9.559796e+00 1.207354e+01 0.000000e+00
      vertex   9.515899e+00 1.159516e+01 4.000000e-01
    endloop
  endfacet
  facet normal -4.547064e-01 -5.463866e-01 -7.033519e-01
    outer loop
      vertex   9.515899e+00 1.159516e+01 4.000000e-01
      vertex   9.559796e+00 1.207354e+01 0.000000e+00
      vertex   1.013629e+01 1.159377e+01 0.000000e+00
    endloop
  endfacet
  facet normal -4.594582e-01 -5.326397e-01 -7.107694e-01
    outer loop
      vertex   9.515899e+00 1.159516e+01 4.000000e-01
      vertex   1.013629e+01 1.159377e+01 0.000000e+00
      vertex   1.007338e+01 1.111427e+01 4.000000e-01
    endloop
  endfacet
  facet normal -4.807922e-01 -5.236249e-01 -7.033177e-01
    outer loop
      vertex   1.007338e+01 1.111427e+01 4.000000e-01
      vertex   1.013629e+01 1.159377e+01 0.000000e+00
      vertex   1.068874e+01 1.108651e+01 0.000000e+00
    endloop
  endfacet
  facet normal -4.850172e-01 -5.094295e-01 -7.108023e-01
    outer loop
      vertex   1.007338e+01 1.111427e+01 4.000000e-01
      vertex   1.068874e+01 1.108651e+01 0.000000e+00
      vertex   1.060660e+01 1.060660e+01 4.000000e-01
    endloop
  endfacet
  facet normal -5.057387e-01 -4.996177e-01 -7.032856e-01
    outer loop
      vertex   1.060660e+01 1.060660e+01 4.000000e-01
      vertex   1.068874e+01 1.108651e+01 0.000000e+00
      vertex   1.121584e+01 1.055296e+01 0.000000e+00
    endloop
  endfacet
  facet normal -5.094067e-01 -4.849955e-01 -7.108334e-01
    outer loop
      vertex   1.060660e+01 1.060660e+01 4.000000e-01
      vertex   1.121584e+01 1.055296e+01 0.000000e+00
      vertex   1.111427e+01 1.007338e+01 4.000000e-01
    endloop
  endfacet
  facet normal -5.294864e-01 -4.744219e-01 -7.032553e-01
    outer loop
      vertex   1.111427e+01 1.007338e+01 4.000000e-01
      vertex   1.121584e+01 1.055296e+01 0.000000e+00
      vertex   1.171634e+01 9.994368e+00 0.000000e+00
    endloop
  endfacet
  facet normal -5.325685e-01 -4.593967e-01 -7.108625e-01
    outer loop
      vertex   1.111427e+01 1.007338e+01 4.000000e-01
      vertex   1.171634e+01 9.994368e+00 0.000000e+00
      vertex   1.159516e+01 9.515899e+00 4.000000e-01
    endloop
  endfacet
  facet normal -5.519786e-01 -4.480975e-01 -7.032270e-01
    outer loop
      vertex   1.159516e+01 9.515899e+00 4.000000e-01
      vertex   1.171634e+01 9.994368e+00 0.000000e+00
      vertex   1.218905e+01 9.412075e+00 0.000000e+00
    endloop
  endfacet
  facet normal -5.544469e-01 -4.326946e-01 -7.108896e-01
    outer loop
      vertex   1.159516e+01 9.515899e+00 4.000000e-01
      vertex   1.218905e+01 9.412075e+00 0.000000e+00
      vertex   1.204811e+01 8.935490e+00 4.000000e-01
    endloop
  endfacet
  facet normal -5.731618e-01 -4.207069e-01 -7.032007e-01
    outer loop
      vertex   1.204811e+01 8.935490e+00 4.000000e-01
      vertex   1.218905e+01 9.412075e+00 0.000000e+00
      vertex   1.263284e+01 8.807458e+00 0.000000e+00
    endloop
  endfacet
  facet normal -5.749895e-01 -4.049533e-01 -7.109148e-01
    outer loop
      vertex   1.204811e+01 8.935490e+00 4.000000e-01
      vertex   1.263284e+01 8.807458e+00 0.000000e+00
      vertex   1.247204e+01 8.333553e+00 4.000000e-01
    endloop
  endfacet
  facet normal -5.929854e-01 -3.923154e-01 -7.031763e-01
    outer loop
      vertex   1.247204e+01 8.333553e+00 4.000000e-01
      vertex   1.263284e+01 8.807458e+00 0.000000e+00
      vertex   1.304667e+01 8.181950e+00 0.000000e+00
    endloop
  endfacet
  facet normal -5.941471e-01 -3.762395e-01 -7.109381e-01
    outer loop
      vertex   1.247204e+01 8.333553e+00 4.000000e-01
      vertex   1.304667e+01 8.181950e+00 0.000000e+00
      vertex   1.286593e+01 7.711541e+00 4.000000e-01
    endloop
  endfacet
  facet normal -6.114022e-01 -3.629905e-01 -7.031538e-01
    outer loop
      vertex   1.286593e+01 7.711541e+00 4.000000e-01
      vertex   1.304667e+01 8.181950e+00 0.000000e+00
      vertex   1.342956e+01 7.537035e+00 0.000000e+00
    endloop
  endfacet
  facet normal -6.118739e-01 -3.466223e-01 -7.109594e-01
    outer loop
      vertex   1.286593e+01 7.711541e+00 4.000000e-01
      vertex   1.342956e+01 7.537035e+00 0.000000e+00
      vertex   1.322882e+01 7.070951e+00 4.000000e-01
    endloop
  endfacet
  facet normal -6.283681e-01 -3.328018e-01 -7.031333e-01
    outer loop
      vertex   1.322882e+01 7.070951e+00 4.000000e-01
      vertex   1.342956e+01 7.537035e+00 0.000000e+00
      vertex   1.378059e+01 6.874243e+00 0.000000e+00
    endloop
  endfacet
  facet normal -6.281273e-01 -3.161727e-01 -7.109788e-01
    outer loop
      vertex   1.322882e+01 7.070951e+00 4.000000e-01
      vertex   1.378059e+01 6.874243e+00 0.000000e+00
      vertex   1.355984e+01 6.413326e+00 4.000000e-01
    endloop
  endfacet
  facet normal -6.438428e-01 -3.018211e-01 -7.031148e-01
    outer loop
      vertex   1.355984e+01 6.413326e+00 4.000000e-01
      vertex   1.378059e+01 6.874243e+00 0.000000e+00
      vertex   1.409894e+01 6.195147e+00 0.000000e+00
    endloop
  endfacet
  facet normal -6.428684e-01 -2.849640e-01 -7.109963e-01
    outer loop
      vertex   1.355984e+01 6.413326e+00 4.000000e-01
      vertex   1.409894e+01 6.195147e+00 0.000000e+00
      vertex   1.385819e+01 5.740251e+00 4.000000e-01
    endloop
  endfacet
  facet normal -6.577894e-01 -2.701222e-01 -7.030982e-01
    outer loop
      vertex   1.385819e+01 5.740251e+00 4.000000e-01
      vertex   1.409894e+01 6.195147e+00 0.000000e+00
      vertex   1.438385e+01 5.501356e+00 0.000000e+00
    endloop
  endfacet
  facet normal -6.560620e-01 -2.530710e-01 -7.110118e-01
    outer loop
      vertex   1.385819e+01 5.740251e+00 4.000000e-01
      vertex   1.438385e+01 5.501356e+00 0.000000e+00
      vertex   1.412316e+01 5.053348e+00 4.000000e-01
    endloop
  endfacet
  facet normal -6.701745e-01 -2.377805e-01 -7.030836e-01
    outer loop
      vertex   1.412316e+01 5.053348e+00 4.000000e-01
      vertex   1.438385e+01 5.501356e+00 0.000000e+00
      vertex   1.463464e+01 4.794516e+00 0.000000e+00
    endloop
  endfacet
  facet normal -6.676763e-01 -2.205705e-01 -7.110253e-01
    outer loop
      vertex   1.412316e+01 5.053348e+00 4.000000e-01
      vertex   1.463464e+01 4.794516e+00 0.000000e+00
      vertex   1.435411e+01 4.354270e+00 4.000000e-01
    endloop
  endfacet
  facet normal -6.809687e-01 -2.048730e-01 -7.030709e-01
    outer loop
      vertex   1.435411e+01 4.354270e+00 4.000000e-01
      vertex   1.463464e+01 4.794516e+00 0.000000e+00
      vertex   1.485072e+01 4.076305e+00 0.000000e+00
    endloop
  endfacet
  facet normal -6.776836e-01 -1.875403e-01 -7.110370e-01
    outer loop
      vertex   1.435411e+01 4.354270e+00 4.000000e-01
      vertex   1.485072e+01 4.076305e+00 0.000000e+00
      vertex   1.455047e+01 3.644703e+00 4.000000e-01
    endloop
  endfacet
  facet normal -6.901462e-01 -1.714778e-01 -7.030601e-01
    outer loop
      vertex   1.455047e+01 3.644703e+00 4.000000e-01
      vertex   1.485072e+01 4.076305e+00 0.000000e+00
      vertex   1.503157e+01 3.348425e+00 0.000000e+00
    endloop
  endfacet
  facet normal -6.860599e-01 -1.540599e-01 -7.110467e-01
    outer loop
      vertex   1.455047e+01 3.644703e+00 4.000000e-01
      vertex   1.503157e+01 3.348425e+00 0.000000e+00
      vertex   1.471178e+01 2.926355e+00 4.000000e-01
    endloop
  endfacet
  facet normal -6.976851e-01 -1.376746e-01 -7.030513e-01
    outer loop
      vertex   1.471178e+01 2.926355e+00 4.000000e-01
      vertex   1.503157e+01 3.348425e+00 0.000000e+00
      vertex   1.517677e+01 2.612603e+00 0.000000e+00
    endloop
  endfacet
  facet normal -6.927852e-01 -1.202096e-01 -7.110544e-01
    outer loop
      vertex   1.471178e+01 2.926355e+00 4.000000e-01
      vertex   1.517677e+01 2.612603e+00 0.000000e+00
      vertex   1.483765e+01 2.200957e+00 4.000000e-01
    endloop
  endfacet
  facet normal -7.035674e-01 -1.035437e-01 -7.030445e-01
    outer loop
      vertex   1.483765e+01 2.200957e+00 4.000000e-01
      vertex   1.517677e+01 2.612603e+00 0.000000e+00
      vertex   1.528597e+01 1.870584e+00 0.000000e+00
    endloop
  endfacet
  facet normal -6.978432e-01 -8.607075e-02 -7.110602e-01
    outer loop
      vertex   1.483765e+01 2.200957e+00 4.000000e-01
      vertex   1.528597e+01 1.870584e+00 0.000000e+00
      vertex   1.492777e+01 1.470257e+00 4.000000e-01
    endloop
  endfacet
  facet normal -7.077791e-01 -6.916632e-02 -7.030396e-01
    outer loop
      vertex   1.492777e+01 1.470257e+00 4.000000e-01
      vertex   1.528597e+01 1.870584e+00 0.000000e+00
      vertex   1.535892e+01 1.124128e+00 0.000000e+00
    endloop
  endfacet
  facet normal -7.012220e-01 -5.172524e-02 -7.110641e-01
    outer loop
      vertex   1.492777e+01 1.470257e+00 4.000000e-01
      vertex   1.535892e+01 1.124128e+00 0.000000e+00
      vertex   1.498193e+01 7.360151e-01 4.000000e-01
    endloop
  endfacet
  facet normal -7.103102e-01 -3.462437e-02 -7.030367e-01
    outer loop
      vertex   1.498193e+01 7.360151e-01 4.000000e-01
      vertex   1.535892e+01 1.124128e+00 0.000000e+00
      vertex   1.539543e+01 3.750058e-01 0.000000e+00
    endloop
  endfacet
  facet normal -7.029135e-01 -1.725556e-02 -7.110660e-01
    outer loop
      vertex   1.498193e+01 7.360151e-01 4.000000e-01
      vertex   1.539543e+01 3.750058e-01 0.000000e+00
      vertex   1.500000e+01 0.000000e+00 4.000000e-01
    endloop
  endfacet
  facet normal -7.111545e-01 0.000000e+00 -7.030357e-01
    outer loop
      vertex   1.500000e+01 0.000000e+00 4.000000e-01
      vertex   1.539543e+01 3.750058e-01 0.000000e+00
      vertex   1.539543e+01 -3.750058e-01 0.000000e+00
    endloop
  endfacet
  facet normal -7.029135e-01 1.725556e-02 -7.110660e-01
    outer loop
      vertex   1.500000e+01 0.000000e+00 4.000000e-01
      vertex   1.539543e+01 -3.750058e-01 0.000000e+00
      vertex   1.498193e+01 -7.360151e-01 4.000000e-01
    endloop
  endfacet
  facet normal -7.103102e-01 3.462437e-02 -7.030367e-01
    outer loop
      vertex   1.498193e+01 -7.360151e-01 4.000000e-01
      vertex   1.539543e+01 -3.750058e-01 0.000000e+00
      vertex   1.535892e+01 -1.124128e+00 0.000000e+00
    endloop
  endfacet
  facet normal -7.012220e-01 5.172524e-02 -7.110641e-01
    outer loop
      vertex   1.498193e+01 -7.360151e-01 4.000000e-01
      vertex   1.535892e+01 -1.124128e+00 0.000000e+00
      vertex   1.492777e+01 -1.470257e+00 4.000000e-01
    endloop
  endfacet
  facet normal -7.077791e-01 6.916632e-02 -7.030396e-01
    outer loop
      vertex   1.492777e+01 -1.470257e+00 4.000000e-01
      vertex   1.535892e+01 -1.124128e+00 0.000000e+00
      vertex   1.528597e+01 -1.870584e+00 0.000000e+00
    endloop
  endfacet
  facet normal -6.978432e-01 8.607075e-02 -7.110602e-01
    outer loop
      vertex   1.492777e+01 -1.470257e+00 4.000000e-01
      vertex   1.528597e+01 -1.870584e+00 0.000000e+00
      vertex   1.483765e+01 -2.200957e+00 4.000000e-01
    endloop
  endfacet
  facet normal -7.035674e-01 1.035437e-01 -7.030445e-01
    outer loop
      vertex   1.483765e+01 -2.200957e+00 4.000000e-01
      vertex   1.528597e+01 -1.870584e+00 0.000000e+00
      vertex   1.517677e+01 -2.612603e+00 0.000000e+00
    endloop
  endfacet
  facet normal -6.927852e-01 1.202096e-01 -7.110544e-01
    outer loop
      vertex   1.483765e+01 -2.200957e+00 4.000000e-01
      vertex   1.517677e+01 -2.612603e+00 0.000000e+00
      vertex   1.471178e+01 -2.926355e+00 4.000000e-01
    endloop
  endfacet
  facet normal -6.976851e-01 1.376746e-01 -7.030513e-01
    outer loop
      vertex   1.471178e+01 -2.926355e+00 4.000000e-01
      vertex   1.517677e+01 -2.612603e+00 0.000000e+00
      vertex   1.503157e+01 -3.348425e+00 0.000000e+00
    endloop
  endfacet
  facet normal -6.860599e-01 1.540599e-01 -7.110467e-01
    outer loop
      vertex   1.471178e+01 -2.926355e+00 4.000000e-01
      vertex   1.503157e+01 -3.348425e+00 0.000000e+00
      vertex   1.455047e+01 -3.644703e+00 4.000000e-01
    endloop
  endfacet
  facet normal -6.901462e-01 1.714778e-01 -7.030601e-01
    outer loop
      vertex   1.455047e+01 -3.644703e+00 4.000000e-01
      vertex   1.503157e+01 -3.348425e+00 0.000000e+00
      vertex   1.485072e+01 -4.076305e+00 0.000000e+00
    endloop
  endfacet
  facet normal -6.776836e-01 1.875403e-01 -7.110370e-01
    outer loop
      vertex   1.455047e+01 -3.644703e+00 4.000000e-01
      vertex   1.485072e+01 -4.076305e+00 0.000000e+00
      vertex   1.435411e+01 -4.354270e+00 4.000000e-01
    endloop
  endfacet
  facet normal -6.809687e-01 2.048730e-01 -7.030709e-01
    outer loop
      vertex   1.435411e+01 -4.354270e+00 4.000000e-01
      vertex   1.485072e+01 -4.076305e+00 0.000000e+00
      vertex   1.463464e+01 -4.794516e+00 0.000000e+00
    endloop
  endfacet
  facet normal -6.676763e-01 2.205705e-01 -7.110253e-01
    outer loop
      vertex   1.435411e+01 -4.354270e+00 4.000000e-01
      vertex   1.463464e+01 -4.794516e+00 0.000000e+00
      vertex   1.412316e+01 -5.053348e+00 4.000000e-01
    endloop
  endfacet
  facet normal -6.701745e-01 2.377805e-01 -7.030836e-01
    outer loop
      vertex   1.412316e+01 -5.053348e+00 4.000000e-01
      vertex   1.463464e+01 -4.794516e+00 0.000000e+00
      vertex   1.438385e+01 -5.501356e+00 0.000000e+00
    endloop
  endfacet
  facet normal -6.560620e-01 2.530710e-01 -7.110118e-01
    outer loop
      vertex   1.412316e+01 -5.053348e+00 4.000000e-01
      vertex   1.438385e+01 -5.501356e+00 0.000000e+00
      vertex   1.385819e+01 -5.740251e+00 4.000000e-01
    endloop
  endfacet
  facet normal -6.577894e-01 2.701222e-01 -7.030982e-01
    outer loop
      vertex   1.385819e+01 -5.740251e+00 4.000000e-01
      vertex   1.438385e+01 -5.501356e+00 0.000000e+00
      vertex   1.409894e+01 -6.195147e+00 0.000000e+00
    endloop
  endfacet
  facet normal -6.428684e-01 2.849640e-01 -7.109963e-01
    outer loop
      vertex   1.385819e+01 -5.740251e+00 4.000000e-01
      vertex   1.409894e+01 -6.195147e+00 0.000000e+00
      vertex   1.355984e+01 -6.413326e+00 4.000000e-01
    endloop
  endfacet
  facet normal -6.438428e-01 3.018211e-01 -7.031148e-01
    outer loop
      vertex   1.355984e+01 -6.413326e+00 4.000000e-01
      vertex   1.409894e+01 -6.195147e+00 0.000000e+00
      vertex   1.378059e+01 -6.874243e+00 0.000000e+00
    endloop
  endfacet
  facet normal -6.281273e-01 3.161727e-01 -7.109788e-01
    outer loop
      vertex   1.355984e+01 -6.413326e+00 4.000000e-01
      vertex   1.378059e+01 -6.874243e+00 0.000000e+00
      vertex   1.322882e+01 -7.070951e+00 4.000000e-01
    endloop
  endfacet
  facet normal -6.283681e-01 3.328018e-01 -7.031333e-01
    outer loop
      vertex   1.322882e+01 -7.070951e+00 4.000000e-01
      vertex   1.378059e+01 -6.874243e+00 0.000000e+00
      vertex   1.342956e+01 -7.537035e+00 0.000000e+00
    endloop
  endfacet
  facet normal -6.118739e-01 3.466223e-01 -7.109594e-01
    outer loop
      vertex   1.322882e+01 -7.070951e+00 4.000000e-01
      vertex   1.342956e+01 -7.537035e+00 0.000000e+00
      vertex   1.286593e+01 -7.711541e+00 4.000000e-01
    endloop
  endfacet
  facet normal -6.114022e-01 3.629905e-01 -7.031538e-01
    outer loop
      vertex   1.286593e+01 -7.711541e+00 4.000000e-01
      vertex   1.342956e+01 -7.537035e+00 0.000000e+00
      vertex   1.304667e+01 -8.181950e+00 0.000000e+00
    endloop
  endfacet
  facet normal -5.941471e-01 3.762395e-01 -7.109381e-01
    outer loop
      vertex   1.286593e+01 -7.711541e+00 4.000000e-01
      vertex   1.304667e+01 -8.181950e+00 0.000000e+00
      vertex   1.247204e+01 -8.333553e+00 4.000000e-01
    endloop
  endfacet
  facet normal -5.929854e-01 3.923154e-01 -7.031763e-01
    outer loop
      vertex   1.247204e+01 -8.333553e+00 4.000000e-01
      vertex   1.304667e+01 -8.181950e+00 0.000000e+00
      vertex   1.263284e+01 -8.807458e+00 0.000000e+00
    endloop
  endfacet
  facet normal -5.749895e-01 4.049533e-01 -7.109148e-01
    outer loop
      vertex   1.247204e+01 -8.333553e+00 4.000000e-01
      vertex   1.263284e+01 -8.807458e+00 0.000000e+00
      vertex   1.204811e+01 -8.935490e+00 4.000000e-01
    endloop
  endfacet
  facet normal -5.731618e-01 4.207069e-01 -7.032007e-01
    outer loop
      vertex   1.204811e+01 -8.935490e+00 4.000000e-01
      vertex   1.263284e+01 -8.807458e+00 0.000000e+00
      vertex   1.218905e+01 -9.412075e+00 0.000000e+00
    endloop
  endfacet
  facet normal -5.544469e-01 4.326946e-01 -7.108896e-01
    outer loop
      vertex   1.204811e+01 -8.935490e+00 4.000000e-01
      vertex   1.218905e+01 -9.412075e+00 0.000000e+00
      vertex   1.159516e+01 -9.515899e+00 4.000000e-01
    endloop
  endfacet
  facet normal -5.519786e-01 4.480975e-01 -7.032270e-01
    outer loop
      vertex   1.159516e+01 -9.515899e+00 4.000000e-01
      vertex   1.218905e+01 -9.412075e+00 0.000000e+00
      vertex   1.171634e+01 -9.994368e+00 0.000000e+00
    endloop
  endfacet
  facet normal -5.325685e-01 4.593967e-01 -7.108625e-01
    outer loop
      vertex   1.159516e+01 -9.515899e+00 4.000000e-01
      vertex   1.171634e+01 -9.994368e+00 0.000000e+00
      vertex   1.111427e+01 -1.007338e+01 4.000000e-01
    endloop
  endfacet
  facet normal -5.294864e-01 4.744219e-01 -7.032553e-01
    outer loop
      vertex   1.111427e+01 -1.007338e+01 4.000000e-01
      vertex   1.171634e+01 -9.994368e+00 0.000000e+00
      vertex   1.121584e+01 -1.055296e+01 0.000000e+00
    endloop
  endfacet
  facet normal -5.094067e-01 4.849955e-01 -7.108334e-01
    outer loop
      vertex   1.111427e+01 -1.007338e+01 4.000000e-01
      vertex   1.121584e+01 -1.055296e+01 0.000000e+00
      vertex   1.060660e+01 -1.060660e+01 4.000000e-01
    endloop
  endfacet
  facet normal -5.057387e-01 4.996177e-01 -7.032856e-01
    outer loop
      vertex   1.060660e+01 -1.060660e+01 4.000000e-01
      vertex   1.121584e+01 -1.055296e+01 0.000000e+00
      vertex   1.068874e+01 -1.108651e+01 0.000000e+00
    endloop
  endfacet
  facet normal -4.850172e-01 5.094295e-01 -7.108023e-01
    outer loop
      vertex   1.060660e+01 -1.060660e+01 4.000000e-01
      vertex   1.068874e+01 -1.108651e+01 0.000000e+00
      vertex   1.007338e+01 -1.111427e+01 4.000000e-01
    endloop
  endfacet
  facet normal -4.807922e-01 5.236249e-01 -7.033177e-01
    outer loop
      vertex   1.007338e+01 -1.111427e+01 4.000000e-01
      vertex   1.068874e+01 -1.108651e+01 0.000000e+00
      vertex   1.013629e+01 -1.159377e+01 0.000000e+00
    endloop
  endfacet
  facet normal -4.594582e-01 5.326397e-01 -7.107694e-01
    outer loop
      vertex   1.007338e+01 -1.111427e+01 4.000000e-01
      vertex   1.013629e+01 -1.159377e+01 0.000000e+00
      vertex   9.515899e+00 -1.159516e+01 4.000000e-01
    endloop
  endfacet
  facet normal -4.547064e-01 5.463866e-01 -7.033519e-01
    outer loop
      vertex   9.515899e+00 -1.159516e+01 4.000000e-01
      vertex   1.013629e+01 -1.159377e+01 0.000000e+00
      vertex   9.559796e+00 -1.207354e+01 0.000000e+00
    endloop
  endfacet
  facet normal -4.327911e-01 5.545705e-01 -7.107344e-01
    outer loop
      vertex   9.515899e+00 -1.159516e+01 4.000000e-01
      vertex   9.559796e+00 -1.207354e+01 0.000000e+00
      vertex   8.935490e+00 -1.204811e+01 4.000000e-01
    endloop
  endfacet
  facet normal -4.275434e-01 5.678486e-01 -7.033880e-01
    outer loop
      vertex   8.935490e+00 -1.204811e+01 4.000000e-01
      vertex   9.559796e+00 -1.207354e+01 0.000000e+00
      vertex   8.960627e+00 -1.252466e+01 0.000000e+00
    endloop
  endfacet
  facet normal -4.050797e-01 5.751690e-01 -7.106976e-01
    outer loop
      vertex   8.935490e+00 -1.204811e+01 4.000000e-01
      vertex   8.960627e+00 -1.252466e+01 0.000000e+00
      vertex   8.333553e+00 -1.247204e+01 4.000000e-01
    endloop
  endfacet
  facet normal -3.993680e-01 5.879601e-01 -7.034260e-01
    outer loop
      vertex   8.333553e+00 -1.247204e+01 4.000000e-01
      vertex   8.960627e+00 -1.252466e+01 0.000000e+00
      vertex   8.340205e+00 -1.294608e+01 0.000000e+00
    endloop
  endfacet
  facet normal -3.763906e-01 5.943857e-01 -7.106587e-01
    outer loop
      vertex   8.333553e+00 -1.247204e+01 4.000000e-01
      vertex   8.340205e+00 -1.294608e+01 0.000000e+00
      vertex   7.711541e+00 -1.286593e+01 4.000000e-01
    endloop
  endfacet
  facet normal -3.702474e-01 6.066733e-01 -7.034659e-01
    outer loop
      vertex   7.711541e+00 -1.286593e+01 4.000000e-01
      vertex   8.340205e+00 -1.294608e+01 0.000000e+00
      vertex   7.700000e+00 -1.333679e+01 0.000000e+00
    endloop
  endfacet
  facet normal -3.467924e-01 6.121741e-01 -7.106180e-01
    outer loop
      vertex   7.711541e+00 -1.286593e+01 4.000000e-01
      vertex   7.700000e+00 -1.333679e+01 0.000000e+00
      vertex   7.070951e+00 -1.322882e+01 4.000000e-01
    endloop
  endfacet
  facet normal -3.402510e-01 6.239439e-01 -7.035079e-01
    outer loop
      vertex   7.070951e+00 -1.322882e+01 4.000000e-01
      vertex   7.700000e+00 -1.333679e+01 0.000000e+00
      vertex   7.041532e+00 -1.369587e+01 0.000000e+00
    endloop
  endfacet
  facet normal -3.163561e-01 6.284916e-01 -7.105753e-01
    outer loop
      vertex   7.070951e+00 -1.322882e+01 4.000000e-01
      vertex   7.041532e+00 -1.369587e+01 0.000000e+00
      vertex   6.413326e+00 -1.355984e+01 4.000000e-01
    endloop
  endfacet
  facet normal -3.094502e-01 6.397309e-01 -7.035517e-01
    outer loop
      vertex   6.413326e+00 -1.355984e+01 4.000000e-01
      vertex   7.041532e+00 -1.369587e+01 0.000000e+00
      vertex   6.366362e+00 -1.402246e+01 0.000000e+00
    endloop
  endfacet
  facet normal -2.851547e-01 6.432986e-01 -7.105306e-01
    outer loop
      vertex   6.413326e+00 -1.355984e+01 4.000000e-01
      vertex   6.366362e+00 -1.402246e+01 0.000000e+00
      vertex   5.740251e+00 -1.385819e+01 4.000000e-01
    endloop
  endfacet
  facet normal -2.779185e-01 6.539968e-01 -7.035975e-01
    outer loop
      vertex   5.740251e+00 -1.385819e+01 4.000000e-01
      vertex   6.366362e+00 -1.402246e+01 0.000000e+00
      vertex   5.676092e+00 -1.431579e+01 0.000000e+00
    endloop
  endfacet
  facet normal -2.532630e-01 6.565595e-01 -7.104840e-01
    outer loop
      vertex   5.740251e+00 -1.385819e+01 4.000000e-01
      vertex   5.676092e+00 -1.431579e+01 0.000000e+00
      vertex   5.053348e+00 -1.412316e+01 4.000000e-01
    endloop
  endfacet
  facet normal -2.457310e-01 6.667081e-01 -7.036452e-01
    outer loop
      vertex   5.053348e+00 -1.412316e+01 4.000000e-01
      vertex   5.676092e+00 -1.431579e+01 0.000000e+00
      vertex   4.972358e+00 -1.457517e+01 0.000000e+00
    endloop
  endfacet
  facet normal -2.207574e-01 6.682423e-01 -7.104354e-01
    outer loop
      vertex   5.053348e+00 -1.412316e+01 4.000000e-01
      vertex   4.972358e+00 -1.457517e+01 0.000000e+00
      vertex   4.354270e+00 -1.435411e+01 4.000000e-01
    endloop
  endfacet
  facet normal -2.129645e-01 6.778345e-01 -7.036949e-01
    outer loop
      vertex   4.354270e+00 -1.435411e+01 4.000000e-01
      vertex   4.972358e+00 -1.457517e+01 0.000000e+00
      vertex   4.256831e+00 -1.479998e+01 0.000000e+00
    endloop
  endfacet
  facet normal -1.877160e-01 6.783185e-01 -7.103849e-01
    outer loop
      vertex   4.354270e+00 -1.435411e+01 4.000000e-01
      vertex   4.256831e+00 -1.479998e+01 0.000000e+00
      vertex   3.644703e+00 -1.455047e+01 4.000000e-01
    endloop
  endfacet
  facet normal -1.796968e-01 6.873499e-01 -7.037465e-01
    outer loop
      vertex   3.644703e+00 -1.455047e+01 4.000000e-01
      vertex   4.256831e+00 -1.479998e+01 0.000000e+00
      vertex   3.531207e+00 -1.498968e+01 0.000000e+00
    endloop
  endfacet
  facet normal -1.542180e-01 6.867639e-01 -7.103324e-01
    outer loop
      vertex   3.644703e+00 -1.455047e+01 4.000000e-01
      vertex   3.531207e+00 -1.498968e+01 0.000000e+00
      vertex   2.926355e+00 -1.471178e+01 4.000000e-01
    endloop
  endfacet
  facet normal -1.460074e-01 6.952319e-01 -7.038000e-01
    outer loop
      vertex   2.926355e+00 -1.471178e+01 4.000000e-01
      vertex   3.531207e+00 -1.498968e+01 0.000000e+00
      vertex   2.797208e+00 -1.514383e+01 0.000000e+00
    endloop
  endfacet
  facet normal -1.203437e-01 6.935579e-01 -7.102779e-01
    outer loop
      vertex   2.926355e+00 -1.471178e+01 4.000000e-01
      vertex   2.797208e+00 -1.514383e+01 0.000000e+00
      vertex   2.200957e+00 -1.483765e+01 4.000000e-01
    endloop
  endfacet
  facet normal -1.119764e-01 7.014618e-01 -7.038555e-01
    outer loop
      vertex   2.200957e+00 -1.483765e+01 4.000000e-01
      vertex   2.797208e+00 -1.514383e+01 0.000000e+00
      vertex   2.056573e+00 -1.526206e+01 0.000000e+00
    endloop
  endfacet
  facet normal -8.617445e-02 6.986840e-01 -7.102216e-01
    outer loop
      vertex   2.200957e+00 -1.483765e+01 4.000000e-01
      vertex   2.056573e+00 -1.526206e+01 0.000000e+00
      vertex   1.470257e+00 -1.492777e+01 4.000000e-01
    endloop
  endfacet
  facet normal -7.768487e-02 7.060253e-01 -7.039129e-01
    outer loop
      vertex   1.470257e+00 -1.492777e+01 4.000000e-01
      vertex   2.056573e+00 -1.526206e+01 0.000000e+00
      vertex   1.311061e+00 -1.534409e+01 0.000000e+00
    endloop
  endfacet
  facet normal -5.179218e-02 7.021295e-01 -7.101632e-01
    outer loop
      vertex   1.470257e+00 -1.492777e+01 4.000000e-01
      vertex   1.311061e+00 -1.534409e+01 0.000000e+00
      vertex   7.360151e-01 -1.498193e+01 4.000000e-01
    endloop
  endfacet
  facet normal -4.321448e-02 7.089116e-01 -7.039722e-01
    outer loop
      vertex   7.360151e-01 -1.498193e+01 4.000000e-01
      vertex   1.311061e+00 -1.534409e+01 0.000000e+00
      vertex   5.624392e-01 -1.538973e+01 0.000000e+00
    endloop
  endfacet
  facet normal -1.727943e-02 7.038859e-01 -7.101029e-01
    outer loop
      vertex   7.360151e-01 -1.498193e+01 4.000000e-01
      vertex   5.624392e-01 -1.538973e+01 0.000000e+00
      vertex   9.184851e-16 -1.500000e+01 4.000000e-01
    endloop
  endfacet
  facet normal -8.647285e-03 7.101141e-01 -7.040335e-01
    outer loop
      vertex   9.184851e-16 -1.500000e+01 4.000000e-01
      vertex   5.624392e-01 -1.538973e+01 0.000000e+00
      vertex   -1.875168e-01 -1.539886e+01 0.000000e+00
    endloop
  endfacet
  facet normal 1.728097e-02 7.039486e-01 -7.100406e-01
    outer loop
      vertex   9.184851e-16 -1.500000e+01 4.000000e-01
      vertex   -1.875168e-01 -1.539886e+01 0.000000e+00
      vertex   -7.360151e-01 -1.498193e+01 4.000000e-01
    endloop
  endfacet
  facet normal 2.593444e-02 7.096303e-01 -7.040967e-01
    outer loop
      vertex   -7.360151e-01 -1.498193e+01 4.000000e-01
      vertex   -1.875168e-01 -1.539886e+01 0.000000e+00
      vertex   -9.370280e-01 -1.537147e+01 0.000000e+00
    endloop
  endfacet
  facet normal 5.180604e-02 7.023174e-01 -7.099764e-01
    outer loop
      vertex   -7.360151e-01 -1.498193e+01 4.000000e-01
      vertex   -9.370280e-01 -1.537147e+01 0.000000e+00
      vertex   -1.470257e+00 -1.492777e+01 4.000000e-01
    endloop
  endfacet
  facet normal 6.044839e-02 7.074617e-01 -7.041618e-01
    outer loop
      vertex   -1.470257e+00 -1.492777e+01 4.000000e-01
      vertex   -9.370280e-01 -1.537147e+01 0.000000e+00
      vertex   -1.684317e+00 -1.530762e+01 0.000000e+00
    endloop
  endfacet
  facet normal 8.621289e-02 6.989956e-01 -7.099102e-01
    outer loop
      vertex   -1.470257e+00 -1.492777e+01 4.000000e-01
      vertex   -1.684317e+00 -1.530762e+01 0.000000e+00
      vertex   -2.200957e+00 -1.483765e+01 4.000000e-01
    endloop
  endfacet
  facet normal 9.481244e-02 7.036137e-01 -7.042289e-01
    outer loop
      vertex   -2.200957e+00 -1.483765e+01 4.000000e-01
      vertex   -1.684317e+00 -1.530762e+01 0.000000e+00
      vertex   -2.427610e+00 -1.520746e+01 0.000000e+00
    endloop
  endfacet
  facet normal 1.204189e-01 6.939911e-01 -7.098420e-01
    outer loop
      vertex   -2.200957e+00 -1.483765e+01 4.000000e-01
      vertex   -2.427610e+00 -1.520746e+01 0.000000e+00
      vertex   -2.926355e+00 -1.471178e+01 4.000000e-01
    endloop
  endfacet
  facet normal 1.289448e-01 6.980958e-01 -7.042978e-01
    outer loop
      vertex   -2.926355e+00 -1.471178e+01 4.000000e-01
      vertex   -2.427610e+00 -1.520746e+01 0.000000e+00
      vertex   -3.165146e+00 -1.507123e+01 0.000000e+00
    endloop
  endfacet
  facet normal 1.543418e-01 6.873154e-01 -7.097719e-01
    outer loop
      vertex   -2.926355e+00 -1.471178e+01 4.000000e-01
      vertex   -3.165146e+00 -1.507123e+01 0.000000e+00
      vertex   -3.644703e+00 -1.455047e+01 4.000000e-01
    endloop
  endfacet
  facet normal 1.627644e-01 6.909214e-01 -7.043687e-01
    outer loop
      vertex   -3.644703e+00 -1.455047e+01 4.000000e-01
      vertex   -3.165146e+00 -1.507123e+01 0.000000e+00
      vertex   -3.895174e+00 -1.489925e+01 0.000000e+00
    endloop
  endfacet
  facet normal 1.879003e-01 6.789844e-01 -7.096997e-01
    outer loop
      vertex   -3.644703e+00 -1.455047e+01 4.000000e-01
      vertex   -3.895174e+00 -1.489925e+01 0.000000e+00
      vertex   -4.354270e+00 -1.435411e+01 4.000000e-01
    endloop
  endfacet
  facet normal 1.961907e-01 6.821080e-01 -7.044416e-01
    outer loop
      vertex   -4.354270e+00 -1.435411e+01 4.000000e-01
      vertex   -3.895174e+00 -1.489925e+01 0.000000e+00
      vertex   -4.615963e+00 -1.469193e+01 0.000000e+00
    endloop
  endfacet
  facet normal 2.210135e-01 6.690175e-01 -7.096257e-01
    outer loop
      vertex   -4.354270e+00 -1.435411e+01 4.000000e-01
      vertex   -4.615963e+00 -1.469193e+01 0.000000e+00
      vertex   -5.053348e+00 -1.412316e+01 4.000000e-01
    endloop
  endfacet
  facet normal 2.291443e-01 6.716768e-01 -7.045163e-01
    outer loop
      vertex   -5.053348e+00 -1.412316e+01 4.000000e-01
      vertex   -4.615963e+00 -1.469193e+01 0.000000e+00
      vertex   -5.325804e+00 -1.444977e+01 0.000000e+00
    endloop
  endfacet
  facet normal 2.536020e-01 6.574385e-01 -7.095496e-01
    outer loop
      vertex   -5.053348e+00 -1.412316e+01 4.000000e-01
      vertex   -5.325804e+00 -1.444977e+01 0.000000e+00
      vertex   -5.740251e+00 -1.385819e+01 4.000000e-01
    endloop
  endfacet
  facet normal 2.615468e-01 6.596530e-01 -7.045929e-01
    outer loop
      vertex   -5.740251e+00 -1.385819e+01 4.000000e-01
      vertex   -5.325804e+00 -1.444977e+01 0.000000e+00
      vertex   -6.023013e+00 -1.417333e+01 0.000000e+00
    endloop
  endfacet
  facet normal 2.855874e-01 6.442747e-01 -7.094716e-01
    outer loop
      vertex   -5.740251e+00 -1.385819e+01 4.000000e-01
      vertex   -6.023013e+00 -1.417333e+01 0.000000e+00
      vertex   -6.413326e+00 -1.355984e+01 4.000000e-01
    endloop
  endfacet
  facet normal 2.933213e-01 6.460655e-01 -7.046715e-01
    outer loop
      vertex   -6.413326e+00 -1.355984e+01 4.000000e-01
      vertex   -6.023013e+00 -1.417333e+01 0.000000e+00
      vertex   -6.705935e+00 -1.386328e+01 0.000000e+00
    endloop
  endfacet
  facet normal 3.168926e-01 6.295575e-01 -7.093916e-01
    outer loop
      vertex   -6.413326e+00 -1.355984e+01 4.000000e-01
      vertex   -6.705935e+00 -1.386328e+01 0.000000e+00
      vertex   -7.070951e+00 -1.322882e+01 4.000000e-01
    endloop
  endfacet
  facet normal 3.243923e-01 6.309471e-01 -7.047520e-01
    outer loop
      vertex   -7.070951e+00 -1.322882e+01 4.000000e-01
      vertex   -6.705935e+00 -1.386328e+01 0.000000e+00
      vertex   -7.372952e+00 -1.352034e+01 0.000000e+00
    endloop
  endfacet
  facet normal 3.474425e-01 6.133218e-01 -7.093096e-01
    outer loop
      vertex   -7.070951e+00 -1.322882e+01 4.000000e-01
      vertex   -7.372952e+00 -1.352034e+01 0.000000e+00
      vertex   -7.711541e+00 -1.286593e+01 4.000000e-01
    endloop
  endfacet
  facet normal 3.546860e-01 6.143341e-01 -7.048344e-01
    outer loop
      vertex   -7.711541e+00 -1.286593e+01 4.000000e-01
      vertex   -7.372952e+00 -1.352034e+01 0.000000e+00
      vertex   -8.022481e+00 -1.314533e+01 0.000000e+00
    endloop
  endfacet
  facet normal 3.771635e-01 5.956062e-01 -7.092256e-01
    outer loop
      vertex   -7.711541e+00 -1.286593e+01 4.000000e-01
      vertex   -8.022481e+00 -1.314533e+01 0.000000e+00
      vertex   -8.333553e+00 -1.247204e+01 4.000000e-01
    endloop
  endfacet
  facet normal 3.841304e-01 5.962663e-01 -7.049187e-01
    outer loop
      vertex   -8.333553e+00 -1.247204e+01 4.000000e-01
      vertex   -8.022481e+00 -1.314533e+01 0.000000e+00
      vertex   -8.652982e+00 -1.273915e+01 0.000000e+00
    endloop
  endfacet
  facet normal 4.059840e-01 5.764529e-01 -7.091397e-01
    outer loop
      vertex   -8.333553e+00 -1.247204e+01 4.000000e-01
      vertex   -8.652982e+00 -1.273915e+01 0.000000e+00
      vertex   -8.935490e+00 -1.204811e+01 4.000000e-01
    endloop
  endfacet
  facet normal 4.126558e-01 5.767871e-01 -7.050049e-01
    outer loop
      vertex   -8.935490e+00 -1.204811e+01 4.000000e-01
      vertex   -8.652982e+00 -1.273915e+01 0.000000e+00
      vertex   -9.262959e+00 -1.230275e+01 0.000000e+00
    endloop
  endfacet
  facet normal 4.338345e-01 5.559076e-01 -7.090517e-01
    outer loop
      vertex   -8.935490e+00 -1.204811e+01 4.000000e-01
      vertex   -9.262959e+00 -1.230275e+01 0.000000e+00
      vertex   -9.515899e+00 -1.159516e+01 4.000000e-01
    endloop
  endfacet
  facet normal 4.401944e-01 5.559432e-01 -7.050930e-01
    outer loop
      vertex   -9.515899e+00 -1.159516e+01 4.000000e-01
      vertex   -9.262959e+00 -1.230275e+01 0.000000e+00
      vertex   -9.850965e+00 -1.183717e+01 0.000000e+00
    endloop
  endfacet
  facet normal 4.606481e-01 5.340192e-01 -7.089618e-01
    outer loop
      vertex   -9.515899e+00 -1.159516e+01 4.000000e-01
      vertex   -9.850965e+00 -1.183717e+01 0.000000e+00
      vertex   -1.007338e+01 -1.111427e+01 4.000000e-01
    endloop
  endfacet
  facet normal 4.666810e-01 5.337844e-01 -7.051830e-01
    outer loop
      vertex   -1.007338e+01 -1.111427e+01 4.000000e-01
      vertex   -9.850965e+00 -1.183717e+01 0.000000e+00
      vertex   -1.041561e+01 -1.134351e+01 0.000000e+00
    endloop
  endfacet
  facet normal 4.863600e-01 5.108399e-01 -7.088699e-01
    outer loop
      vertex   -1.007338e+01 -1.111427e+01 4.000000e-01
      vertex   -1.041561e+01 -1.134351e+01 0.000000e+00
      vertex   -1.060660e+01 -1.060660e+01 4.000000e-01
    endloop
  endfacet
  facet normal 4.920528e-01 5.103640e-01 -7.052749e-01
    outer loop
      vertex   -1.060660e+01 -1.060660e+01 4.000000e-01
      vertex   -1.041561e+01 -1.134351e+01 0.000000e+00
      vertex   -1.095554e+01 -1.082294e+01 0.000000e+00
    endloop
  endfacet
  facet normal 5.109083e-01 4.864251e-01 -7.087760e-01
    outer loop
      vertex   -1.060660e+01 -1.060660e+01 4.000000e-01
      vertex   -1.095554e+01 -1.082294e+01 0.000000e+00
      vertex   -1.111427e+01 -1.007338e+01 4.000000e-01
    endloop
  endfacet
  facet normal 5.162496e-01 4.857379e-01 -7.053687e-01
    outer loop
      vertex   -1.111427e+01 -1.007338e+01 4.000000e-01
      vertex   -1.095554e+01 -1.082294e+01 0.000000e+00
      vertex   -1.146949e+01 -1.027671e+01 0.000000e+00
    endloop
  endfacet
  facet normal 5.342336e-01 4.608330e-01 -7.086801e-01
    outer loop
      vertex   -1.111427e+01 -1.007338e+01 4.000000e-01
      vertex   -1.146949e+01 -1.027671e+01 0.000000e+00
      vertex   -1.159516e+01 -9.515899e+00 4.000000e-01
    endloop
  endfacet
  facet normal 5.392143e-01 4.599651e-01 -7.054644e-01
    outer loop
      vertex   -1.159516e+01 -9.515899e+00 4.000000e-01
      vertex   -1.146949e+01 -1.027671e+01 0.000000e+00
      vertex   -1.195624e+01 -9.706100e+00 0.000000e+00
    endloop
  endfacet
  facet normal 5.562796e-01 4.341248e-01 -7.085821e-01
    outer loop
      vertex   -1.159516e+01 -9.515899e+00 4.000000e-01
      vertex   -1.195624e+01 -9.706100e+00 0.000000e+00
      vertex   -1.204811e+01 -8.935490e+00 4.000000e-01
    endloop
  endfacet
  facet normal 5.608926e-01 4.331072e-01 -7.055620e-01
    outer loop
      vertex   -1.204811e+01 -8.935490e+00 4.000000e-01
      vertex   -1.195624e+01 -9.706100e+00 0.000000e+00
      vertex   -1.241463e+01 -9.112468e+00 0.000000e+00
    endloop
  endfacet
  facet normal 5.769930e-01 4.063643e-01 -7.084822e-01
    outer loop
      vertex   -1.204811e+01 -8.935490e+00 4.000000e-01
      vertex   -1.241463e+01 -9.112468e+00 0.000000e+00
      vertex   -1.247204e+01 -8.333553e+00 4.000000e-01
    endloop
  endfacet
  facet normal 5.812331e-01 4.052283e-01 -7.056615e-01
    outer loop
      vertex   -1.247204e+01 -8.333553e+00 4.000000e-01
      vertex   -1.241463e+01 -9.112468e+00 0.000000e+00
      vertex   -1.284357e+01 -8.497223e+00 0.000000e+00
    endloop
  endfacet
  facet normal 5.963238e-01 3.776179e-01 -7.083803e-01
    outer loop
      vertex   -1.247204e+01 -8.333553e+00 4.000000e-01
      vertex   -1.284357e+01 -8.497223e+00 0.000000e+00
      vertex   -1.286593e+01 -7.711541e+00 4.000000e-01
    endloop
  endfacet
  facet normal 6.001878e-01 3.763953e-01 -7.057629e-01
    outer loop
      vertex   -1.286593e+01 -7.711541e+00 4.000000e-01
      vertex   -1.284357e+01 -8.497223e+00 0.000000e+00
      vertex   -1.324204e+01 -7.861823e+00 0.000000e+00
    endloop
  endfacet
  facet normal 6.142250e-01 3.479542e-01 -7.082764e-01
    outer loop
      vertex   -1.286593e+01 -7.711541e+00 4.000000e-01
      vertex   -1.324204e+01 -7.861823e+00 0.000000e+00
      vertex   -1.322882e+01 -7.070951e+00 4.000000e-01
    endloop
  endfacet
  facet normal 6.177121e-01 3.466768e-01 -7.058661e-01
    outer loop
      vertex   -1.322882e+01 -7.070951e+00 4.000000e-01
      vertex   -1.324204e+01 -7.861823e+00 0.000000e+00
      vertex   -1.360911e+01 -7.207776e+00 0.000000e+00
    endloop
  endfacet
  facet normal 6.306534e-01 3.174442e-01 -7.081705e-01
    outer loop
      vertex   -1.322882e+01 -7.070951e+00 4.000000e-01
      vertex   -1.360911e+01 -7.207776e+00 0.000000e+00
      vertex   -1.355984e+01 -6.413326e+00 4.000000e-01
    endloop
  endfacet
  facet normal 6.337646e-01 3.161440e-01 -7.059713e-01
    outer loop
      vertex   -1.355984e+01 -6.413326e+00 4.000000e-01
      vertex   -1.360911e+01 -7.207776e+00 0.000000e+00
      vertex   -1.394390e+01 -6.536633e+00 0.000000e+00
    endloop
  endfacet
  facet normal 6.455689e-01 2.861610e-01 -7.080626e-01
    outer loop
      vertex   -1.355984e+01 -6.413326e+00 4.000000e-01
      vertex   -1.394390e+01 -6.536633e+00 0.000000e+00
      vertex   -1.385819e+01 -5.740251e+00 4.000000e-01
    endloop
  endfacet
  facet normal 6.483076e-01 2.848696e-01 -7.060783e-01
    outer loop
      vertex   -1.385819e+01 -5.740251e+00 4.000000e-01
      vertex   -1.394390e+01 -6.536633e+00 0.000000e+00
      vertex   -1.424562e+01 -5.849986e+00 0.000000e+00
    endloop
  endfacet
  facet normal 6.589354e-01 2.541794e-01 -7.079526e-01
    outer loop
      vertex   -1.385819e+01 -5.740251e+00 4.000000e-01
      vertex   -1.424562e+01 -5.849986e+00 0.000000e+00
      vertex   -1.412316e+01 -5.053348e+00 4.000000e-01
    endloop
  endfacet
  facet normal 6.613069e-01 2.529285e-01 -7.061872e-01
    outer loop
      vertex   -1.412316e+01 -5.053348e+00 4.000000e-01
      vertex   -1.424562e+01 -5.849986e+00 0.000000e+00
      vertex   -1.451355e+01 -5.149463e+00 0.000000e+00
    endloop
  endfacet
  facet normal 6.707202e-01 2.215760e-01 -7.078407e-01
    outer loop
      vertex   -1.412316e+01 -5.053348e+00 4.000000e-01
      vertex   -1.451355e+01 -5.149463e+00 0.000000e+00
      vertex   -1.435411e+01 -4.354270e+00 4.000000e-01
    endloop
  endfacet
  facet normal 6.727321e-01 2.203966e-01 -7.062980e-01
    outer loop
      vertex   -1.435411e+01 -4.354270e+00 4.000000e-01
      vertex   -1.451355e+01 -5.149463e+00 0.000000e+00
      vertex   -1.474705e+01 -4.436726e+00 0.000000e+00
    endloop
  endfacet
  facet normal 6.808946e-01 1.884289e-01 -7.077267e-01
    outer loop
      vertex   -1.435411e+01 -4.354270e+00 4.000000e-01
      vertex   -1.474705e+01 -4.436726e+00 0.000000e+00
      vertex   -1.455047e+01 -3.644703e+00 4.000000e-01
    endloop
  endfacet
  facet normal 6.825565e-01 1.873518e-01 -7.064106e-01
    outer loop
      vertex   -1.455047e+01 -3.644703e+00 4.000000e-01
      vertex   -1.474705e+01 -4.436726e+00 0.000000e+00
      vertex   -1.494557e+01 -3.713466e+00 0.000000e+00
    endloop
  endfacet
  facet normal 6.894336e-01 1.548175e-01 -7.076107e-01
    outer loop
      vertex   -1.455047e+01 -3.644703e+00 4.000000e-01
      vertex   -1.494557e+01 -3.713466e+00 0.000000e+00
      vertex   -1.471178e+01 -2.926355e+00 4.000000e-01
    endloop
  endfacet
  facet normal 6.907571e-01 1.538727e-01 -7.065252e-01
    outer loop
      vertex   -1.471178e+01 -2.926355e+00 4.000000e-01
      vertex   -1.494557e+01 -3.713466e+00 0.000000e+00
      vertex   -1.510865e+01 -2.981398e+00 0.000000e+00
    endloop
  endfacet
  facet normal 6.963161e-01 1.208223e-01 -7.074927e-01
    outer loop
      vertex   -1.471178e+01 -2.926355e+00 4.000000e-01
      vertex   -1.510865e+01 -2.981398e+00 0.000000e+00
      vertex   -1.483765e+01 -2.200957e+00 4.000000e-01
    endloop
  endfacet
  facet normal 6.973151e-01 1.200392e-01 -7.066416e-01
    outer loop
      vertex   -1.483765e+01 -2.200957e+00 4.000000e-01
      vertex   -1.510865e+01 -2.981398e+00 0.000000e+00
      vertex   -1.523589e+01 -2.242258e+00 0.000000e+00
    endloop
  endfacet
  facet normal 7.015251e-01 8.652486e-02 -7.073726e-01
    outer loop
      vertex   -1.483765e+01 -2.200957e+00 4.000000e-01
      vertex   -1.523589e+01 -2.242258e+00 0.000000e+00
      vertex   -1.492777e+01 -1.470257e+00 4.000000e-01
    endloop
  endfacet
  facet normal 7.022153e-01 8.593189e-02 -7.067598e-01
    outer loop
      vertex   -1.492777e+01 -1.470257e+00 4.000000e-01
      vertex   -1.523589e+01 -2.242258e+00 0.000000e+00
      vertex   -1.532699e+01 -1.497800e+00 0.000000e+00
    endloop
  endfacet
  facet normal 7.050474e-01 5.200742e-02 -7.072505e-01
    outer loop
      vertex   -1.492777e+01 -1.470257e+00 4.000000e-01
      vertex   -1.532699e+01 -1.497800e+00 0.000000e+00
      vertex   -1.498193e+01 -7.360151e-01 4.000000e-01
    endloop
  endfacet
  facet normal 7.054466e-01 5.163204e-02 -7.068799e-01
    outer loop
      vertex   -1.498193e+01 -7.360151e-01 4.000000e-01
      vertex   -1.532699e+01 -1.497800e+00 0.000000e+00
      vertex   -1.538174e+01 -7.497891e-01 0.000000e+00
    endloop
  endfacet
  facet normal 7.068742e-01 1.735279e-02 -7.071264e-01
    outer loop
      vertex   -1.498193e+01 -7.360151e-01 4.000000e-01
      vertex   -1.538174e+01 -7.497891e-01 0.000000e+00
      vertex   -1.500000e+01 -1.836970e-15 4.000000e-01
    endloop
  endfacet
  facet normal 9.996988e-01 2.454123e-02 0.000000e+00
    outer loop
      vertex   -1.498193e+01 -7.360151e-01 5.500000e+00
      vertex   -1.498193e+01 -7.360151e-01 4.000000e-01
      vertex   -1.500000e+01 -2.220446e-15 5.500000e+00
    endloop
  endfacet
  facet normal 9.996988e-01 2.454123e-02 3.500456e-16
    outer loop
      vertex   -1.500000e+01 -2.220446e-15 5.500000e+00
      vertex   -1.498193e+01 -7.360151e-01 4.000000e-01
      vertex   -1.500000e+01 -1.836970e-15 4.000000e-01
    endloop
  endfacet
  facet normal 9.996988e-01 -2.454123e-02 3.463551e-16
    outer loop
      vertex   -1.500000e+01 -2.220446e-15 5.500000e+00
      vertex   -1.500000e+01 -1.836970e-15 4.000000e-01
      vertex   -1.498193e+01 7.360151e-01 5.500000e+00
    endloop
  endfacet
  facet normal 9.996988e-01 -2.454123e-02 0.000000e+00
    outer loop
      vertex   -1.498193e+01 7.360151e-01 5.500000e+00
      vertex   -1.500000e+01 -1.836970e-15 4.000000e-01
      vertex   -1.498193e+01 7.360151e-01 4.000000e-01
    endloop
  endfacet
  facet normal 9.972905e-01 -7.356456e-02 0.000000e+00
    outer loop
      vertex   -1.498193e+01 7.360151e-01 5.500000e+00
      vertex   -1.498193e+01 7.360151e-01 4.000000e-01
      vertex   -1.492777e+01 1.470257e+00 5.500000e+00
    endloop
  endfacet
  facet normal 9.972905e-01 -7.356456e-02 -2.544784e-16
    outer loop
      vertex   -1.492777e+01 1.470257e+00 5.500000e+00
      vertex   -1.498193e+01 7.360151e-01 4.000000e-01
      vertex   -1.492777e+01 1.470257e+00 4.000000e-01
    endloop
  endfacet
  facet normal 9.924795e-01 -1.224107e-01 -1.911293e-16
    outer loop
      vertex   -1.492777e+01 1.470257e+00 5.500000e+00
      vertex   -1.492777e+01 1.470257e+00 4.000000e-01
      vertex   -1.483765e+01 2.200957e+00 5.500000e+00
    endloop
  endfacet
  facet normal 9.924795e-01 -1.224107e-01 -1.598861e-16
    outer loop
      vertex   -1.483765e+01 2.200957e+00 5.500000e+00
      vertex   -1.492777e+01 1.470257e+00 4.000000e-01
      vertex   -1.483765e+01 2.200957e+00 4.000000e-01
    endloop
  endfacet
  facet normal 9.852776e-01 -1.709619e-01 -2.233010e-16
    outer loop
      vertex   -1.483765e+01 2.200957e+00 5.500000e+00
      vertex   -1.483765e+01 2.200957e+00 4.000000e-01
      vertex   -1.471178e+01 2.926355e+00 5.500000e+00
    endloop
  endfacet
  facet normal 9.852776e-01 -1.709619e-01 0.000000e+00
    outer loop
      vertex   -1.471178e+01 2.926355e+00 5.500000e+00
      vertex   -1.483765e+01 2.200957e+00 4.000000e-01
      vertex   -1.471178e+01 2.926355e+00 4.000000e-01
    endloop
  endfacet
  facet normal 9.757021e-01 -2.191012e-01 0.000000e+00
    outer loop
      vertex   -1.471178e+01 2.926355e+00 5.500000e+00
      vertex   -1.471178e+01 2.926355e+00 4.000000e-01
      vertex   -1.455047e+01 3.644703e+00 5.500000e+00
    endloop
  endfacet
  facet normal 9.757021e-01 -2.191012e-01 0.000000e+00
    outer loop
      vertex   -1.455047e+01 3.644703e+00 5.500000e+00
      vertex   -1.471178e+01 2.926355e+00 4.000000e-01
      vertex   -1.455047e+01 3.644703e+00 4.000000e-01
    endloop
  endfacet
  facet normal 9.637761e-01 -2.667128e-01 0.000000e+00
    outer loop
      vertex   -1.455047e+01 3.644703e+00 5.500000e+00
      vertex   -1.455047e+01 3.644703e+00 4.000000e-01
      vertex   -1.435411e+01 4.354270e+00 5.500000e+00
    endloop
  endfacet
  facet normal 9.637761e-01 -2.667128e-01 0.000000e+00
    outer loop
      vertex   -1.435411e+01 4.354270e+00 5.500000e+00
      vertex   -1.455047e+01 3.644703e+00 4.000000e-01
      vertex   -1.435411e+01 4.354270e+00 4.000000e-01
    endloop
  endfacet
  facet normal 9.495282e-01 -3.136817e-01 0.000000e+00
    outer loop
      vertex   -1.435411e+01 4.354270e+00 5.500000e+00
      vertex   -1.435411e+01 4.354270e+00 4.000000e-01
      vertex   -1.412316e+01 5.053348e+00 5.500000e+00
    endloop
  endfacet
  facet normal 9.495282e-01 -3.136817e-01 -2.790518e-16
    outer loop
      vertex   -1.412316e+01 5.053348e+00 5.500000e+00
      vertex   -1.435411e+01 4.354270e+00 4.000000e-01
      vertex   -1.412316e+01 5.053348e+00 4.000000e-01
    endloop
  endfacet
  facet normal 9.329928e-01 -3.598950e-01 -2.111959e-16
    outer loop
      vertex   -1.412316e+01 5.053348e+00 5.500000e+00
      vertex   -1.412316e+01 5.053348e+00 4.000000e-01
      vertex   -1.385819e+01 5.740251e+00 5.500000e+00
    endloop
  endfacet
  facet normal 9.329928e-01 -3.598950e-01 5.988389e-16
    outer loop
      vertex   -1.385819e+01 5.740251e+00 5.500000e+00
      vertex   -1.412316e+01 5.053348e+00 4.000000e-01
      vertex   -1.385819e+01 5.740251e+00 4.000000e-01
    endloop
  endfacet
  facet normal 9.142098e-01 -4.052413e-01 5.318292e-16
    outer loop
      vertex   -1.385819e+01 5.740251e+00 5.500000e+00
      vertex   -1.385819e+01 5.740251e+00 4.000000e-01
      vertex   -1.355984e+01 6.413326e+00 5.500000e+00
    endloop
  endfacet
  facet normal 9.142098e-01 -4.052413e-01 -1.755928e-16
    outer loop
      vertex   -1.355984e+01 6.413326e+00 5.500000e+00
      vertex   -1.385819e+01 5.740251e+00 4.000000e-01
      vertex   -1.355984e+01 6.413326e+00 4.000000e-01
    endloop
  endfacet
  facet normal 8.932243e-01 -4.496113e-01 -2.369922e-16
    outer loop
      vertex   -1.355984e+01 6.413326e+00 5.500000e+00
      vertex   -1.355984e+01 6.413326e+00 4.000000e-01
      vertex   -1.322882e+01 7.070951e+00 5.500000e+00
    endloop
  endfacet
  facet normal 8.932243e-01 -4.496113e-01 0.000000e+00
    outer loop
      vertex   -1.322882e+01 7.070951e+00 5.500000e+00
      vertex   -1.355984e+01 6.413326e+00 4.000000e-01
      vertex   -1.322882e+01 7.070951e+00 4.000000e-01
    endloop
  endfacet
  facet normal 8.700870e-01 -4.928982e-01 0.000000e+00
    outer loop
      vertex   -1.322882e+01 7.070951e+00 5.500000e+00
      vertex   -1.322882e+01 7.070951e+00 4.000000e-01
      vertex   -1.286593e+01 7.711541e+00 5.500000e+00
    endloop
  endfacet
  facet normal 8.700870e-01 -4.928982e-01 0.000000e+00
    outer loop
      vertex   -1.286593e+01 7.711541e+00 5.500000e+00
      vertex   -1.322882e+01 7.070951e+00 4.000000e-01
      vertex   -1.286593e+01 7.711541e+00 4.000000e-01
    endloop
  endfacet
  facet normal 8.448536e-01 -5.349976e-01 0.000000e+00
    outer loop
      vertex   -1.286593e+01 7.711541e+00 5.500000e+00
      vertex   -1.286593e+01 7.711541e+00 4.000000e-01
      vertex   -1.247204e+01 8.333553e+00 5.500000e+00
    endloop
  endfacet
  facet normal 8.448536e-01 -5.349976e-01 0.000000e+00
    outer loop
      vertex   -1.247204e+01 8.333553e+00 5.500000e+00
      vertex   -1.286593e+01 7.711541e+00 4.000000e-01
      vertex   -1.247204e+01 8.333553e+00 4.000000e-01
    endloop
  endfacet
  facet normal 8.175848e-01 -5.758082e-01 0.000000e+00
    outer loop
      vertex   -1.247204e+01 8.333553e+00 5.500000e+00
      vertex   -1.247204e+01 8.333553e+00 4.000000e-01
      vertex   -1.204811e+01 8.935490e+00 5.500000e+00
    endloop
  endfacet
  facet normal 8.175848e-01 -5.758082e-01 3.213288e-17
    outer loop
      vertex   -1.204811e+01 8.935490e+00 5.500000e+00
      vertex   -1.247204e+01 8.333553e+00 4.000000e-01
      vertex   -1.204811e+01 8.935490e+00 4.000000e-01
    endloop
  endfacet
  facet normal 7.883464e-01 -6.152316e-01 9.369478e-17
    outer loop
      vertex   -1.204811e+01 8.935490e+00 5.500000e+00
      vertex   -1.204811e+01 8.935490e+00 4.000000e-01
      vertex   -1.159516e+01 9.515899e+00 5.500000e+00
    endloop
  endfacet
  facet normal 7.883464e-01 -6.152316e-01 1.205936e-16
    outer loop
      vertex   -1.159516e+01 9.515899e+00 5.500000e+00
      vertex   -1.204811e+01 8.935490e+00 4.000000e-01
      vertex   -1.159516e+01 9.515899e+00 4.000000e-01
    endloop
  endfacet
  facet normal 7.572088e-01 -6.531728e-01 7.247258e-17
    outer loop
      vertex   -1.159516e+01 9.515899e+00 5.500000e+00
      vertex   -1.159516e+01 9.515899e+00 4.000000e-01
      vertex   -1.111427e+01 1.007338e+01 5.500000e+00
    endloop
  endfacet
  facet normal 7.572088e-01 -6.531728e-01 0.000000e+00
    outer loop
      vertex   -1.111427e+01 1.007338e+01 5.500000e+00
      vertex   -1.159516e+01 9.515899e+00 4.000000e-01
      vertex   -1.111427e+01 1.007338e+01 4.000000e-01
    endloop
  endfacet
  facet normal 7.242471e-01 -6.895405e-01 0.000000e+00
    outer loop
      vertex   -1.111427e+01 1.007338e+01 5.500000e+00
      vertex   -1.111427e+01 1.007338e+01 4.000000e-01
      vertex   -1.060660e+01 1.060660e+01 5.500000e+00
    endloop
  endfacet
  facet normal 7.242471e-01 -6.895405e-01 0.000000e+00
    outer loop
      vertex   -1.060660e+01 1.060660e+01 5.500000e+00
      vertex   -1.111427e+01 1.007338e+01 4.000000e-01
      vertex   -1.060660e+01 1.060660e+01 4.000000e-01
    endloop
  endfacet
  facet normal 6.895405e-01 -7.242471e-01 0.000000e+00
    outer loop
      vertex   -1.060660e+01 1.060660e+01 5.500000e+00
      vertex   -1.060660e+01 1.060660e+01 4.000000e-01
      vertex   -1.007338e+01 1.111427e+01 5.500000e+00
    endloop
  endfacet
  facet normal 6.895405e-01 -7.242471e-01 0.000000e+00
    outer loop
      vertex   -1.007338e+01 1.111427e+01 5.500000e+00
      vertex   -1.060660e+01 1.060660e+01 4.000000e-01
      vertex   -1.007338e+01 1.111427e+01 4.000000e-01
    endloop
  endfacet
  facet normal 6.531728e-01 -7.572088e-01 0.000000e+00
    outer loop
      vertex   -1.007338e+01 1.111427e+01 5.500000e+00
      vertex   -1.007338e+01 1.111427e+01 4.000000e-01
      vertex   -9.515899e+00 1.159516e+01 5.500000e+00
    endloop
  endfacet
  facet normal 6.531728e-01 -7.572088e-01 1.087089e-16
    outer loop
      vertex   -9.515899e+00 1.159516e+01 5.500000e+00
      vertex   -1.007338e+01 1.111427e+01 4.000000e-01
      vertex   -9.515899e+00 1.159516e+01 4.000000e-01
    endloop
  endfacet
  facet normal 6.152316e-01 -7.883464e-01 1.808904e-16
    outer loop
      vertex   -9.515899e+00 1.159516e+01 5.500000e+00
      vertex   -9.515899e+00 1.159516e+01 4.000000e-01
      vertex   -8.935490e+00 1.204811e+01 5.500000e+00
    endloop
  endfacet
  facet normal 6.152316e-01 -7.883464e-01 5.825684e-16
    outer loop
      vertex   -8.935490e+00 1.204811e+01 5.500000e+00
      vertex   -9.515899e+00 1.159516e+01 4.000000e-01
      vertex   -8.935490e+00 1.204811e+01 4.000000e-01
    endloop
  endfacet
  facet normal 5.758082e-01 -8.175848e-01 5.174590e-16
    outer loop
      vertex   -8.935490e+00 1.204811e+01 5.500000e+00
      vertex   -8.935490e+00 1.204811e+01 4.000000e-01
      vertex   -8.333553e+00 1.247204e+01 5.500000e+00
    endloop
  endfacet
  facet normal 5.758082e-01 -8.175848e-01 0.000000e+00
    outer loop
      vertex   -8.333553e+00 1.247204e+01 5.500000e+00
      vertex   -8.935490e+00 1.204811e+01 4.000000e-01
      vertex   -8.333553e+00 1.247204e+01 4.000000e-01
    endloop
  endfacet
  facet normal 5.349976e-01 -8.448536e-01 0.000000e+00
    outer loop
      vertex   -8.333553e+00 1.247204e+01 5.500000e+00
      vertex   -8.333553e+00 1.247204e+01 4.000000e-01
      vertex   -7.711541e+00 1.286593e+01 5.500000e+00
    endloop
  endfacet
  facet normal 5.349976e-01 -8.448536e-01 0.000000e+00
    outer loop
      vertex   -7.711541e+00 1.286593e+01 5.500000e+00
      vertex   -8.333553e+00 1.247204e+01 4.000000e-01
      vertex   -7.711541e+00 1.286593e+01 4.000000e-01
    endloop
  endfacet
  facet normal 4.928982e-01 -8.700870e-01 0.000000e+00
    outer loop
      vertex   -7.711541e+00 1.286593e+01 5.500000e+00
      vertex   -7.711541e+00 1.286593e+01 4.000000e-01
      vertex   -7.070951e+00 1.322882e+01 5.500000e+00
    endloop
  endfacet
  facet normal 4.928982e-01 -8.700870e-01 0.000000e+00
    outer loop
      vertex   -7.070951e+00 1.322882e+01 5.500000e+00
      vertex   -7.711541e+00 1.286593e+01 4.000000e-01
      vertex   -7.070951e+00 1.322882e+01 4.000000e-01
    endloop
  endfacet
  facet normal 4.496113e-01 -8.932243e-01 0.000000e+00
    outer loop
      vertex   -7.070951e+00 1.322882e+01 5.500000e+00
      vertex   -7.070951e+00 1.322882e+01 4.000000e-01
      vertex   -6.413326e+00 1.355984e+01 5.500000e+00
    endloop
  endfacet
  facet normal 4.496113e-01 -8.932243e-01 0.000000e+00
    outer loop
      vertex   -6.413326e+00 1.355984e+01 5.500000e+00
      vertex   -7.070951e+00 1.322882e+01 4.000000e-01
      vertex   -6.413326e+00 1.355984e+01 4.000000e-01
    endloop
  endfacet
  facet normal 4.052413e-01 -9.142098e-01 0.000000e+00
    outer loop
      vertex   -6.413326e+00 1.355984e+01 5.500000e+00
      vertex   -6.413326e+00 1.355984e+01 4.000000e-01
      vertex   -5.740251e+00 1.385819e+01 5.500000e+00
    endloop
  endfacet
  facet normal 4.052413e-01 -9.142098e-01 -1.755928e-16
    outer loop
      vertex   -5.740251e+00 1.385819e+01 5.500000e+00
      vertex   -6.413326e+00 1.355984e+01 4.000000e-01
      vertex   -5.740251e+00 1.385819e+01 4.000000e-01
    endloop
  endfacet
  facet normal 3.598950e-01 -9.329928e-01 -1.137704e-16
    outer loop
      vertex   -5.740251e+00 1.385819e+01 5.500000e+00
      vertex   -5.740251e+00 1.385819e+01 4.000000e-01
      vertex   -5.053348e+00 1.412316e+01 5.500000e+00
    endloop
  endfacet
  facet normal 3.598950e-01 -9.329928e-01 -7.425963e-17
    outer loop
      vertex   -5.053348e+00 1.412316e+01 5.500000e+00
      vertex   -5.740251e+00 1.385819e+01 4.000000e-01
      vertex   -5.053348e+00 1.412316e+01 4.000000e-01
    endloop
  endfacet
  facet normal 3.136817e-01 -9.495282e-01 -1.122117e-16
    outer loop
      vertex   -5.053348e+00 1.412316e+01 5.500000e+00
      vertex   -5.053348e+00 1.412316e+01 4.000000e-01
      vertex   -4.354270e+00 1.435411e+01 5.500000e+00
    endloop
  endfacet
  facet normal 3.136817e-01 -9.495282e-01 0.000000e+00
    outer loop
      vertex   -4.354270e+00 1.435411e+01 5.500000e+00
      vertex   -5.053348e+00 1.412316e+01 4.000000e-01
      vertex   -4.354270e+00 1.435411e+01 4.000000e-01
    endloop
  endfacet
  facet normal 2.667128e-01 -9.637761e-01 0.000000e+00
    outer loop
      vertex   -4.354270e+00 1.435411e+01 5.500000e+00
      vertex   -4.354270e+00 1.435411e+01 4.000000e-01
      vertex   -3.644703e+00 1.455047e+01 5.500000e+00
    endloop
  endfacet
  facet normal 2.667128e-01 -9.637761e-01 0.000000e+00
    outer loop
      vertex   -3.644703e+00 1.455047e+01 5.500000e+00
      vertex   -4.354270e+00 1.435411e+01 4.000000e-01
      vertex   -3.644703e+00 1.455047e+01 4.000000e-01
    endloop
  endfacet
  facet normal 2.191012e-01 -9.757021e-01 0.000000e+00
    outer loop
      vertex   -3.644703e+00 1.455047e+01 5.500000e+00
      vertex   -3.644703e+00 1.455047e+01 4.000000e-01
      vertex   -2.926355e+00 1.471178e+01 5.500000e+00
    endloop
  endfacet
  facet normal 2.191012e-01 -9.757021e-01 -1.526282e-16
    outer loop
      vertex   -2.926355e+00 1.471178e+01 5.500000e+00
      vertex   -3.644703e+00 1.455047e+01 4.000000e-01
      vertex   -2.926355e+00 1.471178e+01 4.000000e-01
    endloop
  endfacet
  facet normal 1.709619e-01 -9.852776e-01 -1.190939e-16
    outer loop
      vertex   -2.926355e+00 1.471178e+01 5.500000e+00
      vertex   -2.926355e+00 1.471178e+01 4.000000e-01
      vertex   -2.200957e+00 1.483765e+01 5.500000e+00
    endloop
  endfacet
  facet normal 1.709619e-01 -9.852776e-01 -2.233010e-16
    outer loop
      vertex   -2.200957e+00 1.483765e+01 5.500000e+00
      vertex   -2.926355e+00 1.471178e+01 4.000000e-01
      vertex   -2.200957e+00 1.483765e+01 4.000000e-01
    endloop
  endfacet
  facet normal 1.224107e-01 -9.924795e-01 -1.598861e-16
    outer loop
      vertex   -2.200957e+00 1.483765e+01 5.500000e+00
      vertex   -2.200957e+00 1.483765e+01 4.000000e-01
      vertex   -1.470257e+00 1.492777e+01 5.500000e+00
    endloop
  endfacet
  facet normal 1.224107e-01 -9.924795e-01 1.598861e-16
    outer loop
      vertex   -1.470257e+00 1.492777e+01 5.500000e+00
      vertex   -2.200957e+00 1.483765e+01 4.000000e-01
      vertex   -1.470257e+00 1.492777e+01 4.000000e-01
    endloop
  endfacet
  facet normal 7.356456e-02 -9.972905e-01 9.608597e-17
    outer loop
      vertex   -1.470257e+00 1.492777e+01 5.500000e+00
      vertex   -1.470257e+00 1.492777e+01 4.000000e-01
      vertex   -7.360151e-01 1.498193e+01 5.500000e+00
    endloop
  endfacet
  facet normal 7.356456e-02 -9.972905e-01 4.804298e-17
    outer loop
      vertex   -7.360151e-01 1.498193e+01 5.500000e+00
      vertex   -1.470257e+00 1.492777e+01 4.000000e-01
      vertex   -7.360151e-01 1.498193e+01 4.000000e-01
    endloop
  endfacet
  facet normal 2.454123e-02 -9.996988e-01 1.602720e-17
    outer loop
      vertex   -7.360151e-01 1.498193e+01 5.500000e+00
      vertex   -7.360151e-01 1.498193e+01 4.000000e-01
      vertex   9.184851e-16 1.500000e+01 5.500000e+00
    endloop
  endfacet
  facet normal 2.454123e-02 -9.996988e-01 0.000000e+00
    outer loop
      vertex   9.184851e-16 1.500000e+01 5.500000e+00
      vertex   -7.360151e-01 1.498193e+01 4.000000e-01
      vertex   9.184851e-16 1.500000e+01 4.000000e-01
    endloop
  endfacet
  facet normal -2.454123e-02 -9.996988e-01 -0.000000e+00
    outer loop
      vertex   9.184851e-16 1.500000e+01 5.500000e+00
      vertex   9.184851e-16 1.500000e+01 4.000000e-01
      vertex   7.360151e-01 1.498193e+01 5.500000e+00
    endloop
  endfacet
  facet normal -2.454123e-02 -9.996988e-01 1.602720e-17
    outer loop
      vertex   7.360151e-01 1.498193e+01 5.500000e+00
      vertex   9.184851e-16 1.500000e+01 4.000000e-01
      vertex   7.360151e-01 1.498193e+01 4.000000e-01
    endloop
  endfacet
  facet normal -7.356456e-02 -9.972905e-01 4.804298e-17
    outer loop
      vertex   7.360151e-01 1.498193e+01 5.500000e+00
      vertex   7.360151e-01 1.498193e+01 4.000000e-01
      vertex   1.470257e+00 1.492777e+01 5.500000e+00
    endloop
  endfacet
  facet normal -7.356456e-02 -9.972905e-01 -2.512755e-16
    outer loop
      vertex   1.470257e+00 1.492777e+01 5.500000e+00
      vertex   7.360151e-01 1.498193e+01 4.000000e-01
      vertex   1.470257e+00 1.492777e+01 4.000000e-01
    endloop
  endfacet
  facet normal -1.224107e-01 -9.924795e-01 -1.857998e-16
    outer loop
      vertex   1.470257e+00 1.492777e+01 5.500000e+00
      vertex   1.470257e+00 1.492777e+01 4.000000e-01
      vertex   2.200957e+00 1.483765e+01 5.500000e+00
    endloop
  endfacet
  facet normal -1.224107e-01 -9.924795e-01 -1.598861e-16
    outer loop
      vertex   2.200957e+00 1.483765e+01 5.500000e+00
      vertex   1.470257e+00 1.492777e+01 4.000000e-01
      vertex   2.200957e+00 1.483765e+01 4.000000e-01
    endloop
  endfacet
  facet normal -1.709619e-01 -9.852776e-01 -2.233010e-16
    outer loop
      vertex   2.200957e+00 1.483765e+01 5.500000e+00
      vertex   2.200957e+00 1.483765e+01 4.000000e-01
      vertex   2.926355e+00 1.471178e+01 5.500000e+00
    endloop
  endfacet
  facet normal -1.709619e-01 -9.852776e-01 -1.042071e-16
    outer loop
      vertex   2.926355e+00 1.471178e+01 5.500000e+00
      vertex   2.200957e+00 1.483765e+01 4.000000e-01
      vertex   2.926355e+00 1.471178e+01 4.000000e-01
    endloop
  endfacet
  facet normal -2.191012e-01 -9.757021e-01 -1.335497e-16
    outer loop
      vertex   2.926355e+00 1.471178e+01 5.500000e+00
      vertex   2.926355e+00 1.471178e+01 4.000000e-01
      vertex   3.644703e+00 1.455047e+01 5.500000e+00
    endloop
  endfacet
  facet normal -2.191012e-01 -9.757021e-01 -0.000000e+00
    outer loop
      vertex   3.644703e+00 1.455047e+01 5.500000e+00
      vertex   2.926355e+00 1.471178e+01 4.000000e-01
      vertex   3.644703e+00 1.455047e+01 4.000000e-01
    endloop
  endfacet
  facet normal -2.667128e-01 -9.637761e-01 -0.000000e+00
    outer loop
      vertex   3.644703e+00 1.455047e+01 5.500000e+00
      vertex   3.644703e+00 1.455047e+01 4.000000e-01
      vertex   4.354270e+00 1.435411e+01 5.500000e+00
    endloop
  endfacet
  facet normal -2.667128e-01 -9.637761e-01 -0.000000e+00
    outer loop
      vertex   4.354270e+00 1.435411e+01 5.500000e+00
      vertex   3.644703e+00 1.455047e+01 4.000000e-01
      vertex   4.354270e+00 1.435411e+01 4.000000e-01
    endloop
  endfacet
  facet normal -3.136817e-01 -9.495282e-01 -0.000000e+00
    outer loop
      vertex   4.354270e+00 1.435411e+01 5.500000e+00
      vertex   4.354270e+00 1.435411e+01 4.000000e-01
      vertex   5.053348e+00 1.412316e+01 5.500000e+00
    endloop
  endfacet
  facet normal -3.136817e-01 -9.495282e-01 2.185140e-16
    outer loop
      vertex   5.053348e+00 1.412316e+01 5.500000e+00
      vertex   4.354270e+00 1.435411e+01 4.000000e-01
      vertex   5.053348e+00 1.412316e+01 4.000000e-01
    endloop
  endfacet
  facet normal -3.598950e-01 -9.329928e-01 2.507067e-16
    outer loop
      vertex   5.053348e+00 1.412316e+01 5.500000e+00
      vertex   5.053348e+00 1.412316e+01 4.000000e-01
      vertex   5.740251e+00 1.385819e+01 5.500000e+00
    endloop
  endfacet
  facet normal -3.598950e-01 -9.329928e-01 5.361622e-16
    outer loop
      vertex   5.740251e+00 1.385819e+01 5.500000e+00
      vertex   5.053348e+00 1.412316e+01 4.000000e-01
      vertex   5.740251e+00 1.385819e+01 4.000000e-01
    endloop
  endfacet
  facet normal -4.052413e-01 -9.142098e-01 4.612553e-16
    outer loop
      vertex   5.740251e+00 1.385819e+01 5.500000e+00
      vertex   5.740251e+00 1.385819e+01 4.000000e-01
      vertex   6.413326e+00 1.355984e+01 5.500000e+00
    endloop
  endfacet
  facet normal -4.052413e-01 -9.142098e-01 -4.234430e-16
    outer loop
      vertex   6.413326e+00 1.355984e+01 5.500000e+00
      vertex   5.740251e+00 1.385819e+01 4.000000e-01
      vertex   6.413326e+00 1.355984e+01 4.000000e-01
    endloop
  endfacet
  facet normal -4.496113e-01 -8.932243e-01 -4.698060e-16
    outer loop
      vertex   6.413326e+00 1.355984e+01 5.500000e+00
      vertex   6.413326e+00 1.355984e+01 4.000000e-01
      vertex   7.070951e+00 1.322882e+01 5.500000e+00
    endloop
  endfacet
  facet normal -4.496113e-01 -8.932243e-01 -0.000000e+00
    outer loop
      vertex   7.070951e+00 1.322882e+01 5.500000e+00
      vertex   6.413326e+00 1.355984e+01 4.000000e-01
      vertex   7.070951e+00 1.322882e+01 4.000000e-01
    endloop
  endfacet
  facet normal -4.928982e-01 -8.700870e-01 -0.000000e+00
    outer loop
      vertex   7.070951e+00 1.322882e+01 5.500000e+00
      vertex   7.070951e+00 1.322882e+01 4.000000e-01
      vertex   7.711541e+00 1.286593e+01 5.500000e+00
    endloop
  endfacet
  facet normal -4.928982e-01 -8.700870e-01 -0.000000e+00
    outer loop
      vertex   7.711541e+00 1.286593e+01 5.500000e+00
      vertex   7.070951e+00 1.322882e+01 4.000000e-01
      vertex   7.711541e+00 1.286593e+01 4.000000e-01
    endloop
  endfacet
  facet normal -5.349976e-01 -8.448536e-01 -0.000000e+00
    outer loop
      vertex   7.711541e+00 1.286593e+01 5.500000e+00
      vertex   7.711541e+00 1.286593e+01 4.000000e-01
      vertex   8.333553e+00 1.247204e+01 5.500000e+00
    endloop
  endfacet
  facet normal -5.349976e-01 -8.448536e-01 -0.000000e+00
    outer loop
      vertex   8.333553e+00 1.247204e+01 5.500000e+00
      vertex   7.711541e+00 1.286593e+01 4.000000e-01
      vertex   8.333553e+00 1.247204e+01 4.000000e-01
    endloop
  endfacet
  facet normal -5.758082e-01 -8.175848e-01 -0.000000e+00
    outer loop
      vertex   8.333553e+00 1.247204e+01 5.500000e+00
      vertex   8.333553e+00 1.247204e+01 4.000000e-01
      vertex   8.935490e+00 1.204811e+01 5.500000e+00
    endloop
  endfacet
  facet normal -5.758082e-01 -8.175848e-01 2.326899e-16
    outer loop
      vertex   8.935490e+00 1.204811e+01 5.500000e+00
      vertex   8.333553e+00 1.247204e+01 4.000000e-01
      vertex   8.935490e+00 1.204811e+01 4.000000e-01
    endloop
  endfacet
  facet normal -6.152316e-01 -7.883464e-01 3.079832e-16
    outer loop
      vertex   8.935490e+00 1.204811e+01 5.500000e+00
      vertex   8.935490e+00 1.204811e+01 4.000000e-01
      vertex   9.515899e+00 1.159516e+01 5.500000e+00
    endloop
  endfacet
  facet normal -6.152316e-01 -7.883464e-01 1.205936e-16
    outer loop
      vertex   9.515899e+00 1.159516e+01 5.500000e+00
      vertex   8.935490e+00 1.204811e+01 4.000000e-01
      vertex   9.515899e+00 1.159516e+01 4.000000e-01
    endloop
  endfacet
  facet normal -6.531728e-01 -7.572088e-01 7.247258e-17
    outer loop
      vertex   9.515899e+00 1.159516e+01 5.500000e+00
      vertex   9.515899e+00 1.159516e+01 4.000000e-01
      vertex   1.007338e+01 1.111427e+01 5.500000e+00
    endloop
  endfacet
  facet normal -6.531728e-01 -7.572088e-01 -0.000000e+00
    outer loop
      vertex   1.007338e+01 1.111427e+01 5.500000e+00
      vertex   9.515899e+00 1.159516e+01 4.000000e-01
      vertex   1.007338e+01 1.111427e+01 4.000000e-01
    endloop
  endfacet
  facet normal -6.895405e-01 -7.242471e-01 -0.000000e+00
    outer loop
      vertex   1.007338e+01 1.111427e+01 5.500000e+00
      vertex   1.007338e+01 1.111427e+01 4.000000e-01
      vertex   1.060660e+01 1.060660e+01 5.500000e+00
    endloop
  endfacet
  facet normal -6.895405e-01 -7.242471e-01 -0.000000e+00
    outer loop
      vertex   1.060660e+01 1.060660e+01 5.500000e+00
      vertex   1.007338e+01 1.111427e+01 4.000000e-01
      vertex   1.060660e+01 1.060660e+01 4.000000e-01
    endloop
  endfacet
  facet normal -7.242471e-01 -6.895405e-01 -0.000000e+00
    outer loop
      vertex   1.060660e+01 1.060660e+01 5.500000e+00
      vertex   1.060660e+01 1.060660e+01 4.000000e-01
      vertex   1.111427e+01 1.007338e+01 5.500000e+00
    endloop
  endfacet
  facet normal -7.242471e-01 -6.895405e-01 -0.000000e+00
    outer loop
      vertex   1.111427e+01 1.007338e+01 5.500000e+00
      vertex   1.060660e+01 1.060660e+01 4.000000e-01
      vertex   1.111427e+01 1.007338e+01 4.000000e-01
    endloop
  endfacet
  facet normal -7.572088e-01 -6.531728e-01 -0.000000e+00
    outer loop
      vertex   1.111427e+01 1.007338e+01 5.500000e+00
      vertex   1.111427e+01 1.007338e+01 4.000000e-01
      vertex   1.159516e+01 9.515899e+00 5.500000e+00
    endloop
  endfacet
  facet normal -7.572088e-01 -6.531728e-01 -0.000000e+00
    outer loop
      vertex   1.159516e+01 9.515899e+00 5.500000e+00
      vertex   1.111427e+01 1.007338e+01 4.000000e-01
      vertex   1.159516e+01 9.515899e+00 4.000000e-01
    endloop
  endfacet
  facet normal -7.883464e-01 -6.152316e-01 -0.000000e+00
    outer loop
      vertex   1.159516e+01 9.515899e+00 5.500000e+00
      vertex   1.159516e+01 9.515899e+00 4.000000e-01
      vertex   1.204811e+01 8.935490e+00 5.500000e+00
    endloop
  endfacet
  facet normal -7.883464e-01 -6.152316e-01 -0.000000e+00
    outer loop
      vertex   1.204811e+01 8.935490e+00 5.500000e+00
      vertex   1.159516e+01 9.515899e+00 4.000000e-01
      vertex   1.204811e+01 8.935490e+00 4.000000e-01
    endloop
  endfacet
  facet normal -8.175848e-01 -5.758082e-01 -0.000000e+00
    outer loop
      vertex   1.204811e+01 8.935490e+00 5.500000e+00
      vertex   1.204811e+01 8.935490e+00 4.000000e-01
      vertex   1.247204e+01 8.333553e+00 5.500000e+00
    endloop
  endfacet
  facet normal -8.175848e-01 -5.758082e-01 -0.000000e+00
    outer loop
      vertex   1.247204e+01 8.333553e+00 5.500000e+00
      vertex   1.204811e+01 8.935490e+00 4.000000e-01
      vertex   1.247204e+01 8.333553e+00 4.000000e-01
    endloop
  endfacet
  facet normal -8.448536e-01 -5.349976e-01 -0.000000e+00
    outer loop
      vertex   1.247204e+01 8.333553e+00 5.500000e+00
      vertex   1.247204e+01 8.333553e+00 4.000000e-01
      vertex   1.286593e+01 7.711541e+00 5.500000e+00
    endloop
  endfacet
  facet normal -8.448536e-01 -5.349976e-01 -0.000000e+00
    outer loop
      vertex   1.286593e+01 7.711541e+00 5.500000e+00
      vertex   1.247204e+01 8.333553e+00 4.000000e-01
      vertex   1.286593e+01 7.711541e+00 4.000000e-01
    endloop
  endfacet
  facet normal -8.700870e-01 -4.928982e-01 -0.000000e+00
    outer loop
      vertex   1.286593e+01 7.711541e+00 5.500000e+00
      vertex   1.286593e+01 7.711541e+00 4.000000e-01
      vertex   1.322882e+01 7.070951e+00 5.500000e+00
    endloop
  endfacet
  facet normal -8.700870e-01 -4.928982e-01 -0.000000e+00
    outer loop
      vertex   1.322882e+01 7.070951e+00 5.500000e+00
      vertex   1.286593e+01 7.711541e+00 4.000000e-01
      vertex   1.322882e+01 7.070951e+00 4.000000e-01
    endloop
  endfacet
  facet normal -8.932243e-01 -4.496113e-01 -0.000000e+00
    outer loop
      vertex   1.322882e+01 7.070951e+00 5.500000e+00
      vertex   1.322882e+01 7.070951e+00 4.000000e-01
      vertex   1.355984e+01 6.413326e+00 5.500000e+00
    endloop
  endfacet
  facet normal -8.932243e-01 -4.496113e-01 -0.000000e+00
    outer loop
      vertex   1.355984e+01 6.413326e+00 5.500000e+00
      vertex   1.322882e+01 7.070951e+00 4.000000e-01
      vertex   1.355984e+01 6.413326e+00 4.000000e-01
    endloop
  endfacet
  facet normal -9.142098e-01 -4.052413e-01 -0.000000e+00
    outer loop
      vertex   1.355984e+01 6.413326e+00 5.500000e+00
      vertex   1.355984e+01 6.413326e+00 4.000000e-01
      vertex   1.385819e+01 5.740251e+00 5.500000e+00
    endloop
  endfacet
  facet normal -9.142098e-01 -4.052413e-01 -0.000000e+00
    outer loop
      vertex   1.385819e+01 5.740251e+00 5.500000e+00
      vertex   1.355984e+01 6.413326e+00 4.000000e-01
      vertex   1.385819e+01 5.740251e+00 4.000000e-01
    endloop
  endfacet
  facet normal -9.329928e-01 -3.598950e-01 -0.000000e+00
    outer loop
      vertex   1.385819e+01 5.740251e+00 5.500000e+00
      vertex   1.385819e+01 5.740251e+00 4.000000e-01
      vertex   1.412316e+01 5.053348e+00 5.500000e+00
    endloop
  endfacet
  facet normal -9.329928e-01 -3.598950e-01 -0.000000e+00
    outer loop
      vertex   1.412316e+01 5.053348e+00 5.500000e+00
      vertex   1.385819e+01 5.740251e+00 4.000000e-01
      vertex   1.412316e+01 5.053348e+00 4.000000e-01
    endloop
  endfacet
  facet normal -9.495282e-01 -3.136817e-01 -0.000000e+00
    outer loop
      vertex   1.412316e+01 5.053348e+00 5.500000e+00
      vertex   1.412316e+01 5.053348e+00 4.000000e-01
      vertex   1.435411e+01 4.354270e+00 5.500000e+00
    endloop
  endfacet
  facet normal -9.495282e-01 -3.136817e-01 -0.000000e+00
    outer loop
      vertex   1.435411e+01 4.354270e+00 5.500000e+00
      vertex   1.412316e+01 5.053348e+00 4.000000e-01
      vertex   1.435411e+01 4.354270e+00 4.000000e-01
    endloop
  endfacet
  facet normal -9.637761e-01 -2.667128e-01 -0.000000e+00
    outer loop
      vertex   1.435411e+01 4.354270e+00 5.500000e+00
      vertex   1.435411e+01 4.354270e+00 4.000000e-01
      vertex   1.455047e+01 3.644703e+00 5.500000e+00
    endloop
  endfacet
  facet normal -9.637761e-01 -2.667128e-01 -0.000000e+00
    outer loop
      vertex   1.455047e+01 3.644703e+00 5.500000e+00
      vertex   1.435411e+01 4.354270e+00 4.000000e-01
      vertex   1.455047e+01 3.644703e+00 4.000000e-01
    endloop
  endfacet
  facet normal -9.757021e-01 -2.191012e-01 -0.000000e+00
    outer loop
      vertex   1.455047e+01 3.644703e+00 5.500000e+00
      vertex   1.455047e+01 3.644703e+00 4.000000e-01
      vertex   1.471178e+01 2.926355e+00 5.500000e+00
    endloop
  endfacet
  facet normal -9.757021e-01 -2.191012e-01 -0.000000e+00
    outer loop
      vertex   1.471178e+01 2.926355e+00 5.500000e+00
      vertex   1.455047e+01 3.644703e+00 4.000000e-01
      vertex   1.471178e+01 2.926355e+00 4.000000e-01
    endloop
  endfacet
  facet normal -9.852776e-01 -1.709619e-01 -0.000000e+00
    outer loop
      vertex   1.471178e+01 2.926355e+00 5.500000e+00
      vertex   1.471178e+01 2.926355e+00 4.000000e-01
      vertex   1.483765e+01 2.200957e+00 5.500000e+00
    endloop
  endfacet
  facet normal -9.852776e-01 -1.709619e-01 -0.000000e+00
    outer loop
      vertex   1.483765e+01 2.200957e+00 5.500000e+00
      vertex   1.471178e+01 2.926355e+00 4.000000e-01
      vertex   1.483765e+01 2.200957e+00 4.000000e-01
    endloop
  endfacet
  facet normal -9.924795e-01 -1.224107e-01 -0.000000e+00
    outer loop
      vertex   1.483765e+01 2.200957e+00 5.500000e+00
      vertex   1.483765e+01 2.200957e+00 4.000000e-01
      vertex   1.492777e+01 1.470257e+00 5.500000e+00
    endloop
  endfacet
  facet normal -9.924795e-01 -1.224107e-01 -0.000000e+00
    outer loop
      vertex   1.492777e+01 1.470257e+00 5.500000e+00
      vertex   1.483765e+01 2.200957e+00 4.000000e-01
      vertex   1.492777e+01 1.470257e+00 4.000000e-01
    endloop
  endfacet
  facet normal -9.972905e-01 -7.356456e-02 -0.000000e+00
    outer loop
      vertex   1.492777e+01 1.470257e+00 5.500000e+00
      vertex   1.492777e+01 1.470257e+00 4.000000e-01
      vertex   1.498193e+01 7.360151e-01 5.500000e+00
    endloop
  endfacet
  facet normal -9.972905e-01 -7.356456e-02 -0.000000e+00
    outer loop
      vertex   1.498193e+01 7.360151e-01 5.500000e+00
      vertex   1.492777e+01 1.470257e+00 4.000000e-01
      vertex   1.498193e+01 7.360151e-01 4.000000e-01
    endloop
  endfacet
  facet normal -9.996988e-01 -2.454123e-02 -0.000000e+00
    outer loop
      vertex   1.498193e+01 7.360151e-01 5.500000e+00
      vertex   1.498193e+01 7.360151e-01 4.000000e-01
      vertex   1.500000e+01 0.000000e+00 5.500000e+00
    endloop
  endfacet
  facet normal -9.996988e-01 -2.454123e-02 -0.000000e+00
    outer loop
      vertex   1.500000e+01 0.000000e+00 5.500000e+00
      vertex   1.498193e+01 7.360151e-01 4.000000e-01
      vertex   1.500000e+01 0.000000e+00 4.000000e-01
    endloop
  endfacet
  facet normal -9.996988e-01 2.454123e-02 0.000000e+00
    outer loop
      vertex   1.500000e+01 0.000000e+00 5.500000e+00
      vertex   1.500000e+01 0.000000e+00 4.000000e-01
      vertex   1.498193e+01 -7.360151e-01 5.500000e+00
    endloop
  endfacet
  facet normal -9.996988e-01 2.454123e-02 0.000000e+00
    outer loop
      vertex   1.498193e+01 -7.360151e-01 5.500000e+00
      vertex   1.500000e+01 0.000000e+00 4.000000e-01
      vertex   1.498193e+01 -7.360151e-01 4.000000e-01
    endloop
  endfacet
  facet normal -9.972905e-01 7.356456e-02 0.000000e+00
    outer loop
      vertex   1.498193e+01 -7.360151e-01 5.500000e+00
      vertex   1.498193e+01 -7.360151e-01 4.000000e-01
      vertex   1.492777e+01 -1.470257e+00 5.500000e+00
    endloop
  endfacet
  facet normal -9.972905e-01 7.356456e-02 0.000000e+00
    outer loop
      vertex   1.492777e+01 -1.470257e+00 5.500000e+00
      vertex   1.498193e+01 -7.360151e-01 4.000000e-01
      vertex   1.492777e+01 -1.470257e+00 4.000000e-01
    endloop
  endfacet
  facet normal -9.924795e-01 1.224107e-01 0.000000e+00
    outer loop
      vertex   1.492777e+01 -1.470257e+00 5.500000e+00
      vertex   1.492777e+01 -1.470257e+00 4.000000e-01
      vertex   1.483765e+01 -2.200957e+00 5.500000e+00
    endloop
  endfacet
  facet normal -9.924795e-01 1.224107e-01 0.000000e+00
    outer loop
      vertex   1.483765e+01 -2.200957e+00 5.500000e+00
      vertex   1.492777e+01 -1.470257e+00 4.000000e-01
      vertex   1.483765e+01 -2.200957e+00 4.000000e-01
    endloop
  endfacet
  facet normal -9.852776e-01 1.709619e-01 0.000000e+00
    outer loop
      vertex   1.483765e+01 -2.200957e+00 5.500000e+00
      vertex   1.483765e+01 -2.200957e+00 4.000000e-01
      vertex   1.471178e+01 -2.926355e+00 5.500000e+00
    endloop
  endfacet
  facet normal -9.852776e-01 1.709619e-01 0.000000e+00
    outer loop
      vertex   1.471178e+01 -2.926355e+00 5.500000e+00
      vertex   1.483765e+01 -2.200957e+00 4.000000e-01
      vertex   1.471178e+01 -2.926355e+00 4.000000e-01
    endloop
  endfacet
  facet normal -9.757021e-01 2.191012e-01 0.000000e+00
    outer loop
      vertex   1.471178e+01 -2.926355e+00 5.500000e+00
      vertex   1.471178e+01 -2.926355e+00 4.000000e-01
      vertex   1.455047e+01 -3.644703e+00 5.500000e+00
    endloop
  endfacet
  facet normal -9.757021e-01 2.191012e-01 0.000000e+00
    outer loop
      vertex   1.455047e+01 -3.644703e+00 5.500000e+00
      vertex   1.471178e+01 -2.926355e+00 4.000000e-01
      vertex   1.455047e+01 -3.644703e+00 4.000000e-01
    endloop
  endfacet
  facet normal -9.637761e-01 2.667128e-01 0.000000e+00
    outer loop
      vertex   1.455047e+01 -3.644703e+00 5.500000e+00
      vertex   1.455047e+01 -3.644703e+00 4.000000e-01
      vertex   1.435411e+01 -4.354270e+00 5.500000e+00
    endloop
  endfacet
  facet normal -9.637761e-01 2.667128e-01 0.000000e+00
    outer loop
      vertex   1.435411e+01 -4.354270e+00 5.500000e+00
      vertex   1.455047e+01 -3.644703e+00 4.000000e-01
      vertex   1.435411e+01 -4.354270e+00 4.000000e-01
    endloop
  endfacet
  facet normal -9.495282e-01 3.136817e-01 0.000000e+00
    outer loop
      vertex   1.435411e+01 -4.354270e+00 5.500000e+00
      vertex   1.435411e+01 -4.354270e+00 4.000000e-01
      vertex   1.412316e+01 -5.053348e+00 5.500000e+00
    endloop
  endfacet
  facet normal -9.495282e-01 3.136817e-01 0.000000e+00
    outer loop
      vertex   1.412316e+01 -5.053348e+00 5.500000e+00
      vertex   1.435411e+01 -4.354270e+00 4.000000e-01
      vertex   1.412316e+01 -5.053348e+00 4.000000e-01
    endloop
  endfacet
  facet normal -9.329928e-01 3.598950e-01 0.000000e+00
    outer loop
      vertex   1.412316e+01 -5.053348e+00 5.500000e+00
      vertex   1.412316e+01 -5.053348e+00 4.000000e-01
      vertex   1.385819e+01 -5.740251e+00 5.500000e+00
    endloop
  endfacet
  facet normal -9.329928e-01 3.598950e-01 0.000000e+00
    outer loop
      vertex   1.385819e+01 -5.740251e+00 5.500000e+00
      vertex   1.412316e+01 -5.053348e+00 4.000000e-01
      vertex   1.385819e+01 -5.740251e+00 4.000000e-01
    endloop
  endfacet
  facet normal -9.142098e-01 4.052413e-01 0.000000e+00
    outer loop
      vertex   1.385819e+01 -5.740251e+00 5.500000e+00
      vertex   1.385819e+01 -5.740251e+00 4.000000e-01
      vertex   1.355984e+01 -6.413326e+00 5.500000e+00
    endloop
  endfacet
  facet normal -9.142098e-01 4.052413e-01 0.000000e+00
    outer loop
      vertex   1.355984e+01 -6.413326e+00 5.500000e+00
      vertex   1.385819e+01 -5.740251e+00 4.000000e-01
      vertex   1.355984e+01 -6.413326e+00 4.000000e-01
    endloop
  endfacet
  facet normal -8.932243e-01 4.496113e-01 0.000000e+00
    outer loop
      vertex   1.355984e+01 -6.413326e+00 5.500000e+00
      vertex   1.355984e+01 -6.413326e+00 4.000000e-01
      vertex   1.322882e+01 -7.070951e+00 5.500000e+00
    endloop
  endfacet
  facet normal -8.932243e-01 4.496113e-01 0.000000e+00
    outer loop
      vertex   1.322882e+01 -7.070951e+00 5.500000e+00
      vertex   1.355984e+01 -6.413326e+00 4.000000e-01
      vertex   1.322882e+01 -7.070951e+00 4.000000e-01
    endloop
  endfacet
  facet normal -8.700870e-01 4.928982e-01 0.000000e+00
    outer loop
      vertex   1.322882e+01 -7.070951e+00 5.500000e+00
      vertex   1.322882e+01 -7.070951e+00 4.000000e-01
      vertex   1.286593e+01 -7.711541e+00 5.500000e+00
    endloop
  endfacet
  facet normal -8.700870e-01 4.928982e-01 0.000000e+00
    outer loop
      vertex   1.286593e+01 -7.711541e+00 5.500000e+00
      vertex   1.322882e+01 -7.070951e+00 4.000000e-01
      vertex   1.286593e+01 -7.711541e+00 4.000000e-01
    endloop
  endfacet
  facet normal -8.448536e-01 5.349976e-01 0.000000e+00
    outer loop
      vertex   1.286593e+01 -7.711541e+00 5.500000e+00
      vertex   1.286593e+01 -7.711541e+00 4.000000e-01
      vertex   1.247204e+01 -8.333553e+00 5.500000e+00
    endloop
  endfacet
  facet normal -8.448536e-01 5.349976e-01 0.000000e+00
    outer loop
      vertex   1.247204e+01 -8.333553e+00 5.500000e+00
      vertex   1.286593e+01 -7.711541e+00 4.000000e-01
      vertex   1.247204e+01 -8.333553e+00 4.000000e-01
    endloop
  endfacet
  facet normal -8.175848e-01 5.758082e-01 0.000000e+00
    outer loop
      vertex   1.247204e+01 -8.333553e+00 5.500000e+00
      vertex   1.247204e+01 -8.333553e+00 4.000000e-01
      vertex   1.204811e+01 -8.935490e+00 5.500000e+00
    endloop
  endfacet
  facet normal -8.175848e-01 5.758082e-01 0.000000e+00
    outer loop
      vertex   1.204811e+01 -8.935490e+00 5.500000e+00
      vertex   1.247204e+01 -8.333553e+00 4.000000e-01
      vertex   1.204811e+01 -8.935490e+00 4.000000e-01
    endloop
  endfacet
  facet normal -7.883464e-01 6.152316e-01 0.000000e+00
    outer loop
      vertex   1.204811e+01 -8.935490e+00 5.500000e+00
      vertex   1.204811e+01 -8.935490e+00 4.000000e-01
      vertex   1.159516e+01 -9.515899e+00 5.500000e+00
    endloop
  endfacet
  facet normal -7.883464e-01 6.152316e-01 0.000000e+00
    outer loop
      vertex   1.159516e+01 -9.515899e+00 5.500000e+00
      vertex   1.204811e+01 -8.935490e+00 4.000000e-01
      vertex   1.159516e+01 -9.515899e+00 4.000000e-01
    endloop
  endfacet
  facet normal -7.572088e-01 6.531728e-01 0.000000e+00
    outer loop
      vertex   1.159516e+01 -9.515899e+00 5.500000e+00
      vertex   1.159516e+01 -9.515899e+00 4.000000e-01
      vertex   1.111427e+01 -1.007338e+01 5.500000e+00
    endloop
  endfacet
  facet normal -7.572088e-01 6.531728e-01 0.000000e+00
    outer loop
      vertex   1.111427e+01 -1.007338e+01 5.500000e+00
      vertex   1.159516e+01 -9.515899e+00 4.000000e-01
      vertex   1.111427e+01 -1.007338e+01 4.000000e-01
    endloop
  endfacet
  facet normal -7.242471e-01 6.895405e-01 0.000000e+00
    outer loop
      vertex   1.111427e+01 -1.007338e+01 5.500000e+00
      vertex   1.111427e+01 -1.007338e+01 4.000000e-01
      vertex   1.060660e+01 -1.060660e+01 5.500000e+00
    endloop
  endfacet
  facet normal -7.242471e-01 6.895405e-01 0.000000e+00
    outer loop
      vertex   1.060660e+01 -1.060660e+01 5.500000e+00
      vertex   1.111427e+01 -1.007338e+01 4.000000e-01
      vertex   1.060660e+01 -1.060660e+01 4.000000e-01
    endloop
  endfacet
  facet normal -6.895405e-01 7.242471e-01 0.000000e+00
    outer loop
      vertex   1.060660e+01 -1.060660e+01 5.500000e+00
      vertex   1.060660e+01 -1.060660e+01 4.000000e-01
      vertex   1.007338e+01 -1.111427e+01 5.500000e+00
    endloop
  endfacet
  facet normal -6.895405e-01 7.242471e-01 0.000000e+00
    outer loop
      vertex   1.007338e+01 -1.111427e+01 5.500000e+00
      vertex   1.060660e+01 -1.060660e+01 4.000000e-01
      vertex   1.007338e+01 -1.111427e+01 4.000000e-01
    endloop
  endfacet
  facet normal -6.531728e-01 7.572088e-01 0.000000e+00
    outer loop
      vertex   1.007338e+01 -1.111427e+01 5.500000e+00
      vertex   1.007338e+01 -1.111427e+01 4.000000e-01
      vertex   9.515899e+00 -1.159516e+01 5.500000e+00
    endloop
  endfacet
  facet normal -6.531728e-01 7.572088e-01 -7.247258e-17
    outer loop
      vertex   9.515899e+00 -1.159516e+01 5.500000e+00
      vertex   1.007338e+01 -1.111427e+01 4.000000e-01
      vertex   9.515899e+00 -1.159516e+01 4.000000e-01
    endloop
  endfacet
  facet normal -6.152316e-01 7.883464e-01 -1.205936e-16
    outer loop
      vertex   9.515899e+00 -1.159516e+01 5.500000e+00
      vertex   9.515899e+00 -1.159516e+01 4.000000e-01
      vertex   8.935490e+00 -1.204811e+01 5.500000e+00
    endloop
  endfacet
  facet normal -6.152316e-01 7.883464e-01 -3.079832e-16
    outer loop
      vertex   8.935490e+00 -1.204811e+01 5.500000e+00
      vertex   9.515899e+00 -1.159516e+01 4.000000e-01
      vertex   8.935490e+00 -1.204811e+01 4.000000e-01
    endloop
  endfacet
  facet normal -5.758082e-01 8.175848e-01 -2.326899e-16
    outer loop
      vertex   8.935490e+00 -1.204811e+01 5.500000e+00
      vertex   8.935490e+00 -1.204811e+01 4.000000e-01
      vertex   8.333553e+00 -1.247204e+01 5.500000e+00
    endloop
  endfacet
  facet normal -5.758082e-01 8.175848e-01 0.000000e+00
    outer loop
      vertex   8.333553e+00 -1.247204e+01 5.500000e+00
      vertex   8.935490e+00 -1.204811e+01 4.000000e-01
      vertex   8.333553e+00 -1.247204e+01 4.000000e-01
    endloop
  endfacet
  facet normal -5.349976e-01 8.448536e-01 0.000000e+00
    outer loop
      vertex   8.333553e+00 -1.247204e+01 5.500000e+00
      vertex   8.333553e+00 -1.247204e+01 4.000000e-01
      vertex   7.711541e+00 -1.286593e+01 5.500000e+00
    endloop
  endfacet
  facet normal -5.349976e-01 8.448536e-01 0.000000e+00
    outer loop
      vertex   7.711541e+00 -1.286593e+01 5.500000e+00
      vertex   8.333553e+00 -1.247204e+01 4.000000e-01
      vertex   7.711541e+00 -1.286593e+01 4.000000e-01
    endloop
  endfacet
  facet normal -4.928982e-01 8.700870e-01 0.000000e+00
    outer loop
      vertex   7.711541e+00 -1.286593e+01 5.500000e+00
      vertex   7.711541e+00 -1.286593e+01 4.000000e-01
      vertex   7.070951e+00 -1.322882e+01 5.500000e+00
    endloop
  endfacet
  facet normal -4.928982e-01 8.700870e-01 0.000000e+00
    outer loop
      vertex   7.070951e+00 -1.322882e+01 5.500000e+00
      vertex   7.711541e+00 -1.286593e+01 4.000000e-01
      vertex   7.070951e+00 -1.322882e+01 4.000000e-01
    endloop
  endfacet
  facet normal -4.496113e-01 8.932243e-01 0.000000e+00
    outer loop
      vertex   7.070951e+00 -1.322882e+01 5.500000e+00
      vertex   7.070951e+00 -1.322882e+01 4.000000e-01
      vertex   6.413326e+00 -1.355984e+01 5.500000e+00
    endloop
  endfacet
  facet normal -4.496113e-01 8.932243e-01 4.698060e-16
    outer loop
      vertex   6.413326e+00 -1.355984e+01 5.500000e+00
      vertex   7.070951e+00 -1.322882e+01 4.000000e-01
      vertex   6.413326e+00 -1.355984e+01 4.000000e-01
    endloop
  endfacet
  facet normal -4.052413e-01 9.142098e-01 4.234430e-16
    outer loop
      vertex   6.413326e+00 -1.355984e+01 5.500000e+00
      vertex   6.413326e+00 -1.355984e+01 4.000000e-01
      vertex   5.740251e+00 -1.385819e+01 5.500000e+00
    endloop
  endfacet
  facet normal -4.052413e-01 9.142098e-01 -4.612553e-16
    outer loop
      vertex   5.740251e+00 -1.385819e+01 5.500000e+00
      vertex   6.413326e+00 -1.355984e+01 4.000000e-01
      vertex   5.740251e+00 -1.385819e+01 4.000000e-01
    endloop
  endfacet
  facet normal -3.598950e-01 9.329928e-01 -5.361622e-16
    outer loop
      vertex   5.740251e+00 -1.385819e+01 5.500000e+00
      vertex   5.740251e+00 -1.385819e+01 4.000000e-01
      vertex   5.053348e+00 -1.412316e+01 5.500000e+00
    endloop
  endfacet
  facet normal -3.598950e-01 9.329928e-01 -2.507067e-16
    outer loop
      vertex   5.053348e+00 -1.412316e+01 5.500000e+00
      vertex   5.740251e+00 -1.385819e+01 4.000000e-01
      vertex   5.053348e+00 -1.412316e+01 4.000000e-01
    endloop
  endfacet
  facet normal -3.136817e-01 9.495282e-01 -2.185140e-16
    outer loop
      vertex   5.053348e+00 -1.412316e+01 5.500000e+00
      vertex   5.053348e+00 -1.412316e+01 4.000000e-01
      vertex   4.354270e+00 -1.435411e+01 5.500000e+00
    endloop
  endfacet
  facet normal -3.136817e-01 9.495282e-01 0.000000e+00
    outer loop
      vertex   4.354270e+00 -1.435411e+01 5.500000e+00
      vertex   5.053348e+00 -1.412316e+01 4.000000e-01
      vertex   4.354270e+00 -1.435411e+01 4.000000e-01
    endloop
  endfacet
  facet normal -2.667128e-01 9.637761e-01 0.000000e+00
    outer loop
      vertex   4.354270e+00 -1.435411e+01 5.500000e+00
      vertex   4.354270e+00 -1.435411e+01 4.000000e-01
      vertex   3.644703e+00 -1.455047e+01 5.500000e+00
    endloop
  endfacet
  facet normal -2.667128e-01 9.637761e-01 0.000000e+00
    outer loop
      vertex   3.644703e+00 -1.455047e+01 5.500000e+00
      vertex   4.354270e+00 -1.435411e+01 4.000000e-01
      vertex   3.644703e+00 -1.455047e+01 4.000000e-01
    endloop
  endfacet
  facet normal -2.191012e-01 9.757021e-01 0.000000e+00
    outer loop
      vertex   3.644703e+00 -1.455047e+01 5.500000e+00
      vertex   3.644703e+00 -1.455047e+01 4.000000e-01
      vertex   2.926355e+00 -1.471178e+01 5.500000e+00
    endloop
  endfacet
  facet normal -2.191012e-01 9.757021e-01 1.335497e-16
    outer loop
      vertex   2.926355e+00 -1.471178e+01 5.500000e+00
      vertex   3.644703e+00 -1.455047e+01 4.000000e-01
      vertex   2.926355e+00 -1.471178e+01 4.000000e-01
    endloop
  endfacet
  facet normal -1.709619e-01 9.852776e-01 1.042071e-16
    outer loop
      vertex   2.926355e+00 -1.471178e+01 5.500000e+00
      vertex   2.926355e+00 -1.471178e+01 4.000000e-01
      vertex   2.200957e+00 -1.483765e+01 5.500000e+00
    endloop
  endfacet
  facet normal -1.709619e-01 9.852776e-01 2.233010e-16
    outer loop
      vertex   2.200957e+00 -1.483765e+01 5.500000e+00
      vertex   2.926355e+00 -1.471178e+01 4.000000e-01
      vertex   2.200957e+00 -1.483765e+01 4.000000e-01
    endloop
  endfacet
  facet normal -1.224107e-01 9.924795e-01 1.598861e-16
    outer loop
      vertex   2.200957e+00 -1.483765e+01 5.500000e+00
      vertex   2.200957e+00 -1.483765e+01 4.000000e-01
      vertex   1.470257e+00 -1.492777e+01 5.500000e+00
    endloop
  endfacet
  facet normal -1.224107e-01 9.924795e-01 1.857998e-16
    outer loop
      vertex   1.470257e+00 -1.492777e+01 5.500000e+00
      vertex   2.200957e+00 -1.483765e+01 4.000000e-01
      vertex   1.470257e+00 -1.492777e+01 4.000000e-01
    endloop
  endfacet
  facet normal -7.356456e-02 9.972905e-01 2.512755e-16
    outer loop
      vertex   1.470257e+00 -1.492777e+01 5.500000e+00
      vertex   1.470257e+00 -1.492777e+01 4.000000e-01
      vertex   7.360151e-01 -1.498193e+01 5.500000e+00
    endloop
  endfacet
  facet normal -7.356456e-02 9.972905e-01 -4.804298e-17
    outer loop
      vertex   7.360151e-01 -1.498193e+01 5.500000e+00
      vertex   1.470257e+00 -1.492777e+01 4.000000e-01
      vertex   7.360151e-01 -1.498193e+01 4.000000e-01
    endloop
  endfacet
  facet normal -2.454123e-02 9.996988e-01 -1.602720e-17
    outer loop
      vertex   7.360151e-01 -1.498193e+01 5.500000e+00
      vertex   7.360151e-01 -1.498193e+01 4.000000e-01
      vertex   9.184851e-16 -1.500000e+01 5.500000e+00
    endloop
  endfacet
  facet normal -2.454123e-02 9.996988e-01 0.000000e+00
    outer loop
      vertex   9.184851e-16 -1.500000e+01 5.500000e+00
      vertex   7.360151e-01 -1.498193e+01 4.000000e-01
      vertex   9.184851e-16 -1.500000e+01 4.000000e-01
    endloop
  endfacet
  facet normal 2.454123e-02 9.996988e-01 0.000000e+00
    outer loop
      vertex   9.184851e-16 -1.500000e+01 5.500000e+00
      vertex   9.184851e-16 -1.500000e+01 4.000000e-01
      vertex   -7.360151e-01 -1.498193e+01 5.500000e+00
    endloop
  endfacet
  facet normal 2.454123e-02 9.996988e-01 -1.602720e-17
    outer loop
      vertex   -7.360151e-01 -1.498193e+01 5.500000e+00
      vertex   9.184851e-16 -1.500000e+01 4.000000e-01
      vertex   -7.360151e-01 -1.498193e+01 4.000000e-01
    endloop
  endfacet
  facet normal 7.356456e-02 9.972905e-01 -4.804298e-17
    outer loop
      vertex   -7.360151e-01 -1.498193e+01 5.500000e+00
      vertex   -7.360151e-01 -1.498193e+01 4.000000e-01
      vertex   -1.470257e+00 -1.492777e+01 5.500000e+00
    endloop
  endfacet
  facet normal 7.356456e-02 9.972905e-01 -9.608597e-17
    outer loop
      vertex   -1.470257e+00 -1.492777e+01 5.500000e+00
      vertex   -7.360151e-01 -1.498193e+01 4.000000e-01
      vertex   -1.470257e+00 -1.492777e+01 4.000000e-01
    endloop
  endfacet
  facet normal 1.224107e-01 9.924795e-01 -1.598861e-16
    outer loop
      vertex   -1.470257e+00 -1.492777e+01 5.500000e+00
      vertex   -1.470257e+00 -1.492777e+01 4.000000e-01
      vertex   -2.200957e+00 -1.483765e+01 5.500000e+00
    endloop
  endfacet
  facet normal 1.224107e-01 9.924795e-01 1.598861e-16
    outer loop
      vertex   -2.200957e+00 -1.483765e+01 5.500000e+00
      vertex   -1.470257e+00 -1.492777e+01 4.000000e-01
      vertex   -2.200957e+00 -1.483765e+01 4.000000e-01
    endloop
  endfacet
  facet normal 1.709619e-01 9.852776e-01 2.233010e-16
    outer loop
      vertex   -2.200957e+00 -1.483765e+01 5.500000e+00
      vertex   -2.200957e+00 -1.483765e+01 4.000000e-01
      vertex   -2.926355e+00 -1.471178e+01 5.500000e+00
    endloop
  endfacet
  facet normal 1.709619e-01 9.852776e-01 1.190939e-16
    outer loop
      vertex   -2.926355e+00 -1.471178e+01 5.500000e+00
      vertex   -2.200957e+00 -1.483765e+01 4.000000e-01
      vertex   -2.926355e+00 -1.471178e+01 4.000000e-01
    endloop
  endfacet
  facet normal 2.191012e-01 9.757021e-01 1.526282e-16
    outer loop
      vertex   -2.926355e+00 -1.471178e+01 5.500000e+00
      vertex   -2.926355e+00 -1.471178e+01 4.000000e-01
      vertex   -3.644703e+00 -1.455047e+01 5.500000e+00
    endloop
  endfacet
  facet normal 2.191012e-01 9.757021e-01 0.000000e+00
    outer loop
      vertex   -3.644703e+00 -1.455047e+01 5.500000e+00
      vertex   -2.926355e+00 -1.471178e+01 4.000000e-01
      vertex   -3.644703e+00 -1.455047e+01 4.000000e-01
    endloop
  endfacet
  facet normal 2.667128e-01 9.637761e-01 0.000000e+00
    outer loop
      vertex   -3.644703e+00 -1.455047e+01 5.500000e+00
      vertex   -3.644703e+00 -1.455047e+01 4.000000e-01
      vertex   -4.354270e+00 -1.435411e+01 5.500000e+00
    endloop
  endfacet
  facet normal 2.667128e-01 9.637761e-01 0.000000e+00
    outer loop
      vertex   -4.354270e+00 -1.435411e+01 5.500000e+00
      vertex   -3.644703e+00 -1.455047e+01 4.000000e-01
      vertex   -4.354270e+00 -1.435411e+01 4.000000e-01
    endloop
  endfacet
  facet normal 3.136817e-01 9.495282e-01 0.000000e+00
    outer loop
      vertex   -4.354270e+00 -1.435411e+01 5.500000e+00
      vertex   -4.354270e+00 -1.435411e+01 4.000000e-01
      vertex   -5.053348e+00 -1.412316e+01 5.500000e+00
    endloop
  endfacet
  facet normal 3.136817e-01 9.495282e-01 1.122117e-16
    outer loop
      vertex   -5.053348e+00 -1.412316e+01 5.500000e+00
      vertex   -4.354270e+00 -1.435411e+01 4.000000e-01
      vertex   -5.053348e+00 -1.412316e+01 4.000000e-01
    endloop
  endfacet
  facet normal 3.598950e-01 9.329928e-01 7.425963e-17
    outer loop
      vertex   -5.053348e+00 -1.412316e+01 5.500000e+00
      vertex   -5.053348e+00 -1.412316e+01 4.000000e-01
      vertex   -5.740251e+00 -1.385819e+01 5.500000e+00
    endloop
  endfacet
  facet normal 3.598950e-01 9.329928e-01 1.137704e-16
    outer loop
      vertex   -5.740251e+00 -1.385819e+01 5.500000e+00
      vertex   -5.053348e+00 -1.412316e+01 4.000000e-01
      vertex   -5.740251e+00 -1.385819e+01 4.000000e-01
    endloop
  endfacet
  facet normal 4.052413e-01 9.142098e-01 1.755928e-16
    outer loop
      vertex   -5.740251e+00 -1.385819e+01 5.500000e+00
      vertex   -5.740251e+00 -1.385819e+01 4.000000e-01
      vertex   -6.413326e+00 -1.355984e+01 5.500000e+00
    endloop
  endfacet
  facet normal 4.052413e-01 9.142098e-01 0.000000e+00
    outer loop
      vertex   -6.413326e+00 -1.355984e+01 5.500000e+00
      vertex   -5.740251e+00 -1.385819e+01 4.000000e-01
      vertex   -6.413326e+00 -1.355984e+01 4.000000e-01
    endloop
  endfacet
  facet normal 4.496113e-01 8.932243e-01 0.000000e+00
    outer loop
      vertex   -6.413326e+00 -1.355984e+01 5.500000e+00
      vertex   -6.413326e+00 -1.355984e+01 4.000000e-01
      vertex   -7.070951e+00 -1.322882e+01 5.500000e+00
    endloop
  endfacet
  facet normal 4.496113e-01 8.932243e-01 0.000000e+00
    outer loop
      vertex   -7.070951e+00 -1.322882e+01 5.500000e+00
      vertex   -6.413326e+00 -1.355984e+01 4.000000e-01
      vertex   -7.070951e+00 -1.322882e+01 4.000000e-01
    endloop
  endfacet
  facet normal 4.928982e-01 8.700870e-01 0.000000e+00
    outer loop
      vertex   -7.070951e+00 -1.322882e+01 5.500000e+00
      vertex   -7.070951e+00 -1.322882e+01 4.000000e-01
      vertex   -7.711541e+00 -1.286593e+01 5.500000e+00
    endloop
  endfacet
  facet normal 4.928982e-01 8.700870e-01 0.000000e+00
    outer loop
      vertex   -7.711541e+00 -1.286593e+01 5.500000e+00
      vertex   -7.070951e+00 -1.322882e+01 4.000000e-01
      vertex   -7.711541e+00 -1.286593e+01 4.000000e-01
    endloop
  endfacet
  facet normal 5.349976e-01 8.448536e-01 0.000000e+00
    outer loop
      vertex   -7.711541e+00 -1.286593e+01 5.500000e+00
      vertex   -7.711541e+00 -1.286593e+01 4.000000e-01
      vertex   -8.333553e+00 -1.247204e+01 5.500000e+00
    endloop
  endfacet
  facet normal 5.349976e-01 8.448536e-01 0.000000e+00
    outer loop
      vertex   -8.333553e+00 -1.247204e+01 5.500000e+00
      vertex   -7.711541e+00 -1.286593e+01 4.000000e-01
      vertex   -8.333553e+00 -1.247204e+01 4.000000e-01
    endloop
  endfacet
  facet normal 5.758082e-01 8.175848e-01 0.000000e+00
    outer loop
      vertex   -8.333553e+00 -1.247204e+01 5.500000e+00
      vertex   -8.333553e+00 -1.247204e+01 4.000000e-01
      vertex   -8.935490e+00 -1.204811e+01 5.500000e+00
    endloop
  endfacet
  facet normal 5.758082e-01 8.175848e-01 -5.174590e-16
    outer loop
      vertex   -8.935490e+00 -1.204811e+01 5.500000e+00
      vertex   -8.333553e+00 -1.247204e+01 4.000000e-01
      vertex   -8.935490e+00 -1.204811e+01 4.000000e-01
    endloop
  endfacet
  facet normal 6.152316e-01 7.883464e-01 -5.825684e-16
    outer loop
      vertex   -8.935490e+00 -1.204811e+01 5.500000e+00
      vertex   -8.935490e+00 -1.204811e+01 4.000000e-01
      vertex   -9.515899e+00 -1.159516e+01 5.500000e+00
    endloop
  endfacet
  facet normal 6.152316e-01 7.883464e-01 -1.808904e-16
    outer loop
      vertex   -9.515899e+00 -1.159516e+01 5.500000e+00
      vertex   -8.935490e+00 -1.204811e+01 4.000000e-01
      vertex   -9.515899e+00 -1.159516e+01 4.000000e-01
    endloop
  endfacet
  facet normal 6.531728e-01 7.572088e-01 -1.087089e-16
    outer loop
      vertex   -9.515899e+00 -1.159516e+01 5.500000e+00
      vertex   -9.515899e+00 -1.159516e+01 4.000000e-01
      vertex   -1.007338e+01 -1.111427e+01 5.500000e+00
    endloop
  endfacet
  facet normal 6.531728e-01 7.572088e-01 0.000000e+00
    outer loop
      vertex   -1.007338e+01 -1.111427e+01 5.500000e+00
      vertex   -9.515899e+00 -1.159516e+01 4.000000e-01
      vertex   -1.007338e+01 -1.111427e+01 4.000000e-01
    endloop
  endfacet
  facet normal 6.895405e-01 7.242471e-01 0.000000e+00
    outer loop
      vertex   -1.007338e+01 -1.111427e+01 5.500000e+00
      vertex   -1.007338e+01 -1.111427e+01 4.000000e-01
      vertex   -1.060660e+01 -1.060660e+01 5.500000e+00
    endloop
  endfacet
  facet normal 6.895405e-01 7.242471e-01 0.000000e+00
    outer loop
      vertex   -1.060660e+01 -1.060660e+01 5.500000e+00
      vertex   -1.007338e+01 -1.111427e+01 4.000000e-01
      vertex   -1.060660e+01 -1.060660e+01 4.000000e-01
    endloop
  endfacet
  facet normal 7.242471e-01 6.895405e-01 0.000000e+00
    outer loop
      vertex   -1.060660e+01 -1.060660e+01 5.500000e+00
      vertex   -1.060660e+01 -1.060660e+01 4.000000e-01
      vertex   -1.111427e+01 -1.007338e+01 5.500000e+00
    endloop
  endfacet
  facet normal 7.242471e-01 6.895405e-01 0.000000e+00
    outer loop
      vertex   -1.111427e+01 -1.007338e+01 5.500000e+00
      vertex   -1.060660e+01 -1.060660e+01 4.000000e-01
      vertex   -1.111427e+01 -1.007338e+01 4.000000e-01
    endloop
  endfacet
  facet normal 7.572088e-01 6.531728e-01 0.000000e+00
    outer loop
      vertex   -1.111427e+01 -1.007338e+01 5.500000e+00
      vertex   -1.111427e+01 -1.007338e+01 4.000000e-01
      vertex   -1.159516e+01 -9.515899e+00 5.500000e+00
    endloop
  endfacet
  facet normal 7.572088e-01 6.531728e-01 -7.247258e-17
    outer loop
      vertex   -1.159516e+01 -9.515899e+00 5.500000e+00
      vertex   -1.111427e+01 -1.007338e+01 4.000000e-01
      vertex   -1.159516e+01 -9.515899e+00 4.000000e-01
    endloop
  endfacet
  facet normal 7.883464e-01 6.152316e-01 -1.205936e-16
    outer loop
      vertex   -1.159516e+01 -9.515899e+00 5.500000e+00
      vertex   -1.159516e+01 -9.515899e+00 4.000000e-01
      vertex   -1.204811e+01 -8.935490e+00 5.500000e+00
    endloop
  endfacet
  facet normal 7.883464e-01 6.152316e-01 -9.369478e-17
    outer loop
      vertex   -1.204811e+01 -8.935490e+00 5.500000e+00
      vertex   -1.159516e+01 -9.515899e+00 4.000000e-01
      vertex   -1.204811e+01 -8.935490e+00 4.000000e-01
    endloop
  endfacet
  facet normal 8.175848e-01 5.758082e-01 -3.213288e-17
    outer loop
      vertex   -1.204811e+01 -8.935490e+00 5.500000e+00
      vertex   -1.204811e+01 -8.935490e+00 4.000000e-01
      vertex   -1.247204e+01 -8.333553e+00 5.500000e+00
    endloop
  endfacet
  facet normal 8.175848e-01 5.758082e-01 0.000000e+00
    outer loop
      vertex   -1.247204e+01 -8.333553e+00 5.500000e+00
      vertex   -1.204811e+01 -8.935490e+00 4.000000e-01
      vertex   -1.247204e+01 -8.333553e+00 4.000000e-01
    endloop
  endfacet
  facet normal 8.448536e-01 5.349976e-01 0.000000e+00
    outer loop
      vertex   -1.247204e+01 -8.333553e+00 5.500000e+00
      vertex   -1.247204e+01 -8.333553e+00 4.000000e-01
      vertex   -1.286593e+01 -7.711541e+00 5.500000e+00
    endloop
  endfacet
  facet normal 8.448536e-01 5.349976e-01 0.000000e+00
    outer loop
      vertex   -1.286593e+01 -7.711541e+00 5.500000e+00
      vertex   -1.247204e+01 -8.333553e+00 4.000000e-01
      vertex   -1.286593e+01 -7.711541e+00 4.000000e-01
    endloop
  endfacet
  facet normal 8.700870e-01 4.928982e-01 0.000000e+00
    outer loop
      vertex   -1.286593e+01 -7.711541e+00 5.500000e+00
      vertex   -1.286593e+01 -7.711541e+00 4.000000e-01
      vertex   -1.322882e+01 -7.070951e+00 5.500000e+00
    endloop
  endfacet
  facet normal 8.700870e-01 4.928982e-01 0.000000e+00
    outer loop
      vertex   -1.322882e+01 -7.070951e+00 5.500000e+00
      vertex   -1.286593e+01 -7.711541e+00 4.000000e-01
      vertex   -1.322882e+01 -7.070951e+00 4.000000e-01
    endloop
  endfacet
  facet normal 8.932243e-01 4.496113e-01 0.000000e+00
    outer loop
      vertex   -1.322882e+01 -7.070951e+00 5.500000e+00
      vertex   -1.322882e+01 -7.070951e+00 4.000000e-01
      vertex   -1.355984e+01 -6.413326e+00 5.500000e+00
    endloop
  endfacet
  facet normal 8.932243e-01 4.496113e-01 2.369922e-16
    outer loop
      vertex   -1.355984e+01 -6.413326e+00 5.500000e+00
      vertex   -1.322882e+01 -7.070951e+00 4.000000e-01
      vertex   -1.355984e+01 -6.413326e+00 4.000000e-01
    endloop
  endfacet
  facet normal 9.142098e-01 4.052413e-01 1.755928e-16
    outer loop
      vertex   -1.355984e+01 -6.413326e+00 5.500000e+00
      vertex   -1.355984e+01 -6.413326e+00 4.000000e-01
      vertex   -1.385819e+01 -5.740251e+00 5.500000e+00
    endloop
  endfacet
  facet normal 9.142098e-01 4.052413e-01 -5.318292e-16
    outer loop
      vertex   -1.385819e+01 -5.740251e+00 5.500000e+00
      vertex   -1.355984e+01 -6.413326e+00 4.000000e-01
      vertex   -1.385819e+01 -5.740251e+00 4.000000e-01
    endloop
  endfacet
  facet normal 9.329928e-01 3.598950e-01 -5.988389e-16
    outer loop
      vertex   -1.385819e+01 -5.740251e+00 5.500000e+00
      vertex   -1.385819e+01 -5.740251e+00 4.000000e-01
      vertex   -1.412316e+01 -5.053348e+00 5.500000e+00
    endloop
  endfacet
  facet normal 9.329928e-01 3.598950e-01 2.111959e-16
    outer loop
      vertex   -1.412316e+01 -5.053348e+00 5.500000e+00
      vertex   -1.385819e+01 -5.740251e+00 4.000000e-01
      vertex   -1.412316e+01 -5.053348e+00 4.000000e-01
    endloop
  endfacet
  facet normal 9.495282e-01 3.136817e-01 2.790518e-16
    outer loop
      vertex   -1.412316e+01 -5.053348e+00 5.500000e+00
      vertex   -1.412316e+01 -5.053348e+00 4.000000e-01
      vertex   -1.435411e+01 -4.354270e+00 5.500000e+00
    endloop
  endfacet
  facet normal 9.495282e-01 3.136817e-01 0.000000e+00
    outer loop
      vertex   -1.435411e+01 -4.354270e+00 5.500000e+00
      vertex   -1.412316e+01 -5.053348e+00 4.000000e-01
      vertex   -1.435411e+01 -4.354270e+00 4.000000e-01
    endloop
  endfacet
  facet normal 9.637761e-01 2.667128e-01 0.000000e+00
    outer loop
      vertex   -1.435411e+01 -4.354270e+00 5.500000e+00
      vertex   -1.435411e+01 -4.354270e+00 4.000000e-01
      vertex   -1.455047e+01 -3.644703e+00 5.500000e+00
    endloop
  endfacet
  facet normal 9.637761e-01 2.667128e-01 0.000000e+00
    outer loop
      vertex   -1.455047e+01 -3.644703e+00 5.500000e+00
      vertex   -1.435411e+01 -4.354270e+00 4.000000e-01
      vertex   -1.455047e+01 -3.644703e+00 4.000000e-01
    endloop
  endfacet
  facet normal 9.757021e-01 2.191012e-01 0.000000e+00
    outer loop
      vertex   -1.455047e+01 -3.644703e+00 5.500000e+00
      vertex   -1.455047e+01 -3.644703e+00 4.000000e-01
      vertex   -1.471178e+01 -2.926355e+00 5.500000e+00
    endloop
  endfacet
  facet normal 9.757021e-01 2.191012e-01 0.000000e+00
    outer loop
      vertex   -1.471178e+01 -2.926355e+00 5.500000e+00
      vertex   -1.455047e+01 -3.644703e+00 4.000000e-01
      vertex   -1.471178e+01 -2.926355e+00 4.000000e-01
    endloop
  endfacet
  facet normal 9.852776e-01 1.709619e-01 0.000000e+00
    outer loop
      vertex   -1.471178e+01 -2.926355e+00 5.500000e+00
      vertex   -1.471178e+01 -2.926355e+00 4.000000e-01
      vertex   -1.483765e+01 -2.200957e+00 5.500000e+00
    endloop
  endfacet
  facet normal 9.852776e-01 1.709619e-01 2.233010e-16
    outer loop
      vertex   -1.483765e+01 -2.200957e+00 5.500000e+00
      vertex   -1.471178e+01 -2.926355e+00 4.000000e-01
      vertex   -1.483765e+01 -2.200957e+00 4.000000e-01
    endloop
  endfacet
  facet normal 9.924795e-01 1.224107e-01 1.598861e-16
    outer loop
      vertex   -1.483765e+01 -2.200957e+00 5.500000e+00
      vertex   -1.483765e+01 -2.200957e+00 4.000000e-01
      vertex   -1.492777e+01 -1.470257e+00 5.500000e+00
    endloop
  endfacet
  facet normal 9.924795e-01 1.224107e-01 1.911293e-16
    outer loop
      vertex   -1.492777e+01 -1.470257e+00 5.500000e+00
      vertex   -1.483765e+01 -2.200957e+00 4.000000e-01
      vertex   -1.492777e+01 -1.470257e+00 4.000000e-01
    endloop
  endfacet
  facet normal 9.972905e-01 7.356456e-02 2.544784e-16
    outer loop
      vertex   -1.492777e+01 -1.470257e+00 5.500000e+00
      vertex   -1.492777e+01 -1.470257e+00 4.000000e-01
      vertex   -1.498193e+01 -7.360151e-01 5.500000e+00
    endloop
  endfacet
  facet normal 9.972905e-01 7.356456e-02 0.000000e+00
    outer loop
      vertex   -1.498193e+01 -7.360151e-01 5.500000e+00
      vertex   -1.492777e+01 -1.470257e+00 4.000000e-01
      vertex   -1.498193e+01 -7.360151e-01 4.000000e-01
    endloop
  endfacet
  facet normal 7.063486e-01 4.629653e-02 -7.063486e-01
    outer loop
      vertex   1.341797e+01 -1.577411e+01 0.000000e+00
      vertex   1.340000e+01 -1.550000e+01 0.000000e+00
      vertex   1.380000e+01 -1.550000e+01 4.000000e-01
    endloop
  endfacet
  facet normal 7.063486e-01 -4.629653e-02 -7.063486e-01
    outer loop
      vertex   1.380000e+01 -1.550000e+01 4.000000e-01
      vertex   1.340000e+01 -1.550000e+01 0.000000e+00
      vertex   1.341797e+01 -1.522589e+01 0.000000e+00
    endloop
  endfacet
  facet normal 7.043188e-01 -5.154949e-02 -7.080096e-01
    outer loop
      vertex   1.380000e+01 -1.550000e+01 4.000000e-01
      vertex   1.341797e+01 -1.522589e+01 0.000000e+00
      vertex   1.381812e+01 -1.525248e+01 4.000000e-01
    endloop
  endfacet
  facet normal 6.955620e-01 -1.383559e-01 -7.050185e-01
    outer loop
      vertex   1.381812e+01 -1.525248e+01 4.000000e-01
      vertex   1.341797e+01 -1.522589e+01 0.000000e+00
      vertex   1.347156e+01 -1.495648e+01 0.000000e+00
    endloop
  endfacet
  facet normal 6.879261e-01 -1.532421e-01 -7.094184e-01
    outer loop
      vertex   1.381812e+01 -1.525248e+01 4.000000e-01
      vertex   1.347156e+01 -1.495648e+01 0.000000e+00
      vertex   1.387208e+01 -1.501023e+01 4.000000e-01
    endloop
  endfacet
  facet normal 6.724784e-01 -2.282757e-01 -7.040334e-01
    outer loop
      vertex   1.387208e+01 -1.501023e+01 4.000000e-01
      vertex   1.347156e+01 -1.495648e+01 0.000000e+00
      vertex   1.355985e+01 -1.469636e+01 0.000000e+00
    endloop
  endfacet
  facet normal 6.573630e-01 -2.514200e-01 -7.103955e-01
    outer loop
      vertex   1.387208e+01 -1.501023e+01 4.000000e-01
      vertex   1.355985e+01 -1.469636e+01 0.000000e+00
      vertex   1.396074e+01 -1.477842e+01 4.000000e-01
    endloop
  endfacet
  facet normal 6.374939e-01 -3.143772e-01 -7.033979e-01
    outer loop
      vertex   1.396074e+01 -1.477842e+01 4.000000e-01
      vertex   1.355985e+01 -1.469636e+01 0.000000e+00
      vertex   1.368135e+01 -1.445000e+01 0.000000e+00
    endloop
  endfacet
  facet normal 6.132657e-01 -3.441814e-01 -7.109461e-01
    outer loop
      vertex   1.396074e+01 -1.477842e+01 4.000000e-01
      vertex   1.368135e+01 -1.445000e+01 0.000000e+00
      vertex   1.408220e+01 -1.456199e+01 4.000000e-01
    endloop
  endfacet
  facet normal 5.912383e-01 -3.950528e-01 -7.031148e-01
    outer loop
      vertex   1.408220e+01 -1.456199e+01 4.000000e-01
      vertex   1.368135e+01 -1.445000e+01 0.000000e+00
      vertex   1.383396e+01 -1.422160e+01 0.000000e+00
    endloop
  endfacet
  facet normal 5.565156e-01 -4.297274e-01 -7.110729e-01
    outer loop
      vertex   1.408220e+01 -1.456199e+01 4.000000e-01
      vertex   1.383396e+01 -1.422160e+01 0.000000e+00
      vertex   1.423389e+01 -1.436556e+01 4.000000e-01
    endloop
  endfacet
  facet normal 5.345628e-01 -4.687990e-01 -7.031856e-01
    outer loop
      vertex   1.423389e+01 -1.436556e+01 4.000000e-01
      vertex   1.383396e+01 -1.422160e+01 0.000000e+00
      vertex   1.401508e+01 -1.401508e+01 0.000000e+00
    endloop
  endfacet
  facet normal 4.882240e-01 -5.063928e-01 -7.107768e-01
    outer loop
      vertex   1.423389e+01 -1.436556e+01 4.000000e-01
      vertex   1.401508e+01 -1.401508e+01 0.000000e+00
      vertex   1.441256e+01 -1.419330e+01 4.000000e-01
    endloop
  endfacet
  facet normal 4.685222e-01 -5.342472e-01 -7.036099e-01
    outer loop
      vertex   1.441256e+01 -1.419330e+01 4.000000e-01
      vertex   1.401508e+01 -1.401508e+01 0.000000e+00
      vertex   1.422160e+01 -1.383396e+01 0.000000e+00
    endloop
  endfacet
  facet normal 4.097131e-01 -5.726740e-01 -7.100561e-01
    outer loop
      vertex   1.441256e+01 -1.419330e+01 4.000000e-01
      vertex   1.422160e+01 -1.383396e+01 0.000000e+00
      vertex   1.461440e+01 -1.404889e+01 4.000000e-01
    endloop
  endfacet
  facet normal 3.943534e-01 -5.901916e-01 -7.043857e-01
    outer loop
      vertex   1.461440e+01 -1.404889e+01 4.000000e-01
      vertex   1.422160e+01 -1.383396e+01 0.000000e+00
      vertex   1.445000e+01 -1.368135e+01 0.000000e+00
    endloop
  endfacet
  facet normal 3.224939e-01 -6.272547e-01 -7.089071e-01
    outer loop
      vertex   1.461440e+01 -1.404889e+01 4.000000e-01
      vertex   1.445000e+01 -1.368135e+01 0.000000e+00
      vertex   1.483512e+01 -1.393541e+01 4.000000e-01
    endloop
  endfacet
  facet normal 3.134502e-01 -6.356142e-01 -7.055094e-01
    outer loop
      vertex   1.483512e+01 -1.393541e+01 4.000000e-01
      vertex   1.445000e+01 -1.368135e+01 0.000000e+00
      vertex   1.469636e+01 -1.355985e+01 0.000000e+00
    endloop
  endfacet
  facet normal 2.282409e-01 -6.690287e-01 -7.073237e-01
    outer loop
      vertex   1.483512e+01 -1.393541e+01 4.000000e-01
      vertex   1.469636e+01 -1.355985e+01 0.000000e+00
      vertex   1.507001e+01 -1.385528e+01 4.000000e-01
    endloop
  endfacet
  facet normal 2.273341e-01 -6.697046e-01 -7.069759e-01
    outer loop
      vertex   1.507001e+01 -1.385528e+01 4.000000e-01
      vertex   1.469636e+01 -1.355985e+01 0.000000e+00
      vertex   1.495648e+01 -1.347156e+01 0.000000e+00
    endloop
  endfacet
  facet normal 1.382089e-01 -6.948232e-01 -7.057755e-01
    outer loop
      vertex   1.507001e+01 -1.385528e+01 4.000000e-01
      vertex   1.495648e+01 -1.347156e+01 0.000000e+00
      vertex   1.522589e+01 -1.341797e+01 0.000000e+00
    endloop
  endfacet
  facet normal 1.281602e-01 -6.938480e-01 -7.086254e-01
    outer loop
      vertex   1.507001e+01 -1.385528e+01 4.000000e-01
      vertex   1.522589e+01 -1.341797e+01 0.000000e+00
      vertex   1.531407e+01 -1.381020e+01 4.000000e-01
    endloop
  endfacet
  facet normal 4.641149e-02 -7.081024e-01 -7.045828e-01
    outer loop
      vertex   1.531407e+01 -1.381020e+01 4.000000e-01
      vertex   1.522589e+01 -1.341797e+01 0.000000e+00
      vertex   1.550000e+01 -1.340000e+01 0.000000e+00
    endloop
  endfacet
  facet normal 2.572400e-02 -7.038721e-01 -7.098607e-01
    outer loop
      vertex   1.531407e+01 -1.381020e+01 4.000000e-01
      vertex   1.550000e+01 -1.340000e+01 0.000000e+00
      vertex   1.556209e+01 -1.380113e+01 4.000000e-01
    endloop
  endfacet
  facet normal -4.646634e-02 -7.089394e-01 -7.037371e-01
    outer loop
      vertex   1.556209e+01 -1.380113e+01 4.000000e-01
      vertex   1.550000e+01 -1.340000e+01 0.000000e+00
      vertex   1.577411e+01 -1.341797e+01 0.000000e+00
    endloop
  endfacet
  facet normal -7.694580e-02 -6.993083e-01 -7.106667e-01
    outer loop
      vertex   1.556209e+01 -1.380113e+01 4.000000e-01
      vertex   1.577411e+01 -1.341797e+01 0.000000e+00
      vertex   1.580878e+01 -1.382828e+01 4.000000e-01
    endloop
  endfacet
  facet normal -1.386995e-01 -6.972896e-01 -7.032423e-01
    outer loop
      vertex   1.580878e+01 -1.382828e+01 4.000000e-01
      vertex   1.577411e+01 -1.341797e+01 0.000000e+00
      vertex   1.604352e+01 -1.347156e+01 0.000000e+00
    endloop
  endfacet
  facet normal -1.778486e-01 -6.802803e-01 -7.110476e-01
    outer loop
      vertex   1.580878e+01 -1.382828e+01 4.000000e-01
      vertex   1.604352e+01 -1.347156e+01 0.000000e+00
      vertex   1.604890e+01 -1.389105e+01 4.000000e-01
    endloop
  endfacet
  facet normal -2.285725e-01 -6.733528e-01 -7.031007e-01
    outer loop
      vertex   1.604890e+01 -1.389105e+01 4.000000e-01
      vertex   1.604352e+01 -1.347156e+01 0.000000e+00
      vertex   1.630364e+01 -1.355985e+01 0.000000e+00
    endloop
  endfacet
  facet normal -2.750196e-01 -6.471752e-01 -7.110053e-01
    outer loop
      vertex   1.604890e+01 -1.389105e+01 4.000000e-01
      vertex   1.630364e+01 -1.355985e+01 0.000000e+00
      vertex   1.627731e+01 -1.398812e+01 4.000000e-01
    endloop
  endfacet
  facet normal -3.144143e-01 -6.375692e-01 -7.033130e-01
    outer loop
      vertex   1.627731e+01 -1.398812e+01 4.000000e-01
      vertex   1.630364e+01 -1.355985e+01 0.000000e+00
      vertex   1.655000e+01 -1.368135e+01 0.000000e+00
    endloop
  endfacet
  facet normal -3.665634e-01 -6.006369e-01 -7.105396e-01
    outer loop
      vertex   1.627731e+01 -1.398812e+01 4.000000e-01
      vertex   1.655000e+01 -1.368135e+01 0.000000e+00
      vertex   1.648916e+01 -1.411741e+01 4.000000e-01
    endloop
  endfacet
  facet normal -3.946330e-01 -5.906100e-01 -7.038782e-01
    outer loop
      vertex   1.648916e+01 -1.411741e+01 4.000000e-01
      vertex   1.655000e+01 -1.368135e+01 0.000000e+00
      vertex   1.677840e+01 -1.383396e+01 0.000000e+00
    endloop
  endfacet
  facet normal -4.506856e-01 -5.415551e-01 -7.096482e-01
    outer loop
      vertex   1.648916e+01 -1.411741e+01 4.000000e-01
      vertex   1.677840e+01 -1.383396e+01 0.000000e+00
      vertex   1.667993e+01 -1.427616e+01 4.000000e-01
    endloop
  endfacet
  facet normal -4.677480e-01 -5.333644e-01 -7.047937e-01
    outer loop
      vertex   1.667993e+01 -1.427616e+01 4.000000e-01
      vertex   1.677840e+01 -1.383396e+01 0.000000e+00
      vertex   1.698492e+01 -1.401508e+01 0.000000e+00
    endloop
  endfacet
  facet normal -5.257237e-01 -4.710505e-01 -7.083263e-01
    outer loop
      vertex   1.667993e+01 -1.427616e+01 4.000000e-01
      vertex   1.698492e+01 -1.401508e+01 0.000000e+00
      vertex   1.684554e+01 -1.446100e+01 4.000000e-01
    endloop
  endfacet
  facet normal -5.324204e-01 -4.669202e-01 -7.060552e-01
    outer loop
      vertex   1.684554e+01 -1.446100e+01 4.000000e-01
      vertex   1.698492e+01 -1.401508e+01 0.000000e+00
      vertex   1.716604e+01 -1.422160e+01 0.000000e+00
    endloop
  endfacet
  facet normal -5.883128e-01 -3.930980e-01 -7.066555e-01
    outer loop
      vertex   1.684554e+01 -1.446100e+01 4.000000e-01
      vertex   1.716604e+01 -1.422160e+01 0.000000e+00
      vertex   1.731865e+01 -1.445000e+01 0.000000e+00
    endloop
  endfacet
  facet normal -5.892509e-01 -3.898447e-01 -7.076755e-01
    outer loop
      vertex   1.684554e+01 -1.446100e+01 4.000000e-01
      vertex   1.731865e+01 -1.445000e+01 0.000000e+00
      vertex   1.698248e+01 -1.466799e+01 4.000000e-01
    endloop
  endfacet
  facet normal -6.358394e-01 -3.135613e-01 -7.052571e-01
    outer loop
      vertex   1.698248e+01 -1.466799e+01 4.000000e-01
      vertex   1.731865e+01 -1.445000e+01 0.000000e+00
      vertex   1.744015e+01 -1.469636e+01 0.000000e+00
    endloop
  endfacet
  facet normal -6.383737e-01 -2.992573e-01 -7.091714e-01
    outer loop
      vertex   1.698248e+01 -1.466799e+01 4.000000e-01
      vertex   1.744015e+01 -1.469636e+01 0.000000e+00
      vertex   1.708783e+01 -1.489271e+01 4.000000e-01
    endloop
  endfacet
  facet normal -6.723195e-01 -2.282217e-01 -7.042026e-01
    outer loop
      vertex   1.708783e+01 -1.489271e+01 4.000000e-01
      vertex   1.744015e+01 -1.469636e+01 0.000000e+00
      vertex   1.752844e+01 -1.495648e+01 0.000000e+00
    endloop
  endfacet
  facet normal -6.741176e-01 -2.028118e-01 -7.102344e-01
    outer loop
      vertex   1.708783e+01 -1.489271e+01 4.000000e-01
      vertex   1.752844e+01 -1.495648e+01 0.000000e+00
      vertex   1.715933e+01 -1.513037e+01 4.000000e-01
    endloop
  endfacet
  facet normal -6.970425e-01 -1.386504e-01 -7.034969e-01
    outer loop
      vertex   1.715933e+01 -1.513037e+01 4.000000e-01
      vertex   1.752844e+01 -1.495648e+01 0.000000e+00
      vertex   1.758203e+01 -1.522589e+01 0.000000e+00
    endloop
  endfacet
  facet normal -6.958284e-01 -1.024047e-01 -7.108699e-01
    outer loop
      vertex   1.715933e+01 -1.513037e+01 4.000000e-01
      vertex   1.758203e+01 -1.522589e+01 0.000000e+00
      vertex   1.719546e+01 -1.537591e+01 4.000000e-01
    endloop
  endfacet
  facet normal -7.095259e-01 -4.650478e-02 -7.031432e-01
    outer loop
      vertex   1.719546e+01 -1.537591e+01 4.000000e-01
      vertex   1.758203e+01 -1.522589e+01 0.000000e+00
      vertex   1.760000e+01 -1.550000e+01 0.000000e+00
    endloop
  endfacet
  facet normal -7.031097e-01 -0.000000e+00 -7.110814e-01
    outer loop
      vertex   1.719546e+01 -1.537591e+01 4.000000e-01
      vertex   1.760000e+01 -1.550000e+01 0.000000e+00
      vertex   1.719546e+01 -1.562409e+01 4.000000e-01
    endloop
  endfacet
  facet normal -7.095259e-01 4.650478e-02 -7.031432e-01
    outer loop
      vertex   1.719546e+01 -1.562409e+01 4.000000e-01
      vertex   1.760000e+01 -1.550000e+01 0.000000e+00
      vertex   1.758203e+01 -1.577411e+01 0.000000e+00
    endloop
  endfacet
  facet normal -6.958284e-01 1.024047e-01 -7.108699e-01
    outer loop
      vertex   1.719546e+01 -1.562409e+01 4.000000e-01
      vertex   1.758203e+01 -1.577411e+01 0.000000e+00
      vertex   1.715933e+01 -1.586963e+01 4.000000e-01
    endloop
  endfacet
  facet normal -6.970425e-01 1.386504e-01 -7.034969e-01
    outer loop
      vertex   1.715933e+01 -1.586963e+01 4.000000e-01
      vertex   1.758203e+01 -1.577411e+01 0.000000e+00
      vertex   1.752844e+01 -1.604352e+01 0.000000e+00
    endloop
  endfacet
  facet normal -6.741176e-01 2.028118e-01 -7.102344e-01
    outer loop
      vertex   1.715933e+01 -1.586963e+01 4.000000e-01
      vertex   1.752844e+01 -1.604352e+01 0.000000e+00
      vertex   1.708783e+01 -1.610729e+01 4.000000e-01
    endloop
  endfacet
  facet normal -6.723195e-01 2.282217e-01 -7.042026e-01
    outer loop
      vertex   1.708783e+01 -1.610729e+01 4.000000e-01
      vertex   1.752844e+01 -1.604352e+01 0.000000e+00
      vertex   1.744015e+01 -1.630364e+01 0.000000e+00
    endloop
  endfacet
  facet normal -6.383737e-01 2.992573e-01 -7.091714e-01
    outer loop
      vertex   1.708783e+01 -1.610729e+01 4.000000e-01
      vertex   1.744015e+01 -1.630364e+01 0.000000e+00
      vertex   1.698248e+01 -1.633201e+01 4.000000e-01
    endloop
  endfacet
  facet normal -6.358394e-01 3.135613e-01 -7.052571e-01
    outer loop
      vertex   1.698248e+01 -1.633201e+01 4.000000e-01
      vertex   1.744015e+01 -1.630364e+01 0.000000e+00
      vertex   1.731865e+01 -1.655000e+01 0.000000e+00
    endloop
  endfacet
  facet normal -5.892509e-01 3.898447e-01 -7.076755e-01
    outer loop
      vertex   1.698248e+01 -1.633201e+01 4.000000e-01
      vertex   1.731865e+01 -1.655000e+01 0.000000e+00
      vertex   1.684554e+01 -1.653900e+01 4.000000e-01
    endloop
  endfacet
  facet normal -5.883128e-01 3.930980e-01 -7.066555e-01
    outer loop
      vertex   1.684554e+01 -1.653900e+01 4.000000e-01
      vertex   1.731865e+01 -1.655000e+01 0.000000e+00
      vertex   1.716604e+01 -1.677840e+01 0.000000e+00
    endloop
  endfacet
  facet normal -5.324204e-01 4.669202e-01 -7.060552e-01
    outer loop
      vertex   1.684554e+01 -1.653900e+01 4.000000e-01
      vertex   1.716604e+01 -1.677840e+01 0.000000e+00
      vertex   1.698492e+01 -1.698492e+01 0.000000e+00
    endloop
  endfacet
  facet normal -5.257237e-01 4.710505e-01 -7.083263e-01
    outer loop
      vertex   1.684554e+01 -1.653900e+01 4.000000e-01
      vertex   1.698492e+01 -1.698492e+01 0.000000e+00
      vertex   1.667993e+01 -1.672384e+01 4.000000e-01
    endloop
  endfacet
  facet normal -4.677480e-01 5.333644e-01 -7.047937e-01
    outer loop
      vertex   1.667993e+01 -1.672384e+01 4.000000e-01
      vertex   1.698492e+01 -1.698492e+01 0.000000e+00
      vertex   1.677840e+01 -1.716604e+01 0.000000e+00
    endloop
  endfacet
  facet normal -4.506856e-01 5.415551e-01 -7.096482e-01
    outer loop
      vertex   1.667993e+01 -1.672384e+01 4.000000e-01
      vertex   1.677840e+01 -1.716604e+01 0.000000e+00
      vertex   1.648916e+01 -1.688259e+01 4.000000e-01
    endloop
  endfacet
  facet normal -3.946330e-01 5.906100e-01 -7.038782e-01
    outer loop
      vertex   1.648916e+01 -1.688259e+01 4.000000e-01
      vertex   1.677840e+01 -1.716604e+01 0.000000e+00
      vertex   1.655000e+01 -1.731865e+01 0.000000e+00
    endloop
  endfacet
  facet normal -3.665634e-01 6.006369e-01 -7.105396e-01
    outer loop
      vertex   1.648916e+01 -1.688259e+01 4.000000e-01
      vertex   1.655000e+01 -1.731865e+01 0.000000e+00
      vertex   1.627731e+01 -1.701188e+01 4.000000e-01
    endloop
  endfacet
  facet normal -3.144143e-01 6.375692e-01 -7.033130e-01
    outer loop
      vertex   1.627731e+01 -1.701188e+01 4.000000e-01
      vertex   1.655000e+01 -1.731865e+01 0.000000e+00
      vertex   1.630364e+01 -1.744015e+01 0.000000e+00
    endloop
  endfacet
  facet normal -2.750196e-01 6.471752e-01 -7.110053e-01
    outer loop
      vertex   1.627731e+01 -1.701188e+01 4.000000e-01
      vertex   1.630364e+01 -1.744015e+01 0.000000e+00
      vertex   1.604890e+01 -1.710895e+01 4.000000e-01
    endloop
  endfacet
  facet normal -2.285725e-01 6.733528e-01 -7.031007e-01
    outer loop
      vertex   1.604890e+01 -1.710895e+01 4.000000e-01
      vertex   1.630364e+01 -1.744015e+01 0.000000e+00
      vertex   1.604352e+01 -1.752844e+01 0.000000e+00
    endloop
  endfacet
  facet normal -1.778486e-01 6.802803e-01 -7.110476e-01
    outer loop
      vertex   1.604890e+01 -1.710895e+01 4.000000e-01
      vertex   1.604352e+01 -1.752844e+01 0.000000e+00
      vertex   1.580878e+01 -1.717172e+01 4.000000e-01
    endloop
  endfacet
  facet normal -1.386995e-01 6.972896e-01 -7.032423e-01
    outer loop
      vertex   1.580878e+01 -1.717172e+01 4.000000e-01
      vertex   1.604352e+01 -1.752844e+01 0.000000e+00
      vertex   1.577411e+01 -1.758203e+01 0.000000e+00
    endloop
  endfacet
  facet normal -7.694580e-02 6.993083e-01 -7.106667e-01
    outer loop
      vertex   1.580878e+01 -1.717172e+01 4.000000e-01
      vertex   1.577411e+01 -1.758203e+01 0.000000e+00
      vertex   1.556209e+01 -1.719887e+01 4.000000e-01
    endloop
  endfacet
  facet normal -4.646634e-02 7.089394e-01 -7.037371e-01
    outer loop
      vertex   1.556209e+01 -1.719887e+01 4.000000e-01
      vertex   1.577411e+01 -1.758203e+01 0.000000e+00
      vertex   1.550000e+01 -1.760000e+01 0.000000e+00
    endloop
  endfacet
  facet normal 2.572400e-02 7.038721e-01 -7.098607e-01
    outer loop
      vertex   1.556209e+01 -1.719887e+01 4.000000e-01
      vertex   1.550000e+01 -1.760000e+01 0.000000e+00
      vertex   1.531407e+01 -1.718980e+01 4.000000e-01
    endloop
  endfacet
  facet normal 4.641149e-02 7.081024e-01 -7.045828e-01
    outer loop
      vertex   1.531407e+01 -1.718980e+01 4.000000e-01
      vertex   1.550000e+01 -1.760000e+01 0.000000e+00
      vertex   1.522589e+01 -1.758203e+01 0.000000e+00
    endloop
  endfacet
  facet normal 1.281602e-01 6.938480e-01 -7.086254e-01
    outer loop
      vertex   1.531407e+01 -1.718980e+01 4.000000e-01
      vertex   1.522589e+01 -1.758203e+01 0.000000e+00
      vertex   1.507001e+01 -1.714472e+01 4.000000e-01
    endloop
  endfacet
  facet normal 1.382089e-01 6.948232e-01 -7.057755e-01
    outer loop
      vertex   1.507001e+01 -1.714472e+01 4.000000e-01
      vertex   1.522589e+01 -1.758203e+01 0.000000e+00
      vertex   1.495648e+01 -1.752844e+01 0.000000e+00
    endloop
  endfacet
  facet normal 2.273341e-01 6.697046e-01 -7.069759e-01
    outer loop
      vertex   1.507001e+01 -1.714472e+01 4.000000e-01
      vertex   1.495648e+01 -1.752844e+01 0.000000e+00
      vertex   1.469636e+01 -1.744015e+01 0.000000e+00
    endloop
  endfacet
  facet normal 2.282409e-01 6.690287e-01 -7.073237e-01
    outer loop
      vertex   1.507001e+01 -1.714472e+01 4.000000e-01
      vertex   1.469636e+01 -1.744015e+01 0.000000e+00
      vertex   1.483512e+01 -1.706459e+01 4.000000e-01
    endloop
  endfacet
  facet normal 3.134502e-01 6.356142e-01 -7.055094e-01
    outer loop
      vertex   1.483512e+01 -1.706459e+01 4.000000e-01
      vertex   1.469636e+01 -1.744015e+01 0.000000e+00
      vertex   1.445000e+01 -1.731865e+01 0.000000e+00
    endloop
  endfacet
  facet normal 3.224939e-01 6.272547e-01 -7.089071e-01
    outer loop
      vertex   1.483512e+01 -1.706459e+01 4.000000e-01
      vertex   1.445000e+01 -1.731865e+01 0.000000e+00
      vertex   1.461440e+01 -1.695111e+01 4.000000e-01
    endloop
  endfacet
  facet normal 3.943534e-01 5.901916e-01 -7.043857e-01
    outer loop
      vertex   1.461440e+01 -1.695111e+01 4.000000e-01
      vertex   1.445000e+01 -1.731865e+01 0.000000e+00
      vertex   1.422160e+01 -1.716604e+01 0.000000e+00
    endloop
  endfacet
  facet normal 4.097131e-01 5.726740e-01 -7.100561e-01
    outer loop
      vertex   1.461440e+01 -1.695111e+01 4.000000e-01
      vertex   1.422160e+01 -1.716604e+01 0.000000e+00
      vertex   1.441256e+01 -1.680670e+01 4.000000e-01
    endloop
  endfacet
  facet normal 4.685222e-01 5.342472e-01 -7.036099e-01
    outer loop
      vertex   1.441256e+01 -1.680670e+01 4.000000e-01
      vertex   1.422160e+01 -1.716604e+01 0.000000e+00
      vertex   1.401508e+01 -1.698492e+01 0.000000e+00
    endloop
  endfacet
  facet normal 4.882240e-01 5.063928e-01 -7.107768e-01
    outer loop
      vertex   1.441256e+01 -1.680670e+01 4.000000e-01
      vertex   1.401508e+01 -1.698492e+01 0.000000e+00
      vertex   1.423389e+01 -1.663444e+01 4.000000e-01
    endloop
  endfacet
  facet normal 5.345628e-01 4.687990e-01 -7.031856e-01
    outer loop
      vertex   1.423389e+01 -1.663444e+01 4.000000e-01
      vertex   1.401508e+01 -1.698492e+01 0.000000e+00
      vertex   1.383396e+01 -1.677840e+01 0.000000e+00
    endloop
  endfacet
  facet normal 5.565156e-01 4.297274e-01 -7.110729e-01
    outer loop
      vertex   1.423389e+01 -1.663444e+01 4.000000e-01
      vertex   1.383396e+01 -1.677840e+01 0.000000e+00
      vertex   1.408220e+01 -1.643801e+01 4.000000e-01
    endloop
  endfacet
  facet normal 5.912383e-01 3.950528e-01 -7.031148e-01
    outer loop
      vertex   1.408220e+01 -1.643801e+01 4.000000e-01
      vertex   1.383396e+01 -1.677840e+01 0.000000e+00
      vertex   1.368135e+01 -1.655000e+01 0.000000e+00
    endloop
  endfacet
  facet normal 6.132657e-01 3.441814e-01 -7.109461e-01
    outer loop
      vertex   1.408220e+01 -1.643801e+01 4.000000e-01
      vertex   1.368135e+01 -1.655000e+01 0.000000e+00
      vertex   1.396074e+01 -1.622158e+01 4.000000e-01
    endloop
  endfacet
  facet normal 6.374939e-01 3.143772e-01 -7.033979e-01
    outer loop
      vertex   1.396074e+01 -1.622158e+01 4.000000e-01
      vertex   1.368135e+01 -1.655000e+01 0.000000e+00
      vertex   1.355985e+01 -1.630364e+01 0.000000e+00
    endloop
  endfacet
  facet normal 6.573630e-01 2.514200e-01 -7.103955e-01
    outer loop
      vertex   1.396074e+01 -1.622158e+01 4.000000e-01
      vertex   1.355985e+01 -1.630364e+01 0.000000e+00
      vertex   1.387208e+01 -1.598977e+01 4.000000e-01
    endloop
  endfacet
  facet normal 6.724784e-01 2.282757e-01 -7.040334e-01
    outer loop
      vertex   1.387208e+01 -1.598977e+01 4.000000e-01
      vertex   1.355985e+01 -1.630364e+01 0.000000e+00
      vertex   1.347156e+01 -1.604352e+01 0.000000e+00
    endloop
  endfacet
  facet normal 6.879261e-01 1.532421e-01 -7.094184e-01
    outer loop
      vertex   1.387208e+01 -1.598977e+01 4.000000e-01
      vertex   1.347156e+01 -1.604352e+01 0.000000e+00
      vertex   1.381812e+01 -1.574752e+01 4.000000e-01
    endloop
  endfacet
  facet normal 6.955620e-01 1.383559e-01 -7.050185e-01
    outer loop
      vertex   1.381812e+01 -1.574752e+01 4.000000e-01
      vertex   1.347156e+01 -1.604352e+01 0.000000e+00
      vertex   1.341797e+01 -1.577411e+01 0.000000e+00
    endloop
  endfacet
  facet normal 7.043188e-01 5.154949e-02 -7.080096e-01
    outer loop
      vertex   1.381812e+01 -1.574752e+01 4.000000e-01
      vertex   1.341797e+01 -1.577411e+01 0.000000e+00
      vertex   1.380000e+01 -1.550000e+01 4.000000e-01
    endloop
  endfacet
  facet normal 9.973323e-01 7.299531e-02 0.000000e+00
    outer loop
      vertex   1.381812e+01 -1.574752e+01 5.500000e+00
      vertex   1.381812e+01 -1.574752e+01 4.000000e-01
      vertex   1.380000e+01 -1.550000e+01 5.500000e+00
    endloop
  endfacet
  facet normal 9.973323e-01 7.299531e-02 0.000000e+00
    outer loop
      vertex   1.380000e+01 -1.550000e+01 5.500000e+00
      vertex   1.381812e+01 -1.574752e+01 4.000000e-01
      vertex   1.380000e+01 -1.550000e+01 4.000000e-01
    endloop
  endfacet
  facet normal 9.973323e-01 -7.299531e-02 0.000000e+00
    outer loop
      vertex   1.380000e+01 -1.550000e+01 5.500000e+00
      vertex   1.380000e+01 -1.550000e+01 4.000000e-01
      vertex   1.381812e+01 -1.525248e+01 5.500000e+00
    endloop
  endfacet
  facet normal 9.973323e-01 -7.299531e-02 0.000000e+00
    outer loop
      vertex   1.381812e+01 -1.525248e+01 5.500000e+00
      vertex   1.380000e+01 -1.550000e+01 4.000000e-01
      vertex   1.381812e+01 -1.525248e+01 4.000000e-01
    endloop
  endfacet
  facet normal 9.760759e-01 -2.174302e-01 0.000000e+00
    outer loop
      vertex   1.381812e+01 -1.525248e+01 5.500000e+00
      vertex   1.381812e+01 -1.525248e+01 4.000000e-01
      vertex   1.387208e+01 -1.501023e+01 5.500000e+00
    endloop
  endfacet
  facet normal 9.760759e-01 -2.174302e-01 0.000000e+00
    outer loop
      vertex   1.387208e+01 -1.501023e+01 5.500000e+00
      vertex   1.381812e+01 -1.525248e+01 4.000000e-01
      vertex   1.387208e+01 -1.501023e+01 4.000000e-01
    endloop
  endfacet
  facet normal 9.340161e-01 -3.572309e-01 0.000000e+00
    outer loop
      vertex   1.387208e+01 -1.501023e+01 5.500000e+00
      vertex   1.387208e+01 -1.501023e+01 4.000000e-01
      vertex   1.396074e+01 -1.477842e+01 5.500000e+00
    endloop
  endfacet
  facet normal 9.340161e-01 -3.572309e-01 0.000000e+00
    outer loop
      vertex   1.396074e+01 -1.477842e+01 5.500000e+00
      vertex   1.387208e+01 -1.501023e+01 4.000000e-01
      vertex   1.396074e+01 -1.477842e+01 4.000000e-01
    endloop
  endfacet
  facet normal 8.720494e-01 -4.894178e-01 0.000000e+00
    outer loop
      vertex   1.396074e+01 -1.477842e+01 5.500000e+00
      vertex   1.396074e+01 -1.477842e+01 4.000000e-01
      vertex   1.408220e+01 -1.456199e+01 5.500000e+00
    endloop
  endfacet
  facet normal 8.720494e-01 -4.894178e-01 3.409336e-16
    outer loop
      vertex   1.408220e+01 -1.456199e+01 5.500000e+00
      vertex   1.396074e+01 -1.477842e+01 4.000000e-01
      vertex   1.408220e+01 -1.456199e+01 4.000000e-01
    endloop
  endfacet
  facet normal 7.914965e-01 -6.111737e-01 4.257500e-16
    outer loop
      vertex   1.408220e+01 -1.456199e+01 5.500000e+00
      vertex   1.408220e+01 -1.456199e+01 4.000000e-01
      vertex   1.423389e+01 -1.436556e+01 5.500000e+00
    endloop
  endfacet
  facet normal 7.914965e-01 -6.111737e-01 0.000000e+00
    outer loop
      vertex   1.423389e+01 -1.436556e+01 5.500000e+00
      vertex   1.408220e+01 -1.456199e+01 4.000000e-01
      vertex   1.423389e+01 -1.436556e+01 4.000000e-01
    endloop
  endfacet
  facet normal 6.940742e-01 -7.199035e-01 0.000000e+00
    outer loop
      vertex   1.423389e+01 -1.436556e+01 5.500000e+00
      vertex   1.423389e+01 -1.436556e+01 4.000000e-01
      vertex   1.441256e+01 -1.419330e+01 5.500000e+00
    endloop
  endfacet
  facet normal 6.940742e-01 -7.199035e-01 0.000000e+00
    outer loop
      vertex   1.441256e+01 -1.419330e+01 5.500000e+00
      vertex   1.423389e+01 -1.436556e+01 4.000000e-01
      vertex   1.441256e+01 -1.419330e+01 4.000000e-01
    endloop
  endfacet
  facet normal 5.818589e-01 -8.132897e-01 0.000000e+00
    outer loop
      vertex   1.441256e+01 -1.419330e+01 5.500000e+00
      vertex   1.441256e+01 -1.419330e+01 4.000000e-01
      vertex   1.461440e+01 -1.404889e+01 5.500000e+00
    endloop
  endfacet
  facet normal 5.818589e-01 -8.132897e-01 0.000000e+00
    outer loop
      vertex   1.461440e+01 -1.404889e+01 5.500000e+00
      vertex   1.441256e+01 -1.419330e+01 4.000000e-01
      vertex   1.461440e+01 -1.404889e+01 4.000000e-01
    endloop
  endfacet
  facet normal 4.572423e-01 -8.893421e-01 0.000000e+00
    outer loop
      vertex   1.461440e+01 -1.404889e+01 5.500000e+00
      vertex   1.461440e+01 -1.404889e+01 4.000000e-01
      vertex   1.483512e+01 -1.393541e+01 5.500000e+00
    endloop
  endfacet
  facet normal 4.572423e-01 -8.893421e-01 -1.592599e-16
    outer loop
      vertex   1.483512e+01 -1.393541e+01 5.500000e+00
      vertex   1.461440e+01 -1.404889e+01 4.000000e-01
      vertex   1.483512e+01 -1.393541e+01 4.000000e-01
    endloop
  endfacet
  facet normal 3.228804e-01 -9.464398e-01 -1.124609e-16
    outer loop
      vertex   1.483512e+01 -1.393541e+01 5.500000e+00
      vertex   1.483512e+01 -1.393541e+01 4.000000e-01
      vertex   1.507001e+01 -1.385528e+01 5.500000e+00
    endloop
  endfacet
  facet normal 3.228804e-01 -9.464398e-01 0.000000e+00
    outer loop
      vertex   1.507001e+01 -1.385528e+01 5.500000e+00
      vertex   1.483512e+01 -1.393541e+01 4.000000e-01
      vertex   1.507001e+01 -1.385528e+01 4.000000e-01
    endloop
  endfacet
  facet normal 1.816369e-01 -9.833657e-01 0.000000e+00
    outer loop
      vertex   1.507001e+01 -1.385528e+01 5.500000e+00
      vertex   1.507001e+01 -1.385528e+01 4.000000e-01
      vertex   1.531407e+01 -1.381020e+01 5.500000e+00
    endloop
  endfacet
  facet normal 1.816369e-01 -9.833657e-01 -6.326507e-17
    outer loop
      vertex   1.531407e+01 -1.381020e+01 5.500000e+00
      vertex   1.507001e+01 -1.385528e+01 4.000000e-01
      vertex   1.531407e+01 -1.381020e+01 4.000000e-01
    endloop
  endfacet
  facet normal 3.652202e-02 -9.993328e-01 -1.272081e-17
    outer loop
      vertex   1.531407e+01 -1.381020e+01 5.500000e+00
      vertex   1.531407e+01 -1.381020e+01 4.000000e-01
      vertex   1.556209e+01 -1.380113e+01 5.500000e+00
    endloop
  endfacet
  facet normal 3.652202e-02 -9.993328e-01 0.000000e+00
    outer loop
      vertex   1.556209e+01 -1.380113e+01 5.500000e+00
      vertex   1.531407e+01 -1.381020e+01 4.000000e-01
      vertex   1.556209e+01 -1.380113e+01 4.000000e-01
    endloop
  endfacet
  facet normal -1.093712e-01 -9.940010e-01 -0.000000e+00
    outer loop
      vertex   1.556209e+01 -1.380113e+01 5.500000e+00
      vertex   1.556209e+01 -1.380113e+01 4.000000e-01
      vertex   1.580878e+01 -1.382828e+01 5.500000e+00
    endloop
  endfacet
  facet normal -1.093712e-01 -9.940010e-01 3.809457e-17
    outer loop
      vertex   1.580878e+01 -1.382828e+01 5.500000e+00
      vertex   1.556209e+01 -1.380113e+01 4.000000e-01
      vertex   1.580878e+01 -1.382828e+01 4.000000e-01
    endloop
  endfacet
  facet normal -2.529334e-01 -9.674837e-01 8.809803e-17
    outer loop
      vertex   1.580878e+01 -1.382828e+01 5.500000e+00
      vertex   1.580878e+01 -1.382828e+01 4.000000e-01
      vertex   1.604890e+01 -1.389105e+01 5.500000e+00
    endloop
  endfacet
  facet normal -2.529334e-01 -9.674837e-01 -0.000000e+00
    outer loop
      vertex   1.604890e+01 -1.389105e+01 5.500000e+00
      vertex   1.580878e+01 -1.382828e+01 4.000000e-01
      vertex   1.604890e+01 -1.389105e+01 4.000000e-01
    endloop
  endfacet
  facet normal -3.911047e-01 -9.203462e-01 -0.000000e+00
    outer loop
      vertex   1.604890e+01 -1.389105e+01 5.500000e+00
      vertex   1.604890e+01 -1.389105e+01 4.000000e-01
      vertex   1.627731e+01 -1.398812e+01 5.500000e+00
    endloop
  endfacet
  facet normal -3.911047e-01 -9.203462e-01 -0.000000e+00
    outer loop
      vertex   1.627731e+01 -1.398812e+01 5.500000e+00
      vertex   1.604890e+01 -1.389105e+01 4.000000e-01
      vertex   1.627731e+01 -1.398812e+01 4.000000e-01
    endloop
  endfacet
  facet normal -5.209403e-01 -8.535931e-01 -0.000000e+00
    outer loop
      vertex   1.627731e+01 -1.398812e+01 5.500000e+00
      vertex   1.627731e+01 -1.398812e+01 4.000000e-01
      vertex   1.648916e+01 -1.411741e+01 5.500000e+00
    endloop
  endfacet
  facet normal -5.209403e-01 -8.535931e-01 6.558156e-17
    outer loop
      vertex   1.648916e+01 -1.411741e+01 5.500000e+00
      vertex   1.627731e+01 -1.398812e+01 4.000000e-01
      vertex   1.648916e+01 -1.411741e+01 4.000000e-01
    endloop
  endfacet
  facet normal -6.396730e-01 -7.686471e-01 1.778791e-16
    outer loop
      vertex   1.648916e+01 -1.411741e+01 5.500000e+00
      vertex   1.648916e+01 -1.411741e+01 4.000000e-01
      vertex   1.667993e+01 -1.427616e+01 5.500000e+00
    endloop
  endfacet
  facet normal -6.396730e-01 -7.686471e-01 -0.000000e+00
    outer loop
      vertex   1.667993e+01 -1.427616e+01 5.500000e+00
      vertex   1.648916e+01 -1.411741e+01 4.000000e-01
      vertex   1.667993e+01 -1.427616e+01 4.000000e-01
    endloop
  endfacet
  facet normal -7.447722e-01 -6.673188e-01 -0.000000e+00
    outer loop
      vertex   1.667993e+01 -1.427616e+01 5.500000e+00
      vertex   1.667993e+01 -1.427616e+01 4.000000e-01
      vertex   1.684554e+01 -1.446100e+01 5.500000e+00
    endloop
  endfacet
  facet normal -7.447722e-01 -6.673188e-01 -0.000000e+00
    outer loop
      vertex   1.684554e+01 -1.446100e+01 5.500000e+00
      vertex   1.667993e+01 -1.427616e+01 4.000000e-01
      vertex   1.684554e+01 -1.446100e+01 4.000000e-01
    endloop
  endfacet
  facet normal -8.339978e-01 -5.517677e-01 -0.000000e+00
    outer loop
      vertex   1.684554e+01 -1.446100e+01 5.500000e+00
      vertex   1.684554e+01 -1.446100e+01 4.000000e-01
      vertex   1.698248e+01 -1.466799e+01 5.500000e+00
    endloop
  endfacet
  facet normal -8.339978e-01 -5.517677e-01 -1.921836e-16
    outer loop
      vertex   1.698248e+01 -1.466799e+01 5.500000e+00
      vertex   1.684554e+01 -1.446100e+01 4.000000e-01
      vertex   1.698248e+01 -1.466799e+01 4.000000e-01
    endloop
  endfacet
  facet normal -9.054482e-01 -4.244567e-01 -1.478405e-16
    outer loop
      vertex   1.698248e+01 -1.466799e+01 5.500000e+00
      vertex   1.698248e+01 -1.466799e+01 4.000000e-01
      vertex   1.708783e+01 -1.489271e+01 5.500000e+00
    endloop
  endfacet
  facet normal -9.054482e-01 -4.244567e-01 -0.000000e+00
    outer loop
      vertex   1.708783e+01 -1.489271e+01 5.500000e+00
      vertex   1.698248e+01 -1.466799e+01 4.000000e-01
      vertex   1.708783e+01 -1.489271e+01 4.000000e-01
    endloop
  endfacet
  facet normal -9.576006e-01 -2.880991e-01 -0.000000e+00
    outer loop
      vertex   1.708783e+01 -1.489271e+01 5.500000e+00
      vertex   1.708783e+01 -1.489271e+01 4.000000e-01
      vertex   1.715933e+01 -1.513037e+01 5.500000e+00
    endloop
  endfacet
  facet normal -9.576006e-01 -2.880991e-01 -0.000000e+00
    outer loop
      vertex   1.715933e+01 -1.513037e+01 5.500000e+00
      vertex   1.708783e+01 -1.489271e+01 4.000000e-01
      vertex   1.715933e+01 -1.513037e+01 4.000000e-01
    endloop
  endfacet
  facet normal -9.893434e-01 -1.456012e-01 -0.000000e+00
    outer loop
      vertex   1.715933e+01 -1.513037e+01 5.500000e+00
      vertex   1.715933e+01 -1.513037e+01 4.000000e-01
      vertex   1.719546e+01 -1.537591e+01 5.500000e+00
    endloop
  endfacet
  facet normal -9.893434e-01 -1.456012e-01 -5.071365e-17
    outer loop
      vertex   1.719546e+01 -1.537591e+01 5.500000e+00
      vertex   1.715933e+01 -1.513037e+01 4.000000e-01
      vertex   1.719546e+01 -1.537591e+01 4.000000e-01
    endloop
  endfacet
  facet normal -1.000000e+00 -0.000000e+00 -0.000000e+00
    outer loop
      vertex   1.719546e+01 -1.537591e+01 5.500000e+00
      vertex   1.719546e+01 -1.537591e+01 4.000000e-01
      vertex   1.719546e+01 -1.562409e+01 5.500000e+00
    endloop
  endfacet
  facet normal -1.000000e+00 0.000000e+00 0.000000e+00
    outer loop
      vertex   1.719546e+01 -1.562409e+01 5.500000e+00
      vertex   1.719546e+01 -1.537591e+01 4.000000e-01
      vertex   1.719546e+01 -1.562409e+01 4.000000e-01
    endloop
  endfacet
  facet normal -9.893434e-01 1.456012e-01 5.071365e-17
    outer loop
      vertex   1.719546e+01 -1.562409e+01 5.500000e+00
      vertex   1.719546e+01 -1.562409e+01 4.000000e-01
      vertex   1.715933e+01 -1.586963e+01 5.500000e+00
    endloop
  endfacet
  facet normal -9.893434e-01 1.456012e-01 0.000000e+00
    outer loop
      vertex   1.715933e+01 -1.586963e+01 5.500000e+00
      vertex   1.719546e+01 -1.562409e+01 4.000000e-01
      vertex   1.715933e+01 -1.586963e+01 4.000000e-01
    endloop
  endfacet
  facet normal -9.576006e-01 2.880991e-01 0.000000e+00
    outer loop
      vertex   1.715933e+01 -1.586963e+01 5.500000e+00
      vertex   1.715933e+01 -1.586963e+01 4.000000e-01
      vertex   1.708783e+01 -1.610729e+01 5.500000e+00
    endloop
  endfacet
  facet normal -9.576006e-01 2.880991e-01 0.000000e+00
    outer loop
      vertex   1.708783e+01 -1.610729e+01 5.500000e+00
      vertex   1.715933e+01 -1.586963e+01 4.000000e-01
      vertex   1.708783e+01 -1.610729e+01 4.000000e-01
    endloop
  endfacet
  facet normal -9.054482e-01 4.244567e-01 0.000000e+00
    outer loop
      vertex   1.708783e+01 -1.610729e+01 5.500000e+00
      vertex   1.708783e+01 -1.610729e+01 4.000000e-01
      vertex   1.698248e+01 -1.633201e+01 5.500000e+00
    endloop
  endfacet
  facet normal -9.054482e-01 4.244567e-01 2.956810e-16
    outer loop
      vertex   1.698248e+01 -1.633201e+01 5.500000e+00
      vertex   1.708783e+01 -1.610729e+01 4.000000e-01
      vertex   1.698248e+01 -1.633201e+01 4.000000e-01
    endloop
  endfacet
  facet normal -8.339978e-01 5.517677e-01 3.843672e-16
    outer loop
      vertex   1.698248e+01 -1.633201e+01 5.500000e+00
      vertex   1.698248e+01 -1.633201e+01 4.000000e-01
      vertex   1.684554e+01 -1.653900e+01 5.500000e+00
    endloop
  endfacet
  facet normal -8.339978e-01 5.517677e-01 0.000000e+00
    outer loop
      vertex   1.684554e+01 -1.653900e+01 5.500000e+00
      vertex   1.698248e+01 -1.633201e+01 4.000000e-01
      vertex   1.684554e+01 -1.653900e+01 4.000000e-01
    endloop
  endfacet
  facet normal -7.447722e-01 6.673188e-01 0.000000e+00
    outer loop
      vertex   1.684554e+01 -1.653900e+01 5.500000e+00
      vertex   1.684554e+01 -1.653900e+01 4.000000e-01
      vertex   1.667993e+01 -1.672384e+01 5.500000e+00
    endloop
  endfacet
  facet normal -7.447722e-01 6.673188e-01 0.000000e+00
    outer loop
      vertex   1.667993e+01 -1.672384e+01 5.500000e+00
      vertex   1.684554e+01 -1.653900e+01 4.000000e-01
      vertex   1.667993e+01 -1.672384e+01 4.000000e-01
    endloop
  endfacet
  facet normal -6.396730e-01 7.686471e-01 0.000000e+00
    outer loop
      vertex   1.667993e+01 -1.672384e+01 5.500000e+00
      vertex   1.667993e+01 -1.672384e+01 4.000000e-01
      vertex   1.648916e+01 -1.688259e+01 5.500000e+00
    endloop
  endfacet
  facet normal -6.396730e-01 7.686471e-01 8.984473e-17
    outer loop
      vertex   1.648916e+01 -1.688259e+01 5.500000e+00
      vertex   1.667993e+01 -1.672384e+01 4.000000e-01
      vertex   1.648916e+01 -1.688259e+01 4.000000e-01
    endloop
  endfacet
  facet normal -5.209403e-01 8.535931e-01 2.317294e-16
    outer loop
      vertex   1.648916e+01 -1.688259e+01 5.500000e+00
      vertex   1.648916e+01 -1.688259e+01 4.000000e-01
      vertex   1.627731e+01 -1.701188e+01 5.500000e+00
    endloop
  endfacet
  facet normal -5.209403e-01 8.535931e-01 0.000000e+00
    outer loop
      vertex   1.627731e+01 -1.701188e+01 5.500000e+00
      vertex   1.648916e+01 -1.688259e+01 4.000000e-01
      vertex   1.627731e+01 -1.701188e+01 4.000000e-01
    endloop
  endfacet
  facet normal -3.911047e-01 9.203462e-01 0.000000e+00
    outer loop
      vertex   1.627731e+01 -1.701188e+01 5.500000e+00
      vertex   1.627731e+01 -1.701188e+01 4.000000e-01
      vertex   1.604890e+01 -1.710895e+01 5.500000e+00
    endloop
  endfacet
  facet normal -3.911047e-01 9.203462e-01 0.000000e+00
    outer loop
      vertex   1.604890e+01 -1.710895e+01 5.500000e+00
      vertex   1.627731e+01 -1.701188e+01 4.000000e-01
      vertex   1.604890e+01 -1.710895e+01 4.000000e-01
    endloop
  endfacet
  facet normal -2.529334e-01 9.674837e-01 0.000000e+00
    outer loop
      vertex   1.604890e+01 -1.710895e+01 5.500000e+00
      vertex   1.604890e+01 -1.710895e+01 4.000000e-01
      vertex   1.580878e+01 -1.717172e+01 5.500000e+00
    endloop
  endfacet
  facet normal -2.529334e-01 9.674837e-01 -8.809803e-17
    outer loop
      vertex   1.580878e+01 -1.717172e+01 5.500000e+00
      vertex   1.604890e+01 -1.710895e+01 4.000000e-01
      vertex   1.580878e+01 -1.717172e+01 4.000000e-01
    endloop
  endfacet
  facet normal -1.093712e-01 9.940010e-01 -3.809457e-17
    outer loop
      vertex   1.580878e+01 -1.717172e+01 5.500000e+00
      vertex   1.580878e+01 -1.717172e+01 4.000000e-01
      vertex   1.556209e+01 -1.719887e+01 5.500000e+00
    endloop
  endfacet
  facet normal -1.093712e-01 9.940010e-01 0.000000e+00
    outer loop
      vertex   1.556209e+01 -1.719887e+01 5.500000e+00
      vertex   1.580878e+01 -1.717172e+01 4.000000e-01
      vertex   1.556209e+01 -1.719887e+01 4.000000e-01
    endloop
  endfacet
  facet normal 3.652202e-02 9.993328e-01 0.000000e+00
    outer loop
      vertex   1.556209e+01 -1.719887e+01 5.500000e+00
      vertex   1.556209e+01 -1.719887e+01 4.000000e-01
      vertex   1.531407e+01 -1.718980e+01 5.500000e+00
    endloop
  endfacet
  facet normal 3.652202e-02 9.993328e-01 1.272081e-17
    outer loop
      vertex   1.531407e+01 -1.718980e+01 5.500000e+00
      vertex   1.556209e+01 -1.719887e+01 4.000000e-01
      vertex   1.531407e+01 -1.718980e+01 4.000000e-01
    endloop
  endfacet
  facet normal 1.816369e-01 9.833657e-01 6.326507e-17
    outer loop
      vertex   1.531407e+01 -1.718980e+01 5.500000e+00
      vertex   1.531407e+01 -1.718980e+01 4.000000e-01
      vertex   1.507001e+01 -1.714472e+01 5.500000e+00
    endloop
  endfacet
  facet normal 1.816369e-01 9.833657e-01 0.000000e+00
    outer loop
      vertex   1.507001e+01 -1.714472e+01 5.500000e+00
      vertex   1.531407e+01 -1.718980e+01 4.000000e-01
      vertex   1.507001e+01 -1.714472e+01 4.000000e-01
    endloop
  endfacet
  facet normal 3.228804e-01 9.464398e-01 0.000000e+00
    outer loop
      vertex   1.507001e+01 -1.714472e+01 5.500000e+00
      vertex   1.507001e+01 -1.714472e+01 4.000000e-01
      vertex   1.483512e+01 -1.706459e+01 5.500000e+00
    endloop
  endfacet
  facet normal 3.228804e-01 9.464398e-01 1.124609e-16
    outer loop
      vertex   1.483512e+01 -1.706459e+01 5.500000e+00
      vertex   1.507001e+01 -1.714472e+01 4.000000e-01
      vertex   1.483512e+01 -1.706459e+01 4.000000e-01
    endloop
  endfacet
  facet normal 4.572423e-01 8.893421e-01 1.592599e-16
    outer loop
      vertex   1.483512e+01 -1.706459e+01 5.500000e+00
      vertex   1.483512e+01 -1.706459e+01 4.000000e-01
      vertex   1.461440e+01 -1.695111e+01 5.500000e+00
    endloop
  endfacet
  facet normal 4.572423e-01 8.893421e-01 0.000000e+00
    outer loop
      vertex   1.461440e+01 -1.695111e+01 5.500000e+00
      vertex   1.483512e+01 -1.706459e+01 4.000000e-01
      vertex   1.461440e+01 -1.695111e+01 4.000000e-01
    endloop
  endfacet
  facet normal 5.818589e-01 8.132897e-01 0.000000e+00
    outer loop
      vertex   1.461440e+01 -1.695111e+01 5.500000e+00
      vertex   1.461440e+01 -1.695111e+01 4.000000e-01
      vertex   1.441256e+01 -1.680670e+01 5.500000e+00
    endloop
  endfacet
  facet normal 5.818589e-01 8.132897e-01 0.000000e+00
    outer loop
      vertex   1.441256e+01 -1.680670e+01 5.500000e+00
      vertex   1.461440e+01 -1.695111e+01 4.000000e-01
      vertex   1.441256e+01 -1.680670e+01 4.000000e-01
    endloop
  endfacet
  facet normal 6.940742e-01 7.199035e-01 0.000000e+00
    outer loop
      vertex   1.441256e+01 -1.680670e+01 5.500000e+00
      vertex   1.441256e+01 -1.680670e+01 4.000000e-01
      vertex   1.423389e+01 -1.663444e+01 5.500000e+00
    endloop
  endfacet
  facet normal 6.940742e-01 7.199035e-01 0.000000e+00
    outer loop
      vertex   1.423389e+01 -1.663444e+01 5.500000e+00
      vertex   1.441256e+01 -1.680670e+01 4.000000e-01
      vertex   1.423389e+01 -1.663444e+01 4.000000e-01
    endloop
  endfacet
  facet normal 7.914965e-01 6.111737e-01 0.000000e+00
    outer loop
      vertex   1.423389e+01 -1.663444e+01 5.500000e+00
      vertex   1.423389e+01 -1.663444e+01 4.000000e-01
      vertex   1.408220e+01 -1.643801e+01 5.500000e+00
    endloop
  endfacet
  facet normal 7.914965e-01 6.111737e-01 -4.257500e-16
    outer loop
      vertex   1.408220e+01 -1.643801e+01 5.500000e+00
      vertex   1.423389e+01 -1.663444e+01 4.000000e-01
      vertex   1.408220e+01 -1.643801e+01 4.000000e-01
    endloop
  endfacet
  facet normal 8.720494e-01 4.894178e-01 -3.409336e-16
    outer loop
      vertex   1.408220e+01 -1.643801e+01 5.500000e+00
      vertex   1.408220e+01 -1.643801e+01 4.000000e-01
      vertex   1.396074e+01 -1.622158e+01 5.500000e+00
    endloop
  endfacet
  facet normal 8.720494e-01 4.894178e-01 0.000000e+00
    outer loop
      vertex   1.396074e+01 -1.622158e+01 5.500000e+00
      vertex   1.408220e+01 -1.643801e+01 4.000000e-01
      vertex   1.396074e+01 -1.622158e+01 4.000000e-01
    endloop
  endfacet
  facet normal 9.340161e-01 3.572309e-01 0.000000e+00
    outer loop
      vertex   1.396074e+01 -1.622158e+01 5.500000e+00
      vertex   1.396074e+01 -1.622158e+01 4.000000e-01
      vertex   1.387208e+01 -1.598977e+01 5.500000e+00
    endloop
  endfacet
  facet normal 9.340161e-01 3.572309e-01 0.000000e+00
    outer loop
      vertex   1.387208e+01 -1.598977e+01 5.500000e+00
      vertex   1.396074e+01 -1.622158e+01 4.000000e-01
      vertex   1.387208e+01 -1.598977e+01 4.000000e-01
    endloop
  endfacet
  facet normal 9.760759e-01 2.174302e-01 0.000000e+00
    outer loop
      vertex   1.387208e+01 -1.598977e+01 5.500000e+00
      vertex   1.387208e+01 -1.598977e+01 4.000000e-01
      vertex   1.381812e+01 -1.574752e+01 5.500000e+00
    endloop
  endfacet
  facet normal 9.760759e-01 2.174302e-01 0.000000e+00
    outer loop
      vertex   1.381812e+01 -1.574752e+01 5.500000e+00
      vertex   1.387208e+01 -1.598977e+01 4.000000e-01
      vertex   1.381812e+01 -1.574752e+01 4.000000e-01
    endloop
  endfacet
  facet normal 7.063486e-01 4.629653e-02 -7.063486e-01
    outer loop
      vertex   -1.758203e+01 -1.577411e+01 0.000000e+00
      vertex   -1.760000e+01 -1.550000e+01 0.000000e+00
      vertex   -1.720000e+01 -1.550000e+01 4.000000e-01
    endloop
  endfacet
  facet normal 7.063486e-01 -4.629653e-02 -7.063486e-01
    outer loop
      vertex   -1.720000e+01 -1.550000e+01 4.000000e-01
      vertex   -1.760000e+01 -1.550000e+01 0.000000e+00
      vertex   -1.758203e+01 -1.522589e+01 0.000000e+00
    endloop
  endfacet
  facet normal 7.043188e-01 -5.154949e-02 -7.080096e-01
    outer loop
      vertex   -1.720000e+01 -1.550000e+01 4.000000e-01
      vertex   -1.758203e+01 -1.522589e+01 0.000000e+00
      vertex   -1.718188e+01 -1.525248e+01 4.000000e-01
    endloop
  endfacet
  facet normal 6.955620e-01 -1.383559e-01 -7.050185e-01
    outer loop
      vertex   -1.718188e+01 -1.525248e+01 4.000000e-01
      vertex   -1.758203e+01 -1.522589e+01 0.000000e+00
      vertex   -1.752844e+01 -1.495648e+01 0.000000e+00
    endloop
  endfacet
  facet normal 6.879261e-01 -1.532421e-01 -7.094184e-01
    outer loop
      vertex   -1.718188e+01 -1.525248e+01 4.000000e-01
      vertex   -1.752844e+01 -1.495648e+01 0.000000e+00
      vertex   -1.712792e+01 -1.501023e+01 4.000000e-01
    endloop
  endfacet
  facet normal 6.724784e-01 -2.282757e-01 -7.040334e-01
    outer loop
      vertex   -1.712792e+01 -1.501023e+01 4.000000e-01
      vertex   -1.752844e+01 -1.495648e+01 0.000000e+00
      vertex   -1.744015e+01 -1.469636e+01 0.000000e+00
    endloop
  endfacet
  facet normal 6.573630e-01 -2.514200e-01 -7.103955e-01
    outer loop
      vertex   -1.712792e+01 -1.501023e+01 4.000000e-01
      vertex   -1.744015e+01 -1.469636e+01 0.000000e+00
      vertex   -1.703926e+01 -1.477842e+01 4.000000e-01
    endloop
  endfacet
  facet normal 6.374939e-01 -3.143772e-01 -7.033979e-01
    outer loop
      vertex   -1.703926e+01 -1.477842e+01 4.000000e-01
      vertex   -1.744015e+01 -1.469636e+01 0.000000e+00
      vertex   -1.731865e+01 -1.445000e+01 0.000000e+00
    endloop
  endfacet
  facet normal 6.132657e-01 -3.441814e-01 -7.109461e-01
    outer loop
      vertex   -1.703926e+01 -1.477842e+01 4.000000e-01
      vertex   -1.731865e+01 -1.445000e+01 0.000000e+00
      vertex   -1.691780e+01 -1.456199e+01 4.000000e-01
    endloop
  endfacet
  facet normal 5.912383e-01 -3.950528e-01 -7.031148e-01
    outer loop
      vertex   -1.691780e+01 -1.456199e+01 4.000000e-01
      vertex   -1.731865e+01 -1.445000e+01 0.000000e+00
      vertex   -1.716604e+01 -1.422160e+01 0.000000e+00
    endloop
  endfacet
  facet normal 5.565156e-01 -4.297274e-01 -7.110729e-01
    outer loop
      vertex   -1.691780e+01 -1.456199e+01 4.000000e-01
      vertex   -1.716604e+01 -1.422160e+01 0.000000e+00
      vertex   -1.676611e+01 -1.436556e+01 4.000000e-01
    endloop
  endfacet
  facet normal 5.345628e-01 -4.687990e-01 -7.031856e-01
    outer loop
      vertex   -1.676611e+01 -1.436556e+01 4.000000e-01
      vertex   -1.716604e+01 -1.422160e+01 0.000000e+00
      vertex   -1.698492e+01 -1.401508e+01 0.000000e+00
    endloop
  endfacet
  facet normal 4.882240e-01 -5.063928e-01 -7.107768e-01
    outer loop
      vertex   -1.676611e+01 -1.436556e+01 4.000000e-01
      vertex   -1.698492e+01 -1.401508e+01 0.000000e+00
      vertex   -1.658744e+01 -1.419330e+01 4.000000e-01
    endloop
  endfacet
  facet normal 4.685222e-01 -5.342472e-01 -7.036099e-01
    outer loop
      vertex   -1.658744e+01 -1.419330e+01 4.000000e-01
      vertex   -1.698492e+01 -1.401508e+01 0.000000e+00
      vertex   -1.677840e+01 -1.383396e+01 0.000000e+00
    endloop
  endfacet
  facet normal 4.097131e-01 -5.726740e-01 -7.100561e-01
    outer loop
      vertex   -1.658744e+01 -1.419330e+01 4.000000e-01
      vertex   -1.677840e+01 -1.383396e+01 0.000000e+00
      vertex   -1.638560e+01 -1.404889e+01 4.000000e-01
    endloop
  endfacet
  facet normal 3.943534e-01 -5.901916e-01 -7.043857e-01
    outer loop
      vertex   -1.638560e+01 -1.404889e+01 4.000000e-01
      vertex   -1.677840e+01 -1.383396e+01 0.000000e+00
      vertex   -1.655000e+01 -1.368135e+01 0.000000e+00
    endloop
  endfacet
  facet normal 3.224939e-01 -6.272547e-01 -7.089071e-01
    outer loop
      vertex   -1.638560e+01 -1.404889e+01 4.000000e-01
      vertex   -1.655000e+01 -1.368135e+01 0.000000e+00
      vertex   -1.616488e+01 -1.393541e+01 4.000000e-01
    endloop
  endfacet
  facet normal 3.134502e-01 -6.356142e-01 -7.055094e-01
    outer loop
      vertex   -1.616488e+01 -1.393541e+01 4.000000e-01
      vertex   -1.655000e+01 -1.368135e+01 0.000000e+00
      vertex   -1.630364e+01 -1.355985e+01 0.000000e+00
    endloop
  endfacet
  facet normal 2.282409e-01 -6.690287e-01 -7.073237e-01
    outer loop
      vertex   -1.616488e+01 -1.393541e+01 4.000000e-01
      vertex   -1.630364e+01 -1.355985e+01 0.000000e+00
      vertex   -1.592999e+01 -1.385528e+01 4.000000e-01
    endloop
  endfacet
  facet normal 2.273341e-01 -6.697046e-01 -7.069759e-01
    outer loop
      vertex   -1.592999e+01 -1.385528e+01 4.000000e-01
      vertex   -1.630364e+01 -1.355985e+01 0.000000e+00
      vertex   -1.604352e+01 -1.347156e+01 0.000000e+00
    endloop
  endfacet
  facet normal 1.382089e-01 -6.948232e-01 -7.057755e-01
    outer loop
      vertex   -1.592999e+01 -1.385528e+01 4.000000e-01
      vertex   -1.604352e+01 -1.347156e+01 0.000000e+00
      vertex   -1.577411e+01 -1.341797e+01 0.000000e+00
    endloop
  endfacet
  facet normal 1.281602e-01 -6.938480e-01 -7.086254e-01
    outer loop
      vertex   -1.592999e+01 -1.385528e+01 4.000000e-01
      vertex   -1.577411e+01 -1.341797e+01 0.000000e+00
      vertex   -1.568593e+01 -1.381020e+01 4.000000e-01
    endloop
  endfacet
  facet normal 4.641149e-02 -7.081024e-01 -7.045828e-01
    outer loop
      vertex   -1.568593e+01 -1.381020e+01 4.000000e-01
      vertex   -1.577411e+01 -1.341797e+01 0.000000e+00
      vertex   -1.550000e+01 -1.340000e+01 0.000000e+00
    endloop
  endfacet
  facet normal 2.572400e-02 -7.038721e-01 -7.098607e-01
    outer loop
      vertex   -1.568593e+01 -1.381020e+01 4.000000e-01
      vertex   -1.550000e+01 -1.340000e+01 0.000000e+00
      vertex   -1.543791e+01 -1.380113e+01 4.000000e-01
    endloop
  endfacet
  facet normal -4.646634e-02 -7.089394e-01 -7.037371e-01
    outer loop
      vertex   -1.543791e+01 -1.380113e+01 4.000000e-01
      vertex   -1.550000e+01 -1.340000e+01 0.000000e+00
      vertex   -1.522589e+01 -1.341797e+01 0.000000e+00
    endloop
  endfacet
  facet normal -7.694580e-02 -6.993083e-01 -7.106667e-01
    outer loop
      vertex   -1.543791e+01 -1.380113e+01 4.000000e-01
      vertex   -1.522589e+01 -1.341797e+01 0.000000e+00
      vertex   -1.519122e+01 -1.382828e+01 4.000000e-01
    endloop
  endfacet
  facet normal -1.386995e-01 -6.972896e-01 -7.032423e-01
    outer loop
      vertex   -1.519122e+01 -1.382828e+01 4.000000e-01
      vertex   -1.522589e+01 -1.341797e+01 0.000000e+00
      vertex   -1.495648e+01 -1.347156e+01 0.000000e+00
    endloop
  endfacet
  facet normal -1.778486e-01 -6.802803e-01 -7.110476e-01
    outer loop
      vertex   -1.519122e+01 -1.382828e+01 4.000000e-01
      vertex   -1.495648e+01 -1.347156e+01 0.000000e+00
      vertex   -1.495110e+01 -1.389105e+01 4.000000e-01
    endloop
  endfacet
  facet normal -2.285725e-01 -6.733528e-01 -7.031007e-01
    outer loop
      vertex   -1.495110e+01 -1.389105e+01 4.000000e-01
      vertex   -1.495648e+01 -1.347156e+01 0.000000e+00
      vertex   -1.469636e+01 -1.355985e+01 0.000000e+00
    endloop
  endfacet
  facet normal -2.750196e-01 -6.471752e-01 -7.110053e-01
    outer loop
      vertex   -1.495110e+01 -1.389105e+01 4.000000e-01
      vertex   -1.469636e+01 -1.355985e+01 0.000000e+00
      vertex   -1.472269e+01 -1.398812e+01 4.000000e-01
    endloop
  endfacet
  facet normal -3.144143e-01 -6.375692e-01 -7.033130e-01
    outer loop
      vertex   -1.472269e+01 -1.398812e+01 4.000000e-01
      vertex   -1.469636e+01 -1.355985e+01 0.000000e+00
      vertex   -1.445000e+01 -1.368135e+01 0.000000e+00
    endloop
  endfacet
  facet normal -3.665634e-01 -6.006369e-01 -7.105396e-01
    outer loop
      vertex   -1.472269e+01 -1.398812e+01 4.000000e-01
      vertex   -1.445000e+01 -1.368135e+01 0.000000e+00
      vertex   -1.451084e+01 -1.411741e+01 4.000000e-01
    endloop
  endfacet
  facet normal -3.946330e-01 -5.906100e-01 -7.038782e-01
    outer loop
      vertex   -1.451084e+01 -1.411741e+01 4.000000e-01
      vertex   -1.445000e+01 -1.368135e+01 0.000000e+00
      vertex   -1.422160e+01 -1.383396e+01 0.000000e+00
    endloop
  endfacet
  facet normal -4.506856e-01 -5.415551e-01 -7.096482e-01
    outer loop
      vertex   -1.451084e+01 -1.411741e+01 4.000000e-01
      vertex   -1.422160e+01 -1.383396e+01 0.000000e+00
      vertex   -1.432007e+01 -1.427616e+01 4.000000e-01
    endloop
  endfacet
  facet normal -4.677480e-01 -5.333644e-01 -7.047937e-01
    outer loop
      vertex   -1.432007e+01 -1.427616e+01 4.000000e-01
      vertex   -1.422160e+01 -1.383396e+01 0.000000e+00
      vertex   -1.401508e+01 -1.401508e+01 0.000000e+00
    endloop
  endfacet
  facet normal -5.257237e-01 -4.710505e-01 -7.083263e-01
    outer loop
      vertex   -1.432007e+01 -1.427616e+01 4.000000e-01
      vertex   -1.401508e+01 -1.401508e+01 0.000000e+00
      vertex   -1.415446e+01 -1.446100e+01 4.000000e-01
    endloop
  endfacet
  facet normal -5.324204e-01 -4.669202e-01 -7.060552e-01
    outer loop
      vertex   -1.415446e+01 -1.446100e+01 4.000000e-01
      vertex   -1.401508e+01 -1.401508e+01 0.000000e+00
      vertex   -1.383396e+01 -1.422160e+01 0.000000e+00
    endloop
  endfacet
  facet normal -5.883128e-01 -3.930980e-01 -7.066555e-01
    outer loop
      vertex   -1.415446e+01 -1.446100e+01 4.000000e-01
      vertex   -1.383396e+01 -1.422160e+01 0.000000e+00
      vertex   -1.368135e+01 -1.445000e+01 0.000000e+00
    endloop
  endfacet
  facet normal -5.892509e-01 -3.898447e-01 -7.076755e-01
    outer loop
      vertex   -1.415446e+01 -1.446100e+01 4.000000e-01
      vertex   -1.368135e+01 -1.445000e+01 0.000000e+00
      vertex   -1.401752e+01 -1.466799e+01 4.000000e-01
    endloop
  endfacet
  facet normal -6.358394e-01 -3.135613e-01 -7.052571e-01
    outer loop
      vertex   -1.401752e+01 -1.466799e+01 4.000000e-01
      vertex   -1.368135e+01 -1.445000e+01 0.000000e+00
      vertex   -1.355985e+01 -1.469636e+01 0.000000e+00
    endloop
  endfacet
  facet normal -6.383737e-01 -2.992573e-01 -7.091714e-01
    outer loop
      vertex   -1.401752e+01 -1.466799e+01 4.000000e-01
      vertex   -1.355985e+01 -1.469636e+01 0.000000e+00
      vertex   -1.391217e+01 -1.489271e+01 4.000000e-01
    endloop
  endfacet
  facet normal -6.723195e-01 -2.282217e-01 -7.042026e-01
    outer loop
      vertex   -1.391217e+01 -1.489271e+01 4.000000e-01
      vertex   -1.355985e+01 -1.469636e+01 0.000000e+00
      vertex   -1.347156e+01 -1.495648e+01 0.000000e+00
    endloop
  endfacet
  facet normal -6.741176e-01 -2.028118e-01 -7.102344e-01
    outer loop
      vertex   -1.391217e+01 -1.489271e+01 4.000000e-01
      vertex   -1.347156e+01 -1.495648e+01 0.000000e+00
      vertex   -1.384067e+01 -1.513037e+01 4.000000e-01
    endloop
  endfacet
  facet normal -6.970425e-01 -1.386504e-01 -7.034969e-01
    outer loop
      vertex   -1.384067e+01 -1.513037e+01 4.000000e-01
      vertex   -1.347156e+01 -1.495648e+01 0.000000e+00
      vertex   -1.341797e+01 -1.522589e+01 0.000000e+00
    endloop
  endfacet
  facet normal -6.958284e-01 -1.024047e-01 -7.108699e-01
    outer loop
      vertex   -1.384067e+01 -1.513037e+01 4.000000e-01
      vertex   -1.341797e+01 -1.522589e+01 0.000000e+00
      vertex   -1.380454e+01 -1.537591e+01 4.000000e-01
    endloop
  endfacet
  facet normal -7.095259e-01 -4.650478e-02 -7.031432e-01
    outer loop
      vertex   -1.380454e+01 -1.537591e+01 4.000000e-01
      vertex   -1.341797e+01 -1.522589e+01 0.000000e+00
      vertex   -1.340000e+01 -1.550000e+01 0.000000e+00
    endloop
  endfacet
  facet normal -7.031097e-01 -0.000000e+00 -7.110814e-01
    outer loop
      vertex   -1.380454e+01 -1.537591e+01 4.000000e-01
      vertex   -1.340000e+01 -1.550000e+01 0.000000e+00
      vertex   -1.380454e+01 -1.562409e+01 4.000000e-01
    endloop
  endfacet
  facet normal -7.095259e-01 4.650478e-02 -7.031432e-01
    outer loop
      vertex   -1.380454e+01 -1.562409e+01 4.000000e-01
      vertex   -1.340000e+01 -1.550000e+01 0.000000e+00
      vertex   -1.341797e+01 -1.577411e+01 0.000000e+00
    endloop
  endfacet
  facet normal -6.958284e-01 1.024047e-01 -7.108699e-01
    outer loop
      vertex   -1.380454e+01 -1.562409e+01 4.000000e-01
      vertex   -1.341797e+01 -1.577411e+01 0.000000e+00
      vertex   -1.384067e+01 -1.586963e+01 4.000000e-01
    endloop
  endfacet
  facet normal -6.970425e-01 1.386504e-01 -7.034969e-01
    outer loop
      vertex   -1.384067e+01 -1.586963e+01 4.000000e-01
      vertex   -1.341797e+01 -1.577411e+01 0.000000e+00
      vertex   -1.347156e+01 -1.604352e+01 0.000000e+00
    endloop
  endfacet
  facet normal -6.741176e-01 2.028118e-01 -7.102344e-01
    outer loop
      vertex   -1.384067e+01 -1.586963e+01 4.000000e-01
      vertex   -1.347156e+01 -1.604352e+01 0.000000e+00
      vertex   -1.391217e+01 -1.610729e+01 4.000000e-01
    endloop
  endfacet
  facet normal -6.723195e-01 2.282217e-01 -7.042026e-01
    outer loop
      vertex   -1.391217e+01 -1.610729e+01 4.000000e-01
      vertex   -1.347156e+01 -1.604352e+01 0.000000e+00
      vertex   -1.355985e+01 -1.630364e+01 0.000000e+00
    endloop
  endfacet
  facet normal -6.383737e-01 2.992573e-01 -7.091714e-01
    outer loop
      vertex   -1.391217e+01 -1.610729e+01 4.000000e-01
      vertex   -1.355985e+01 -1.630364e+01 0.000000e+00
      vertex   -1.401752e+01 -1.633201e+01 4.000000e-01
    endloop
  endfacet
  facet normal -6.358394e-01 3.135613e-01 -7.052571e-01
    outer loop
      vertex   -1.401752e+01 -1.633201e+01 4.000000e-01
      vertex   -1.355985e+01 -1.630364e+01 0.000000e+00
      vertex   -1.368135e+01 -1.655000e+01 0.000000e+00
    endloop
  endfacet
  facet normal -5.892509e-01 3.898447e-01 -7.076755e-01
    outer loop
      vertex   -1.401752e+01 -1.633201e+01 4.000000e-01
      vertex   -1.368135e+01 -1.655000e+01 0.000000e+00
      vertex   -1.415446e+01 -1.653900e+01 4.000000e-01
    endloop
  endfacet
  facet normal -5.883128e-01 3.930980e-01 -7.066555e-01
    outer loop
      vertex   -1.415446e+01 -1.653900e+01 4.000000e-01
      vertex   -1.368135e+01 -1.655000e+01 0.000000e+00
      vertex   -1.383396e+01 -1.677840e+01 0.000000e+00
    endloop
  endfacet
  facet normal -5.324204e-01 4.669202e-01 -7.060552e-01
    outer loop
      vertex   -1.415446e+01 -1.653900e+01 4.000000e-01
      vertex   -1.383396e+01 -1.677840e+01 0.000000e+00
      vertex   -1.401508e+01 -1.698492e+01 0.000000e+00
    endloop
  endfacet
  facet normal -5.257237e-01 4.710505e-01 -7.083263e-01
    outer loop
      vertex   -1.415446e+01 -1.653900e+01 4.000000e-01
      vertex   -1.401508e+01 -1.698492e+01 0.000000e+00
      vertex   -1.432007e+01 -1.672384e+01 4.000000e-01
    endloop
  endfacet
  facet normal -4.677480e-01 5.333644e-01 -7.047937e-01
    outer loop
      vertex   -1.432007e+01 -1.672384e+01 4.000000e-01
      vertex   -1.401508e+01 -1.698492e+01 0.000000e+00
      vertex   -1.422160e+01 -1.716604e+01 0.000000e+00
    endloop
  endfacet
  facet normal -4.506856e-01 5.415551e-01 -7.096482e-01
    outer loop
      vertex   -1.432007e+01 -1.672384e+01 4.000000e-01
      vertex   -1.422160e+01 -1.716604e+01 0.000000e+00
      vertex   -1.451084e+01 -1.688259e+01 4.000000e-01
    endloop
  endfacet
  facet normal -3.946330e-01 5.906100e-01 -7.038782e-01
    outer loop
      vertex   -1.451084e+01 -1.688259e+01 4.000000e-01
      vertex   -1.422160e+01 -1.716604e+01 0.000000e+00
      vertex   -1.445000e+01 -1.731865e+01 0.000000e+00
    endloop
  endfacet
  facet normal -3.665634e-01 6.006369e-01 -7.105396e-01
    outer loop
      vertex   -1.451084e+01 -1.688259e+01 4.000000e-01
      vertex   -1.445000e+01 -1.731865e+01 0.000000e+00
      vertex   -1.472269e+01 -1.701188e+01 4.000000e-01
    endloop
  endfacet
  facet normal -3.144143e-01 6.375692e-01 -7.033130e-01
    outer loop
      vertex   -1.472269e+01 -1.701188e+01 4.000000e-01
      vertex   -1.445000e+01 -1.731865e+01 0.000000e+00
      vertex   -1.469636e+01 -1.744015e+01 0.000000e+00
    endloop
  endfacet
  facet normal -2.750196e-01 6.471752e-01 -7.110053e-01
    outer loop
      vertex   -1.472269e+01 -1.701188e+01 4.000000e-01
      vertex   -1.469636e+01 -1.744015e+01 0.000000e+00
      vertex   -1.495110e+01 -1.710895e+01 4.000000e-01
    endloop
  endfacet
  facet normal -2.285725e-01 6.733528e-01 -7.031007e-01
    outer loop
      vertex   -1.495110e+01 -1.710895e+01 4.000000e-01
      vertex   -1.469636e+01 -1.744015e+01 0.000000e+00
      vertex   -1.495648e+01 -1.752844e+01 0.000000e+00
    endloop
  endfacet
  facet normal -1.778486e-01 6.802803e-01 -7.110476e-01
    outer loop
      vertex   -1.495110e+01 -1.710895e+01 4.000000e-01
      vertex   -1.495648e+01 -1.752844e+01 0.000000e+00
      vertex   -1.519122e+01 -1.717172e+01 4.000000e-01
    endloop
  endfacet
  facet normal -1.386995e-01 6.972896e-01 -7.032423e-01
    outer loop
      vertex   -1.519122e+01 -1.717172e+01 4.000000e-01
      vertex   -1.495648e+01 -1.752844e+01 0.000000e+00
      vertex   -1.522589e+01 -1.758203e+01 0.000000e+00
    endloop
  endfacet
  facet normal -7.694580e-02 6.993083e-01 -7.106667e-01
    outer loop
      vertex   -1.519122e+01 -1.717172e+01 4.000000e-01
      vertex   -1.522589e+01 -1.758203e+01 0.000000e+00
      vertex   -1.543791e+01 -1.719887e+01 4.000000e-01
    endloop
  endfacet
  facet normal -4.646634e-02 7.089394e-01 -7.037371e-01
    outer loop
      vertex   -1.543791e+01 -1.719887e+01 4.000000e-01
      vertex   -1.522589e+01 -1.758203e+01 0.000000e+00
      vertex   -1.550000e+01 -1.760000e+01 0.000000e+00
    endloop
  endfacet
  facet normal 2.572400e-02 7.038721e-01 -7.098607e-01
    outer loop
      vertex   -1.543791e+01 -1.719887e+01 4.000000e-01
      vertex   -1.550000e+01 -1.760000e+01 0.000000e+00
      vertex   -1.568593e+01 -1.718980e+01 4.000000e-01
    endloop
  endfacet
  facet normal 4.641149e-02 7.081024e-01 -7.045828e-01
    outer loop
      vertex   -1.568593e+01 -1.718980e+01 4.000000e-01
      vertex   -1.550000e+01 -1.760000e+01 0.000000e+00
      vertex   -1.577411e+01 -1.758203e+01 0.000000e+00
    endloop
  endfacet
  facet normal 1.281602e-01 6.938480e-01 -7.086254e-01
    outer loop
      vertex   -1.568593e+01 -1.718980e+01 4.000000e-01
      vertex   -1.577411e+01 -1.758203e+01 0.000000e+00
      vertex   -1.592999e+01 -1.714472e+01 4.000000e-01
    endloop
  endfacet
  facet normal 1.382089e-01 6.948232e-01 -7.057755e-01
    outer loop
      vertex   -1.592999e+01 -1.714472e+01 4.000000e-01
      vertex   -1.577411e+01 -1.758203e+01 0.000000e+00
      vertex   -1.604352e+01 -1.752844e+01 0.000000e+00
    endloop
  endfacet
  facet normal 2.273341e-01 6.697046e-01 -7.069759e-01
    outer loop
      vertex   -1.592999e+01 -1.714472e+01 4.000000e-01
      vertex   -1.604352e+01 -1.752844e+01 0.000000e+00
      vertex   -1.630364e+01 -1.744015e+01 0.000000e+00
    endloop
  endfacet
  facet normal 2.282409e-01 6.690287e-01 -7.073237e-01
    outer loop
      vertex   -1.592999e+01 -1.714472e+01 4.000000e-01
      vertex   -1.630364e+01 -1.744015e+01 0.000000e+00
      vertex   -1.616488e+01 -1.706459e+01 4.000000e-01
    endloop
  endfacet
  facet normal 3.134502e-01 6.356142e-01 -7.055094e-01
    outer loop
      vertex   -1.616488e+01 -1.706459e+01 4.000000e-01
      vertex   -1.630364e+01 -1.744015e+01 0.000000e+00
      vertex   -1.655000e+01 -1.731865e+01 0.000000e+00
    endloop
  endfacet
  facet normal 3.224939e-01 6.272547e-01 -7.089071e-01
    outer loop
      vertex   -1.616488e+01 -1.706459e+01 4.000000e-01
      vertex   -1.655000e+01 -1.731865e+01 0.000000e+00
      vertex   -1.638560e+01 -1.695111e+01 4.000000e-01
    endloop
  endfacet
  facet normal 3.943534e-01 5.901916e-01 -7.043857e-01
    outer loop
      vertex   -1.638560e+01 -1.695111e+01 4.000000e-01
      vertex   -1.655000e+01 -1.731865e+01 0.000000e+00
      vertex   -1.677840e+01 -1.716604e+01 0.000000e+00
    endloop
  endfacet
  facet normal 4.097131e-01 5.726740e-01 -7.100561e-01
    outer loop
      vertex   -1.638560e+01 -1.695111e+01 4.000000e-01
      vertex   -1.677840e+01 -1.716604e+01 0.000000e+00
      vertex   -1.658744e+01 -1.680670e+01 4.000000e-01
    endloop
  endfacet
  facet normal 4.685222e-01 5.342472e-01 -7.036099e-01
    outer loop
      vertex   -1.658744e+01 -1.680670e+01 4.000000e-01
      vertex   -1.677840e+01 -1.716604e+01 0.000000e+00
      vertex   -1.698492e+01 -1.698492e+01 0.000000e+00
    endloop
  endfacet
  facet normal 4.882240e-01 5.063928e-01 -7.107768e-01
    outer loop
      vertex   -1.658744e+01 -1.680670e+01 4.000000e-01
      vertex   -1.698492e+01 -1.698492e+01 0.000000e+00
      vertex   -1.676611e+01 -1.663444e+01 4.000000e-01
    endloop
  endfacet
  facet normal 5.345628e-01 4.687990e-01 -7.031856e-01
    outer loop
      vertex   -1.676611e+01 -1.663444e+01 4.000000e-01
      vertex   -1.698492e+01 -1.698492e+01 0.000000e+00
      vertex   -1.716604e+01 -1.677840e+01 0.000000e+00
    endloop
  endfacet
  facet normal 5.565156e-01 4.297274e-01 -7.110729e-01
    outer loop
      vertex   -1.676611e+01 -1.663444e+01 4.000000e-01
      vertex   -1.716604e+01 -1.677840e+01 0.000000e+00
      vertex   -1.691780e+01 -1.643801e+01 4.000000e-01
    endloop
  endfacet
  facet normal 5.912383e-01 3.950528e-01 -7.031148e-01
    outer loop
      vertex   -1.691780e+01 -1.643801e+01 4.000000e-01
      vertex   -1.716604e+01 -1.677840e+01 0.000000e+00
      vertex   -1.731865e+01 -1.655000e+01 0.000000e+00
    endloop
  endfacet
  facet normal 6.132657e-01 3.441814e-01 -7.109461e-01
    outer loop
      vertex   -1.691780e+01 -1.643801e+01 4.000000e-01
      vertex   -1.731865e+01 -1.655000e+01 0.000000e+00
      vertex   -1.703926e+01 -1.622158e+01 4.000000e-01
    endloop
  endfacet
  facet normal 6.374939e-01 3.143772e-01 -7.033979e-01
    outer loop
      vertex   -1.703926e+01 -1.622158e+01 4.000000e-01
      vertex   -1.731865e+01 -1.655000e+01 0.000000e+00
      vertex   -1.744015e+01 -1.630364e+01 0.000000e+00
    endloop
  endfacet
  facet normal 6.573630e-01 2.514200e-01 -7.103955e-01
    outer loop
      vertex   -1.703926e+01 -1.622158e+01 4.000000e-01
      vertex   -1.744015e+01 -1.630364e+01 0.000000e+00
      vertex   -1.712792e+01 -1.598977e+01 4.000000e-01
    endloop
  endfacet
  facet normal 6.724784e-01 2.282757e-01 -7.040334e-01
    outer loop
      vertex   -1.712792e+01 -1.598977e+01 4.000000e-01
      vertex   -1.744015e+01 -1.630364e+01 0.000000e+00
      vertex   -1.752844e+01 -1.604352e+01 0.000000e+00
    endloop
  endfacet
  facet normal 6.879261e-01 1.532421e-01 -7.094184e-01
    outer loop
      vertex   -1.712792e+01 -1.598977e+01 4.000000e-01
      vertex   -1.752844e+01 -1.604352e+01 0.000000e+00
      vertex   -1.718188e+01 -1.574752e+01 4.000000e-01
    endloop
  endfacet
  facet normal 6.955620e-01 1.383559e-01 -7.050185e-01
    outer loop
      vertex   -1.718188e+01 -1.574752e+01 4.000000e-01
      vertex   -1.752844e+01 -1.604352e+01 0.000000e+00
      vertex   -1.758203e+01 -1.577411e+01 0.000000e+00
    endloop
  endfacet
  facet normal 7.043188e-01 5.154949e-02 -7.080096e-01
    outer loop
      vertex   -1.718188e+01 -1.574752e+01 4.000000e-01
      vertex   -1.758203e+01 -1.577411e+01 0.000000e+00
      vertex   -1.720000e+01 -1.550000e+01 4.000000e-01
    endloop
  endfacet
  facet normal 9.973323e-01 7.299531e-02 0.000000e+00
    outer loop
      vertex   -1.718188e+01 -1.574752e+01 5.500000e+00
      vertex   -1.718188e+01 -1.574752e+01 4.000000e-01
      vertex   -1.720000e+01 -1.550000e+01 5.500000e+00
    endloop
  endfacet
  facet normal 9.973323e-01 7.299531e-02 0.000000e+00
    outer loop
      vertex   -1.720000e+01 -1.550000e+01 5.500000e+00
      vertex   -1.718188e+01 -1.574752e+01 4.000000e-01
      vertex   -1.720000e+01 -1.550000e+01 4.000000e-01
    endloop
  endfacet
  facet normal 9.973323e-01 -7.299531e-02 0.000000e+00
    outer loop
      vertex   -1.720000e+01 -1.550000e+01 5.500000e+00
      vertex   -1.720000e+01 -1.550000e+01 4.000000e-01
      vertex   -1.718188e+01 -1.525248e+01 5.500000e+00
    endloop
  endfacet
  facet normal 9.973323e-01 -7.299531e-02 0.000000e+00
    outer loop
      vertex   -1.718188e+01 -1.525248e+01 5.500000e+00
      vertex   -1.720000e+01 -1.550000e+01 4.000000e-01
      vertex   -1.718188e+01 -1.525248e+01 4.000000e-01
    endloop
  endfacet
  facet normal 9.760759e-01 -2.174302e-01 0.000000e+00
    outer loop
      vertex   -1.718188e+01 -1.525248e+01 5.500000e+00
      vertex   -1.718188e+01 -1.525248e+01 4.000000e-01
      vertex   -1.712792e+01 -1.501023e+01 5.500000e+00
    endloop
  endfacet
  facet normal 9.760759e-01 -2.174302e-01 0.000000e+00
    outer loop
      vertex   -1.712792e+01 -1.501023e+01 5.500000e+00
      vertex   -1.718188e+01 -1.525248e+01 4.000000e-01
      vertex   -1.712792e+01 -1.501023e+01 4.000000e-01
    endloop
  endfacet
  facet normal 9.340161e-01 -3.572309e-01 0.000000e+00
    outer loop
      vertex   -1.712792e+01 -1.501023e+01 5.500000e+00
      vertex   -1.712792e+01 -1.501023e+01 4.000000e-01
      vertex   -1.703926e+01 -1.477842e+01 5.500000e+00
    endloop
  endfacet
  facet normal 9.340161e-01 -3.572309e-01 0.000000e+00
    outer loop
      vertex   -1.703926e+01 -1.477842e+01 5.500000e+00
      vertex   -1.712792e+01 -1.501023e+01 4.000000e-01
      vertex   -1.703926e+01 -1.477842e+01 4.000000e-01
    endloop
  endfacet
  facet normal 8.720494e-01 -4.894178e-01 0.000000e+00
    outer loop
      vertex   -1.703926e+01 -1.477842e+01 5.500000e+00
      vertex   -1.703926e+01 -1.477842e+01 4.000000e-01
      vertex   -1.691780e+01 -1.456199e+01 5.500000e+00
    endloop
  endfacet
  facet normal 8.720494e-01 -4.894178e-01 3.409336e-16
    outer loop
      vertex   -1.691780e+01 -1.456199e+01 5.500000e+00
      vertex   -1.703926e+01 -1.477842e+01 4.000000e-01
      vertex   -1.691780e+01 -1.456199e+01 4.000000e-01
    endloop
  endfacet
  facet normal 7.914965e-01 -6.111737e-01 4.257500e-16
    outer loop
      vertex   -1.691780e+01 -1.456199e+01 5.500000e+00
      vertex   -1.691780e+01 -1.456199e+01 4.000000e-01
      vertex   -1.676611e+01 -1.436556e+01 5.500000e+00
    endloop
  endfacet
  facet normal 7.914965e-01 -6.111737e-01 0.000000e+00
    outer loop
      vertex   -1.676611e+01 -1.436556e+01 5.500000e+00
      vertex   -1.691780e+01 -1.456199e+01 4.000000e-01
      vertex   -1.676611e+01 -1.436556e+01 4.000000e-01
    endloop
  endfacet
  facet normal 6.940742e-01 -7.199035e-01 0.000000e+00
    outer loop
      vertex   -1.676611e+01 -1.436556e+01 5.500000e+00
      vertex   -1.676611e+01 -1.436556e+01 4.000000e-01
      vertex   -1.658744e+01 -1.419330e+01 5.500000e+00
    endloop
  endfacet
  facet normal 6.940742e-01 -7.199035e-01 0.000000e+00
    outer loop
      vertex   -1.658744e+01 -1.419330e+01 5.500000e+00
      vertex   -1.676611e+01 -1.436556e+01 4.000000e-01
      vertex   -1.658744e+01 -1.419330e+01 4.000000e-01
    endloop
  endfacet
  facet normal 5.818589e-01 -8.132897e-01 0.000000e+00
    outer loop
      vertex   -1.658744e+01 -1.419330e+01 5.500000e+00
      vertex   -1.658744e+01 -1.419330e+01 4.000000e-01
      vertex   -1.638560e+01 -1.404889e+01 5.500000e+00
    endloop
  endfacet
  facet normal 5.818589e-01 -8.132897e-01 0.000000e+00
    outer loop
      vertex   -1.638560e+01 -1.404889e+01 5.500000e+00
      vertex   -1.658744e+01 -1.419330e+01 4.000000e-01
      vertex   -1.638560e+01 -1.404889e+01 4.000000e-01
    endloop
  endfacet
  facet normal 4.572423e-01 -8.893421e-01 0.000000e+00
    outer loop
      vertex   -1.638560e+01 -1.404889e+01 5.500000e+00
      vertex   -1.638560e+01 -1.404889e+01 4.000000e-01
      vertex   -1.616488e+01 -1.393541e+01 5.500000e+00
    endloop
  endfacet
  facet normal 4.572423e-01 -8.893421e-01 0.000000e+00
    outer loop
      vertex   -1.616488e+01 -1.393541e+01 5.500000e+00
      vertex   -1.638560e+01 -1.404889e+01 4.000000e-01
      vertex   -1.616488e+01 -1.393541e+01 4.000000e-01
    endloop
  endfacet
  facet normal 3.228804e-01 -9.464398e-01 0.000000e+00
    outer loop
      vertex   -1.616488e+01 -1.393541e+01 5.500000e+00
      vertex   -1.616488e+01 -1.393541e+01 4.000000e-01
      vertex   -1.592999e+01 -1.385528e+01 5.500000e+00
    endloop
  endfacet
  facet normal 3.228804e-01 -9.464398e-01 0.000000e+00
    outer loop
      vertex   -1.592999e+01 -1.385528e+01 5.500000e+00
      vertex   -1.616488e+01 -1.393541e+01 4.000000e-01
      vertex   -1.592999e+01 -1.385528e+01 4.000000e-01
    endloop
  endfacet
  facet normal 1.816369e-01 -9.833657e-01 0.000000e+00
    outer loop
      vertex   -1.592999e+01 -1.385528e+01 5.500000e+00
      vertex   -1.592999e+01 -1.385528e+01 4.000000e-01
      vertex   -1.568593e+01 -1.381020e+01 5.500000e+00
    endloop
  endfacet
  facet normal 1.816369e-01 -9.833657e-01 -6.326507e-17
    outer loop
      vertex   -1.568593e+01 -1.381020e+01 5.500000e+00
      vertex   -1.592999e+01 -1.385528e+01 4.000000e-01
      vertex   -1.568593e+01 -1.381020e+01 4.000000e-01
    endloop
  endfacet
  facet normal 3.652202e-02 -9.993328e-01 -1.272081e-17
    outer loop
      vertex   -1.568593e+01 -1.381020e+01 5.500000e+00
      vertex   -1.568593e+01 -1.381020e+01 4.000000e-01
      vertex   -1.543791e+01 -1.380113e+01 5.500000e+00
    endloop
  endfacet
  facet normal 3.652202e-02 -9.993328e-01 0.000000e+00
    outer loop
      vertex   -1.543791e+01 -1.380113e+01 5.500000e+00
      vertex   -1.568593e+01 -1.381020e+01 4.000000e-01
      vertex   -1.543791e+01 -1.380113e+01 4.000000e-01
    endloop
  endfacet
  facet normal -1.093712e-01 -9.940010e-01 -0.000000e+00
    outer loop
      vertex   -1.543791e+01 -1.380113e+01 5.500000e+00
      vertex   -1.543791e+01 -1.380113e+01 4.000000e-01
      vertex   -1.519122e+01 -1.382828e+01 5.500000e+00
    endloop
  endfacet
  facet normal -1.093712e-01 -9.940010e-01 3.809457e-17
    outer loop
      vertex   -1.519122e+01 -1.382828e+01 5.500000e+00
      vertex   -1.543791e+01 -1.380113e+01 4.000000e-01
      vertex   -1.519122e+01 -1.382828e+01 4.000000e-01
    endloop
  endfacet
  facet normal -2.529334e-01 -9.674837e-01 8.809803e-17
    outer loop
      vertex   -1.519122e+01 -1.382828e+01 5.500000e+00
      vertex   -1.519122e+01 -1.382828e+01 4.000000e-01
      vertex   -1.495110e+01 -1.389105e+01 5.500000e+00
    endloop
  endfacet
  facet normal -2.529334e-01 -9.674837e-01 -0.000000e+00
    outer loop
      vertex   -1.495110e+01 -1.389105e+01 5.500000e+00
      vertex   -1.519122e+01 -1.382828e+01 4.000000e-01
      vertex   -1.495110e+01 -1.389105e+01 4.000000e-01
    endloop
  endfacet
  facet normal -3.911047e-01 -9.203462e-01 -0.000000e+00
    outer loop
      vertex   -1.495110e+01 -1.389105e+01 5.500000e+00
      vertex   -1.495110e+01 -1.389105e+01 4.000000e-01
      vertex   -1.472269e+01 -1.398812e+01 5.500000e+00
    endloop
  endfacet
  facet normal -3.911047e-01 -9.203462e-01 -0.000000e+00
    outer loop
      vertex   -1.472269e+01 -1.398812e+01 5.500000e+00
      vertex   -1.495110e+01 -1.389105e+01 4.000000e-01
      vertex   -1.472269e+01 -1.398812e+01 4.000000e-01
    endloop
  endfacet
  facet normal -5.209403e-01 -8.535931e-01 -0.000000e+00
    outer loop
      vertex   -1.472269e+01 -1.398812e+01 5.500000e+00
      vertex   -1.472269e+01 -1.398812e+01 4.000000e-01
      vertex   -1.451084e+01 -1.411741e+01 5.500000e+00
    endloop
  endfacet
  facet normal -5.209403e-01 -8.535931e-01 6.558156e-17
    outer loop
      vertex   -1.451084e+01 -1.411741e+01 5.500000e+00
      vertex   -1.472269e+01 -1.398812e+01 4.000000e-01
      vertex   -1.451084e+01 -1.411741e+01 4.000000e-01
    endloop
  endfacet
  facet normal -6.396730e-01 -7.686471e-01 1.778791e-16
    outer loop
      vertex   -1.451084e+01 -1.411741e+01 5.500000e+00
      vertex   -1.451084e+01 -1.411741e+01 4.000000e-01
      vertex   -1.432007e+01 -1.427616e+01 5.500000e+00
    endloop
  endfacet
  facet normal -6.396730e-01 -7.686471e-01 -0.000000e+00
    outer loop
      vertex   -1.432007e+01 -1.427616e+01 5.500000e+00
      vertex   -1.451084e+01 -1.411741e+01 4.000000e-01
      vertex   -1.432007e+01 -1.427616e+01 4.000000e-01
    endloop
  endfacet
  facet normal -7.447722e-01 -6.673188e-01 -0.000000e+00
    outer loop
      vertex   -1.432007e+01 -1.427616e+01 5.500000e+00
      vertex   -1.432007e+01 -1.427616e+01 4.000000e-01
      vertex   -1.415446e+01 -1.446100e+01 5.500000e+00
    endloop
  endfacet
  facet normal -7.447722e-01 -6.673188e-01 -0.000000e+00
    outer loop
      vertex   -1.415446e+01 -1.446100e+01 5.500000e+00
      vertex   -1.432007e+01 -1.427616e+01 4.000000e-01
      vertex   -1.415446e+01 -1.446100e+01 4.000000e-01
    endloop
  endfacet
  facet normal -8.339978e-01 -5.517677e-01 -0.000000e+00
    outer loop
      vertex   -1.415446e+01 -1.446100e+01 5.500000e+00
      vertex   -1.415446e+01 -1.446100e+01 4.000000e-01
      vertex   -1.401752e+01 -1.466799e+01 5.500000e+00
    endloop
  endfacet
  facet normal -8.339978e-01 -5.517677e-01 -1.921836e-16
    outer loop
      vertex   -1.401752e+01 -1.466799e+01 5.500000e+00
      vertex   -1.415446e+01 -1.446100e+01 4.000000e-01
      vertex   -1.401752e+01 -1.466799e+01 4.000000e-01
    endloop
  endfacet
  facet normal -9.054482e-01 -4.244567e-01 -1.478405e-16
    outer loop
      vertex   -1.401752e+01 -1.466799e+01 5.500000e+00
      vertex   -1.401752e+01 -1.466799e+01 4.000000e-01
      vertex   -1.391217e+01 -1.489271e+01 5.500000e+00
    endloop
  endfacet
  facet normal -9.054482e-01 -4.244567e-01 -0.000000e+00
    outer loop
      vertex   -1.391217e+01 -1.489271e+01 5.500000e+00
      vertex   -1.401752e+01 -1.466799e+01 4.000000e-01
      vertex   -1.391217e+01 -1.489271e+01 4.000000e-01
    endloop
  endfacet
  facet normal -9.576006e-01 -2.880991e-01 -0.000000e+00
    outer loop
      vertex   -1.391217e+01 -1.489271e+01 5.500000e+00
      vertex   -1.391217e+01 -1.489271e+01 4.000000e-01
      vertex   -1.384067e+01 -1.513037e+01 5.500000e+00
    endloop
  endfacet
  facet normal -9.576006e-01 -2.880991e-01 -0.000000e+00
    outer loop
      vertex   -1.384067e+01 -1.513037e+01 5.500000e+00
      vertex   -1.391217e+01 -1.489271e+01 4.000000e-01
      vertex   -1.384067e+01 -1.513037e+01 4.000000e-01
    endloop
  endfacet
  facet normal -9.893434e-01 -1.456012e-01 -0.000000e+00
    outer loop
      vertex   -1.384067e+01 -1.513037e+01 5.500000e+00
      vertex   -1.384067e+01 -1.513037e+01 4.000000e-01
      vertex   -1.380454e+01 -1.537591e+01 5.500000e+00
    endloop
  endfacet
  facet normal -9.893434e-01 -1.456012e-01 -5.071365e-17
    outer loop
      vertex   -1.380454e+01 -1.537591e+01 5.500000e+00
      vertex   -1.384067e+01 -1.513037e+01 4.000000e-01
      vertex   -1.380454e+01 -1.537591e+01 4.000000e-01
    endloop
  endfacet
  facet normal -1.000000e+00 -0.000000e+00 -0.000000e+00
    outer loop
      vertex   -1.380454e+01 -1.537591e+01 5.500000e+00
      vertex   -1.380454e+01 -1.537591e+01 4.000000e-01
      vertex   -1.380454e+01 -1.562409e+01 5.500000e+00
    endloop
  endfacet
  facet normal -1.000000e+00 0.000000e+00 0.000000e+00
    outer loop
      vertex   -1.380454e+01 -1.562409e+01 5.500000e+00
      vertex   -1.380454e+01 -1.537591e+01 4.000000e-01
      vertex   -1.380454e+01 -1.562409e+01 4.000000e-01
    endloop
  endfacet
  facet normal -9.893434e-01 1.456012e-01 5.071365e-17
    outer loop
      vertex   -1.380454e+01 -1.562409e+01 5.500000e+00
      vertex   -1.380454e+01 -1.562409e+01 4.000000e-01
      vertex   -1.384067e+01 -1.586963e+01 5.500000e+00
    endloop
  endfacet
  facet normal -9.893434e-01 1.456012e-01 0.000000e+00
    outer loop
      vertex   -1.384067e+01 -1.586963e+01 5.500000e+00
      vertex   -1.380454e+01 -1.562409e+01 4.000000e-01
      vertex   -1.384067e+01 -1.586963e+01 4.000000e-01
    endloop
  endfacet
  facet normal -9.576006e-01 2.880991e-01 0.000000e+00
    outer loop
      vertex   -1.384067e+01 -1.586963e+01 5.500000e+00
      vertex   -1.384067e+01 -1.586963e+01 4.000000e-01
      vertex   -1.391217e+01 -1.610729e+01 5.500000e+00
    endloop
  endfacet
  facet normal -9.576006e-01 2.880991e-01 0.000000e+00
    outer loop
      vertex   -1.391217e+01 -1.610729e+01 5.500000e+00
      vertex   -1.384067e+01 -1.586963e+01 4.000000e-01
      vertex   -1.391217e+01 -1.610729e+01 4.000000e-01
    endloop
  endfacet
  facet normal -9.054482e-01 4.244567e-01 0.000000e+00
    outer loop
      vertex   -1.391217e+01 -1.610729e+01 5.500000e+00
      vertex   -1.391217e+01 -1.610729e+01 4.000000e-01
      vertex   -1.401752e+01 -1.633201e+01 5.500000e+00
    endloop
  endfacet
  facet normal -9.054482e-01 4.244567e-01 2.956810e-16
    outer loop
      vertex   -1.401752e+01 -1.633201e+01 5.500000e+00
      vertex   -1.391217e+01 -1.610729e+01 4.000000e-01
      vertex   -1.401752e+01 -1.633201e+01 4.000000e-01
    endloop
  endfacet
  facet normal -8.339978e-01 5.517677e-01 3.843672e-16
    outer loop
      vertex   -1.401752e+01 -1.633201e+01 5.500000e+00
      vertex   -1.401752e+01 -1.633201e+01 4.000000e-01
      vertex   -1.415446e+01 -1.653900e+01 5.500000e+00
    endloop
  endfacet
  facet normal -8.339978e-01 5.517677e-01 0.000000e+00
    outer loop
      vertex   -1.415446e+01 -1.653900e+01 5.500000e+00
      vertex   -1.401752e+01 -1.633201e+01 4.000000e-01
      vertex   -1.415446e+01 -1.653900e+01 4.000000e-01
    endloop
  endfacet
  facet normal -7.447722e-01 6.673188e-01 0.000000e+00
    outer loop
      vertex   -1.415446e+01 -1.653900e+01 5.500000e+00
      vertex   -1.415446e+01 -1.653900e+01 4.000000e-01
      vertex   -1.432007e+01 -1.672384e+01 5.500000e+00
    endloop
  endfacet
  facet normal -7.447722e-01 6.673188e-01 0.000000e+00
    outer loop
      vertex   -1.432007e+01 -1.672384e+01 5.500000e+00
      vertex   -1.415446e+01 -1.653900e+01 4.000000e-01
      vertex   -1.432007e+01 -1.672384e+01 4.000000e-01
    endloop
  endfacet
  facet normal -6.396730e-01 7.686471e-01 0.000000e+00
    outer loop
      vertex   -1.432007e+01 -1.672384e+01 5.500000e+00
      vertex   -1.432007e+01 -1.672384e+01 4.000000e-01
      vertex   -1.451084e+01 -1.688259e+01 5.500000e+00
    endloop
  endfacet
  facet normal -6.396730e-01 7.686471e-01 8.984473e-17
    outer loop
      vertex   -1.451084e+01 -1.688259e+01 5.500000e+00
      vertex   -1.432007e+01 -1.672384e+01 4.000000e-01
      vertex   -1.451084e+01 -1.688259e+01 4.000000e-01
    endloop
  endfacet
  facet normal -5.209403e-01 8.535931e-01 2.317294e-16
    outer loop
      vertex   -1.451084e+01 -1.688259e+01 5.500000e+00
      vertex   -1.451084e+01 -1.688259e+01 4.000000e-01
      vertex   -1.472269e+01 -1.701188e+01 5.500000e+00
    endloop
  endfacet
  facet normal -5.209403e-01 8.535931e-01 0.000000e+00
    outer loop
      vertex   -1.472269e+01 -1.701188e+01 5.500000e+00
      vertex   -1.451084e+01 -1.688259e+01 4.000000e-01
      vertex   -1.472269e+01 -1.701188e+01 4.000000e-01
    endloop
  endfacet
  facet normal -3.911047e-01 9.203462e-01 0.000000e+00
    outer loop
      vertex   -1.472269e+01 -1.701188e+01 5.500000e+00
      vertex   -1.472269e+01 -1.701188e+01 4.000000e-01
      vertex   -1.495110e+01 -1.710895e+01 5.500000e+00
    endloop
  endfacet
  facet normal -3.911047e-01 9.203462e-01 0.000000e+00
    outer loop
      vertex   -1.495110e+01 -1.710895e+01 5.500000e+00
      vertex   -1.472269e+01 -1.701188e+01 4.000000e-01
      vertex   -1.495110e+01 -1.710895e+01 4.000000e-01
    endloop
  endfacet
  facet normal -2.529334e-01 9.674837e-01 0.000000e+00
    outer loop
      vertex   -1.495110e+01 -1.710895e+01 5.500000e+00
      vertex   -1.495110e+01 -1.710895e+01 4.000000e-01
      vertex   -1.519122e+01 -1.717172e+01 5.500000e+00
    endloop
  endfacet
  facet normal -2.529334e-01 9.674837e-01 -8.809803e-17
    outer loop
      vertex   -1.519122e+01 -1.717172e+01 5.500000e+00
      vertex   -1.495110e+01 -1.710895e+01 4.000000e-01
      vertex   -1.519122e+01 -1.717172e+01 4.000000e-01
    endloop
  endfacet
  facet normal -1.093712e-01 9.940010e-01 -3.809457e-17
    outer loop
      vertex   -1.519122e+01 -1.717172e+01 5.500000e+00
      vertex   -1.519122e+01 -1.717172e+01 4.000000e-01
      vertex   -1.543791e+01 -1.719887e+01 5.500000e+00
    endloop
  endfacet
  facet normal -1.093712e-01 9.940010e-01 0.000000e+00
    outer loop
      vertex   -1.543791e+01 -1.719887e+01 5.500000e+00
      vertex   -1.519122e+01 -1.717172e+01 4.000000e-01
      vertex   -1.543791e+01 -1.719887e+01 4.000000e-01
    endloop
  endfacet
  facet normal 3.652202e-02 9.993328e-01 0.000000e+00
    outer loop
      vertex   -1.543791e+01 -1.719887e+01 5.500000e+00
      vertex   -1.543791e+01 -1.719887e+01 4.000000e-01
      vertex   -1.568593e+01 -1.718980e+01 5.500000e+00
    endloop
  endfacet
  facet normal 3.652202e-02 9.993328e-01 1.272081e-17
    outer loop
      vertex   -1.568593e+01 -1.718980e+01 5.500000e+00
      vertex   -1.543791e+01 -1.719887e+01 4.000000e-01
      vertex   -1.568593e+01 -1.718980e+01 4.000000e-01
    endloop
  endfacet
  facet normal 1.816369e-01 9.833657e-01 6.326507e-17
    outer loop
      vertex   -1.568593e+01 -1.718980e+01 5.500000e+00
      vertex   -1.568593e+01 -1.718980e+01 4.000000e-01
      vertex   -1.592999e+01 -1.714472e+01 5.500000e+00
    endloop
  endfacet
  facet normal 1.816369e-01 9.833657e-01 0.000000e+00
    outer loop
      vertex   -1.592999e+01 -1.714472e+01 5.500000e+00
      vertex   -1.568593e+01 -1.718980e+01 4.000000e-01
      vertex   -1.592999e+01 -1.714472e+01 4.000000e-01
    endloop
  endfacet
  facet normal 3.228804e-01 9.464398e-01 0.000000e+00
    outer loop
      vertex   -1.592999e+01 -1.714472e+01 5.500000e+00
      vertex   -1.592999e+01 -1.714472e+01 4.000000e-01
      vertex   -1.616488e+01 -1.706459e+01 5.500000e+00
    endloop
  endfacet
  facet normal 3.228804e-01 9.464398e-01 0.000000e+00
    outer loop
      vertex   -1.616488e+01 -1.706459e+01 5.500000e+00
      vertex   -1.592999e+01 -1.714472e+01 4.000000e-01
      vertex   -1.616488e+01 -1.706459e+01 4.000000e-01
    endloop
  endfacet
  facet normal 4.572423e-01 8.893421e-01 0.000000e+00
    outer loop
      vertex   -1.616488e+01 -1.706459e+01 5.500000e+00
      vertex   -1.616488e+01 -1.706459e+01 4.000000e-01
      vertex   -1.638560e+01 -1.695111e+01 5.500000e+00
    endloop
  endfacet
  facet normal 4.572423e-01 8.893421e-01 0.000000e+00
    outer loop
      vertex   -1.638560e+01 -1.695111e+01 5.500000e+00
      vertex   -1.616488e+01 -1.706459e+01 4.000000e-01
      vertex   -1.638560e+01 -1.695111e+01 4.000000e-01
    endloop
  endfacet
  facet normal 5.818589e-01 8.132897e-01 0.000000e+00
    outer loop
      vertex   -1.638560e+01 -1.695111e+01 5.500000e+00
      vertex   -1.638560e+01 -1.695111e+01 4.000000e-01
      vertex   -1.658744e+01 -1.680670e+01 5.500000e+00
    endloop
  endfacet
  facet normal 5.818589e-01 8.132897e-01 0.000000e+00
    outer loop
      vertex   -1.658744e+01 -1.680670e+01 5.500000e+00
      vertex   -1.638560e+01 -1.695111e+01 4.000000e-01
      vertex   -1.658744e+01 -1.680670e+01 4.000000e-01
    endloop
  endfacet
  facet normal 6.940742e-01 7.199035e-01 0.000000e+00
    outer loop
      vertex   -1.658744e+01 -1.680670e+01 5.500000e+00
      vertex   -1.658744e+01 -1.680670e+01 4.000000e-01
      vertex   -1.676611e+01 -1.663444e+01 5.500000e+00
    endloop
  endfacet
  facet normal 6.940742e-01 7.199035e-01 0.000000e+00
    outer loop
      vertex   -1.676611e+01 -1.663444e+01 5.500000e+00
      vertex   -1.658744e+01 -1.680670e+01 4.000000e-01
      vertex   -1.676611e+01 -1.663444e+01 4.000000e-01
    endloop
  endfacet
  facet normal 7.914965e-01 6.111737e-01 0.000000e+00
    outer loop
      vertex   -1.676611e+01 -1.663444e+01 5.500000e+00
      vertex   -1.676611e+01 -1.663444e+01 4.000000e-01
      vertex   -1.691780e+01 -1.643801e+01 5.500000e+00
    endloop
  endfacet
  facet normal 7.914965e-01 6.111737e-01 -4.257500e-16
    outer loop
      vertex   -1.691780e+01 -1.643801e+01 5.500000e+00
      vertex   -1.676611e+01 -1.663444e+01 4.000000e-01
      vertex   -1.691780e+01 -1.643801e+01 4.000000e-01
    endloop
  endfacet
  facet normal 8.720494e-01 4.894178e-01 -3.409336e-16
    outer loop
      vertex   -1.691780e+01 -1.643801e+01 5.500000e+00
      vertex   -1.691780e+01 -1.643801e+01 4.000000e-01
      vertex   -1.703926e+01 -1.622158e+01 5.500000e+00
    endloop
  endfacet
  facet normal 8.720494e-01 4.894178e-01 0.000000e+00
    outer loop
      vertex   -1.703926e+01 -1.622158e+01 5.500000e+00
      vertex   -1.691780e+01 -1.643801e+01 4.000000e-01
      vertex   -1.703926e+01 -1.622158e+01 4.000000e-01
    endloop
  endfacet
  facet normal 9.340161e-01 3.572309e-01 0.000000e+00
    outer loop
      vertex   -1.703926e+01 -1.622158e+01 5.500000e+00
      vertex   -1.703926e+01 -1.622158e+01 4.000000e-01
      vertex   -1.712792e+01 -1.598977e+01 5.500000e+00
    endloop
  endfacet
  facet normal 9.340161e-01 3.572309e-01 0.000000e+00
    outer loop
      vertex   -1.712792e+01 -1.598977e+01 5.500000e+00
      vertex   -1.703926e+01 -1.622158e+01 4.000000e-01
      vertex   -1.712792e+01 -1.598977e+01 4.000000e-01
    endloop
  endfacet
  facet normal 9.760759e-01 2.174302e-01 0.000000e+00
    outer loop
      vertex   -1.712792e+01 -1.598977e+01 5.500000e+00
      vertex   -1.712792e+01 -1.598977e+01 4.000000e-01
      vertex   -1.718188e+01 -1.574752e+01 5.500000e+00
    endloop
  endfacet
  facet normal 9.760759e-01 2.174302e-01 0.000000e+00
    outer loop
      vertex   -1.718188e+01 -1.574752e+01 5.500000e+00
      vertex   -1.712792e+01 -1.598977e+01 4.000000e-01
      vertex   -1.718188e+01 -1.574752e+01 4.000000e-01
    endloop
  endfacet
  facet normal 7.063486e-01 4.629653e-02 -7.063486e-01
    outer loop
      vertex   -1.758203e+01 1.522589e+01 0.000000e+00
      vertex   -1.760000e+01 1.550000e+01 0.000000e+00
      vertex   -1.720000e+01 1.550000e+01 4.000000e-01
    endloop
  endfacet
  facet normal 7.063486e-01 -4.629653e-02 -7.063486e-01
    outer loop
      vertex   -1.720000e+01 1.550000e+01 4.000000e-01
      vertex   -1.760000e+01 1.550000e+01 0.000000e+00
      vertex   -1.758203e+01 1.577411e+01 0.000000e+00
    endloop
  endfacet
  facet normal 7.043188e-01 -5.154949e-02 -7.080096e-01
    outer loop
      vertex   -1.720000e+01 1.550000e+01 4.000000e-01
      vertex   -1.758203e+01 1.577411e+01 0.000000e+00
      vertex   -1.718188e+01 1.574752e+01 4.000000e-01
    endloop
  endfacet
  facet normal 6.955620e-01 -1.383559e-01 -7.050185e-01
    outer loop
      vertex   -1.718188e+01 1.574752e+01 4.000000e-01
      vertex   -1.758203e+01 1.577411e+01 0.000000e+00
      vertex   -1.752844e+01 1.604352e+01 0.000000e+00
    endloop
  endfacet
  facet normal 6.879261e-01 -1.532421e-01 -7.094184e-01
    outer loop
      vertex   -1.718188e+01 1.574752e+01 4.000000e-01
      vertex   -1.752844e+01 1.604352e+01 0.000000e+00
      vertex   -1.712792e+01 1.598977e+01 4.000000e-01
    endloop
  endfacet
  facet normal 6.724784e-01 -2.282757e-01 -7.040334e-01
    outer loop
      vertex   -1.712792e+01 1.598977e+01 4.000000e-01
      vertex   -1.752844e+01 1.604352e+01 0.000000e+00
      vertex   -1.744015e+01 1.630364e+01 0.000000e+00
    endloop
  endfacet
  facet normal 6.573630e-01 -2.514200e-01 -7.103955e-01
    outer loop
      vertex   -1.712792e+01 1.598977e+01 4.000000e-01
      vertex   -1.744015e+01 1.630364e+01 0.000000e+00
      vertex   -1.703926e+01 1.622158e+01 4.000000e-01
    endloop
  endfacet
  facet normal 6.374939e-01 -3.143772e-01 -7.033979e-01
    outer loop
      vertex   -1.703926e+01 1.622158e+01 4.000000e-01
      vertex   -1.744015e+01 1.630364e+01 0.000000e+00
      vertex   -1.731865e+01 1.655000e+01 0.000000e+00
    endloop
  endfacet
  facet normal 6.132657e-01 -3.441814e-01 -7.109461e-01
    outer loop
      vertex   -1.703926e+01 1.622158e+01 4.000000e-01
      vertex   -1.731865e+01 1.655000e+01 0.000000e+00
      vertex   -1.691780e+01 1.643801e+01 4.000000e-01
    endloop
  endfacet
  facet normal 5.912383e-01 -3.950528e-01 -7.031148e-01
    outer loop
      vertex   -1.691780e+01 1.643801e+01 4.000000e-01
      vertex   -1.731865e+01 1.655000e+01 0.000000e+00
      vertex   -1.716604e+01 1.677840e+01 0.000000e+00
    endloop
  endfacet
  facet normal 5.565156e-01 -4.297274e-01 -7.110729e-01
    outer loop
      vertex   -1.691780e+01 1.643801e+01 4.000000e-01
      vertex   -1.716604e+01 1.677840e+01 0.000000e+00
      vertex   -1.676611e+01 1.663444e+01 4.000000e-01
    endloop
  endfacet
  facet normal 5.345628e-01 -4.687990e-01 -7.031856e-01
    outer loop
      vertex   -1.676611e+01 1.663444e+01 4.000000e-01
      vertex   -1.716604e+01 1.677840e+01 0.000000e+00
      vertex   -1.698492e+01 1.698492e+01 0.000000e+00
    endloop
  endfacet
  facet normal 4.882240e-01 -5.063928e-01 -7.107768e-01
    outer loop
      vertex   -1.676611e+01 1.663444e+01 4.000000e-01
      vertex   -1.698492e+01 1.698492e+01 0.000000e+00
      vertex   -1.658744e+01 1.680670e+01 4.000000e-01
    endloop
  endfacet
  facet normal 4.685222e-01 -5.342472e-01 -7.036099e-01
    outer loop
      vertex   -1.658744e+01 1.680670e+01 4.000000e-01
      vertex   -1.698492e+01 1.698492e+01 0.000000e+00
      vertex   -1.677840e+01 1.716604e+01 0.000000e+00
    endloop
  endfacet
  facet normal 4.097131e-01 -5.726740e-01 -7.100561e-01
    outer loop
      vertex   -1.658744e+01 1.680670e+01 4.000000e-01
      vertex   -1.677840e+01 1.716604e+01 0.000000e+00
      vertex   -1.638560e+01 1.695111e+01 4.000000e-01
    endloop
  endfacet
  facet normal 3.943534e-01 -5.901916e-01 -7.043857e-01
    outer loop
      vertex   -1.638560e+01 1.695111e+01 4.000000e-01
      vertex   -1.677840e+01 1.716604e+01 0.000000e+00
      vertex   -1.655000e+01 1.731865e+01 0.000000e+00
    endloop
  endfacet
  facet normal 3.224939e-01 -6.272547e-01 -7.089071e-01
    outer loop
      vertex   -1.638560e+01 1.695111e+01 4.000000e-01
      vertex   -1.655000e+01 1.731865e+01 0.000000e+00
      vertex   -1.616488e+01 1.706459e+01 4.000000e-01
    endloop
  endfacet
  facet normal 3.134502e-01 -6.356142e-01 -7.055094e-01
    outer loop
      vertex   -1.616488e+01 1.706459e+01 4.000000e-01
      vertex   -1.655000e+01 1.731865e+01 0.000000e+00
      vertex   -1.630364e+01 1.744015e+01 0.000000e+00
    endloop
  endfacet
  facet normal 2.282409e-01 -6.690287e-01 -7.073237e-01
    outer loop
      vertex   -1.616488e+01 1.706459e+01 4.000000e-01
      vertex   -1.630364e+01 1.744015e+01 0.000000e+00
      vertex   -1.592999e+01 1.714472e+01 4.000000e-01
    endloop
  endfacet
  facet normal 2.273341e-01 -6.697046e-01 -7.069759e-01
    outer loop
      vertex   -1.592999e+01 1.714472e+01 4.000000e-01
      vertex   -1.630364e+01 1.744015e+01 0.000000e+00
      vertex   -1.604352e+01 1.752844e+01 0.000000e+00
    endloop
  endfacet
  facet normal 1.382089e-01 -6.948232e-01 -7.057755e-01
    outer loop
      vertex   -1.592999e+01 1.714472e+01 4.000000e-01
      vertex   -1.604352e+01 1.752844e+01 0.000000e+00
      vertex   -1.577411e+01 1.758203e+01 0.000000e+00
    endloop
  endfacet
  facet normal 1.281602e-01 -6.938480e-01 -7.086254e-01
    outer loop
      vertex   -1.592999e+01 1.714472e+01 4.000000e-01
      vertex   -1.577411e+01 1.758203e+01 0.000000e+00
      vertex   -1.568593e+01 1.718980e+01 4.000000e-01
    endloop
  endfacet
  facet normal 4.641149e-02 -7.081024e-01 -7.045828e-01
    outer loop
      vertex   -1.568593e+01 1.718980e+01 4.000000e-01
      vertex   -1.577411e+01 1.758203e+01 0.000000e+00
      vertex   -1.550000e+01 1.760000e+01 0.000000e+00
    endloop
  endfacet
  facet normal 2.572400e-02 -7.038721e-01 -7.098607e-01
    outer loop
      vertex   -1.568593e+01 1.718980e+01 4.000000e-01
      vertex   -1.550000e+01 1.760000e+01 0.000000e+00
      vertex   -1.543791e+01 1.719887e+01 4.000000e-01
    endloop
  endfacet
  facet normal -4.646634e-02 -7.089394e-01 -7.037371e-01
    outer loop
      vertex   -1.543791e+01 1.719887e+01 4.000000e-01
      vertex   -1.550000e+01 1.760000e+01 0.000000e+00
      vertex   -1.522589e+01 1.758203e+01 0.000000e+00
    endloop
  endfacet
  facet normal -7.694580e-02 -6.993083e-01 -7.106667e-01
    outer loop
      vertex   -1.543791e+01 1.719887e+01 4.000000e-01
      vertex   -1.522589e+01 1.758203e+01 0.000000e+00
      vertex   -1.519122e+01 1.717172e+01 4.000000e-01
    endloop
  endfacet
  facet normal -1.386995e-01 -6.972896e-01 -7.032423e-01
    outer loop
      vertex   -1.519122e+01 1.717172e+01 4.000000e-01
      vertex   -1.522589e+01 1.758203e+01 0.000000e+00
      vertex   -1.495648e+01 1.752844e+01 0.000000e+00
    endloop
  endfacet
  facet normal -1.778486e-01 -6.802803e-01 -7.110476e-01
    outer loop
      vertex   -1.519122e+01 1.717172e+01 4.000000e-01
      vertex   -1.495648e+01 1.752844e+01 0.000000e+00
      vertex   -1.495110e+01 1.710895e+01 4.000000e-01
    endloop
  endfacet
  facet normal -2.285725e-01 -6.733528e-01 -7.031007e-01
    outer loop
      vertex   -1.495110e+01 1.710895e+01 4.000000e-01
      vertex   -1.495648e+01 1.752844e+01 0.000000e+00
      vertex   -1.469636e+01 1.744015e+01 0.000000e+00
    endloop
  endfacet
  facet normal -2.750196e-01 -6.471752e-01 -7.110053e-01
    outer loop
      vertex   -1.495110e+01 1.710895e+01 4.000000e-01
      vertex   -1.469636e+01 1.744015e+01 0.000000e+00
      vertex   -1.472269e+01 1.701188e+01 4.000000e-01
    endloop
  endfacet
  facet normal -3.144143e-01 -6.375692e-01 -7.033130e-01
    outer loop
      vertex   -1.472269e+01 1.701188e+01 4.000000e-01
      vertex   -1.469636e+01 1.744015e+01 0.000000e+00
      vertex   -1.445000e+01 1.731865e+01 0.000000e+00
    endloop
  endfacet
  facet normal -3.665634e-01 -6.006369e-01 -7.105396e-01
    outer loop
      vertex   -1.472269e+01 1.701188e+01 4.000000e-01
      vertex   -1.445000e+01 1.731865e+01 0.000000e+00
      vertex   -1.451084e+01 1.688259e+01 4.000000e-01
    endloop
  endfacet
  facet normal -3.946330e-01 -5.906100e-01 -7.038782e-01
    outer loop
      vertex   -1.451084e+01 1.688259e+01 4.000000e-01
      vertex   -1.445000e+01 1.731865e+01 0.000000e+00
      vertex   -1.422160e+01 1.716604e+01 0.000000e+00
    endloop
  endfacet
  facet normal -4.506856e-01 -5.415551e-01 -7.096482e-01
    outer loop
      vertex   -1.451084e+01 1.688259e+01 4.000000e-01
      vertex   -1.422160e+01 1.716604e+01 0.000000e+00
      vertex   -1.432007e+01 1.672384e+01 4.000000e-01
    endloop
  endfacet
  facet normal -4.677480e-01 -5.333644e-01 -7.047937e-01
    outer loop
      vertex   -1.432007e+01 1.672384e+01 4.000000e-01
      vertex   -1.422160e+01 1.716604e+01 0.000000e+00
      vertex   -1.401508e+01 1.698492e+01 0.000000e+00
    endloop
  endfacet
  facet normal -5.257237e-01 -4.710505e-01 -7.083263e-01
    outer loop
      vertex   -1.432007e+01 1.672384e+01 4.000000e-01
      vertex   -1.401508e+01 1.698492e+01 0.000000e+00
      vertex   -1.415446e+01 1.653900e+01 4.000000e-01
    endloop
  endfacet
  facet normal -5.324204e-01 -4.669202e-01 -7.060552e-01
    outer loop
      vertex   -1.415446e+01 1.653900e+01 4.000000e-01
      vertex   -1.401508e+01 1.698492e+01 0.000000e+00
      vertex   -1.383396e+01 1.677840e+01 0.000000e+00
    endloop
  endfacet
  facet normal -5.883128e-01 -3.930980e-01 -7.066555e-01
    outer loop
      vertex   -1.415446e+01 1.653900e+01 4.000000e-01
      vertex   -1.383396e+01 1.677840e+01 0.000000e+00
      vertex   -1.368135e+01 1.655000e+01 0.000000e+00
    endloop
  endfacet
  facet normal -5.892509e-01 -3.898447e-01 -7.076755e-01
    outer loop
      vertex   -1.415446e+01 1.653900e+01 4.000000e-01
      vertex   -1.368135e+01 1.655000e+01 0.000000e+00
      vertex   -1.401752e+01 1.633201e+01 4.000000e-01
    endloop
  endfacet
  facet normal -6.358394e-01 -3.135613e-01 -7.052571e-01
    outer loop
      vertex   -1.401752e+01 1.633201e+01 4.000000e-01
      vertex   -1.368135e+01 1.655000e+01 0.000000e+00
      vertex   -1.355985e+01 1.630364e+01 0.000000e+00
    endloop
  endfacet
  facet normal -6.383737e-01 -2.992573e-01 -7.091714e-01
    outer loop
      vertex   -1.401752e+01 1.633201e+01 4.000000e-01
      vertex   -1.355985e+01 1.630364e+01 0.000000e+00
      vertex   -1.391217e+01 1.610729e+01 4.000000e-01
    endloop
  endfacet
  facet normal -6.723195e-01 -2.282217e-01 -7.042026e-01
    outer loop
      vertex   -1.391217e+01 1.610729e+01 4.000000e-01
      vertex   -1.355985e+01 1.630364e+01 0.000000e+00
      vertex   -1.347156e+01 1.604352e+01 0.000000e+00
    endloop
  endfacet
  facet normal -6.741176e-01 -2.028118e-01 -7.102344e-01
    outer loop
      vertex   -1.391217e+01 1.610729e+01 4.000000e-01
      vertex   -1.347156e+01 1.604352e+01 0.000000e+00
      vertex   -1.384067e+01 1.586963e+01 4.000000e-01
    endloop
  endfacet
  facet normal -6.970425e-01 -1.386504e-01 -7.034969e-01
    outer loop
      vertex   -1.384067e+01 1.586963e+01 4.000000e-01
      vertex   -1.347156e+01 1.604352e+01 0.000000e+00
      vertex   -1.341797e+01 1.577411e+01 0.000000e+00
    endloop
  endfacet
  facet normal -6.958284e-01 -1.024047e-01 -7.108699e-01
    outer loop
      vertex   -1.384067e+01 1.586963e+01 4.000000e-01
      vertex   -1.341797e+01 1.577411e+01 0.000000e+00
      vertex   -1.380454e+01 1.562409e+01 4.000000e-01
    endloop
  endfacet
  facet normal -7.095259e-01 -4.650478e-02 -7.031432e-01
    outer loop
      vertex   -1.380454e+01 1.562409e+01 4.000000e-01
      vertex   -1.341797e+01 1.577411e+01 0.000000e+00
      vertex   -1.340000e+01 1.550000e+01 0.000000e+00
    endloop
  endfacet
  facet normal -7.031097e-01 -0.000000e+00 -7.110814e-01
    outer loop
      vertex   -1.380454e+01 1.562409e+01 4.000000e-01
      vertex   -1.340000e+01 1.550000e+01 0.000000e+00
      vertex   -1.380454e+01 1.537591e+01 4.000000e-01
    endloop
  endfacet
  facet normal -7.095259e-01 4.650478e-02 -7.031432e-01
    outer loop
      vertex   -1.380454e+01 1.537591e+01 4.000000e-01
      vertex   -1.340000e+01 1.550000e+01 0.000000e+00
      vertex   -1.341797e+01 1.522589e+01 0.000000e+00
    endloop
  endfacet
  facet normal -6.958284e-01 1.024047e-01 -7.108699e-01
    outer loop
      vertex   -1.380454e+01 1.537591e+01 4.000000e-01
      vertex   -1.341797e+01 1.522589e+01 0.000000e+00
      vertex   -1.384067e+01 1.513037e+01 4.000000e-01
    endloop
  endfacet
  facet normal -6.970425e-01 1.386504e-01 -7.034969e-01
    outer loop
      vertex   -1.384067e+01 1.513037e+01 4.000000e-01
      vertex   -1.341797e+01 1.522589e+01 0.000000e+00
      vertex   -1.347156e+01 1.495648e+01 0.000000e+00
    endloop
  endfacet
  facet normal -6.741176e-01 2.028118e-01 -7.102344e-01
    outer loop
      vertex   -1.384067e+01 1.513037e+01 4.000000e-01
      vertex   -1.347156e+01 1.495648e+01 0.000000e+00
      vertex   -1.391217e+01 1.489271e+01 4.000000e-01
    endloop
  endfacet
  facet normal -6.723195e-01 2.282217e-01 -7.042026e-01
    outer loop
      vertex   -1.391217e+01 1.489271e+01 4.000000e-01
      vertex   -1.347156e+01 1.495648e+01 0.000000e+00
      vertex   -1.355985e+01 1.469636e+01 0.000000e+00
    endloop
  endfacet
  facet normal -6.383737e-01 2.992573e-01 -7.091714e-01
    outer loop
      vertex   -1.391217e+01 1.489271e+01 4.000000e-01
      vertex   -1.355985e+01 1.469636e+01 0.000000e+00
      vertex   -1.401752e+01 1.466799e+01 4.000000e-01
    endloop
  endfacet
  facet normal -6.358394e-01 3.135613e-01 -7.052571e-01
    outer loop
      vertex   -1.401752e+01 1.466799e+01 4.000000e-01
      vertex   -1.355985e+01 1.469636e+01 0.000000e+00
      vertex   -1.368135e+01 1.445000e+01 0.000000e+00
    endloop
  endfacet
  facet normal -5.892509e-01 3.898447e-01 -7.076755e-01
    outer loop
      vertex   -1.401752e+01 1.466799e+01 4.000000e-01
      vertex   -1.368135e+01 1.445000e+01 0.000000e+00
      vertex   -1.415446e+01 1.446100e+01 4.000000e-01
    endloop
  endfacet
  facet normal -5.883128e-01 3.930980e-01 -7.066555e-01
    outer loop
      vertex   -1.415446e+01 1.446100e+01 4.000000e-01
      vertex   -1.368135e+01 1.445000e+01 0.000000e+00
      vertex   -1.383396e+01 1.422160e+01 0.000000e+00
    endloop
  endfacet
  facet normal -5.324204e-01 4.669202e-01 -7.060552e-01
    outer loop
      vertex   -1.415446e+01 1.446100e+01 4.000000e-01
      vertex   -1.383396e+01 1.422160e+01 0.000000e+00
      vertex   -1.401508e+01 1.401508e+01 0.000000e+00
    endloop
  endfacet
  facet normal -5.257237e-01 4.710505e-01 -7.083263e-01
    outer loop
      vertex   -1.415446e+01 1.446100e+01 4.000000e-01
      vertex   -1.401508e+01 1.401508e+01 0.000000e+00
      vertex   -1.432007e+01 1.427616e+01 4.000000e-01
    endloop
  endfacet
  facet normal -4.677480e-01 5.333644e-01 -7.047937e-01
    outer loop
      vertex   -1.432007e+01 1.427616e+01 4.000000e-01
      vertex   -1.401508e+01 1.401508e+01 0.000000e+00
      vertex   -1.422160e+01 1.383396e+01 0.000000e+00
    endloop
  endfacet
  facet normal -4.506856e-01 5.415551e-01 -7.096482e-01
    outer loop
      vertex   -1.432007e+01 1.427616e+01 4.000000e-01
      vertex   -1.422160e+01 1.383396e+01 0.000000e+00
      vertex   -1.451084e+01 1.411741e+01 4.000000e-01
    endloop
  endfacet
  facet normal -3.946330e-01 5.906100e-01 -7.038782e-01
    outer loop
      vertex   -1.451084e+01 1.411741e+01 4.000000e-01
      vertex   -1.422160e+01 1.383396e+01 0.000000e+00
      vertex   -1.445000e+01 1.368135e+01 0.000000e+00
    endloop
  endfacet
  facet normal -3.665634e-01 6.006369e-01 -7.105396e-01
    outer loop
      vertex   -1.451084e+01 1.411741e+01 4.000000e-01
      vertex   -1.445000e+01 1.368135e+01 0.000000e+00
      vertex   -1.472269e+01 1.398812e+01 4.000000e-01
    endloop
  endfacet
  facet normal -3.144143e-01 6.375692e-01 -7.033130e-01
    outer loop
      vertex   -1.472269e+01 1.398812e+01 4.000000e-01
      vertex   -1.445000e+01 1.368135e+01 0.000000e+00
      vertex   -1.469636e+01 1.355985e+01 0.000000e+00
    endloop
  endfacet
  facet normal -2.750196e-01 6.471752e-01 -7.110053e-01
    outer loop
      vertex   -1.472269e+01 1.398812e+01 4.000000e-01
      vertex   -1.469636e+01 1.355985e+01 0.000000e+00
      vertex   -1.495110e+01 1.389105e+01 4.000000e-01
    endloop
  endfacet
  facet normal -2.285725e-01 6.733528e-01 -7.031007e-01
    outer loop
      vertex   -1.495110e+01 1.389105e+01 4.000000e-01
      vertex   -1.469636e+01 1.355985e+01 0.000000e+00
      vertex   -1.495648e+01 1.347156e+01 0.000000e+00
    endloop
  endfacet
  facet normal -1.778486e-01 6.802803e-01 -7.110476e-01
    outer loop
      vertex   -1.495110e+01 1.389105e+01 4.000000e-01
      vertex   -1.495648e+01 1.347156e+01 0.000000e+00
      vertex   -1.519122e+01 1.382828e+01 4.000000e-01
    endloop
  endfacet
  facet normal -1.386995e-01 6.972896e-01 -7.032423e-01
    outer loop
      vertex   -1.519122e+01 1.382828e+01 4.000000e-01
      vertex   -1.495648e+01 1.347156e+01 0.000000e+00
      vertex   -1.522589e+01 1.341797e+01 0.000000e+00
    endloop
  endfacet
  facet normal -7.694580e-02 6.993083e-01 -7.106667e-01
    outer loop
      vertex   -1.519122e+01 1.382828e+01 4.000000e-01
      vertex   -1.522589e+01 1.341797e+01 0.000000e+00
      vertex   -1.543791e+01 1.380113e+01 4.000000e-01
    endloop
  endfacet
  facet normal -4.646634e-02 7.089394e-01 -7.037371e-01
    outer loop
      vertex   -1.543791e+01 1.380113e+01 4.000000e-01
      vertex   -1.522589e+01 1.341797e+01 0.000000e+00
      vertex   -1.550000e+01 1.340000e+01 0.000000e+00
    endloop
  endfacet
  facet normal 2.572400e-02 7.038721e-01 -7.098607e-01
    outer loop
      vertex   -1.543791e+01 1.380113e+01 4.000000e-01
      vertex   -1.550000e+01 1.340000e+01 0.000000e+00
      vertex   -1.568593e+01 1.381020e+01 4.000000e-01
    endloop
  endfacet
  facet normal 4.641149e-02 7.081024e-01 -7.045828e-01
    outer loop
      vertex   -1.568593e+01 1.381020e+01 4.000000e-01
      vertex   -1.550000e+01 1.340000e+01 0.000000e+00
      vertex   -1.577411e+01 1.341797e+01 0.000000e+00
    endloop
  endfacet
  facet normal 1.281602e-01 6.938480e-01 -7.086254e-01
    outer loop
      vertex   -1.568593e+01 1.381020e+01 4.000000e-01
      vertex   -1.577411e+01 1.341797e+01 0.000000e+00
      vertex   -1.592999e+01 1.385528e+01 4.000000e-01
    endloop
  endfacet
  facet normal 1.382089e-01 6.948232e-01 -7.057755e-01
    outer loop
      vertex   -1.592999e+01 1.385528e+01 4.000000e-01
      vertex   -1.577411e+01 1.341797e+01 0.000000e+00
      vertex   -1.604352e+01 1.347156e+01 0.000000e+00
    endloop
  endfacet
  facet normal 2.273341e-01 6.697046e-01 -7.069759e-01
    outer loop
      vertex   -1.592999e+01 1.385528e+01 4.000000e-01
      vertex   -1.604352e+01 1.347156e+01 0.000000e+00
      vertex   -1.630364e+01 1.355985e+01 0.000000e+00
    endloop
  endfacet
  facet normal 2.282409e-01 6.690287e-01 -7.073237e-01
    outer loop
      vertex   -1.592999e+01 1.385528e+01 4.000000e-01
      vertex   -1.630364e+01 1.355985e+01 0.000000e+00
      vertex   -1.616488e+01 1.393541e+01 4.000000e-01
    endloop
  endfacet
  facet normal 3.134502e-01 6.356142e-01 -7.055094e-01
    outer loop
      vertex   -1.616488e+01 1.393541e+01 4.000000e-01
      vertex   -1.630364e+01 1.355985e+01 0.000000e+00
      vertex   -1.655000e+01 1.368135e+01 0.000000e+00
    endloop
  endfacet
  facet normal 3.224939e-01 6.272547e-01 -7.089071e-01
    outer loop
      vertex   -1.616488e+01 1.393541e+01 4.000000e-01
      vertex   -1.655000e+01 1.368135e+01 0.000000e+00
      vertex   -1.638560e+01 1.404889e+01 4.000000e-01
    endloop
  endfacet
  facet normal 3.943534e-01 5.901916e-01 -7.043857e-01
    outer loop
      vertex   -1.638560e+01 1.404889e+01 4.000000e-01
      vertex   -1.655000e+01 1.368135e+01 0.000000e+00
      vertex   -1.677840e+01 1.383396e+01 0.000000e+00
    endloop
  endfacet
  facet normal 4.097131e-01 5.726740e-01 -7.100561e-01
    outer loop
      vertex   -1.638560e+01 1.404889e+01 4.000000e-01
      vertex   -1.677840e+01 1.383396e+01 0.000000e+00
      vertex   -1.658744e+01 1.419330e+01 4.000000e-01
    endloop
  endfacet
  facet normal 4.685222e-01 5.342472e-01 -7.036099e-01
    outer loop
      vertex   -1.658744e+01 1.419330e+01 4.000000e-01
      vertex   -1.677840e+01 1.383396e+01 0.000000e+00
      vertex   -1.698492e+01 1.401508e+01 0.000000e+00
    endloop
  endfacet
  facet normal 4.882240e-01 5.063928e-01 -7.107768e-01
    outer loop
      vertex   -1.658744e+01 1.419330e+01 4.000000e-01
      vertex   -1.698492e+01 1.401508e+01 0.000000e+00
      vertex   -1.676611e+01 1.436556e+01 4.000000e-01
    endloop
  endfacet
  facet normal 5.345628e-01 4.687990e-01 -7.031856e-01
    outer loop
      vertex   -1.676611e+01 1.436556e+01 4.000000e-01
      vertex   -1.698492e+01 1.401508e+01 0.000000e+00
      vertex   -1.716604e+01 1.422160e+01 0.000000e+00
    endloop
  endfacet
  facet normal 5.565156e-01 4.297274e-01 -7.110729e-01
    outer loop
      vertex   -1.676611e+01 1.436556e+01 4.000000e-01
      vertex   -1.716604e+01 1.422160e+01 0.000000e+00
      vertex   -1.691780e+01 1.456199e+01 4.000000e-01
    endloop
  endfacet
  facet normal 5.912383e-01 3.950528e-01 -7.031148e-01
    outer loop
      vertex   -1.691780e+01 1.456199e+01 4.000000e-01
      vertex   -1.716604e+01 1.422160e+01 0.000000e+00
      vertex   -1.731865e+01 1.445000e+01 0.000000e+00
    endloop
  endfacet
  facet normal 6.132657e-01 3.441814e-01 -7.109461e-01
    outer loop
      vertex   -1.691780e+01 1.456199e+01 4.000000e-01
      vertex   -1.731865e+01 1.445000e+01 0.000000e+00
      vertex   -1.703926e+01 1.477842e+01 4.000000e-01
    endloop
  endfacet
  facet normal 6.374939e-01 3.143772e-01 -7.033979e-01
    outer loop
      vertex   -1.703926e+01 1.477842e+01 4.000000e-01
      vertex   -1.731865e+01 1.445000e+01 0.000000e+00
      vertex   -1.744015e+01 1.469636e+01 0.000000e+00
    endloop
  endfacet
  facet normal 6.573630e-01 2.514200e-01 -7.103955e-01
    outer loop
      vertex   -1.703926e+01 1.477842e+01 4.000000e-01
      vertex   -1.744015e+01 1.469636e+01 0.000000e+00
      vertex   -1.712792e+01 1.501023e+01 4.000000e-01
    endloop
  endfacet
  facet normal 6.724784e-01 2.282757e-01 -7.040334e-01
    outer loop
      vertex   -1.712792e+01 1.501023e+01 4.000000e-01
      vertex   -1.744015e+01 1.469636e+01 0.000000e+00
      vertex   -1.752844e+01 1.495648e+01 0.000000e+00
    endloop
  endfacet
  facet normal 6.879261e-01 1.532421e-01 -7.094184e-01
    outer loop
      vertex   -1.712792e+01 1.501023e+01 4.000000e-01
      vertex   -1.752844e+01 1.495648e+01 0.000000e+00
      vertex   -1.718188e+01 1.525248e+01 4.000000e-01
    endloop
  endfacet
  facet normal 6.955620e-01 1.383559e-01 -7.050185e-01
    outer loop
      vertex   -1.718188e+01 1.525248e+01 4.000000e-01
      vertex   -1.752844e+01 1.495648e+01 0.000000e+00
      vertex   -1.758203e+01 1.522589e+01 0.000000e+00
    endloop
  endfacet
  facet normal 7.043188e-01 5.154949e-02 -7.080096e-01
    outer loop
      vertex   -1.718188e+01 1.525248e+01 4.000000e-01
      vertex   -1.758203e+01 1.522589e+01 0.000000e+00
      vertex   -1.720000e+01 1.550000e+01 4.000000e-01
    endloop
  endfacet
  facet normal 9.973323e-01 7.299531e-02 0.000000e+00
    outer loop
      vertex   -1.718188e+01 1.525248e+01 5.500000e+00
      vertex   -1.718188e+01 1.525248e+01 4.000000e-01
      vertex   -1.720000e+01 1.550000e+01 5.500000e+00
    endloop
  endfacet
  facet normal 9.973323e-01 7.299531e-02 0.000000e+00
    outer loop
      vertex   -1.720000e+01 1.550000e+01 5.500000e+00
      vertex   -1.718188e+01 1.525248e+01 4.000000e-01
      vertex   -1.720000e+01 1.550000e+01 4.000000e-01
    endloop
  endfacet
  facet normal 9.973323e-01 -7.299531e-02 0.000000e+00
    outer loop
      vertex   -1.720000e+01 1.550000e+01 5.500000e+00
      vertex   -1.720000e+01 1.550000e+01 4.000000e-01
      vertex   -1.718188e+01 1.574752e+01 5.500000e+00
    endloop
  endfacet
  facet normal 9.973323e-01 -7.299531e-02 0.000000e+00
    outer loop
      vertex   -1.718188e+01 1.574752e+01 5.500000e+00
      vertex   -1.720000e+01 1.550000e+01 4.000000e-01
      vertex   -1.718188e+01 1.574752e+01 4.000000e-01
    endloop
  endfacet
  facet normal 9.760759e-01 -2.174302e-01 0.000000e+00
    outer loop
      vertex   -1.718188e+01 1.574752e+01 5.500000e+00
      vertex   -1.718188e+01 1.574752e+01 4.000000e-01
      vertex   -1.712792e+01 1.598977e+01 5.500000e+00
    endloop
  endfacet
  facet normal 9.760759e-01 -2.174302e-01 0.000000e+00
    outer loop
      vertex   -1.712792e+01 1.598977e+01 5.500000e+00
      vertex   -1.718188e+01 1.574752e+01 4.000000e-01
      vertex   -1.712792e+01 1.598977e+01 4.000000e-01
    endloop
  endfacet
  facet normal 9.340161e-01 -3.572309e-01 0.000000e+00
    outer loop
      vertex   -1.712792e+01 1.598977e+01 5.500000e+00
      vertex   -1.712792e+01 1.598977e+01 4.000000e-01
      vertex   -1.703926e+01 1.622158e+01 5.500000e+00
    endloop
  endfacet
  facet normal 9.340161e-01 -3.572309e-01 0.000000e+00
    outer loop
      vertex   -1.703926e+01 1.622158e+01 5.500000e+00
      vertex   -1.712792e+01 1.598977e+01 4.000000e-01
      vertex   -1.703926e+01 1.622158e+01 4.000000e-01
    endloop
  endfacet
  facet normal 8.720494e-01 -4.894178e-01 0.000000e+00
    outer loop
      vertex   -1.703926e+01 1.622158e+01 5.500000e+00
      vertex   -1.703926e+01 1.622158e+01 4.000000e-01
      vertex   -1.691780e+01 1.643801e+01 5.500000e+00
    endloop
  endfacet
  facet normal 8.720494e-01 -4.894178e-01 3.409336e-16
    outer loop
      vertex   -1.691780e+01 1.643801e+01 5.500000e+00
      vertex   -1.703926e+01 1.622158e+01 4.000000e-01
      vertex   -1.691780e+01 1.643801e+01 4.000000e-01
    endloop
  endfacet
  facet normal 7.914965e-01 -6.111737e-01 4.257500e-16
    outer loop
      vertex   -1.691780e+01 1.643801e+01 5.500000e+00
      vertex   -1.691780e+01 1.643801e+01 4.000000e-01
      vertex   -1.676611e+01 1.663444e+01 5.500000e+00
    endloop
  endfacet
  facet normal 7.914965e-01 -6.111737e-01 0.000000e+00
    outer loop
      vertex   -1.676611e+01 1.663444e+01 5.500000e+00
      vertex   -1.691780e+01 1.643801e+01 4.000000e-01
      vertex   -1.676611e+01 1.663444e+01 4.000000e-01
    endloop
  endfacet
  facet normal 6.940742e-01 -7.199035e-01 0.000000e+00
    outer loop
      vertex   -1.676611e+01 1.663444e+01 5.500000e+00
      vertex   -1.676611e+01 1.663444e+01 4.000000e-01
      vertex   -1.658744e+01 1.680670e+01 5.500000e+00
    endloop
  endfacet
  facet normal 6.940742e-01 -7.199035e-01 0.000000e+00
    outer loop
      vertex   -1.658744e+01 1.680670e+01 5.500000e+00
      vertex   -1.676611e+01 1.663444e+01 4.000000e-01
      vertex   -1.658744e+01 1.680670e+01 4.000000e-01
    endloop
  endfacet
  facet normal 5.818589e-01 -8.132897e-01 0.000000e+00
    outer loop
      vertex   -1.658744e+01 1.680670e+01 5.500000e+00
      vertex   -1.658744e+01 1.680670e+01 4.000000e-01
      vertex   -1.638560e+01 1.695111e+01 5.500000e+00
    endloop
  endfacet
  facet normal 5.818589e-01 -8.132897e-01 0.000000e+00
    outer loop
      vertex   -1.638560e+01 1.695111e+01 5.500000e+00
      vertex   -1.658744e+01 1.680670e+01 4.000000e-01
      vertex   -1.638560e+01 1.695111e+01 4.000000e-01
    endloop
  endfacet
  facet normal 4.572423e-01 -8.893421e-01 0.000000e+00
    outer loop
      vertex   -1.638560e+01 1.695111e+01 5.500000e+00
      vertex   -1.638560e+01 1.695111e+01 4.000000e-01
      vertex   -1.616488e+01 1.706459e+01 5.500000e+00
    endloop
  endfacet
  facet normal 4.572423e-01 -8.893421e-01 0.000000e+00
    outer loop
      vertex   -1.616488e+01 1.706459e+01 5.500000e+00
      vertex   -1.638560e+01 1.695111e+01 4.000000e-01
      vertex   -1.616488e+01 1.706459e+01 4.000000e-01
    endloop
  endfacet
  facet normal 3.228804e-01 -9.464398e-01 0.000000e+00
    outer loop
      vertex   -1.616488e+01 1.706459e+01 5.500000e+00
      vertex   -1.616488e+01 1.706459e+01 4.000000e-01
      vertex   -1.592999e+01 1.714472e+01 5.500000e+00
    endloop
  endfacet
  facet normal 3.228804e-01 -9.464398e-01 0.000000e+00
    outer loop
      vertex   -1.592999e+01 1.714472e+01 5.500000e+00
      vertex   -1.616488e+01 1.706459e+01 4.000000e-01
      vertex   -1.592999e+01 1.714472e+01 4.000000e-01
    endloop
  endfacet
  facet normal 1.816369e-01 -9.833657e-01 0.000000e+00
    outer loop
      vertex   -1.592999e+01 1.714472e+01 5.500000e+00
      vertex   -1.592999e+01 1.714472e+01 4.000000e-01
      vertex   -1.568593e+01 1.718980e+01 5.500000e+00
    endloop
  endfacet
  facet normal 1.816369e-01 -9.833657e-01 -6.326507e-17
    outer loop
      vertex   -1.568593e+01 1.718980e+01 5.500000e+00
      vertex   -1.592999e+01 1.714472e+01 4.000000e-01
      vertex   -1.568593e+01 1.718980e+01 4.000000e-01
    endloop
  endfacet
  facet normal 3.652202e-02 -9.993328e-01 -1.272081e-17
    outer loop
      vertex   -1.568593e+01 1.718980e+01 5.500000e+00
      vertex   -1.568593e+01 1.718980e+01 4.000000e-01
      vertex   -1.543791e+01 1.719887e+01 5.500000e+00
    endloop
  endfacet
  facet normal 3.652202e-02 -9.993328e-01 0.000000e+00
    outer loop
      vertex   -1.543791e+01 1.719887e+01 5.500000e+00
      vertex   -1.568593e+01 1.718980e+01 4.000000e-01
      vertex   -1.543791e+01 1.719887e+01 4.000000e-01
    endloop
  endfacet
  facet normal -1.093712e-01 -9.940010e-01 -0.000000e+00
    outer loop
      vertex   -1.543791e+01 1.719887e+01 5.500000e+00
      vertex   -1.543791e+01 1.719887e+01 4.000000e-01
      vertex   -1.519122e+01 1.717172e+01 5.500000e+00
    endloop
  endfacet
  facet normal -1.093712e-01 -9.940010e-01 3.809457e-17
    outer loop
      vertex   -1.519122e+01 1.717172e+01 5.500000e+00
      vertex   -1.543791e+01 1.719887e+01 4.000000e-01
      vertex   -1.519122e+01 1.717172e+01 4.000000e-01
    endloop
  endfacet
  facet normal -2.529334e-01 -9.674837e-01 8.809803e-17
    outer loop
      vertex   -1.519122e+01 1.717172e+01 5.500000e+00
      vertex   -1.519122e+01 1.717172e+01 4.000000e-01
      vertex   -1.495110e+01 1.710895e+01 5.500000e+00
    endloop
  endfacet
  facet normal -2.529334e-01 -9.674837e-01 -0.000000e+00
    outer loop
      vertex   -1.495110e+01 1.710895e+01 5.500000e+00
      vertex   -1.519122e+01 1.717172e+01 4.000000e-01
      vertex   -1.495110e+01 1.710895e+01 4.000000e-01
    endloop
  endfacet
  facet normal -3.911047e-01 -9.203462e-01 -0.000000e+00
    outer loop
      vertex   -1.495110e+01 1.710895e+01 5.500000e+00
      vertex   -1.495110e+01 1.710895e+01 4.000000e-01
      vertex   -1.472269e+01 1.701188e+01 5.500000e+00
    endloop
  endfacet
  facet normal -3.911047e-01 -9.203462e-01 -0.000000e+00
    outer loop
      vertex   -1.472269e+01 1.701188e+01 5.500000e+00
      vertex   -1.495110e+01 1.710895e+01 4.000000e-01
      vertex   -1.472269e+01 1.701188e+01 4.000000e-01
    endloop
  endfacet
  facet normal -5.209403e-01 -8.535931e-01 -0.000000e+00
    outer loop
      vertex   -1.472269e+01 1.701188e+01 5.500000e+00
      vertex   -1.472269e+01 1.701188e+01 4.000000e-01
      vertex   -1.451084e+01 1.688259e+01 5.500000e+00
    endloop
  endfacet
  facet normal -5.209403e-01 -8.535931e-01 -2.317294e-16
    outer loop
      vertex   -1.451084e+01 1.688259e+01 5.500000e+00
      vertex   -1.472269e+01 1.701188e+01 4.000000e-01
      vertex   -1.451084e+01 1.688259e+01 4.000000e-01
    endloop
  endfacet
  facet normal -6.396730e-01 -7.686471e-01 -8.984473e-17
    outer loop
      vertex   -1.451084e+01 1.688259e+01 5.500000e+00
      vertex   -1.451084e+01 1.688259e+01 4.000000e-01
      vertex   -1.432007e+01 1.672384e+01 5.500000e+00
    endloop
  endfacet
  facet normal -6.396730e-01 -7.686471e-01 -0.000000e+00
    outer loop
      vertex   -1.432007e+01 1.672384e+01 5.500000e+00
      vertex   -1.451084e+01 1.688259e+01 4.000000e-01
      vertex   -1.432007e+01 1.672384e+01 4.000000e-01
    endloop
  endfacet
  facet normal -7.447722e-01 -6.673188e-01 -0.000000e+00
    outer loop
      vertex   -1.432007e+01 1.672384e+01 5.500000e+00
      vertex   -1.432007e+01 1.672384e+01 4.000000e-01
      vertex   -1.415446e+01 1.653900e+01 5.500000e+00
    endloop
  endfacet
  facet normal -7.447722e-01 -6.673188e-01 -0.000000e+00
    outer loop
      vertex   -1.415446e+01 1.653900e+01 5.500000e+00
      vertex   -1.432007e+01 1.672384e+01 4.000000e-01
      vertex   -1.415446e+01 1.653900e+01 4.000000e-01
    endloop
  endfacet
  facet normal -8.339978e-01 -5.517677e-01 -0.000000e+00
    outer loop
      vertex   -1.415446e+01 1.653900e+01 5.500000e+00
      vertex   -1.415446e+01 1.653900e+01 4.000000e-01
      vertex   -1.401752e+01 1.633201e+01 5.500000e+00
    endloop
  endfacet
  facet normal -8.339978e-01 -5.517677e-01 -3.843672e-16
    outer loop
      vertex   -1.401752e+01 1.633201e+01 5.500000e+00
      vertex   -1.415446e+01 1.653900e+01 4.000000e-01
      vertex   -1.401752e+01 1.633201e+01 4.000000e-01
    endloop
  endfacet
  facet normal -9.054482e-01 -4.244567e-01 -2.956810e-16
    outer loop
      vertex   -1.401752e+01 1.633201e+01 5.500000e+00
      vertex   -1.401752e+01 1.633201e+01 4.000000e-01
      vertex   -1.391217e+01 1.610729e+01 5.500000e+00
    endloop
  endfacet
  facet normal -9.054482e-01 -4.244567e-01 -0.000000e+00
    outer loop
      vertex   -1.391217e+01 1.610729e+01 5.500000e+00
      vertex   -1.401752e+01 1.633201e+01 4.000000e-01
      vertex   -1.391217e+01 1.610729e+01 4.000000e-01
    endloop
  endfacet
  facet normal -9.576006e-01 -2.880991e-01 -0.000000e+00
    outer loop
      vertex   -1.391217e+01 1.610729e+01 5.500000e+00
      vertex   -1.391217e+01 1.610729e+01 4.000000e-01
      vertex   -1.384067e+01 1.586963e+01 5.500000e+00
    endloop
  endfacet
  facet normal -9.576006e-01 -2.880991e-01 -0.000000e+00
    outer loop
      vertex   -1.384067e+01 1.586963e+01 5.500000e+00
      vertex   -1.391217e+01 1.610729e+01 4.000000e-01
      vertex   -1.384067e+01 1.586963e+01 4.000000e-01
    endloop
  endfacet
  facet normal -9.893434e-01 -1.456012e-01 -0.000000e+00
    outer loop
      vertex   -1.384067e+01 1.586963e+01 5.500000e+00
      vertex   -1.384067e+01 1.586963e+01 4.000000e-01
      vertex   -1.380454e+01 1.562409e+01 5.500000e+00
    endloop
  endfacet
  facet normal -9.893434e-01 -1.456012e-01 -5.071365e-17
    outer loop
      vertex   -1.380454e+01 1.562409e+01 5.500000e+00
      vertex   -1.384067e+01 1.586963e+01 4.000000e-01
      vertex   -1.380454e+01 1.562409e+01 4.000000e-01
    endloop
  endfacet
  facet normal -1.000000e+00 -0.000000e+00 -0.000000e+00
    outer loop
      vertex   -1.380454e+01 1.562409e+01 5.500000e+00
      vertex   -1.380454e+01 1.562409e+01 4.000000e-01
      vertex   -1.380454e+01 1.537591e+01 5.500000e+00
    endloop
  endfacet
  facet normal -1.000000e+00 0.000000e+00 0.000000e+00
    outer loop
      vertex   -1.380454e+01 1.537591e+01 5.500000e+00
      vertex   -1.380454e+01 1.562409e+01 4.000000e-01
      vertex   -1.380454e+01 1.537591e+01 4.000000e-01
    endloop
  endfacet
  facet normal -9.893434e-01 1.456012e-01 5.071365e-17
    outer loop
      vertex   -1.380454e+01 1.537591e+01 5.500000e+00
      vertex   -1.380454e+01 1.537591e+01 4.000000e-01
      vertex   -1.384067e+01 1.513037e+01 5.500000e+00
    endloop
  endfacet
  facet normal -9.893434e-01 1.456012e-01 0.000000e+00
    outer loop
      vertex   -1.384067e+01 1.513037e+01 5.500000e+00
      vertex   -1.380454e+01 1.537591e+01 4.000000e-01
      vertex   -1.384067e+01 1.513037e+01 4.000000e-01
    endloop
  endfacet
  facet normal -9.576006e-01 2.880991e-01 0.000000e+00
    outer loop
      vertex   -1.384067e+01 1.513037e+01 5.500000e+00
      vertex   -1.384067e+01 1.513037e+01 4.000000e-01
      vertex   -1.391217e+01 1.489271e+01 5.500000e+00
    endloop
  endfacet
  facet normal -9.576006e-01 2.880991e-01 0.000000e+00
    outer loop
      vertex   -1.391217e+01 1.489271e+01 5.500000e+00
      vertex   -1.384067e+01 1.513037e+01 4.000000e-01
      vertex   -1.391217e+01 1.489271e+01 4.000000e-01
    endloop
  endfacet
  facet normal -9.054482e-01 4.244567e-01 0.000000e+00
    outer loop
      vertex   -1.391217e+01 1.489271e+01 5.500000e+00
      vertex   -1.391217e+01 1.489271e+01 4.000000e-01
      vertex   -1.401752e+01 1.466799e+01 5.500000e+00
    endloop
  endfacet
  facet normal -9.054482e-01 4.244567e-01 1.478405e-16
    outer loop
      vertex   -1.401752e+01 1.466799e+01 5.500000e+00
      vertex   -1.391217e+01 1.489271e+01 4.000000e-01
      vertex   -1.401752e+01 1.466799e+01 4.000000e-01
    endloop
  endfacet
  facet normal -8.339978e-01 5.517677e-01 1.921836e-16
    outer loop
      vertex   -1.401752e+01 1.466799e+01 5.500000e+00
      vertex   -1.401752e+01 1.466799e+01 4.000000e-01
      vertex   -1.415446e+01 1.446100e+01 5.500000e+00
    endloop
  endfacet
  facet normal -8.339978e-01 5.517677e-01 0.000000e+00
    outer loop
      vertex   -1.415446e+01 1.446100e+01 5.500000e+00
      vertex   -1.401752e+01 1.466799e+01 4.000000e-01
      vertex   -1.415446e+01 1.446100e+01 4.000000e-01
    endloop
  endfacet
  facet normal -7.447722e-01 6.673188e-01 0.000000e+00
    outer loop
      vertex   -1.415446e+01 1.446100e+01 5.500000e+00
      vertex   -1.415446e+01 1.446100e+01 4.000000e-01
      vertex   -1.432007e+01 1.427616e+01 5.500000e+00
    endloop
  endfacet
  facet normal -7.447722e-01 6.673188e-01 0.000000e+00
    outer loop
      vertex   -1.432007e+01 1.427616e+01 5.500000e+00
      vertex   -1.415446e+01 1.446100e+01 4.000000e-01
      vertex   -1.432007e+01 1.427616e+01 4.000000e-01
    endloop
  endfacet
  facet normal -6.396730e-01 7.686471e-01 0.000000e+00
    outer loop
      vertex   -1.432007e+01 1.427616e+01 5.500000e+00
      vertex   -1.432007e+01 1.427616e+01 4.000000e-01
      vertex   -1.451084e+01 1.411741e+01 5.500000e+00
    endloop
  endfacet
  facet normal -6.396730e-01 7.686471e-01 -1.778791e-16
    outer loop
      vertex   -1.451084e+01 1.411741e+01 5.500000e+00
      vertex   -1.432007e+01 1.427616e+01 4.000000e-01
      vertex   -1.451084e+01 1.411741e+01 4.000000e-01
    endloop
  endfacet
  facet normal -5.209403e-01 8.535931e-01 -6.558156e-17
    outer loop
      vertex   -1.451084e+01 1.411741e+01 5.500000e+00
      vertex   -1.451084e+01 1.411741e+01 4.000000e-01
      vertex   -1.472269e+01 1.398812e+01 5.500000e+00
    endloop
  endfacet
  facet normal -5.209403e-01 8.535931e-01 0.000000e+00
    outer loop
      vertex   -1.472269e+01 1.398812e+01 5.500000e+00
      vertex   -1.451084e+01 1.411741e+01 4.000000e-01
      vertex   -1.472269e+01 1.398812e+01 4.000000e-01
    endloop
  endfacet
  facet normal -3.911047e-01 9.203462e-01 0.000000e+00
    outer loop
      vertex   -1.472269e+01 1.398812e+01 5.500000e+00
      vertex   -1.472269e+01 1.398812e+01 4.000000e-01
      vertex   -1.495110e+01 1.389105e+01 5.500000e+00
    endloop
  endfacet
  facet normal -3.911047e-01 9.203462e-01 0.000000e+00
    outer loop
      vertex   -1.495110e+01 1.389105e+01 5.500000e+00
      vertex   -1.472269e+01 1.398812e+01 4.000000e-01
      vertex   -1.495110e+01 1.389105e+01 4.000000e-01
    endloop
  endfacet
  facet normal -2.529334e-01 9.674837e-01 0.000000e+00
    outer loop
      vertex   -1.495110e+01 1.389105e+01 5.500000e+00
      vertex   -1.495110e+01 1.389105e+01 4.000000e-01
      vertex   -1.519122e+01 1.382828e+01 5.500000e+00
    endloop
  endfacet
  facet normal -2.529334e-01 9.674837e-01 -8.809803e-17
    outer loop
      vertex   -1.519122e+01 1.382828e+01 5.500000e+00
      vertex   -1.495110e+01 1.389105e+01 4.000000e-01
      vertex   -1.519122e+01 1.382828e+01 4.000000e-01
    endloop
  endfacet
  facet normal -1.093712e-01 9.940010e-01 -3.809457e-17
    outer loop
      vertex   -1.519122e+01 1.382828e+01 5.500000e+00
      vertex   -1.519122e+01 1.382828e+01 4.000000e-01
      vertex   -1.543791e+01 1.380113e+01 5.500000e+00
    endloop
  endfacet
  facet normal -1.093712e-01 9.940010e-01 0.000000e+00
    outer loop
      vertex   -1.543791e+01 1.380113e+01 5.500000e+00
      vertex   -1.519122e+01 1.382828e+01 4.000000e-01
      vertex   -1.543791e+01 1.380113e+01 4.000000e-01
    endloop
  endfacet
  facet normal 3.652202e-02 9.993328e-01 0.000000e+00
    outer loop
      vertex   -1.543791e+01 1.380113e+01 5.500000e+00
      vertex   -1.543791e+01 1.380113e+01 4.000000e-01
      vertex   -1.568593e+01 1.381020e+01 5.500000e+00
    endloop
  endfacet
  facet normal 3.652202e-02 9.993328e-01 1.272081e-17
    outer loop
      vertex   -1.568593e+01 1.381020e+01 5.500000e+00
      vertex   -1.543791e+01 1.380113e+01 4.000000e-01
      vertex   -1.568593e+01 1.381020e+01 4.000000e-01
    endloop
  endfacet
  facet normal 1.816369e-01 9.833657e-01 6.326507e-17
    outer loop
      vertex   -1.568593e+01 1.381020e+01 5.500000e+00
      vertex   -1.568593e+01 1.381020e+01 4.000000e-01
      vertex   -1.592999e+01 1.385528e+01 5.500000e+00
    endloop
  endfacet
  facet normal 1.816369e-01 9.833657e-01 0.000000e+00
    outer loop
      vertex   -1.592999e+01 1.385528e+01 5.500000e+00
      vertex   -1.568593e+01 1.381020e+01 4.000000e-01
      vertex   -1.592999e+01 1.385528e+01 4.000000e-01
    endloop
  endfacet
  facet normal 3.228804e-01 9.464398e-01 0.000000e+00
    outer loop
      vertex   -1.592999e+01 1.385528e+01 5.500000e+00
      vertex   -1.592999e+01 1.385528e+01 4.000000e-01
      vertex   -1.616488e+01 1.393541e+01 5.500000e+00
    endloop
  endfacet
  facet normal 3.228804e-01 9.464398e-01 0.000000e+00
    outer loop
      vertex   -1.616488e+01 1.393541e+01 5.500000e+00
      vertex   -1.592999e+01 1.385528e+01 4.000000e-01
      vertex   -1.616488e+01 1.393541e+01 4.000000e-01
    endloop
  endfacet
  facet normal 4.572423e-01 8.893421e-01 0.000000e+00
    outer loop
      vertex   -1.616488e+01 1.393541e+01 5.500000e+00
      vertex   -1.616488e+01 1.393541e+01 4.000000e-01
      vertex   -1.638560e+01 1.404889e+01 5.500000e+00
    endloop
  endfacet
  facet normal 4.572423e-01 8.893421e-01 0.000000e+00
    outer loop
      vertex   -1.638560e+01 1.404889e+01 5.500000e+00
      vertex   -1.616488e+01 1.393541e+01 4.000000e-01
      vertex   -1.638560e+01 1.404889e+01 4.000000e-01
    endloop
  endfacet
  facet normal 5.818589e-01 8.132897e-01 0.000000e+00
    outer loop
      vertex   -1.638560e+01 1.404889e+01 5.500000e+00
      vertex   -1.638560e+01 1.404889e+01 4.000000e-01
      vertex   -1.658744e+01 1.419330e+01 5.500000e+00
    endloop
  endfacet
  facet normal 5.818589e-01 8.132897e-01 0.000000e+00
    outer loop
      vertex   -1.658744e+01 1.419330e+01 5.500000e+00
      vertex   -1.638560e+01 1.404889e+01 4.000000e-01
      vertex   -1.658744e+01 1.419330e+01 4.000000e-01
    endloop
  endfacet
  facet normal 6.940742e-01 7.199035e-01 0.000000e+00
    outer loop
      vertex   -1.658744e+01 1.419330e+01 5.500000e+00
      vertex   -1.658744e+01 1.419330e+01 4.000000e-01
      vertex   -1.676611e+01 1.436556e+01 5.500000e+00
    endloop
  endfacet
  facet normal 6.940742e-01 7.199035e-01 0.000000e+00
    outer loop
      vertex   -1.676611e+01 1.436556e+01 5.500000e+00
      vertex   -1.658744e+01 1.419330e+01 4.000000e-01
      vertex   -1.676611e+01 1.436556e+01 4.000000e-01
    endloop
  endfacet
  facet normal 7.914965e-01 6.111737e-01 0.000000e+00
    outer loop
      vertex   -1.676611e+01 1.436556e+01 5.500000e+00
      vertex   -1.676611e+01 1.436556e+01 4.000000e-01
      vertex   -1.691780e+01 1.456199e+01 5.500000e+00
    endloop
  endfacet
  facet normal 7.914965e-01 6.111737e-01 -4.257500e-16
    outer loop
      vertex   -1.691780e+01 1.456199e+01 5.500000e+00
      vertex   -1.676611e+01 1.436556e+01 4.000000e-01
      vertex   -1.691780e+01 1.456199e+01 4.000000e-01
    endloop
  endfacet
  facet normal 8.720494e-01 4.894178e-01 -3.409336e-16
    outer loop
      vertex   -1.691780e+01 1.456199e+01 5.500000e+00
      vertex   -1.691780e+01 1.456199e+01 4.000000e-01
      vertex   -1.703926e+01 1.477842e+01 5.500000e+00
    endloop
  endfacet
  facet normal 8.720494e-01 4.894178e-01 0.000000e+00
    outer loop
      vertex   -1.703926e+01 1.477842e+01 5.500000e+00
      vertex   -1.691780e+01 1.456199e+01 4.000000e-01
      vertex   -1.703926e+01 1.477842e+01 4.000000e-01
    endloop
  endfacet
  facet normal 9.340161e-01 3.572309e-01 0.000000e+00
    outer loop
      vertex   -1.703926e+01 1.477842e+01 5.500000e+00
      vertex   -1.703926e+01 1.477842e+01 4.000000e-01
      vertex   -1.712792e+01 1.501023e+01 5.500000e+00
    endloop
  endfacet
  facet normal 9.340161e-01 3.572309e-01 0.000000e+00
    outer loop
      vertex   -1.712792e+01 1.501023e+01 5.500000e+00
      vertex   -1.703926e+01 1.477842e+01 4.000000e-01
      vertex   -1.712792e+01 1.501023e+01 4.000000e-01
    endloop
  endfacet
  facet normal 9.760759e-01 2.174302e-01 0.000000e+00
    outer loop
      vertex   -1.712792e+01 1.501023e+01 5.500000e+00
      vertex   -1.712792e+01 1.501023e+01 4.000000e-01
      vertex   -1.718188e+01 1.525248e+01 5.500000e+00
    endloop
  endfacet
  facet normal 9.760759e-01 2.174302e-01 0.000000e+00
    outer loop
      vertex   -1.718188e+01 1.525248e+01 5.500000e+00
      vertex   -1.712792e+01 1.501023e+01 4.000000e-01
      vertex   -1.718188e+01 1.525248e+01 4.000000e-01
    endloop
  endfacet
  facet normal 8.603748e-16 -9.950372e-02 9.950372e-01
    outer loop
      vertex   -2.145000e+01 -1.898572e+01 5.851428e+00
      vertex   -2.145000e+01 2.210199e+01 9.960199e+00
      vertex   -2.210000e+01 -1.833572e+01 5.916428e+00
    endloop
  endfacet
  facet normal 0.000000e+00 -9.950372e-02 9.950372e-01
    outer loop
      vertex   -2.210000e+01 -1.833572e+01 5.916428e+00
      vertex   -2.145000e+01 2.210199e+01 9.960199e+00
      vertex   -2.210000e+01 2.210199e+01 9.960199e+00
    endloop
  endfacet
  facet normal 0.000000e+00 0.000000e+00 1.000000e+00
    outer loop
      vertex   2.116805e+01 -1.966641e+01 5.500000e+00
      vertex   1.648916e+01 -1.688259e+01 5.500000e+00
      vertex   1.793572e+01 -2.250000e+01 5.500000e+00
    endloop
  endfacet
  facet normal 0.000000e+00 0.000000e+00 1.000000e+00
    outer loop
      vertex   1.793572e+01 -2.250000e+01 5.500000e+00
      vertex   1.648916e+01 -1.688259e+01 5.500000e+00
      vertex   1.627731e+01 -1.701188e+01 5.500000e+00
    endloop
  endfacet
  facet normal 0.000000e+00 0.000000e+00 1.000000e+00
    outer loop
      vertex   1.793572e+01 -2.250000e+01 5.500000e+00
      vertex   1.627731e+01 -1.701188e+01 5.500000e+00
      vertex   1.604890e+01 -1.710895e+01 5.500000e+00
    endloop
  endfacet
  facet normal 0.000000e+00 0.000000e+00 1.000000e+00
    outer loop
      vertex   2.116805e+01 -1.966641e+01 5.500000e+00
      vertex   2.105000e+01 -1.848005e+01 5.500000e+00
      vertex   1.648916e+01 -1.688259e+01 5.500000e+00
    endloop
  endfacet
  facet normal -0.000000e+00 0.000000e+00 1.000000e+00
    outer loop
      vertex   1.648916e+01 -1.688259e+01 5.500000e+00
      vertex   2.105000e+01 -1.848005e+01 5.500000e+00
      vertex   1.667993e+01 -1.672384e+01 5.500000e+00
    endloop
  endfacet
  facet normal -0.000000e+00 0.000000e+00 1.000000e+00
    outer loop
      vertex   1.667993e+01 -1.672384e+01 5.500000e+00
      vertex   2.105000e+01 -1.848005e+01 5.500000e+00
      vertex   1.684554e+01 -1.653900e+01 5.500000e+00
    endloop
  endfacet
  facet normal -0.000000e+00 0.000000e+00 1.000000e+00
    outer loop
      vertex   1.684554e+01 -1.653900e+01 5.500000e+00
      vertex   2.105000e+01 -1.848005e+01 5.500000e+00
      vertex   1.698248e+01 -1.633201e+01 5.500000e+00
    endloop
  endfacet
  facet normal -0.000000e+00 0.000000e+00 1.000000e+00
    outer loop
      vertex   1.698248e+01 -1.633201e+01 5.500000e+00
      vertex   2.105000e+01 -1.848005e+01 5.500000e+00
      vertex   1.708783e+01 -1.610729e+01 5.500000e+00
    endloop
  endfacet
  facet normal -0.000000e+00 0.000000e+00 1.000000e+00
    outer loop
      vertex   1.708783e+01 -1.610729e+01 5.500000e+00
      vertex   2.105000e+01 -1.848005e+01 5.500000e+00
      vertex   1.715933e+01 -1.586963e+01 5.500000e+00
    endloop
  endfacet
  facet normal -0.000000e+00 0.000000e+00 1.000000e+00
    outer loop
      vertex   1.715933e+01 -1.586963e+01 5.500000e+00
      vertex   2.105000e+01 -1.848005e+01 5.500000e+00
      vertex   1.719546e+01 -1.562409e+01 5.500000e+00
    endloop
  endfacet
  facet normal -0.000000e+00 0.000000e+00 1.000000e+00
    outer loop
      vertex   1.719546e+01 -1.562409e+01 5.500000e+00
      vertex   2.105000e+01 -1.848005e+01 5.500000e+00
      vertex   1.719546e+01 -1.537591e+01 5.500000e+00
    endloop
  endfacet
  facet normal -0.000000e+00 -0.000000e+00 1.000000e+00
    outer loop
      vertex   1.719546e+01 -1.537591e+01 5.500000e+00
      vertex   2.105000e+01 -1.848005e+01 5.500000e+00
      vertex   1.715933e+01 -1.513037e+01 5.500000e+00
    endloop
  endfacet
  facet normal -0.000000e+00 -0.000000e+00 1.000000e+00
    outer loop
      vertex   1.715933e+01 -1.513037e+01 5.500000e+00
      vertex   2.105000e+01 -1.848005e+01 5.500000e+00
      vertex   1.708783e+01 -1.489271e+01 5.500000e+00
    endloop
  endfacet
  facet normal -0.000000e+00 -0.000000e+00 1.000000e+00
    outer loop
      vertex   1.708783e+01 -1.489271e+01 5.500000e+00
      vertex   2.105000e+01 -1.848005e+01 5.500000e+00
      vertex   1.698248e+01 -1.466799e+01 5.500000e+00
    endloop
  endfacet
  facet normal -0.000000e+00 -0.000000e+00 1.000000e+00
    outer loop
      vertex   1.698248e+01 -1.466799e+01 5.500000e+00
      vertex   2.105000e+01 -1.848005e+01 5.500000e+00
      vertex   1.684554e+01 -1.446100e+01 5.500000e+00
    endloop
  endfacet
  facet normal -0.000000e+00 -0.000000e+00 1.000000e+00
    outer loop
      vertex   1.684554e+01 -1.446100e+01 5.500000e+00
      vertex   2.105000e+01 -1.848005e+01 5.500000e+00
      vertex   1.471178e+01 -2.926355e+00 5.500000e+00
    endloop
  endfacet
  facet normal 0.000000e+00 0.000000e+00 1.000000e+00
    outer loop
      vertex   1.684554e+01 -1.446100e+01 5.500000e+00
      vertex   1.471178e+01 -2.926355e+00 5.500000e+00
      vertex   1.455047e+01 -3.644703e+00 5.500000e+00
    endloop
  endfacet
  facet normal 0.000000e+00 0.000000e+00 1.000000e+00
    outer loop
      vertex   2.105000e+01 2.250000e+01 5.500000e+00
      vertex   1.708783e+01 1.489271e+01 5.500000e+00
      vertex   2.105000e+01 -1.848005e+01 5.500000e+00
    endloop
  endfacet
  facet normal 0.000000e+00 0.000000e+00 1.000000e+00
    outer loop
      vertex   2.105000e+01 -1.848005e+01 5.500000e+00
      vertex   1.708783e+01 1.489271e+01 5.500000e+00
      vertex   1.498193e+01 7.360151e-01 5.500000e+00
    endloop
  endfacet
  facet normal 0.000000e+00 0.000000e+00 1.000000e+00
    outer loop
      vertex   2.105000e+01 -1.848005e+01 5.500000e+00
      vertex   1.498193e+01 7.360151e-01 5.500000e+00
      vertex   1.500000e+01 0.000000e+00 5.500000e+00
    endloop
  endfacet
  facet normal -0.000000e+00 0.000000e+00 1.000000e+00
    outer loop
      vertex   -2.105000e+01 2.250000e+01 5.500000e+00
      vertex   9.184851e-16 1.500000e+01 5.500000e+00
      vertex   2.105000e+01 2.250000e+01 5.500000e+00
    endloop
  endfacet
  facet normal 0.000000e+00 0.000000e+00 1.000000e+00
    outer loop
      vertex   2.105000e+01 2.250000e+01 5.500000e+00
      vertex   9.184851e-16 1.500000e+01 5.500000e+00
      vertex   7.360151e-01 1.498193e+01 5.500000e+00
    endloop
  endfacet
  facet normal 0.000000e+00 0.000000e+00 1.000000e+00
    outer loop
      vertex   2.105000e+01 2.250000e+01 5.500000e+00
      vertex   7.360151e-01 1.498193e+01 5.500000e+00
      vertex   1.470257e+00 1.492777e+01 5.500000e+00
    endloop
  endfacet
  facet normal 0.000000e+00 0.000000e+00 1.000000e+00
    outer loop
      vertex   -2.105000e+01 -1.848005e+01 5.500000e+00
      vertex   -1.712792e+01 1.501023e+01 5.500000e+00
      vertex   -2.105000e+01 2.250000e+01 5.500000e+00
    endloop
  endfacet
  facet normal 0.000000e+00 0.000000e+00 1.000000e+00
    outer loop
      vertex   -2.105000e+01 2.250000e+01 5.500000e+00
      vertex   -1.712792e+01 1.501023e+01 5.500000e+00
      vertex   -1.718188e+01 1.525248e+01 5.500000e+00
    endloop
  endfacet
  facet normal 0.000000e+00 0.000000e+00 1.000000e+00
    outer loop
      vertex   -2.105000e+01 2.250000e+01 5.500000e+00
      vertex   -1.718188e+01 1.525248e+01 5.500000e+00
      vertex   -1.720000e+01 1.550000e+01 5.500000e+00
    endloop
  endfacet
  facet normal -0.000000e+00 0.000000e+00 1.000000e+00
    outer loop
      vertex   -2.116805e+01 -1.966641e+01 5.500000e+00
      vertex   -1.793572e+01 -2.250000e+01 5.500000e+00
      vertex   -2.105000e+01 -1.848005e+01 5.500000e+00
    endloop
  endfacet
  facet normal -0.000000e+00 0.000000e+00 1.000000e+00
    outer loop
      vertex   -2.105000e+01 -1.848005e+01 5.500000e+00
      vertex   -1.793572e+01 -2.250000e+01 5.500000e+00
      vertex   -1.543791e+01 -1.719887e+01 5.500000e+00
    endloop
  endfacet
  facet normal 0.000000e+00 0.000000e+00 1.000000e+00
    outer loop
      vertex   -2.105000e+01 -1.848005e+01 5.500000e+00
      vertex   -1.543791e+01 -1.719887e+01 5.500000e+00
      vertex   -1.568593e+01 -1.718980e+01 5.500000e+00
    endloop
  endfacet
  facet normal 0.000000e+00 0.000000e+00 1.000000e+00
    outer loop
      vertex   -1.793572e+01 -2.250000e+01 5.500000e+00
      vertex   1.793572e+01 -2.250000e+01 5.500000e+00
      vertex   -1.543791e+01 -1.719887e+01 5.500000e+00
    endloop
  endfacet
  facet normal -0.000000e+00 0.000000e+00 1.000000e+00
    outer loop
      vertex   -1.543791e+01 -1.719887e+01 5.500000e+00
      vertex   1.793572e+01 -2.250000e+01 5.500000e+00
      vertex   -1.519122e+01 -1.717172e+01 5.500000e+00
    endloop
  endfacet
  facet normal -0.000000e+00 0.000000e+00 1.000000e+00
    outer loop
      vertex   -1.519122e+01 -1.717172e+01 5.500000e+00
      vertex   1.793572e+01 -2.250000e+01 5.500000e+00
      vertex   -1.495110e+01 -1.710895e+01 5.500000e+00
    endloop
  endfacet
  facet normal -0.000000e+00 0.000000e+00 1.000000e+00
    outer loop
      vertex   -1.495110e+01 -1.710895e+01 5.500000e+00
      vertex   1.793572e+01 -2.250000e+01 5.500000e+00
      vertex   -7.360151e-01 -1.498193e+01 5.500000e+00
    endloop
  endfacet
  facet normal 0.000000e+00 0.000000e+00 1.000000e+00
    outer loop
      vertex   -1.495110e+01 -1.710895e+01 5.500000e+00
      vertex   -7.360151e-01 -1.498193e+01 5.500000e+00
      vertex   -1.470257e+00 -1.492777e+01 5.500000e+00
    endloop
  endfacet
  facet normal 0.000000e+00 0.000000e+00 1.000000e+00
    outer loop
      vertex   1.381812e+01 1.574752e+01 5.500000e+00
      vertex   8.333553e+00 1.247204e+01 5.500000e+00
      vertex   1.380000e+01 1.550000e+01 5.500000e+00
    endloop
  endfacet
  facet normal 0.000000e+00 0.000000e+00 1.000000e+00
    outer loop
      vertex   1.380000e+01 1.550000e+01 5.500000e+00
      vertex   8.333553e+00 1.247204e+01 5.500000e+00
      vertex   8.935490e+00 1.204811e+01 5.500000e+00
    endloop
  endfacet
  facet normal 0.000000e+00 0.000000e+00 1.000000e+00
    outer loop
      vertex   1.380000e+01 1.550000e+01 5.500000e+00
      vertex   8.935490e+00 1.204811e+01 5.500000e+00
      vertex   1.381812e+01 1.525248e+01 5.500000e+00
    endloop
  endfacet
  facet normal 0.000000e+00 0.000000e+00 1.000000e+00
    outer loop
      vertex   1.381812e+01 1.525248e+01 5.500000e+00
      vertex   8.935490e+00 1.204811e+01 5.500000e+00
      vertex   1.387208e+01 1.501023e+01 5.500000e+00
    endloop
  endfacet
  facet normal 0.000000e+00 0.000000e+00 1.000000e+00
    outer loop
      vertex   1.387208e+01 1.501023e+01 5.500000e+00
      vertex   8.935490e+00 1.204811e+01 5.500000e+00
      vertex   9.515899e+00 1.159516e+01 5.500000e+00
    endloop
  endfacet
  facet normal 0.000000e+00 0.000000e+00 1.000000e+00
    outer loop
      vertex   1.387208e+01 1.501023e+01 5.500000e+00
      vertex   9.515899e+00 1.159516e+01 5.500000e+00
      vertex   1.396074e+01 1.477842e+01 5.500000e+00
    endloop
  endfacet
  facet normal 0.000000e+00 0.000000e+00 1.000000e+00
    outer loop
      vertex   1.396074e+01 1.477842e+01 5.500000e+00
      vertex   9.515899e+00 1.159516e+01 5.500000e+00
      vertex   1.007338e+01 1.111427e+01 5.500000e+00
    endloop
  endfacet
  facet normal 0.000000e+00 0.000000e+00 1.000000e+00
    outer loop
      vertex   1.396074e+01 1.477842e+01 5.500000e+00
      vertex   1.007338e+01 1.111427e+01 5.500000e+00
      vertex   1.408220e+01 1.456199e+01 5.500000e+00
    endloop
  endfacet
  facet normal 0.000000e+00 0.000000e+00 1.000000e+00
    outer loop
      vertex   1.408220e+01 1.456199e+01 5.500000e+00
      vertex   1.007338e+01 1.111427e+01 5.500000e+00
      vertex   1.060660e+01 1.060660e+01 5.500000e+00
    endloop
  endfacet
  facet normal 0.000000e+00 0.000000e+00 1.000000e+00
    outer loop
      vertex   1.408220e+01 1.456199e+01 5.500000e+00
      vertex   1.060660e+01 1.060660e+01 5.500000e+00
      vertex   1.423389e+01 1.436556e+01 5.500000e+00
    endloop
  endfacet
  facet normal 0.000000e+00 0.000000e+00 1.000000e+00
    outer loop
      vertex   1.423389e+01 1.436556e+01 5.500000e+00
      vertex   1.060660e+01 1.060660e+01 5.500000e+00
      vertex   1.441256e+01 1.419330e+01 5.500000e+00
    endloop
  endfacet
  facet normal 0.000000e+00 0.000000e+00 1.000000e+00
    outer loop
      vertex   1.441256e+01 1.419330e+01 5.500000e+00
      vertex   1.060660e+01 1.060660e+01 5.500000e+00
      vertex   1.111427e+01 1.007338e+01 5.500000e+00
    endloop
  endfacet
  facet normal 0.000000e+00 0.000000e+00 1.000000e+00
    outer loop
      vertex   1.441256e+01 1.419330e+01 5.500000e+00
      vertex   1.111427e+01 1.007338e+01 5.500000e+00
      vertex   1.461440e+01 1.404889e+01 5.500000e+00
    endloop
  endfacet
  facet normal 0.000000e+00 0.000000e+00 1.000000e+00
    outer loop
      vertex   1.461440e+01 1.404889e+01 5.500000e+00
      vertex   1.111427e+01 1.007338e+01 5.500000e+00
      vertex   1.159516e+01 9.515899e+00 5.500000e+00
    endloop
  endfacet
  facet normal 0.000000e+00 0.000000e+00 1.000000e+00
    outer loop
      vertex   1.461440e+01 1.404889e+01 5.500000e+00
      vertex   1.159516e+01 9.515899e+00 5.500000e+00
      vertex   1.483512e+01 1.393541e+01 5.500000e+00
    endloop
  endfacet
  facet normal 0.000000e+00 0.000000e+00 1.000000e+00
    outer loop
      vertex   1.483512e+01 1.393541e+01 5.500000e+00
      vertex   1.159516e+01 9.515899e+00 5.500000e+00
      vertex   1.204811e+01 8.935490e+00 5.500000e+00
    endloop
  endfacet
  facet normal 0.000000e+00 0.000000e+00 1.000000e+00
    outer loop
      vertex   1.483512e+01 1.393541e+01 5.500000e+00
      vertex   1.204811e+01 8.935490e+00 5.500000e+00
      vertex   1.507001e+01 1.385528e+01 5.500000e+00
    endloop
  endfacet
  facet normal 0.000000e+00 0.000000e+00 1.000000e+00
    outer loop
      vertex   1.507001e+01 1.385528e+01 5.500000e+00
      vertex   1.204811e+01 8.935490e+00 5.500000e+00
      vertex   1.531407e+01 1.381020e+01 5.500000e+00
    endloop
  endfacet
  facet normal 0.000000e+00 0.000000e+00 1.000000e+00
    outer loop
      vertex   1.531407e+01 1.381020e+01 5.500000e+00
      vertex   1.204811e+01 8.935490e+00 5.500000e+00
      vertex   1.247204e+01 8.333553e+00 5.500000e+00
    endloop
  endfacet
  facet normal 0.000000e+00 0.000000e+00 1.000000e+00
    outer loop
      vertex   1.531407e+01 1.381020e+01 5.500000e+00
      vertex   1.247204e+01 8.333553e+00 5.500000e+00
      vertex   1.556209e+01 1.380113e+01 5.500000e+00
    endloop
  endfacet
  facet normal 0.000000e+00 0.000000e+00 1.000000e+00
    outer loop
      vertex   1.556209e+01 1.380113e+01 5.500000e+00
      vertex   1.247204e+01 8.333553e+00 5.500000e+00
      vertex   1.286593e+01 7.711541e+00 5.500000e+00
    endloop
  endfacet
  facet normal -0.000000e+00 0.000000e+00 1.000000e+00
    outer loop
      vertex   1.556209e+01 1.380113e+01 5.500000e+00
      vertex   1.286593e+01 7.711541e+00 5.500000e+00
      vertex   1.580878e+01 1.382828e+01 5.500000e+00
    endloop
  endfacet
  facet normal 0.000000e+00 0.000000e+00 1.000000e+00
    outer loop
      vertex   1.580878e+01 1.382828e+01 5.500000e+00
      vertex   1.286593e+01 7.711541e+00 5.500000e+00
      vertex   1.322882e+01 7.070951e+00 5.500000e+00
    endloop
  endfacet
  facet normal -0.000000e+00 0.000000e+00 1.000000e+00
    outer loop
      vertex   1.580878e+01 1.382828e+01 5.500000e+00
      vertex   1.322882e+01 7.070951e+00 5.500000e+00
      vertex   1.604890e+01 1.389105e+01 5.500000e+00
    endloop
  endfacet
  facet normal 0.000000e+00 0.000000e+00 1.000000e+00
    outer loop
      vertex   1.604890e+01 1.389105e+01 5.500000e+00
      vertex   1.322882e+01 7.070951e+00 5.500000e+00
      vertex   1.355984e+01 6.413326e+00 5.500000e+00
    endloop
  endfacet
  facet normal -0.000000e+00 0.000000e+00 1.000000e+00
    outer loop
      vertex   1.604890e+01 1.389105e+01 5.500000e+00
      vertex   1.355984e+01 6.413326e+00 5.500000e+00
      vertex   1.627731e+01 1.398812e+01 5.500000e+00
    endloop
  endfacet
  facet normal 0.000000e+00 0.000000e+00 1.000000e+00
    outer loop
      vertex   1.627731e+01 1.398812e+01 5.500000e+00
      vertex   1.355984e+01 6.413326e+00 5.500000e+00
      vertex   1.385819e+01 5.740251e+00 5.500000e+00
    endloop
  endfacet
  facet normal -0.000000e+00 0.000000e+00 1.000000e+00
    outer loop
      vertex   1.627731e+01 1.398812e+01 5.500000e+00
      vertex   1.385819e+01 5.740251e+00 5.500000e+00
      vertex   1.648916e+01 1.411741e+01 5.500000e+00
    endloop
  endfacet
  facet normal 0.000000e+00 0.000000e+00 1.000000e+00
    outer loop
      vertex   1.648916e+01 1.411741e+01 5.500000e+00
      vertex   1.385819e+01 5.740251e+00 5.500000e+00
      vertex   1.412316e+01 5.053348e+00 5.500000e+00
    endloop
  endfacet
  facet normal -0.000000e+00 0.000000e+00 1.000000e+00
    outer loop
      vertex   1.648916e+01 1.411741e+01 5.500000e+00
      vertex   1.412316e+01 5.053348e+00 5.500000e+00
      vertex   1.667993e+01 1.427616e+01 5.500000e+00
    endloop
  endfacet
  facet normal 0.000000e+00 0.000000e+00 1.000000e+00
    outer loop
      vertex   1.667993e+01 1.427616e+01 5.500000e+00
      vertex   1.412316e+01 5.053348e+00 5.500000e+00
      vertex   1.435411e+01 4.354270e+00 5.500000e+00
    endloop
  endfacet
  facet normal -0.000000e+00 0.000000e+00 1.000000e+00
    outer loop
      vertex   1.667993e+01 1.427616e+01 5.500000e+00
      vertex   1.435411e+01 4.354270e+00 5.500000e+00
      vertex   1.684554e+01 1.446100e+01 5.500000e+00
    endloop
  endfacet
  facet normal 0.000000e+00 0.000000e+00 1.000000e+00
    outer loop
      vertex   1.684554e+01 1.446100e+01 5.500000e+00
      vertex   1.435411e+01 4.354270e+00 5.500000e+00
      vertex   1.455047e+01 3.644703e+00 5.500000e+00
    endloop
  endfacet
  facet normal 0.000000e+00 0.000000e+00 1.000000e+00
    outer loop
      vertex   1.684554e+01 1.446100e+01 5.500000e+00
      vertex   1.455047e+01 3.644703e+00 5.500000e+00
      vertex   1.471178e+01 2.926355e+00 5.500000e+00
    endloop
  endfacet
  facet normal 0.000000e+00 -0.000000e+00 1.000000e+00
    outer loop
      vertex   8.333553e+00 1.247204e+01 5.500000e+00
      vertex   1.381812e+01 1.574752e+01 5.500000e+00
      vertex   7.711541e+00 1.286593e+01 5.500000e+00
    endloop
  endfacet
  facet normal 0.000000e+00 0.000000e+00 1.000000e+00
    outer loop
      vertex   7.711541e+00 1.286593e+01 5.500000e+00
      vertex   1.381812e+01 1.574752e+01 5.500000e+00
      vertex   1.387208e+01 1.598977e+01 5.500000e+00
    endloop
  endfacet
  facet normal 0.000000e+00 -0.000000e+00 1.000000e+00
    outer loop
      vertex   7.711541e+00 1.286593e+01 5.500000e+00
      vertex   1.387208e+01 1.598977e+01 5.500000e+00
      vertex   7.070951e+00 1.322882e+01 5.500000e+00
    endloop
  endfacet
  facet normal 0.000000e+00 0.000000e+00 1.000000e+00
    outer loop
      vertex   7.070951e+00 1.322882e+01 5.500000e+00
      vertex   1.387208e+01 1.598977e+01 5.500000e+00
      vertex   1.396074e+01 1.622158e+01 5.500000e+00
    endloop
  endfacet
  facet normal 0.000000e+00 -0.000000e+00 1.000000e+00
    outer loop
      vertex   7.070951e+00 1.322882e+01 5.500000e+00
      vertex   1.396074e+01 1.622158e+01 5.500000e+00
      vertex   6.413326e+00 1.355984e+01 5.500000e+00
    endloop
  endfacet
  facet normal 0.000000e+00 0.000000e+00 1.000000e+00
    outer loop
      vertex   6.413326e+00 1.355984e+01 5.500000e+00
      vertex   1.396074e+01 1.622158e+01 5.500000e+00
      vertex   1.408220e+01 1.643801e+01 5.500000e+00
    endloop
  endfacet
  facet normal 0.000000e+00 -0.000000e+00 1.000000e+00
    outer loop
      vertex   6.413326e+00 1.355984e+01 5.500000e+00
      vertex   1.408220e+01 1.643801e+01 5.500000e+00
      vertex   5.740251e+00 1.385819e+01 5.500000e+00
    endloop
  endfacet
  facet normal 0.000000e+00 -0.000000e+00 1.000000e+00
    outer loop
      vertex   5.740251e+00 1.385819e+01 5.500000e+00
      vertex   1.408220e+01 1.643801e+01 5.500000e+00
      vertex   5.053348e+00 1.412316e+01 5.500000e+00
    endloop
  endfacet
  facet normal 0.000000e+00 0.000000e+00 1.000000e+00
    outer loop
      vertex   5.053348e+00 1.412316e+01 5.500000e+00
      vertex   1.408220e+01 1.643801e+01 5.500000e+00
      vertex   1.423389e+01 1.663444e+01 5.500000e+00
    endloop
  endfacet
  facet normal 0.000000e+00 -0.000000e+00 1.000000e+00
    outer loop
      vertex   5.053348e+00 1.412316e+01 5.500000e+00
      vertex   1.423389e+01 1.663444e+01 5.500000e+00
      vertex   4.354270e+00 1.435411e+01 5.500000e+00
    endloop
  endfacet
  facet normal 0.000000e+00 0.000000e+00 1.000000e+00
    outer loop
      vertex   4.354270e+00 1.435411e+01 5.500000e+00
      vertex   1.423389e+01 1.663444e+01 5.500000e+00
      vertex   1.441256e+01 1.680670e+01 5.500000e+00
    endloop
  endfacet
  facet normal 0.000000e+00 -0.000000e+00 1.000000e+00
    outer loop
      vertex   4.354270e+00 1.435411e+01 5.500000e+00
      vertex   1.441256e+01 1.680670e+01 5.500000e+00
      vertex   3.644703e+00 1.455047e+01 5.500000e+00
    endloop
  endfacet
  facet normal 0.000000e+00 0.000000e+00 1.000000e+00
    outer loop
      vertex   3.644703e+00 1.455047e+01 5.500000e+00
      vertex   1.441256e+01 1.680670e+01 5.500000e+00
      vertex   1.461440e+01 1.695111e+01 5.500000e+00
    endloop
  endfacet
  facet normal 0.000000e+00 -0.000000e+00 1.000000e+00
    outer loop
      vertex   3.644703e+00 1.455047e+01 5.500000e+00
      vertex   1.461440e+01 1.695111e+01 5.500000e+00
      vertex   2.926355e+00 1.471178e+01 5.500000e+00
    endloop
  endfacet
  facet normal 0.000000e+00 -0.000000e+00 1.000000e+00
    outer loop
      vertex   2.926355e+00 1.471178e+01 5.500000e+00
      vertex   1.461440e+01 1.695111e+01 5.500000e+00
      vertex   2.200957e+00 1.483765e+01 5.500000e+00
    endloop
  endfacet
  facet normal 0.000000e+00 0.000000e+00 1.000000e+00
    outer loop
      vertex   2.200957e+00 1.483765e+01 5.500000e+00
      vertex   1.461440e+01 1.695111e+01 5.500000e+00
      vertex   2.105000e+01 2.250000e+01 5.500000e+00
    endloop
  endfacet
  facet normal 0.000000e+00 -0.000000e+00 1.000000e+00
    outer loop
      vertex   2.200957e+00 1.483765e+01 5.500000e+00
      vertex   2.105000e+01 2.250000e+01 5.500000e+00
      vertex   1.470257e+00 1.492777e+01 5.500000e+00
    endloop
  endfacet
  facet normal 0.000000e+00 0.000000e+00 1.000000e+00
    outer loop
      vertex   1.461440e+01 1.695111e+01 5.500000e+00
      vertex   1.483512e+01 1.706459e+01 5.500000e+00
      vertex   2.105000e+01 2.250000e+01 5.500000e+00
    endloop
  endfacet
  facet normal 0.000000e+00 0.000000e+00 1.000000e+00
    outer loop
      vertex   2.105000e+01 2.250000e+01 5.500000e+00
      vertex   1.483512e+01 1.706459e+01 5.500000e+00
      vertex   1.507001e+01 1.714472e+01 5.500000e+00
    endloop
  endfacet
  facet normal 0.000000e+00 0.000000e+00 1.000000e+00
    outer loop
      vertex   2.105000e+01 2.250000e+01 5.500000e+00
      vertex   1.507001e+01 1.714472e+01 5.500000e+00
      vertex   1.531407e+01 1.718980e+01 5.500000e+00
    endloop
  endfacet
  facet normal 0.000000e+00 0.000000e+00 1.000000e+00
    outer loop
      vertex   1.531407e+01 1.718980e+01 5.500000e+00
      vertex   1.556209e+01 1.719887e+01 5.500000e+00
      vertex   2.105000e+01 2.250000e+01 5.500000e+00
    endloop
  endfacet
  facet normal 0.000000e+00 0.000000e+00 1.000000e+00
    outer loop
      vertex   2.105000e+01 2.250000e+01 5.500000e+00
      vertex   1.556209e+01 1.719887e+01 5.500000e+00
      vertex   1.580878e+01 1.717172e+01 5.500000e+00
    endloop
  endfacet
  facet normal 0.000000e+00 0.000000e+00 1.000000e+00
    outer loop
      vertex   2.105000e+01 2.250000e+01 5.500000e+00
      vertex   1.580878e+01 1.717172e+01 5.500000e+00
      vertex   1.604890e+01 1.710895e+01 5.500000e+00
    endloop
  endfacet
  facet normal -0.000000e+00 0.000000e+00 1.000000e+00
    outer loop
      vertex   1.604890e+01 1.710895e+01 5.500000e+00
      vertex   1.627731e+01 1.701188e+01 5.500000e+00
      vertex   2.105000e+01 2.250000e+01 5.500000e+00
    endloop
  endfacet
  facet normal 0.000000e+00 0.000000e+00 1.000000e+00
    outer loop
      vertex   2.105000e+01 2.250000e+01 5.500000e+00
      vertex   1.627731e+01 1.701188e+01 5.500000e+00
      vertex   1.648916e+01 1.688259e+01 5.500000e+00
    endloop
  endfacet
  facet normal 0.000000e+00 0.000000e+00 1.000000e+00
    outer loop
      vertex   2.105000e+01 2.250000e+01 5.500000e+00
      vertex   1.648916e+01 1.688259e+01 5.500000e+00
      vertex   1.667993e+01 1.672384e+01 5.500000e+00
    endloop
  endfacet
  facet normal -0.000000e+00 0.000000e+00 1.000000e+00
    outer loop
      vertex   1.667993e+01 1.672384e+01 5.500000e+00
      vertex   1.684554e+01 1.653900e+01 5.500000e+00
      vertex   2.105000e+01 2.250000e+01 5.500000e+00
    endloop
  endfacet
  facet normal 0.000000e+00 0.000000e+00 1.000000e+00
    outer loop
      vertex   2.105000e+01 2.250000e+01 5.500000e+00
      vertex   1.684554e+01 1.653900e+01 5.500000e+00
      vertex   1.698248e+01 1.633201e+01 5.500000e+00
    endloop
  endfacet
  facet normal 0.000000e+00 0.000000e+00 1.000000e+00
    outer loop
      vertex   2.105000e+01 2.250000e+01 5.500000e+00
      vertex   1.698248e+01 1.633201e+01 5.500000e+00
      vertex   1.708783e+01 1.610729e+01 5.500000e+00
    endloop
  endfacet
  facet normal -0.000000e+00 0.000000e+00 1.000000e+00
    outer loop
      vertex   1.708783e+01 1.610729e+01 5.500000e+00
      vertex   1.715933e+01 1.586963e+01 5.500000e+00
      vertex   2.105000e+01 2.250000e+01 5.500000e+00
    endloop
  endfacet
  facet normal 0.000000e+00 0.000000e+00 1.000000e+00
    outer loop
      vertex   2.105000e+01 2.250000e+01 5.500000e+00
      vertex   1.715933e+01 1.586963e+01 5.500000e+00
      vertex   1.719546e+01 1.562409e+01 5.500000e+00
    endloop
  endfacet
  facet normal 0.000000e+00 0.000000e+00 1.000000e+00
    outer loop
      vertex   2.105000e+01 2.250000e+01 5.500000e+00
      vertex   1.719546e+01 1.562409e+01 5.500000e+00
      vertex   1.719546e+01 1.537591e+01 5.500000e+00
    endloop
  endfacet
  facet normal -0.000000e+00 0.000000e+00 1.000000e+00
    outer loop
      vertex   1.719546e+01 1.537591e+01 5.500000e+00
      vertex   1.715933e+01 1.513037e+01 5.500000e+00
      vertex   2.105000e+01 2.250000e+01 5.500000e+00
    endloop
  endfacet
  facet normal 0.000000e+00 0.000000e+00 1.000000e+00
    outer loop
      vertex   2.105000e+01 2.250000e+01 5.500000e+00
      vertex   1.715933e+01 1.513037e+01 5.500000e+00
      vertex   1.708783e+01 1.489271e+01 5.500000e+00
    endloop
  endfacet
  facet normal 0.000000e+00 -0.000000e+00 1.000000e+00
    outer loop
      vertex   1.498193e+01 7.360151e-01 5.500000e+00
      vertex   1.708783e+01 1.489271e+01 5.500000e+00
      vertex   1.492777e+01 1.470257e+00 5.500000e+00
    endloop
  endfacet
  facet normal 0.000000e+00 0.000000e+00 1.000000e+00
    outer loop
      vertex   1.492777e+01 1.470257e+00 5.500000e+00
      vertex   1.708783e+01 1.489271e+01 5.500000e+00
      vertex   1.698248e+01 1.466799e+01 5.500000e+00
    endloop
  endfacet
  facet normal 0.000000e+00 -0.000000e+00 1.000000e+00
    outer loop
      vertex   1.492777e+01 1.470257e+00 5.500000e+00
      vertex   1.698248e+01 1.466799e+01 5.500000e+00
      vertex   1.483765e+01 2.200957e+00 5.500000e+00
    endloop
  endfacet
  facet normal 0.000000e+00 -0.000000e+00 1.000000e+00
    outer loop
      vertex   1.483765e+01 2.200957e+00 5.500000e+00
      vertex   1.698248e+01 1.466799e+01 5.500000e+00
      vertex   1.471178e+01 2.926355e+00 5.500000e+00
    endloop
  endfacet
  facet normal 0.000000e+00 0.000000e+00 1.000000e+00
    outer loop
      vertex   1.471178e+01 2.926355e+00 5.500000e+00
      vertex   1.698248e+01 1.466799e+01 5.500000e+00
      vertex   1.684554e+01 1.446100e+01 5.500000e+00
    endloop
  endfacet
  facet normal 0.000000e+00 0.000000e+00 1.000000e+00
    outer loop
      vertex   -1.498193e+01 -7.360151e-01 5.500000e+00
      vertex   -1.500000e+01 -2.220446e-15 5.500000e+00
      vertex   -2.105000e+01 -1.848005e+01 5.500000e+00
    endloop
  endfacet
  facet normal 0.000000e+00 0.000000e+00 1.000000e+00
    outer loop
      vertex   -2.105000e+01 -1.848005e+01 5.500000e+00
      vertex   -1.500000e+01 -2.220446e-15 5.500000e+00
      vertex   -1.498193e+01 7.360151e-01 5.500000e+00
    endloop
  endfacet
  facet normal 0.000000e+00 0.000000e+00 1.000000e+00
    outer loop
      vertex   -2.105000e+01 -1.848005e+01 5.500000e+00
      vertex   -1.498193e+01 7.360151e-01 5.500000e+00
      vertex   -1.712792e+01 1.501023e+01 5.500000e+00
    endloop
  endfacet
  facet normal 0.000000e+00 0.000000e+00 1.000000e+00
    outer loop
      vertex   -1.712792e+01 1.501023e+01 5.500000e+00
      vertex   -1.498193e+01 7.360151e-01 5.500000e+00
      vertex   -1.703926e+01 1.477842e+01 5.500000e+00
    endloop
  endfacet
  facet normal 0.000000e+00 0.000000e+00 1.000000e+00
    outer loop
      vertex   -1.703926e+01 1.477842e+01 5.500000e+00
      vertex   -1.498193e+01 7.360151e-01 5.500000e+00
      vertex   -1.492777e+01 1.470257e+00 5.500000e+00
    endloop
  endfacet
  facet normal 0.000000e+00 0.000000e+00 1.000000e+00
    outer loop
      vertex   -1.703926e+01 1.477842e+01 5.500000e+00
      vertex   -1.492777e+01 1.470257e+00 5.500000e+00
      vertex   -1.483765e+01 2.200957e+00 5.500000e+00
    endloop
  endfacet
  facet normal 0.000000e+00 0.000000e+00 1.000000e+00
    outer loop
      vertex   -1.703926e+01 1.477842e+01 5.500000e+00
      vertex   -1.483765e+01 2.200957e+00 5.500000e+00
      vertex   -1.691780e+01 1.456199e+01 5.500000e+00
    endloop
  endfacet
  facet normal 0.000000e+00 0.000000e+00 1.000000e+00
    outer loop
      vertex   -1.691780e+01 1.456199e+01 5.500000e+00
      vertex   -1.483765e+01 2.200957e+00 5.500000e+00
      vertex   -1.471178e+01 2.926355e+00 5.500000e+00
    endloop
  endfacet
  facet normal 0.000000e+00 0.000000e+00 1.000000e+00
    outer loop
      vertex   -1.691780e+01 1.456199e+01 5.500000e+00
      vertex   -1.471178e+01 2.926355e+00 5.500000e+00
      vertex   -1.455047e+01 3.644703e+00 5.500000e+00
    endloop
  endfacet
  facet normal 0.000000e+00 0.000000e+00 1.000000e+00
    outer loop
      vertex   -1.691780e+01 1.456199e+01 5.500000e+00
      vertex   -1.455047e+01 3.644703e+00 5.500000e+00
      vertex   -1.676611e+01 1.436556e+01 5.500000e+00
    endloop
  endfacet
  facet normal 0.000000e+00 0.000000e+00 1.000000e+00
    outer loop
      vertex   -1.676611e+01 1.436556e+01 5.500000e+00
      vertex   -1.455047e+01 3.644703e+00 5.500000e+00
      vertex   -1.435411e+01 4.354270e+00 5.500000e+00
    endloop
  endfacet
  facet normal 0.000000e+00 0.000000e+00 1.000000e+00
    outer loop
      vertex   -1.676611e+01 1.436556e+01 5.500000e+00
      vertex   -1.435411e+01 4.354270e+00 5.500000e+00
      vertex   -1.658744e+01 1.419330e+01 5.500000e+00
    endloop
  endfacet
  facet normal 0.000000e+00 0.000000e+00 1.000000e+00
    outer loop
      vertex   -1.658744e+01 1.419330e+01 5.500000e+00
      vertex   -1.435411e+01 4.354270e+00 5.500000e+00
      vertex   -1.412316e+01 5.053348e+00 5.500000e+00
    endloop
  endfacet
  facet normal 0.000000e+00 0.000000e+00 1.000000e+00
    outer loop
      vertex   -1.658744e+01 1.419330e+01 5.500000e+00
      vertex   -1.412316e+01 5.053348e+00 5.500000e+00
      vertex   -1.638560e+01 1.404889e+01 5.500000e+00
    endloop
  endfacet
  facet normal 0.000000e+00 0.000000e+00 1.000000e+00
    outer loop
      vertex   -1.638560e+01 1.404889e+01 5.500000e+00
      vertex   -1.412316e+01 5.053348e+00 5.500000e+00
      vertex   -1.385819e+01 5.740251e+00 5.500000e+00
    endloop
  endfacet
  facet normal 0.000000e+00 0.000000e+00 1.000000e+00
    outer loop
      vertex   -1.638560e+01 1.404889e+01 5.500000e+00
      vertex   -1.385819e+01 5.740251e+00 5.500000e+00
      vertex   -1.355984e+01 6.413326e+00 5.500000e+00
    endloop
  endfacet
  facet normal 0.000000e+00 0.000000e+00 1.000000e+00
    outer loop
      vertex   -1.638560e+01 1.404889e+01 5.500000e+00
      vertex   -1.355984e+01 6.413326e+00 5.500000e+00
      vertex   -1.616488e+01 1.393541e+01 5.500000e+00
    endloop
  endfacet
  facet normal 0.000000e+00 0.000000e+00 1.000000e+00
    outer loop
      vertex   -1.616488e+01 1.393541e+01 5.500000e+00
      vertex   -1.355984e+01 6.413326e+00 5.500000e+00
      vertex   -1.322882e+01 7.070951e+00 5.500000e+00
    endloop
  endfacet
  facet normal 0.000000e+00 0.000000e+00 1.000000e+00
    outer loop
      vertex   -1.616488e+01 1.393541e+01 5.500000e+00
      vertex   -1.322882e+01 7.070951e+00 5.500000e+00
      vertex   -1.592999e+01 1.385528e+01 5.500000e+00
    endloop
  endfacet
  facet normal 0.000000e+00 0.000000e+00 1.000000e+00
    outer loop
      vertex   -1.592999e+01 1.385528e+01 5.500000e+00
      vertex   -1.322882e+01 7.070951e+00 5.500000e+00
      vertex   -1.568593e+01 1.381020e+01 5.500000e+00
    endloop
  endfacet
  facet normal 0.000000e+00 0.000000e+00 1.000000e+00
    outer loop
      vertex   -1.568593e+01 1.381020e+01 5.500000e+00
      vertex   -1.322882e+01 7.070951e+00 5.500000e+00
      vertex   -1.286593e+01 7.711541e+00 5.500000e+00
    endloop
  endfacet
  facet normal 0.000000e+00 0.000000e+00 1.000000e+00
    outer loop
      vertex   -1.568593e+01 1.381020e+01 5.500000e+00
      vertex   -1.286593e+01 7.711541e+00 5.500000e+00
      vertex   -1.543791e+01 1.380113e+01 5.500000e+00
    endloop
  endfacet
  facet normal 0.000000e+00 0.000000e+00 1.000000e+00
    outer loop
      vertex   -1.543791e+01 1.380113e+01 5.500000e+00
      vertex   -1.286593e+01 7.711541e+00 5.500000e+00
      vertex   -1.247204e+01 8.333553e+00 5.500000e+00
    endloop
  endfacet
  facet normal -0.000000e+00 0.000000e+00 1.000000e+00
    outer loop
      vertex   -1.543791e+01 1.380113e+01 5.500000e+00
      vertex   -1.247204e+01 8.333553e+00 5.500000e+00
      vertex   -1.519122e+01 1.382828e+01 5.500000e+00
    endloop
  endfacet
  facet normal 0.000000e+00 0.000000e+00 1.000000e+00
    outer loop
      vertex   -1.519122e+01 1.382828e+01 5.500000e+00
      vertex   -1.247204e+01 8.333553e+00 5.500000e+00
      vertex   -1.204811e+01 8.935490e+00 5.500000e+00
    endloop
  endfacet
  facet normal -0.000000e+00 0.000000e+00 1.000000e+00
    outer loop
      vertex   -1.519122e+01 1.382828e+01 5.500000e+00
      vertex   -1.204811e+01 8.935490e+00 5.500000e+00
      vertex   -1.495110e+01 1.389105e+01 5.500000e+00
    endloop
  endfacet
  facet normal 0.000000e+00 0.000000e+00 1.000000e+00
    outer loop
      vertex   -1.495110e+01 1.389105e+01 5.500000e+00
      vertex   -1.204811e+01 8.935490e+00 5.500000e+00
      vertex   -1.159516e+01 9.515899e+00 5.500000e+00
    endloop
  endfacet
  facet normal -0.000000e+00 0.000000e+00 1.000000e+00
    outer loop
      vertex   -1.495110e+01 1.389105e+01 5.500000e+00
      vertex   -1.159516e+01 9.515899e+00 5.500000e+00
      vertex   -1.472269e+01 1.398812e+01 5.500000e+00
    endloop
  endfacet
  facet normal -0.000000e+00 0.000000e+00 1.000000e+00
    outer loop
      vertex   -1.472269e+01 1.398812e+01 5.500000e+00
      vertex   -1.159516e+01 9.515899e+00 5.500000e+00
      vertex   -1.451084e+01 1.411741e+01 5.500000e+00
    endloop
  endfacet
  facet normal 0.000000e+00 0.000000e+00 1.000000e+00
    outer loop
      vertex   -1.451084e+01 1.411741e+01 5.500000e+00
      vertex   -1.159516e+01 9.515899e+00 5.500000e+00
      vertex   -1.111427e+01 1.007338e+01 5.500000e+00
    endloop
  endfacet
  facet normal -0.000000e+00 0.000000e+00 1.000000e+00
    outer loop
      vertex   -1.451084e+01 1.411741e+01 5.500000e+00
      vertex   -1.111427e+01 1.007338e+01 5.500000e+00
      vertex   -1.432007e+01 1.427616e+01 5.500000e+00
    endloop
  endfacet
  facet normal 0.000000e+00 0.000000e+00 1.000000e+00
    outer loop
      vertex   -1.432007e+01 1.427616e+01 5.500000e+00
      vertex   -1.111427e+01 1.007338e+01 5.500000e+00
      vertex   -1.060660e+01 1.060660e+01 5.500000e+00
    endloop
  endfacet
  facet normal -0.000000e+00 0.000000e+00 1.000000e+00
    outer loop
      vertex   -1.432007e+01 1.427616e+01 5.500000e+00
      vertex   -1.060660e+01 1.060660e+01 5.500000e+00
      vertex   -1.415446e+01 1.446100e+01 5.500000e+00
    endloop
  endfacet
  facet normal 0.000000e+00 0.000000e+00 1.000000e+00
    outer loop
      vertex   -1.415446e+01 1.446100e+01 5.500000e+00
      vertex   -1.060660e+01 1.060660e+01 5.500000e+00
      vertex   -1.007338e+01 1.111427e+01 5.500000e+00
    endloop
  endfacet
  facet normal -0.000000e+00 0.000000e+00 1.000000e+00
    outer loop
      vertex   -1.415446e+01 1.446100e+01 5.500000e+00
      vertex   -1.007338e+01 1.111427e+01 5.500000e+00
      vertex   -1.401752e+01 1.466799e+01 5.500000e+00
    endloop
  endfacet
  facet normal -0.000000e+00 0.000000e+00 1.000000e+00
    outer loop
      vertex   -1.401752e+01 1.466799e+01 5.500000e+00
      vertex   -1.007338e+01 1.111427e+01 5.500000e+00
      vertex   -1.391217e+01 1.489271e+01 5.500000e+00
    endloop
  endfacet
  facet normal 0.000000e+00 0.000000e+00 1.000000e+00
    outer loop
      vertex   -1.391217e+01 1.489271e+01 5.500000e+00
      vertex   -1.007338e+01 1.111427e+01 5.500000e+00
      vertex   -9.515899e+00 1.159516e+01 5.500000e+00
    endloop
  endfacet
  facet normal -0.000000e+00 0.000000e+00 1.000000e+00
    outer loop
      vertex   -1.391217e+01 1.489271e+01 5.500000e+00
      vertex   -9.515899e+00 1.159516e+01 5.500000e+00
      vertex   -1.384067e+01 1.513037e+01 5.500000e+00
    endloop
  endfacet
  facet normal 0.000000e+00 0.000000e+00 1.000000e+00
    outer loop
      vertex   -1.384067e+01 1.513037e+01 5.500000e+00
      vertex   -9.515899e+00 1.159516e+01 5.500000e+00
      vertex   -8.935490e+00 1.204811e+01 5.500000e+00
    endloop
  endfacet
  facet normal -0.000000e+00 0.000000e+00 1.000000e+00
    outer loop
      vertex   -1.384067e+01 1.513037e+01 5.500000e+00
      vertex   -8.935490e+00 1.204811e+01 5.500000e+00
      vertex   -1.380454e+01 1.537591e+01 5.500000e+00
    endloop
  endfacet
  facet normal 0.000000e+00 0.000000e+00 1.000000e+00
    outer loop
      vertex   -1.380454e+01 1.537591e+01 5.500000e+00
      vertex   -8.935490e+00 1.204811e+01 5.500000e+00
      vertex   -8.333553e+00 1.247204e+01 5.500000e+00
    endloop
  endfacet
  facet normal -0.000000e+00 0.000000e+00 1.000000e+00
    outer loop
      vertex   -1.380454e+01 1.537591e+01 5.500000e+00
      vertex   -8.333553e+00 1.247204e+01 5.500000e+00
      vertex   -1.380454e+01 1.562409e+01 5.500000e+00
    endloop
  endfacet
  facet normal 0.000000e+00 0.000000e+00 1.000000e+00
    outer loop
      vertex   -1.380454e+01 1.562409e+01 5.500000e+00
      vertex   -8.333553e+00 1.247204e+01 5.500000e+00
      vertex   -7.711541e+00 1.286593e+01 5.500000e+00
    endloop
  endfacet
  facet normal -0.000000e+00 -0.000000e+00 1.000000e+00
    outer loop
      vertex   -1.380454e+01 1.562409e+01 5.500000e+00
      vertex   -7.711541e+00 1.286593e+01 5.500000e+00
      vertex   -1.384067e+01 1.586963e+01 5.500000e+00
    endloop
  endfacet
  facet normal 0.000000e+00 0.000000e+00 1.000000e+00
    outer loop
      vertex   -1.384067e+01 1.586963e+01 5.500000e+00
      vertex   -7.711541e+00 1.286593e+01 5.500000e+00
      vertex   -7.070951e+00 1.322882e+01 5.500000e+00
    endloop
  endfacet
  facet normal -0.000000e+00 -0.000000e+00 1.000000e+00
    outer loop
      vertex   -1.384067e+01 1.586963e+01 5.500000e+00
      vertex   -7.070951e+00 1.322882e+01 5.500000e+00
      vertex   -1.391217e+01 1.610729e+01 5.500000e+00
    endloop
  endfacet
  facet normal 0.000000e+00 0.000000e+00 1.000000e+00
    outer loop
      vertex   -1.391217e+01 1.610729e+01 5.500000e+00
      vertex   -7.070951e+00 1.322882e+01 5.500000e+00
      vertex   -6.413326e+00 1.355984e+01 5.500000e+00
    endloop
  endfacet
  facet normal -0.000000e+00 -0.000000e+00 1.000000e+00
    outer loop
      vertex   -1.391217e+01 1.610729e+01 5.500000e+00
      vertex   -6.413326e+00 1.355984e+01 5.500000e+00
      vertex   -1.401752e+01 1.633201e+01 5.500000e+00
    endloop
  endfacet
  facet normal 0.000000e+00 0.000000e+00 1.000000e+00
    outer loop
      vertex   -1.401752e+01 1.633201e+01 5.500000e+00
      vertex   -6.413326e+00 1.355984e+01 5.500000e+00
      vertex   -5.740251e+00 1.385819e+01 5.500000e+00
    endloop
  endfacet
  facet normal -0.000000e+00 -0.000000e+00 1.000000e+00
    outer loop
      vertex   -1.401752e+01 1.633201e+01 5.500000e+00
      vertex   -5.740251e+00 1.385819e+01 5.500000e+00
      vertex   -1.415446e+01 1.653900e+01 5.500000e+00
    endloop
  endfacet
  facet normal 0.000000e+00 0.000000e+00 1.000000e+00
    outer loop
      vertex   -1.415446e+01 1.653900e+01 5.500000e+00
      vertex   -5.740251e+00 1.385819e+01 5.500000e+00
      vertex   -5.053348e+00 1.412316e+01 5.500000e+00
    endloop
  endfacet
  facet normal -0.000000e+00 -0.000000e+00 1.000000e+00
    outer loop
      vertex   -1.415446e+01 1.653900e+01 5.500000e+00
      vertex   -5.053348e+00 1.412316e+01 5.500000e+00
      vertex   -1.432007e+01 1.672384e+01 5.500000e+00
    endloop
  endfacet
  facet normal 0.000000e+00 0.000000e+00 1.000000e+00
    outer loop
      vertex   -1.432007e+01 1.672384e+01 5.500000e+00
      vertex   -5.053348e+00 1.412316e+01 5.500000e+00
      vertex   -4.354270e+00 1.435411e+01 5.500000e+00
    endloop
  endfacet
  facet normal 0.000000e+00 0.000000e+00 1.000000e+00
    outer loop
      vertex   -1.432007e+01 1.672384e+01 5.500000e+00
      vertex   -4.354270e+00 1.435411e+01 5.500000e+00
      vertex   -3.644703e+00 1.455047e+01 5.500000e+00
    endloop
  endfacet
  facet normal -0.000000e+00 -0.000000e+00 1.000000e+00
    outer loop
      vertex   -1.432007e+01 1.672384e+01 5.500000e+00
      vertex   -3.644703e+00 1.455047e+01 5.500000e+00
      vertex   -1.451084e+01 1.688259e+01 5.500000e+00
    endloop
  endfacet
  facet normal 0.000000e+00 0.000000e+00 1.000000e+00
    outer loop
      vertex   -1.451084e+01 1.688259e+01 5.500000e+00
      vertex   -3.644703e+00 1.455047e+01 5.500000e+00
      vertex   -2.926355e+00 1.471178e+01 5.500000e+00
    endloop
  endfacet
  facet normal -0.000000e+00 -0.000000e+00 1.000000e+00
    outer loop
      vertex   -1.451084e+01 1.688259e+01 5.500000e+00
      vertex   -2.926355e+00 1.471178e+01 5.500000e+00
      vertex   -1.472269e+01 1.701188e+01 5.500000e+00
    endloop
  endfacet
  facet normal 0.000000e+00 0.000000e+00 1.000000e+00
    outer loop
      vertex   -1.472269e+01 1.701188e+01 5.500000e+00
      vertex   -2.926355e+00 1.471178e+01 5.500000e+00
      vertex   -2.200957e+00 1.483765e+01 5.500000e+00
    endloop
  endfacet
  facet normal -0.000000e+00 -0.000000e+00 1.000000e+00
    outer loop
      vertex   -1.472269e+01 1.701188e+01 5.500000e+00
      vertex   -2.200957e+00 1.483765e+01 5.500000e+00
      vertex   -2.105000e+01 2.250000e+01 5.500000e+00
    endloop
  endfacet
  facet normal 0.000000e+00 0.000000e+00 1.000000e+00
    outer loop
      vertex   -2.105000e+01 2.250000e+01 5.500000e+00
      vertex   -2.200957e+00 1.483765e+01 5.500000e+00
      vertex   -1.470257e+00 1.492777e+01 5.500000e+00
    endloop
  endfacet
  facet normal 0.000000e+00 0.000000e+00 1.000000e+00
    outer loop
      vertex   -2.105000e+01 2.250000e+01 5.500000e+00
      vertex   -1.470257e+00 1.492777e+01 5.500000e+00
      vertex   -7.360151e-01 1.498193e+01 5.500000e+00
    endloop
  endfacet
  facet normal 0.000000e+00 -0.000000e+00 1.000000e+00
    outer loop
      vertex   -7.360151e-01 1.498193e+01 5.500000e+00
      vertex   9.184851e-16 1.500000e+01 5.500000e+00
      vertex   -2.105000e+01 2.250000e+01 5.500000e+00
    endloop
  endfacet
  facet normal 0.000000e+00 0.000000e+00 1.000000e+00
    outer loop
      vertex   1.500000e+01 0.000000e+00 5.500000e+00
      vertex   1.498193e+01 -7.360151e-01 5.500000e+00
      vertex   2.105000e+01 -1.848005e+01 5.500000e+00
    endloop
  endfacet
  facet normal 0.000000e+00 0.000000e+00 1.000000e+00
    outer loop
      vertex   2.105000e+01 -1.848005e+01 5.500000e+00
      vertex   1.498193e+01 -7.360151e-01 5.500000e+00
      vertex   1.492777e+01 -1.470257e+00 5.500000e+00
    endloop
  endfacet
  facet normal 0.000000e+00 0.000000e+00 1.000000e+00
    outer loop
      vertex   2.105000e+01 -1.848005e+01 5.500000e+00
      vertex   1.492777e+01 -1.470257e+00 5.500000e+00
      vertex   1.483765e+01 -2.200957e+00 5.500000e+00
    endloop
  endfacet
  facet normal 0.000000e+00 0.000000e+00 1.000000e+00
    outer loop
      vertex   1.483765e+01 -2.200957e+00 5.500000e+00
      vertex   1.471178e+01 -2.926355e+00 5.500000e+00
      vertex   2.105000e+01 -1.848005e+01 5.500000e+00
    endloop
  endfacet
  facet normal 0.000000e+00 0.000000e+00 1.000000e+00
    outer loop
      vertex   1.455047e+01 -3.644703e+00 5.500000e+00
      vertex   1.435411e+01 -4.354270e+00 5.500000e+00
      vertex   1.684554e+01 -1.446100e+01 5.500000e+00
    endloop
  endfacet
  facet normal 0.000000e+00 0.000000e+00 1.000000e+00
    outer loop
      vertex   1.684554e+01 -1.446100e+01 5.500000e+00
      vertex   1.435411e+01 -4.354270e+00 5.500000e+00
      vertex   1.667993e+01 -1.427616e+01 5.500000e+00
    endloop
  endfacet
  facet normal 0.000000e+00 0.000000e+00 1.000000e+00
    outer loop
      vertex   1.667993e+01 -1.427616e+01 5.500000e+00
      vertex   1.435411e+01 -4.354270e+00 5.500000e+00
      vertex   1.412316e+01 -5.053348e+00 5.500000e+00
    endloop
  endfacet
  facet normal 0.000000e+00 0.000000e+00 1.000000e+00
    outer loop
      vertex   1.667993e+01 -1.427616e+01 5.500000e+00
      vertex   1.412316e+01 -5.053348e+00 5.500000e+00
      vertex   1.648916e+01 -1.411741e+01 5.500000e+00
    endloop
  endfacet
  facet normal 0.000000e+00 0.000000e+00 1.000000e+00
    outer loop
      vertex   1.648916e+01 -1.411741e+01 5.500000e+00
      vertex   1.412316e+01 -5.053348e+00 5.500000e+00
      vertex   1.385819e+01 -5.740251e+00 5.500000e+00
    endloop
  endfacet
  facet normal 0.000000e+00 0.000000e+00 1.000000e+00
    outer loop
      vertex   1.648916e+01 -1.411741e+01 5.500000e+00
      vertex   1.385819e+01 -5.740251e+00 5.500000e+00
      vertex   1.627731e+01 -1.398812e+01 5.500000e+00
    endloop
  endfacet
  facet normal 0.000000e+00 0.000000e+00 1.000000e+00
    outer loop
      vertex   1.627731e+01 -1.398812e+01 5.500000e+00
      vertex   1.385819e+01 -5.740251e+00 5.500000e+00
      vertex   1.355984e+01 -6.413326e+00 5.500000e+00
    endloop
  endfacet
  facet normal 0.000000e+00 0.000000e+00 1.000000e+00
    outer loop
      vertex   1.627731e+01 -1.398812e+01 5.500000e+00
      vertex   1.355984e+01 -6.413326e+00 5.500000e+00
      vertex   1.604890e+01 -1.389105e+01 5.500000e+00
    endloop
  endfacet
  facet normal 0.000000e+00 0.000000e+00 1.000000e+00
    outer loop
      vertex   1.604890e+01 -1.389105e+01 5.500000e+00
      vertex   1.355984e+01 -6.413326e+00 5.500000e+00
      vertex   1.322882e+01 -7.070951e+00 5.500000e+00
    endloop
  endfacet
  facet normal 0.000000e+00 0.000000e+00 1.000000e+00
    outer loop
      vertex   1.604890e+01 -1.389105e+01 5.500000e+00
      vertex   1.322882e+01 -7.070951e+00 5.500000e+00
      vertex   1.580878e+01 -1.382828e+01 5.500000e+00
    endloop
  endfacet
  facet normal 0.000000e+00 0.000000e+00 1.000000e+00
    outer loop
      vertex   1.580878e+01 -1.382828e+01 5.500000e+00
      vertex   1.322882e+01 -7.070951e+00 5.500000e+00
      vertex   1.286593e+01 -7.711541e+00 5.500000e+00
    endloop
  endfacet
  facet normal 0.000000e+00 0.000000e+00 1.000000e+00
    outer loop
      vertex   1.580878e+01 -1.382828e+01 5.500000e+00
      vertex   1.286593e+01 -7.711541e+00 5.500000e+00
      vertex   1.556209e+01 -1.380113e+01 5.500000e+00
    endloop
  endfacet
  facet normal 0.000000e+00 0.000000e+00 1.000000e+00
    outer loop
      vertex   1.556209e+01 -1.380113e+01 5.500000e+00
      vertex   1.286593e+01 -7.711541e+00 5.500000e+00
      vertex   1.247204e+01 -8.333553e+00 5.500000e+00
    endloop
  endfacet
  facet normal 0.000000e+00 0.000000e+00 1.000000e+00
    outer loop
      vertex   1.556209e+01 -1.380113e+01 5.500000e+00
      vertex   1.247204e+01 -8.333553e+00 5.500000e+00
      vertex   1.531407e+01 -1.381020e+01 5.500000e+00
    endloop
  endfacet
  facet normal 0.000000e+00 0.000000e+00 1.000000e+00
    outer loop
      vertex   1.531407e+01 -1.381020e+01 5.500000e+00
      vertex   1.247204e+01 -8.333553e+00 5.500000e+00
      vertex   1.204811e+01 -8.935490e+00 5.500000e+00
    endloop
  endfacet
  facet normal 0.000000e+00 0.000000e+00 1.000000e+00
    outer loop
      vertex   1.531407e+01 -1.381020e+01 5.500000e+00
      vertex   1.204811e+01 -8.935490e+00 5.500000e+00
      vertex   1.507001e+01 -1.385528e+01 5.500000e+00
    endloop
  endfacet
  facet normal 0.000000e+00 0.000000e+00 1.000000e+00
    outer loop
      vertex   1.507001e+01 -1.385528e+01 5.500000e+00
      vertex   1.204811e+01 -8.935490e+00 5.500000e+00
      vertex   1.483512e+01 -1.393541e+01 5.500000e+00
    endloop
  endfacet
  facet normal 0.000000e+00 0.000000e+00 1.000000e+00
    outer loop
      vertex   1.483512e+01 -1.393541e+01 5.500000e+00
      vertex   1.204811e+01 -8.935490e+00 5.500000e+00
      vertex   1.159516e+01 -9.515899e+00 5.500000e+00
    endloop
  endfacet
  facet normal 0.000000e+00 0.000000e+00 1.000000e+00
    outer loop
      vertex   1.483512e+01 -1.393541e+01 5.500000e+00
      vertex   1.159516e+01 -9.515899e+00 5.500000e+00
      vertex   1.461440e+01 -1.404889e+01 5.500000e+00
    endloop
  endfacet
  facet normal 0.000000e+00 0.000000e+00 1.000000e+00
    outer loop
      vertex   1.461440e+01 -1.404889e+01 5.500000e+00
      vertex   1.159516e+01 -9.515899e+00 5.500000e+00
      vertex   1.111427e+01 -1.007338e+01 5.500000e+00
    endloop
  endfacet
  facet normal 0.000000e+00 0.000000e+00 1.000000e+00
    outer loop
      vertex   1.461440e+01 -1.404889e+01 5.500000e+00
      vertex   1.111427e+01 -1.007338e+01 5.500000e+00
      vertex   1.441256e+01 -1.419330e+01 5.500000e+00
    endloop
  endfacet
  facet normal 0.000000e+00 0.000000e+00 1.000000e+00
    outer loop
      vertex   1.441256e+01 -1.419330e+01 5.500000e+00
      vertex   1.111427e+01 -1.007338e+01 5.500000e+00
      vertex   1.060660e+01 -1.060660e+01 5.500000e+00
    endloop
  endfacet
  facet normal 0.000000e+00 0.000000e+00 1.000000e+00
    outer loop
      vertex   1.441256e+01 -1.419330e+01 5.500000e+00
      vertex   1.060660e+01 -1.060660e+01 5.500000e+00
      vertex   1.423389e+01 -1.436556e+01 5.500000e+00
    endloop
  endfacet
  facet normal 0.000000e+00 0.000000e+00 1.000000e+00
    outer loop
      vertex   1.423389e+01 -1.436556e+01 5.500000e+00
      vertex   1.060660e+01 -1.060660e+01 5.500000e+00
      vertex   1.408220e+01 -1.456199e+01 5.500000e+00
    endloop
  endfacet
  facet normal 0.000000e+00 0.000000e+00 1.000000e+00
    outer loop
      vertex   1.408220e+01 -1.456199e+01 5.500000e+00
      vertex   1.060660e+01 -1.060660e+01 5.500000e+00
      vertex   1.007338e+01 -1.111427e+01 5.500000e+00
    endloop
  endfacet
  facet normal 0.000000e+00 0.000000e+00 1.000000e+00
    outer loop
      vertex   1.408220e+01 -1.456199e+01 5.500000e+00
      vertex   1.007338e+01 -1.111427e+01 5.500000e+00
      vertex   1.396074e+01 -1.477842e+01 5.500000e+00
    endloop
  endfacet
  facet normal 0.000000e+00 0.000000e+00 1.000000e+00
    outer loop
      vertex   1.396074e+01 -1.477842e+01 5.500000e+00
      vertex   1.007338e+01 -1.111427e+01 5.500000e+00
      vertex   9.515899e+00 -1.159516e+01 5.500000e+00
    endloop
  endfacet
  facet normal 0.000000e+00 0.000000e+00 1.000000e+00
    outer loop
      vertex   1.396074e+01 -1.477842e+01 5.500000e+00
      vertex   9.515899e+00 -1.159516e+01 5.500000e+00
      vertex   1.387208e+01 -1.501023e+01 5.500000e+00
    endloop
  endfacet
  facet normal 0.000000e+00 0.000000e+00 1.000000e+00
    outer loop
      vertex   1.387208e+01 -1.501023e+01 5.500000e+00
      vertex   9.515899e+00 -1.159516e+01 5.500000e+00
      vertex   8.935490e+00 -1.204811e+01 5.500000e+00
    endloop
  endfacet
  facet normal 0.000000e+00 0.000000e+00 1.000000e+00
    outer loop
      vertex   1.387208e+01 -1.501023e+01 5.500000e+00
      vertex   8.935490e+00 -1.204811e+01 5.500000e+00
      vertex   1.381812e+01 -1.525248e+01 5.500000e+00
    endloop
  endfacet
  facet normal 0.000000e+00 0.000000e+00 1.000000e+00
    outer loop
      vertex   1.381812e+01 -1.525248e+01 5.500000e+00
      vertex   8.935490e+00 -1.204811e+01 5.500000e+00
      vertex   1.380000e+01 -1.550000e+01 5.500000e+00
    endloop
  endfacet
  facet normal 0.000000e+00 0.000000e+00 1.000000e+00
    outer loop
      vertex   1.380000e+01 -1.550000e+01 5.500000e+00
      vertex   8.935490e+00 -1.204811e+01 5.500000e+00
      vertex   8.333553e+00 -1.247204e+01 5.500000e+00
    endloop
  endfacet
  facet normal 0.000000e+00 0.000000e+00 1.000000e+00
    outer loop
      vertex   1.380000e+01 -1.550000e+01 5.500000e+00
      vertex   8.333553e+00 -1.247204e+01 5.500000e+00
      vertex   1.381812e+01 -1.574752e+01 5.500000e+00
    endloop
  endfacet
  facet normal 0.000000e+00 0.000000e+00 1.000000e+00
    outer loop
      vertex   1.381812e+01 -1.574752e+01 5.500000e+00
      vertex   8.333553e+00 -1.247204e+01 5.500000e+00
      vertex   7.711541e+00 -1.286593e+01 5.500000e+00
    endloop
  endfacet
  facet normal 0.000000e+00 0.000000e+00 1.000000e+00
    outer loop
      vertex   1.381812e+01 -1.574752e+01 5.500000e+00
      vertex   7.711541e+00 -1.286593e+01 5.500000e+00
      vertex   1.387208e+01 -1.598977e+01 5.500000e+00
    endloop
  endfacet
  facet normal 0.000000e+00 0.000000e+00 1.000000e+00
    outer loop
      vertex   1.387208e+01 -1.598977e+01 5.500000e+00
      vertex   7.711541e+00 -1.286593e+01 5.500000e+00
      vertex   7.070951e+00 -1.322882e+01 5.500000e+00
    endloop
  endfacet
  facet normal 0.000000e+00 0.000000e+00 1.000000e+00
    outer loop
      vertex   1.387208e+01 -1.598977e+01 5.500000e+00
      vertex   7.070951e+00 -1.322882e+01 5.500000e+00
      vertex   1.396074e+01 -1.622158e+01 5.500000e+00
    endloop
  endfacet
  facet normal 0.000000e+00 0.000000e+00 1.000000e+00
    outer loop
      vertex   1.396074e+01 -1.622158e+01 5.500000e+00
      vertex   7.070951e+00 -1.322882e+01 5.500000e+00
      vertex   6.413326e+00 -1.355984e+01 5.500000e+00
    endloop
  endfacet
  facet normal 0.000000e+00 0.000000e+00 1.000000e+00
    outer loop
      vertex   1.396074e+01 -1.622158e+01 5.500000e+00
      vertex   6.413326e+00 -1.355984e+01 5.500000e+00
      vertex   1.408220e+01 -1.643801e+01 5.500000e+00
    endloop
  endfacet
  facet normal 0.000000e+00 0.000000e+00 1.000000e+00
    outer loop
      vertex   1.408220e+01 -1.643801e+01 5.500000e+00
      vertex   6.413326e+00 -1.355984e+01 5.500000e+00
      vertex   5.740251e+00 -1.385819e+01 5.500000e+00
    endloop
  endfacet
  facet normal 0.000000e+00 0.000000e+00 1.000000e+00
    outer loop
      vertex   1.408220e+01 -1.643801e+01 5.500000e+00
      vertex   5.740251e+00 -1.385819e+01 5.500000e+00
      vertex   5.053348e+00 -1.412316e+01 5.500000e+00
    endloop
  endfacet
  facet normal 0.000000e+00 0.000000e+00 1.000000e+00
    outer loop
      vertex   1.408220e+01 -1.643801e+01 5.500000e+00
      vertex   5.053348e+00 -1.412316e+01 5.500000e+00
      vertex   1.423389e+01 -1.663444e+01 5.500000e+00
    endloop
  endfacet
  facet normal 0.000000e+00 0.000000e+00 1.000000e+00
    outer loop
      vertex   1.423389e+01 -1.663444e+01 5.500000e+00
      vertex   5.053348e+00 -1.412316e+01 5.500000e+00
      vertex   4.354270e+00 -1.435411e+01 5.500000e+00
    endloop
  endfacet
  facet normal 0.000000e+00 0.000000e+00 1.000000e+00
    outer loop
      vertex   1.423389e+01 -1.663444e+01 5.500000e+00
      vertex   4.354270e+00 -1.435411e+01 5.500000e+00
      vertex   1.441256e+01 -1.680670e+01 5.500000e+00
    endloop
  endfacet
  facet normal 0.000000e+00 0.000000e+00 1.000000e+00
    outer loop
      vertex   1.441256e+01 -1.680670e+01 5.500000e+00
      vertex   4.354270e+00 -1.435411e+01 5.500000e+00
      vertex   3.644703e+00 -1.455047e+01 5.500000e+00
    endloop
  endfacet
  facet normal 0.000000e+00 0.000000e+00 1.000000e+00
    outer loop
      vertex   1.441256e+01 -1.680670e+01 5.500000e+00
      vertex   3.644703e+00 -1.455047e+01 5.500000e+00
      vertex   1.461440e+01 -1.695111e+01 5.500000e+00
    endloop
  endfacet
  facet normal 0.000000e+00 0.000000e+00 1.000000e+00
    outer loop
      vertex   1.461440e+01 -1.695111e+01 5.500000e+00
      vertex   3.644703e+00 -1.455047e+01 5.500000e+00
      vertex   2.926355e+00 -1.471178e+01 5.500000e+00
    endloop
  endfacet
  facet normal 0.000000e+00 0.000000e+00 1.000000e+00
    outer loop
      vertex   1.461440e+01 -1.695111e+01 5.500000e+00
      vertex   2.926355e+00 -1.471178e+01 5.500000e+00
      vertex   2.200957e+00 -1.483765e+01 5.500000e+00
    endloop
  endfacet
  facet normal 0.000000e+00 0.000000e+00 1.000000e+00
    outer loop
      vertex   1.461440e+01 -1.695111e+01 5.500000e+00
      vertex   2.200957e+00 -1.483765e+01 5.500000e+00
      vertex   1.483512e+01 -1.706459e+01 5.500000e+00
    endloop
  endfacet
  facet normal 0.000000e+00 0.000000e+00 1.000000e+00
    outer loop
      vertex   1.483512e+01 -1.706459e+01 5.500000e+00
      vertex   2.200957e+00 -1.483765e+01 5.500000e+00
      vertex   1.470257e+00 -1.492777e+01 5.500000e+00
    endloop
  endfacet
  facet normal 0.000000e+00 0.000000e+00 1.000000e+00
    outer loop
      vertex   1.483512e+01 -1.706459e+01 5.500000e+00
      vertex   1.470257e+00 -1.492777e+01 5.500000e+00
      vertex   7.360151e-01 -1.498193e+01 5.500000e+00
    endloop
  endfacet
  facet normal 0.000000e+00 0.000000e+00 1.000000e+00
    outer loop
      vertex   1.483512e+01 -1.706459e+01 5.500000e+00
      vertex   7.360151e-01 -1.498193e+01 5.500000e+00
      vertex   1.507001e+01 -1.714472e+01 5.500000e+00
    endloop
  endfacet
  facet normal 0.000000e+00 0.000000e+00 1.000000e+00
    outer loop
      vertex   1.507001e+01 -1.714472e+01 5.500000e+00
      vertex   7.360151e-01 -1.498193e+01 5.500000e+00
      vertex   9.184851e-16 -1.500000e+01 5.500000e+00
    endloop
  endfacet
  facet normal 0.000000e+00 0.000000e+00 1.000000e+00
    outer loop
      vertex   1.507001e+01 -1.714472e+01 5.500000e+00
      vertex   9.184851e-16 -1.500000e+01 5.500000e+00
      vertex   1.793572e+01 -2.250000e+01 5.500000e+00
    endloop
  endfacet
  facet normal 0.000000e+00 0.000000e+00 1.000000e+00
    outer loop
      vertex   1.793572e+01 -2.250000e+01 5.500000e+00
      vertex   9.184851e-16 -1.500000e+01 5.500000e+00
      vertex   -7.360151e-01 -1.498193e+01 5.500000e+00
    endloop
  endfacet
  facet normal 0.000000e+00 0.000000e+00 1.000000e+00
    outer loop
      vertex   -1.495110e+01 -1.710895e+01 5.500000e+00
      vertex   -1.470257e+00 -1.492777e+01 5.500000e+00
      vertex   -1.472269e+01 -1.701188e+01 5.500000e+00
    endloop
  endfacet
  facet normal 0.000000e+00 0.000000e+00 1.000000e+00
    outer loop
      vertex   -1.472269e+01 -1.701188e+01 5.500000e+00
      vertex   -1.470257e+00 -1.492777e+01 5.500000e+00
      vertex   -2.200957e+00 -1.483765e+01 5.500000e+00
    endloop
  endfacet
  facet normal 0.000000e+00 0.000000e+00 1.000000e+00
    outer loop
      vertex   -1.472269e+01 -1.701188e+01 5.500000e+00
      vertex   -2.200957e+00 -1.483765e+01 5.500000e+00
      vertex   -2.926355e+00 -1.471178e+01 5.500000e+00
    endloop
  endfacet
  facet normal 0.000000e+00 0.000000e+00 1.000000e+00
    outer loop
      vertex   -1.472269e+01 -1.701188e+01 5.500000e+00
      vertex   -2.926355e+00 -1.471178e+01 5.500000e+00
      vertex   -1.451084e+01 -1.688259e+01 5.500000e+00
    endloop
  endfacet
  facet normal 0.000000e+00 0.000000e+00 1.000000e+00
    outer loop
      vertex   -1.451084e+01 -1.688259e+01 5.500000e+00
      vertex   -2.926355e+00 -1.471178e+01 5.500000e+00
      vertex   -3.644703e+00 -1.455047e+01 5.500000e+00
    endloop
  endfacet
  facet normal 0.000000e+00 0.000000e+00 1.000000e+00
    outer loop
      vertex   -1.451084e+01 -1.688259e+01 5.500000e+00
      vertex   -3.644703e+00 -1.455047e+01 5.500000e+00
      vertex   -1.432007e+01 -1.672384e+01 5.500000e+00
    endloop
  endfacet
  facet normal 0.000000e+00 0.000000e+00 1.000000e+00
    outer loop
      vertex   -1.432007e+01 -1.672384e+01 5.500000e+00
      vertex   -3.644703e+00 -1.455047e+01 5.500000e+00
      vertex   -4.354270e+00 -1.435411e+01 5.500000e+00
    endloop
  endfacet
  facet normal 0.000000e+00 0.000000e+00 1.000000e+00
    outer loop
      vertex   -1.432007e+01 -1.672384e+01 5.500000e+00
      vertex   -4.354270e+00 -1.435411e+01 5.500000e+00
      vertex   -5.053348e+00 -1.412316e+01 5.500000e+00
    endloop
  endfacet
  facet normal 0.000000e+00 0.000000e+00 1.000000e+00
    outer loop
      vertex   -1.432007e+01 -1.672384e+01 5.500000e+00
      vertex   -5.053348e+00 -1.412316e+01 5.500000e+00
      vertex   -1.415446e+01 -1.653900e+01 5.500000e+00
    endloop
  endfacet
  facet normal 0.000000e+00 0.000000e+00 1.000000e+00
    outer loop
      vertex   -1.415446e+01 -1.653900e+01 5.500000e+00
      vertex   -5.053348e+00 -1.412316e+01 5.500000e+00
      vertex   -5.740251e+00 -1.385819e+01 5.500000e+00
    endloop
  endfacet
  facet normal 0.000000e+00 0.000000e+00 1.000000e+00
    outer loop
      vertex   -1.415446e+01 -1.653900e+01 5.500000e+00
      vertex   -5.740251e+00 -1.385819e+01 5.500000e+00
      vertex   -1.401752e+01 -1.633201e+01 5.500000e+00
    endloop
  endfacet
  facet normal 0.000000e+00 0.000000e+00 1.000000e+00
    outer loop
      vertex   -1.401752e+01 -1.633201e+01 5.500000e+00
      vertex   -5.740251e+00 -1.385819e+01 5.500000e+00
      vertex   -6.413326e+00 -1.355984e+01 5.500000e+00
    endloop
  endfacet
  facet normal 0.000000e+00 0.000000e+00 1.000000e+00
    outer loop
      vertex   -1.401752e+01 -1.633201e+01 5.500000e+00
      vertex   -6.413326e+00 -1.355984e+01 5.500000e+00
      vertex   -1.391217e+01 -1.610729e+01 5.500000e+00
    endloop
  endfacet
  facet normal 0.000000e+00 0.000000e+00 1.000000e+00
    outer loop
      vertex   -1.391217e+01 -1.610729e+01 5.500000e+00
      vertex   -6.413326e+00 -1.355984e+01 5.500000e+00
      vertex   -7.070951e+00 -1.322882e+01 5.500000e+00
    endloop
  endfacet
  facet normal 0.000000e+00 0.000000e+00 1.000000e+00
    outer loop
      vertex   -1.391217e+01 -1.610729e+01 5.500000e+00
      vertex   -7.070951e+00 -1.322882e+01 5.500000e+00
      vertex   -1.384067e+01 -1.586963e+01 5.500000e+00
    endloop
  endfacet
  facet normal 0.000000e+00 0.000000e+00 1.000000e+00
    outer loop
      vertex   -1.384067e+01 -1.586963e+01 5.500000e+00
      vertex   -7.070951e+00 -1.322882e+01 5.500000e+00
      vertex   -7.711541e+00 -1.286593e+01 5.500000e+00
    endloop
  endfacet
  facet normal 0.000000e+00 0.000000e+00 1.000000e+00
    outer loop
      vertex   -1.384067e+01 -1.586963e+01 5.500000e+00
      vertex   -7.711541e+00 -1.286593e+01 5.500000e+00
      vertex   -1.380454e+01 -1.562409e+01 5.500000e+00
    endloop
  endfacet
  facet normal 0.000000e+00 0.000000e+00 1.000000e+00
    outer loop
      vertex   -1.380454e+01 -1.562409e+01 5.500000e+00
      vertex   -7.711541e+00 -1.286593e+01 5.500000e+00
      vertex   -8.333553e+00 -1.247204e+01 5.500000e+00
    endloop
  endfacet
  facet normal 0.000000e+00 0.000000e+00 1.000000e+00
    outer loop
      vertex   -1.380454e+01 -1.562409e+01 5.500000e+00
      vertex   -8.333553e+00 -1.247204e+01 5.500000e+00
      vertex   -1.380454e+01 -1.537591e+01 5.500000e+00
    endloop
  endfacet
  facet normal 0.000000e+00 0.000000e+00 1.000000e+00
    outer loop
      vertex   -1.380454e+01 -1.537591e+01 5.500000e+00
      vertex   -8.333553e+00 -1.247204e+01 5.500000e+00
      vertex   -8.935490e+00 -1.204811e+01 5.500000e+00
    endloop
  endfacet
  facet normal 0.000000e+00 -0.000000e+00 1.000000e+00
    outer loop
      vertex   -1.380454e+01 -1.537591e+01 5.500000e+00
      vertex   -8.935490e+00 -1.204811e+01 5.500000e+00
      vertex   -1.384067e+01 -1.513037e+01 5.500000e+00
    endloop
  endfacet
  facet normal 0.000000e+00 0.000000e+00 1.000000e+00
    outer loop
      vertex   -1.384067e+01 -1.513037e+01 5.500000e+00
      vertex   -8.935490e+00 -1.204811e+01 5.500000e+00
      vertex   -9.515899e+00 -1.159516e+01 5.500000e+00
    endloop
  endfacet
  facet normal 0.000000e+00 -0.000000e+00 1.000000e+00
    outer loop
      vertex   -1.384067e+01 -1.513037e+01 5.500000e+00
      vertex   -9.515899e+00 -1.159516e+01 5.500000e+00
      vertex   -1.391217e+01 -1.489271e+01 5.500000e+00
    endloop
  endfacet
  facet normal 0.000000e+00 0.000000e+00 1.000000e+00
    outer loop
      vertex   -1.391217e+01 -1.489271e+01 5.500000e+00
      vertex   -9.515899e+00 -1.159516e+01 5.500000e+00
      vertex   -1.007338e+01 -1.111427e+01 5.500000e+00
    endloop
  endfacet
  facet normal 0.000000e+00 -0.000000e+00 1.000000e+00
    outer loop
      vertex   -1.391217e+01 -1.489271e+01 5.500000e+00
      vertex   -1.007338e+01 -1.111427e+01 5.500000e+00
      vertex   -1.401752e+01 -1.466799e+01 5.500000e+00
    endloop
  endfacet
  facet normal 0.000000e+00 -0.000000e+00 1.000000e+00
    outer loop
      vertex   -1.401752e+01 -1.466799e+01 5.500000e+00
      vertex   -1.007338e+01 -1.111427e+01 5.500000e+00
      vertex   -1.415446e+01 -1.446100e+01 5.500000e+00
    endloop
  endfacet
  facet normal 0.000000e+00 0.000000e+00 1.000000e+00
    outer loop
      vertex   -1.415446e+01 -1.446100e+01 5.500000e+00
      vertex   -1.007338e+01 -1.111427e+01 5.500000e+00
      vertex   -1.060660e+01 -1.060660e+01 5.500000e+00
    endloop
  endfacet
  facet normal 0.000000e+00 -0.000000e+00 1.000000e+00
    outer loop
      vertex   -1.415446e+01 -1.446100e+01 5.500000e+00
      vertex   -1.060660e+01 -1.060660e+01 5.500000e+00
      vertex   -1.432007e+01 -1.427616e+01 5.500000e+00
    endloop
  endfacet
  facet normal 0.000000e+00 0.000000e+00 1.000000e+00
    outer loop
      vertex   -1.432007e+01 -1.427616e+01 5.500000e+00
      vertex   -1.060660e+01 -1.060660e+01 5.500000e+00
      vertex   -1.111427e+01 -1.007338e+01 5.500000e+00
    endloop
  endfacet
  facet normal 0.000000e+00 -0.000000e+00 1.000000e+00
    outer loop
      vertex   -1.432007e+01 -1.427616e+01 5.500000e+00
      vertex   -1.111427e+01 -1.007338e+01 5.500000e+00
      vertex   -1.451084e+01 -1.411741e+01 5.500000e+00
    endloop
  endfacet
  facet normal 0.000000e+00 0.000000e+00 1.000000e+00
    outer loop
      vertex   -1.451084e+01 -1.411741e+01 5.500000e+00
      vertex   -1.111427e+01 -1.007338e+01 5.500000e+00
      vertex   -1.159516e+01 -9.515899e+00 5.500000e+00
    endloop
  endfacet
  facet normal 0.000000e+00 -0.000000e+00 1.000000e+00
    outer loop
      vertex   -1.451084e+01 -1.411741e+01 5.500000e+00
      vertex   -1.159516e+01 -9.515899e+00 5.500000e+00
      vertex   -1.472269e+01 -1.398812e+01 5.500000e+00
    endloop
  endfacet
  facet normal 0.000000e+00 -0.000000e+00 1.000000e+00
    outer loop
      vertex   -1.472269e+01 -1.398812e+01 5.500000e+00
      vertex   -1.159516e+01 -9.515899e+00 5.500000e+00
      vertex   -1.495110e+01 -1.389105e+01 5.500000e+00
    endloop
  endfacet
  facet normal 0.000000e+00 0.000000e+00 1.000000e+00
    outer loop
      vertex   -1.495110e+01 -1.389105e+01 5.500000e+00
      vertex   -1.159516e+01 -9.515899e+00 5.500000e+00
      vertex   -1.204811e+01 -8.935490e+00 5.500000e+00
    endloop
  endfacet
  facet normal 0.000000e+00 -0.000000e+00 1.000000e+00
    outer loop
      vertex   -1.495110e+01 -1.389105e+01 5.500000e+00
      vertex   -1.204811e+01 -8.935490e+00 5.500000e+00
      vertex   -1.519122e+01 -1.382828e+01 5.500000e+00
    endloop
  endfacet
  facet normal 0.000000e+00 0.000000e+00 1.000000e+00
    outer loop
      vertex   -1.519122e+01 -1.382828e+01 5.500000e+00
      vertex   -1.204811e+01 -8.935490e+00 5.500000e+00
      vertex   -1.247204e+01 -8.333553e+00 5.500000e+00
    endloop
  endfacet
  facet normal 0.000000e+00 -0.000000e+00 1.000000e+00
    outer loop
      vertex   -1.519122e+01 -1.382828e+01 5.500000e+00
      vertex   -1.247204e+01 -8.333553e+00 5.500000e+00
      vertex   -1.543791e+01 -1.380113e+01 5.500000e+00
    endloop
  endfacet
  facet normal 0.000000e+00 0.000000e+00 1.000000e+00
    outer loop
      vertex   -1.543791e+01 -1.380113e+01 5.500000e+00
      vertex   -1.247204e+01 -8.333553e+00 5.500000e+00
      vertex   -1.286593e+01 -7.711541e+00 5.500000e+00
    endloop
  endfacet
  facet normal 0.000000e+00 -0.000000e+00 1.000000e+00
    outer loop
      vertex   -1.543791e+01 -1.380113e+01 5.500000e+00
      vertex   -1.286593e+01 -7.711541e+00 5.500000e+00
      vertex   -1.568593e+01 -1.381020e+01 5.500000e+00
    endloop
  endfacet
  facet normal 0.000000e+00 0.000000e+00 1.000000e+00
    outer loop
      vertex   -1.568593e+01 -1.381020e+01 5.500000e+00
      vertex   -1.286593e+01 -7.711541e+00 5.500000e+00
      vertex   -1.322882e+01 -7.070951e+00 5.500000e+00
    endloop
  endfacet
  facet normal 0.000000e+00 -0.000000e+00 1.000000e+00
    outer loop
      vertex   -1.568593e+01 -1.381020e+01 5.500000e+00
      vertex   -1.322882e+01 -7.070951e+00 5.500000e+00
      vertex   -1.592999e+01 -1.385528e+01 5.500000e+00
    endloop
  endfacet
  facet normal 0.000000e+00 -0.000000e+00 1.000000e+00
    outer loop
      vertex   -1.592999e+01 -1.385528e+01 5.500000e+00
      vertex   -1.322882e+01 -7.070951e+00 5.500000e+00
      vertex   -1.616488e+01 -1.393541e+01 5.500000e+00
    endloop
  endfacet
  facet normal 0.000000e+00 0.000000e+00 1.000000e+00
    outer loop
      vertex   -1.616488e+01 -1.393541e+01 5.500000e+00
      vertex   -1.322882e+01 -7.070951e+00 5.500000e+00
      vertex   -1.355984e+01 -6.413326e+00 5.500000e+00
    endloop
  endfacet
  facet normal 0.000000e+00 -0.000000e+00 1.000000e+00
    outer loop
      vertex   -1.616488e+01 -1.393541e+01 5.500000e+00
      vertex   -1.355984e+01 -6.413326e+00 5.500000e+00
      vertex   -1.638560e+01 -1.404889e+01 5.500000e+00
    endloop
  endfacet
  facet normal 0.000000e+00 0.000000e+00 1.000000e+00
    outer loop
      vertex   -1.638560e+01 -1.404889e+01 5.500000e+00
      vertex   -1.355984e+01 -6.413326e+00 5.500000e+00
      vertex   -1.385819e+01 -5.740251e+00 5.500000e+00
    endloop
  endfacet
  facet normal 0.000000e+00 0.000000e+00 1.000000e+00
    outer loop
      vertex   -1.638560e+01 -1.404889e+01 5.500000e+00
      vertex   -1.385819e+01 -5.740251e+00 5.500000e+00
      vertex   -1.412316e+01 -5.053348e+00 5.500000e+00
    endloop
  endfacet
  facet normal 0.000000e+00 -0.000000e+00 1.000000e+00
    outer loop
      vertex   -1.638560e+01 -1.404889e+01 5.500000e+00
      vertex   -1.412316e+01 -5.053348e+00 5.500000e+00
      vertex   -1.658744e+01 -1.419330e+01 5.500000e+00
    endloop
  endfacet
  facet normal 0.000000e+00 0.000000e+00 1.000000e+00
    outer loop
      vertex   -1.658744e+01 -1.419330e+01 5.500000e+00
      vertex   -1.412316e+01 -5.053348e+00 5.500000e+00
      vertex   -1.435411e+01 -4.354270e+00 5.500000e+00
    endloop
  endfacet
  facet normal 0.000000e+00 -0.000000e+00 1.000000e+00
    outer loop
      vertex   -1.658744e+01 -1.419330e+01 5.500000e+00
      vertex   -1.435411e+01 -4.354270e+00 5.500000e+00
      vertex   -1.676611e+01 -1.436556e+01 5.500000e+00
    endloop
  endfacet
  facet normal 0.000000e+00 0.000000e+00 1.000000e+00
    outer loop
      vertex   -1.676611e+01 -1.436556e+01 5.500000e+00
      vertex   -1.435411e+01 -4.354270e+00 5.500000e+00
      vertex   -1.455047e+01 -3.644703e+00 5.500000e+00
    endloop
  endfacet
  facet normal 0.000000e+00 -0.000000e+00 1.000000e+00
    outer loop
      vertex   -1.676611e+01 -1.436556e+01 5.500000e+00
      vertex   -1.455047e+01 -3.644703e+00 5.500000e+00
      vertex   -1.691780e+01 -1.456199e+01 5.500000e+00
    endloop
  endfacet
  facet normal 0.000000e+00 0.000000e+00 1.000000e+00
    outer loop
      vertex   -1.691780e+01 -1.456199e+01 5.500000e+00
      vertex   -1.455047e+01 -3.644703e+00 5.500000e+00
      vertex   -1.471178e+01 -2.926355e+00 5.500000e+00
    endloop
  endfacet
  facet normal 0.000000e+00 -0.000000e+00 1.000000e+00
    outer loop
      vertex   -1.691780e+01 -1.456199e+01 5.500000e+00
      vertex   -1.471178e+01 -2.926355e+00 5.500000e+00
      vertex   -2.105000e+01 -1.848005e+01 5.500000e+00
    endloop
  endfacet
  facet normal 0.000000e+00 0.000000e+00 1.000000e+00
    outer loop
      vertex   -2.105000e+01 -1.848005e+01 5.500000e+00
      vertex   -1.471178e+01 -2.926355e+00 5.500000e+00
      vertex   -1.483765e+01 -2.200957e+00 5.500000e+00
    endloop
  endfacet
  facet normal 0.000000e+00 0.000000e+00 1.000000e+00
    outer loop
      vertex   -2.105000e+01 -1.848005e+01 5.500000e+00
      vertex   -1.483765e+01 -2.200957e+00 5.500000e+00
      vertex   -1.492777e+01 -1.470257e+00 5.500000e+00
    endloop
  endfacet
  facet normal 0.000000e+00 0.000000e+00 1.000000e+00
    outer loop
      vertex   -1.492777e+01 -1.470257e+00 5.500000e+00
      vertex   -1.498193e+01 -7.360151e-01 5.500000e+00
      vertex   -2.105000e+01 -1.848005e+01 5.500000e+00
    endloop
  endfacet
  facet normal 0.000000e+00 0.000000e+00 1.000000e+00
    outer loop
      vertex   1.604890e+01 -1.710895e+01 5.500000e+00
      vertex   1.580878e+01 -1.717172e+01 5.500000e+00
      vertex   1.793572e+01 -2.250000e+01 5.500000e+00
    endloop
  endfacet
  facet normal 0.000000e+00 0.000000e+00 1.000000e+00
    outer loop
      vertex   1.793572e+01 -2.250000e+01 5.500000e+00
      vertex   1.580878e+01 -1.717172e+01 5.500000e+00
      vertex   1.556209e+01 -1.719887e+01 5.500000e+00
    endloop
  endfacet
  facet normal 0.000000e+00 0.000000e+00 1.000000e+00
    outer loop
      vertex   1.793572e+01 -2.250000e+01 5.500000e+00
      vertex   1.556209e+01 -1.719887e+01 5.500000e+00
      vertex   1.531407e+01 -1.718980e+01 5.500000e+00
    endloop
  endfacet
  facet normal 0.000000e+00 0.000000e+00 1.000000e+00
    outer loop
      vertex   1.531407e+01 -1.718980e+01 5.500000e+00
      vertex   1.507001e+01 -1.714472e+01 5.500000e+00
      vertex   1.793572e+01 -2.250000e+01 5.500000e+00
    endloop
  endfacet
  facet normal 0.000000e+00 0.000000e+00 1.000000e+00
    outer loop
      vertex   -1.718188e+01 -1.574752e+01 5.500000e+00
      vertex   -1.720000e+01 -1.550000e+01 5.500000e+00
      vertex   -2.105000e+01 -1.848005e+01 5.500000e+00
    endloop
  endfacet
  facet normal 0.000000e+00 0.000000e+00 1.000000e+00
    outer loop
      vertex   -2.105000e+01 -1.848005e+01 5.500000e+00
      vertex   -1.720000e+01 -1.550000e+01 5.500000e+00
      vertex   -1.718188e+01 -1.525248e+01 5.500000e+00
    endloop
  endfacet
  facet normal 0.000000e+00 0.000000e+00 1.000000e+00
    outer loop
      vertex   -2.105000e+01 -1.848005e+01 5.500000e+00
      vertex   -1.718188e+01 -1.525248e+01 5.500000e+00
      vertex   -1.712792e+01 -1.501023e+01 5.500000e+00
    endloop
  endfacet
  facet normal 0.000000e+00 -0.000000e+00 1.000000e+00
    outer loop
      vertex   -1.712792e+01 -1.501023e+01 5.500000e+00
      vertex   -1.703926e+01 -1.477842e+01 5.500000e+00
      vertex   -2.105000e+01 -1.848005e+01 5.500000e+00
    endloop
  endfacet
  facet normal 0.000000e+00 0.000000e+00 1.000000e+00
    outer loop
      vertex   -2.105000e+01 -1.848005e+01 5.500000e+00
      vertex   -1.703926e+01 -1.477842e+01 5.500000e+00
      vertex   -1.691780e+01 -1.456199e+01 5.500000e+00
    endloop
  endfacet
  facet normal 0.000000e+00 0.000000e+00 1.000000e+00
    outer loop
      vertex   -1.568593e+01 -1.718980e+01 5.500000e+00
      vertex   -1.592999e+01 -1.714472e+01 5.500000e+00
      vertex   -2.105000e+01 -1.848005e+01 5.500000e+00
    endloop
  endfacet
  facet normal 0.000000e+00 0.000000e+00 1.000000e+00
    outer loop
      vertex   -2.105000e+01 -1.848005e+01 5.500000e+00
      vertex   -1.592999e+01 -1.714472e+01 5.500000e+00
      vertex   -1.616488e+01 -1.706459e+01 5.500000e+00
    endloop
  endfacet
  facet normal 0.000000e+00 0.000000e+00 1.000000e+00
    outer loop
      vertex   -2.105000e+01 -1.848005e+01 5.500000e+00
      vertex   -1.616488e+01 -1.706459e+01 5.500000e+00
      vertex   -1.638560e+01 -1.695111e+01 5.500000e+00
    endloop
  endfacet
  facet normal 0.000000e+00 0.000000e+00 1.000000e+00
    outer loop
      vertex   -1.638560e+01 -1.695111e+01 5.500000e+00
      vertex   -1.658744e+01 -1.680670e+01 5.500000e+00
      vertex   -2.105000e+01 -1.848005e+01 5.500000e+00
    endloop
  endfacet
  facet normal 0.000000e+00 0.000000e+00 1.000000e+00
    outer loop
      vertex   -2.105000e+01 -1.848005e+01 5.500000e+00
      vertex   -1.658744e+01 -1.680670e+01 5.500000e+00
      vertex   -1.676611e+01 -1.663444e+01 5.500000e+00
    endloop
  endfacet
  facet normal 0.000000e+00 0.000000e+00 1.000000e+00
    outer loop
      vertex   -2.105000e+01 -1.848005e+01 5.500000e+00
      vertex   -1.676611e+01 -1.663444e+01 5.500000e+00
      vertex   -1.691780e+01 -1.643801e+01 5.500000e+00
    endloop
  endfacet
  facet normal 0.000000e+00 0.000000e+00 1.000000e+00
    outer loop
      vertex   -1.691780e+01 -1.643801e+01 5.500000e+00
      vertex   -1.703926e+01 -1.622158e+01 5.500000e+00
      vertex   -2.105000e+01 -1.848005e+01 5.500000e+00
    endloop
  endfacet
  facet normal 0.000000e+00 0.000000e+00 1.000000e+00
    outer loop
      vertex   -2.105000e+01 -1.848005e+01 5.500000e+00
      vertex   -1.703926e+01 -1.622158e+01 5.500000e+00
      vertex   -1.712792e+01 -1.598977e+01 5.500000e+00
    endloop
  endfacet
  facet normal 0.000000e+00 0.000000e+00 1.000000e+00
    outer loop
      vertex   -2.105000e+01 -1.848005e+01 5.500000e+00
      vertex   -1.712792e+01 -1.598977e+01 5.500000e+00
      vertex   -1.718188e+01 -1.574752e+01 5.500000e+00
    endloop
  endfacet
  facet normal 0.000000e+00 -0.000000e+00 1.000000e+00
    outer loop
      vertex   -1.720000e+01 1.550000e+01 5.500000e+00
      vertex   -1.718188e+01 1.574752e+01 5.500000e+00
      vertex   -2.105000e+01 2.250000e+01 5.500000e+00
    endloop
  endfacet
  facet normal 0.000000e+00 0.000000e+00 1.000000e+00
    outer loop
      vertex   -2.105000e+01 2.250000e+01 5.500000e+00
      vertex   -1.718188e+01 1.574752e+01 5.500000e+00
      vertex   -1.712792e+01 1.598977e+01 5.500000e+00
    endloop
  endfacet
  facet normal 0.000000e+00 0.000000e+00 1.000000e+00
    outer loop
      vertex   -2.105000e+01 2.250000e+01 5.500000e+00
      vertex   -1.712792e+01 1.598977e+01 5.500000e+00
      vertex   -1.703926e+01 1.622158e+01 5.500000e+00
    endloop
  endfacet
  facet normal 0.000000e+00 -0.000000e+00 1.000000e+00
    outer loop
      vertex   -1.703926e+01 1.622158e+01 5.500000e+00
      vertex   -1.691780e+01 1.643801e+01 5.500000e+00
      vertex   -2.105000e+01 2.250000e+01 5.500000e+00
    endloop
  endfacet
  facet normal 0.000000e+00 0.000000e+00 1.000000e+00
    outer loop
      vertex   -2.105000e+01 2.250000e+01 5.500000e+00
      vertex   -1.691780e+01 1.643801e+01 5.500000e+00
      vertex   -1.676611e+01 1.663444e+01 5.500000e+00
    endloop
  endfacet
  facet normal 0.000000e+00 0.000000e+00 1.000000e+00
    outer loop
      vertex   -2.105000e+01 2.250000e+01 5.500000e+00
      vertex   -1.676611e+01 1.663444e+01 5.500000e+00
      vertex   -1.658744e+01 1.680670e+01 5.500000e+00
    endloop
  endfacet
  facet normal 0.000000e+00 -0.000000e+00 1.000000e+00
    outer loop
      vertex   -1.658744e+01 1.680670e+01 5.500000e+00
      vertex   -1.638560e+01 1.695111e+01 5.500000e+00
      vertex   -2.105000e+01 2.250000e+01 5.500000e+00
    endloop
  endfacet
  facet normal 0.000000e+00 0.000000e+00 1.000000e+00
    outer loop
      vertex   -2.105000e+01 2.250000e+01 5.500000e+00
      vertex   -1.638560e+01 1.695111e+01 5.500000e+00
      vertex   -1.616488e+01 1.706459e+01 5.500000e+00
    endloop
  endfacet
  facet normal 0.000000e+00 0.000000e+00 1.000000e+00
    outer loop
      vertex   -2.105000e+01 2.250000e+01 5.500000e+00
      vertex   -1.616488e+01 1.706459e+01 5.500000e+00
      vertex   -1.592999e+01 1.714472e+01 5.500000e+00
    endloop
  endfacet
  facet normal 0.000000e+00 -0.000000e+00 1.000000e+00
    outer loop
      vertex   -1.592999e+01 1.714472e+01 5.500000e+00
      vertex   -1.568593e+01 1.718980e+01 5.500000e+00
      vertex   -2.105000e+01 2.250000e+01 5.500000e+00
    endloop
  endfacet
  facet normal 0.000000e+00 0.000000e+00 1.000000e+00
    outer loop
      vertex   -2.105000e+01 2.250000e+01 5.500000e+00
      vertex   -1.568593e+01 1.718980e+01 5.500000e+00
      vertex   -1.543791e+01 1.719887e+01 5.500000e+00
    endloop
  endfacet
  facet normal 0.000000e+00 0.000000e+00 1.000000e+00
    outer loop
      vertex   -2.105000e+01 2.250000e+01 5.500000e+00
      vertex   -1.543791e+01 1.719887e+01 5.500000e+00
      vertex   -1.519122e+01 1.717172e+01 5.500000e+00
    endloop
  endfacet
  facet normal -0.000000e+00 -0.000000e+00 1.000000e+00
    outer loop
      vertex   -1.519122e+01 1.717172e+01 5.500000e+00
      vertex   -1.495110e+01 1.710895e+01 5.500000e+00
      vertex   -2.105000e+01 2.250000e+01 5.500000e+00
    endloop
  endfacet
  facet normal 0.000000e+00 0.000000e+00 1.000000e+00
    outer loop
      vertex   -2.105000e+01 2.250000e+01 5.500000e+00
      vertex   -1.495110e+01 1.710895e+01 5.500000e+00
      vertex   -1.472269e+01 1.701188e+01 5.500000e+00
    endloop
  endfacet
  facet normal 9.984815e-01 -0.000000e+00 5.508776e-02
    outer loop
      vertex   -2.981792e+00 5.310000e+01 4.669975e+00
      vertex   -2.981792e+00 5.610000e+01 4.669975e+00
      vertex   -3.000000e+00 5.310000e+01 5.000000e+00
    endloop
  endfacet
  facet normal 9.984815e-01 -0.000000e+00 5.508776e-02
    outer loop
      vertex   -3.000000e+00 5.310000e+01 5.000000e+00
      vertex   -2.981792e+00 5.610000e+01 4.669975e+00
      vertex   -3.000000e+00 5.610000e+01 5.000000e+00
    endloop
  endfacet
  facet normal 9.984815e-01 0.000000e+00 -5.508776e-02
    outer loop
      vertex   -3.000000e+00 5.310000e+01 5.000000e+00
      vertex   -3.000000e+00 5.610000e+01 5.000000e+00
      vertex   -2.981792e+00 5.310000e+01 5.330025e+00
    endloop
  endfacet
  facet normal 9.984815e-01 0.000000e+00 -5.508776e-02
    outer loop
      vertex   -2.981792e+00 5.310000e+01 5.330025e+00
      vertex   -3.000000e+00 5.610000e+01 5.000000e+00
      vertex   -2.981792e+00 5.610000e+01 5.330025e+00
    endloop
  endfacet
  facet normal 9.863613e-01 0.000000e+00 -1.645946e-01
    outer loop
      vertex   -2.981792e+00 5.310000e+01 5.330025e+00
      vertex   -2.981792e+00 5.610000e+01 5.330025e+00
      vertex   -2.927389e+00 5.310000e+01 5.656043e+00
    endloop
  endfacet
  facet normal 9.863613e-01 0.000000e+00 -1.645946e-01
    outer loop
      vertex   -2.927389e+00 5.310000e+01 5.656043e+00
      vertex   -2.981792e+00 5.610000e+01 5.330025e+00
      vertex   -2.927389e+00 5.610000e+01 5.656043e+00
    endloop
  endfacet
  facet normal 9.622680e-01 0.000000e+00 -2.721035e-01
    outer loop
      vertex   -2.927389e+00 5.310000e+01 5.656043e+00
      vertex   -2.927389e+00 5.610000e+01 5.656043e+00
      vertex   -2.837452e+00 5.310000e+01 5.974098e+00
    endloop
  endfacet
  facet normal 9.622680e-01 0.000000e+00 -2.721035e-01
    outer loop
      vertex   -2.837452e+00 5.310000e+01 5.974098e+00
      vertex   -2.927389e+00 5.610000e+01 5.656043e+00
      vertex   -2.837452e+00 5.610000e+01 5.974098e+00
    endloop
  endfacet
  facet normal 9.264941e-01 0.000000e+00 -3.763094e-01
    outer loop
      vertex   -2.837452e+00 5.310000e+01 5.974098e+00
      vertex   -2.837452e+00 5.610000e+01 5.974098e+00
      vertex   -2.713071e+00 5.310000e+01 6.280329e+00
    endloop
  endfacet
  facet normal 9.264941e-01 0.000000e+00 -3.763094e-01
    outer loop
      vertex   -2.713071e+00 5.310000e+01 6.280329e+00
      vertex   -2.837452e+00 5.610000e+01 5.974098e+00
      vertex   -2.713071e+00 5.610000e+01 6.280329e+00
    endloop
  endfacet
  facet normal 8.794738e-01 0.000000e+00 -4.759474e-01
    outer loop
      vertex   -2.713071e+00 5.310000e+01 6.280329e+00
      vertex   -2.713071e+00 5.610000e+01 6.280329e+00
      vertex   -2.555758e+00 5.310000e+01 6.571019e+00
    endloop
  endfacet
  facet normal 8.794738e-01 0.000000e+00 -4.759474e-01
    outer loop
      vertex   -2.555758e+00 5.310000e+01 6.571019e+00
      vertex   -2.713071e+00 5.610000e+01 6.280329e+00
      vertex   -2.555758e+00 5.610000e+01 6.571019e+00
    endloop
  endfacet
  facet normal 8.217778e-01 0.000000e+00 -5.698081e-01
    outer loop
      vertex   -2.555758e+00 5.310000e+01 6.571019e+00
      vertex   -2.555758e+00 5.610000e+01 6.571019e+00
      vertex   -2.367422e+00 5.310000e+01 6.842638e+00
    endloop
  endfacet
  facet normal 8.217778e-01 0.000000e+00 -5.698081e-01
    outer loop
      vertex   -2.367422e+00 5.310000e+01 6.842638e+00
      vertex   -2.555758e+00 5.610000e+01 6.571019e+00
      vertex   -2.367422e+00 5.610000e+01 6.842638e+00
    endloop
  endfacet
  facet normal 7.541066e-01 0.000000e+00 -6.567520e-01
    outer loop
      vertex   -2.367422e+00 5.310000e+01 6.842638e+00
      vertex   -2.367422e+00 5.610000e+01 6.842638e+00
      vertex   -2.150348e+00 5.310000e+01 7.091890e+00
    endloop
  endfacet
  facet normal 7.541066e-01 0.000000e+00 -6.567520e-01
    outer loop
      vertex   -2.150348e+00 5.310000e+01 7.091890e+00
      vertex   -2.367422e+00 5.610000e+01 6.842638e+00
      vertex   -2.150348e+00 5.610000e+01 7.091890e+00
    endloop
  endfacet
  facet normal 6.772816e-01 0.000000e+00 -7.357239e-01
    outer loop
      vertex   -2.150348e+00 5.310000e+01 7.091890e+00
      vertex   -2.150348e+00 5.610000e+01 7.091890e+00
      vertex   -1.907171e+00 5.310000e+01 7.315750e+00
    endloop
  endfacet
  facet normal 6.772816e-01 0.000000e+00 -7.357239e-01
    outer loop
      vertex   -1.907171e+00 5.310000e+01 7.315750e+00
      vertex   -2.150348e+00 5.610000e+01 7.091890e+00
      vertex   -1.907171e+00 5.610000e+01 7.315750e+00
    endloop
  endfacet
  facet normal 5.922353e-01 0.000000e+00 -8.057651e-01
    outer loop
      vertex   -1.907171e+00 5.310000e+01 7.315750e+00
      vertex   -1.907171e+00 5.610000e+01 7.315750e+00
      vertex   -1.640844e+00 5.310000e+01 7.511499e+00
    endloop
  endfacet
  facet normal 5.922353e-01 0.000000e+00 -8.057651e-01
    outer loop
      vertex   -1.640844e+00 5.310000e+01 7.511499e+00
      vertex   -1.907171e+00 5.610000e+01 7.315750e+00
      vertex   -1.640844e+00 5.610000e+01 7.511499e+00
    endloop
  endfacet
  facet normal 5.000000e-01 0.000000e+00 -8.660254e-01
    outer loop
      vertex   -1.640844e+00 5.310000e+01 7.511499e+00
      vertex   -1.640844e+00 5.610000e+01 7.511499e+00
      vertex   -1.354600e+00 5.310000e+01 7.676763e+00
    endloop
  endfacet
  facet normal 5.000000e-01 0.000000e+00 -8.660254e-01
    outer loop
      vertex   -1.354600e+00 5.310000e+01 7.676763e+00
      vertex   -1.640844e+00 5.610000e+01 7.511499e+00
      vertex   -1.354600e+00 5.610000e+01 7.676763e+00
    endloop
  endfacet
  facet normal 4.016954e-01 0.000000e+00 -9.157733e-01
    outer loop
      vertex   -1.354600e+00 5.310000e+01 7.676763e+00
      vertex   -1.354600e+00 5.610000e+01 7.676763e+00
      vertex   -1.051913e+00 5.310000e+01 7.809534e+00
    endloop
  endfacet
  facet normal 4.016954e-01 0.000000e+00 -9.157733e-01
    outer loop
      vertex   -1.051913e+00 5.310000e+01 7.809534e+00
      vertex   -1.354600e+00 5.610000e+01 7.676763e+00
      vertex   -1.051913e+00 5.610000e+01 7.809534e+00
    endloop
  endfacet
  facet normal 2.985148e-01 0.000000e+00 -9.544050e-01
    outer loop
      vertex   -1.051913e+00 5.310000e+01 7.809534e+00
      vertex   -1.051913e+00 5.610000e+01 7.809534e+00
      vertex   -7.364565e-01 5.310000e+01 7.908201e+00
    endloop
  endfacet
  facet normal 2.985148e-01 0.000000e+00 -9.544050e-01
    outer loop
      vertex   -7.364565e-01 5.310000e+01 7.908201e+00
      vertex   -1.051913e+00 5.610000e+01 7.809534e+00
      vertex   -7.364565e-01 5.610000e+01 7.908201e+00
    endloop
  endfacet
  facet normal 1.917106e-01 0.000000e+00 -9.814515e-01
    outer loop
      vertex   -7.364565e-01 5.310000e+01 7.908201e+00
      vertex   -7.364565e-01 5.610000e+01 7.908201e+00
      vertex   -4.120607e-01 5.310000e+01 7.971566e+00
    endloop
  endfacet
  facet normal 1.917106e-01 0.000000e+00 -9.814515e-01
    outer loop
      vertex   -4.120607e-01 5.310000e+01 7.971566e+00
      vertex   -7.364565e-01 5.610000e+01 7.908201e+00
      vertex   -4.120607e-01 5.610000e+01 7.971566e+00
    endloop
  endfacet
  facet normal 8.257935e-02 0.000000e+00 -9.965845e-01
    outer loop
      vertex   -4.120607e-01 5.310000e+01 7.971566e+00
      vertex   -4.120607e-01 5.610000e+01 7.971566e+00
      vertex   -8.266303e-02 5.310000e+01 7.998861e+00
    endloop
  endfacet
  facet normal 8.257935e-02 0.000000e+00 -9.965845e-01
    outer loop
      vertex   -8.266303e-02 5.310000e+01 7.998861e+00
      vertex   -4.120607e-01 5.610000e+01 7.971566e+00
      vertex   -8.266303e-02 5.610000e+01 7.998861e+00
    endloop
  endfacet
  facet normal -2.755434e-02 0.000000e+00 -9.996203e-01
    outer loop
      vertex   -8.266303e-02 5.310000e+01 7.998861e+00
      vertex   -8.266303e-02 5.610000e+01 7.998861e+00
      vertex   2.477380e-01 5.310000e+01 7.989753e+00
    endloop
  endfacet
  facet normal -2.755434e-02 0.000000e+00 -9.996203e-01
    outer loop
      vertex   2.477380e-01 5.310000e+01 7.989753e+00
      vertex   -8.266303e-02 5.610000e+01 7.998861e+00
      vertex   2.477380e-01 5.610000e+01 7.989753e+00
    endloop
  endfacet
  facet normal -1.373536e-01 0.000000e+00 -9.905221e-01
    outer loop
      vertex   2.477380e-01 5.310000e+01 7.989753e+00
      vertex   2.477380e-01 5.610000e+01 7.989753e+00
      vertex   5.751319e-01 5.310000e+01 7.944354e+00
    endloop
  endfacet
  facet normal -1.373536e-01 0.000000e+00 -9.905221e-01
    outer loop
      vertex   5.751319e-01 5.310000e+01 7.944354e+00
      vertex   2.477380e-01 5.610000e+01 7.989753e+00
      vertex   5.751319e-01 5.610000e+01 7.944354e+00
    endloop
  endfacet
  facet normal -2.454855e-01 0.000000e+00 -9.694003e-01
    outer loop
      vertex   5.751319e-01 5.310000e+01 7.944354e+00
      vertex   5.751319e-01 5.610000e+01 7.944354e+00
      vertex   8.955444e-01 5.310000e+01 7.863215e+00
    endloop
  endfacet
  facet normal -2.454855e-01 0.000000e+00 -9.694003e-01
    outer loop
      vertex   8.955444e-01 5.310000e+01 7.863215e+00
      vertex   5.751319e-01 5.610000e+01 7.944354e+00
      vertex   8.955444e-01 5.610000e+01 7.863215e+00
    endloop
  endfacet
  facet normal -3.506376e-01 0.000000e+00 -9.365112e-01
    outer loop
      vertex   8.955444e-01 5.310000e+01 7.863215e+00
      vertex   8.955444e-01 5.610000e+01 7.863215e+00
      vertex   1.205086e+00 5.310000e+01 7.747320e+00
    endloop
  endfacet
  facet normal -3.506376e-01 0.000000e+00 -9.365112e-01
    outer loop
      vertex   1.205086e+00 5.310000e+01 7.747320e+00
      vertex   8.955444e-01 5.610000e+01 7.863215e+00
      vertex   1.205086e+00 5.610000e+01 7.747320e+00
    endloop
  endfacet
  facet normal -4.515334e-01 0.000000e+00 -8.922542e-01
    outer loop
      vertex   1.205086e+00 5.310000e+01 7.747320e+00
      vertex   1.205086e+00 5.610000e+01 7.747320e+00
      vertex   1.500000e+00 5.310000e+01 7.598076e+00
    endloop
  endfacet
  facet normal -4.515334e-01 0.000000e+00 -8.922542e-01
    outer loop
      vertex   1.500000e+00 5.310000e+01 7.598076e+00
      vertex   1.205086e+00 5.610000e+01 7.747320e+00
      vertex   1.500000e+00 5.610000e+01 7.598076e+00
    endloop
  endfacet
  facet normal -5.469482e-01 0.000000e+00 -8.371665e-01
    outer loop
      vertex   1.500000e+00 5.310000e+01 7.598076e+00
      vertex   1.500000e+00 5.610000e+01 7.598076e+00
      vertex   1.776706e+00 5.310000e+01 7.417295e+00
    endloop
  endfacet
  facet normal -5.469482e-01 0.000000e+00 -8.371665e-01
    outer loop
      vertex   1.776706e+00 5.310000e+01 7.417295e+00
      vertex   1.500000e+00 5.610000e+01 7.598076e+00
      vertex   1.776706e+00 5.610000e+01 7.417295e+00
    endloop
  endfacet
  facet normal -6.357237e-01 0.000000e+00 -7.719167e-01
    outer loop
      vertex   1.776706e+00 5.310000e+01 7.417295e+00
      vertex   1.776706e+00 5.610000e+01 7.417295e+00
      vertex   2.031845e+00 5.310000e+01 7.207172e+00
    endloop
  endfacet
  facet normal -6.357237e-01 0.000000e+00 -7.719167e-01
    outer loop
      vertex   2.031845e+00 5.310000e+01 7.207172e+00
      vertex   1.776706e+00 5.610000e+01 7.417295e+00
      vertex   2.031845e+00 5.610000e+01 7.207172e+00
    endloop
  endfacet
  facet normal -7.167825e-01 0.000000e+00 -6.972968e-01
    outer loop
      vertex   2.031845e+00 5.310000e+01 7.207172e+00
      vertex   2.031845e+00 5.610000e+01 7.207172e+00
      vertex   2.262320e+00 5.310000e+01 6.970256e+00
    endloop
  endfacet
  facet normal -7.167825e-01 0.000000e+00 -6.972968e-01
    outer loop
      vertex   2.262320e+00 5.310000e+01 6.970256e+00
      vertex   2.031845e+00 5.610000e+01 7.207172e+00
      vertex   2.262320e+00 5.610000e+01 6.970256e+00
    endloop
  endfacet
  facet normal -7.891405e-01 0.000000e+00 -6.142127e-01
    outer loop
      vertex   2.262320e+00 5.310000e+01 6.970256e+00
      vertex   2.262320e+00 5.610000e+01 6.970256e+00
      vertex   2.465333e+00 5.310000e+01 6.709424e+00
    endloop
  endfacet
  facet normal -7.891405e-01 0.000000e+00 -6.142127e-01
    outer loop
      vertex   2.465333e+00 5.310000e+01 6.709424e+00
      vertex   2.262320e+00 5.610000e+01 6.970256e+00
      vertex   2.465333e+00 5.610000e+01 6.709424e+00
    endloop
  endfacet
  facet normal -8.519194e-01 0.000000e+00 -5.236729e-01
    outer loop
      vertex   2.465333e+00 5.310000e+01 6.709424e+00
      vertex   2.465333e+00 5.610000e+01 6.709424e+00
      vertex   2.638421e+00 5.310000e+01 6.427842e+00
    endloop
  endfacet
  facet normal -8.519194e-01 0.000000e+00 -5.236729e-01
    outer loop
      vertex   2.638421e+00 5.310000e+01 6.427842e+00
      vertex   2.465333e+00 5.610000e+01 6.709424e+00
      vertex   2.638421e+00 5.610000e+01 6.427842e+00
    endloop
  endfacet
  facet normal -9.043572e-01 0.000000e+00 -4.267764e-01
    outer loop
      vertex   2.638421e+00 5.310000e+01 6.427842e+00
      vertex   2.638421e+00 5.610000e+01 6.427842e+00
      vertex   2.779482e+00 5.310000e+01 6.128928e+00
    endloop
  endfacet
  facet normal -9.043572e-01 0.000000e+00 -4.267764e-01
    outer loop
      vertex   2.779482e+00 5.310000e+01 6.128928e+00
      vertex   2.638421e+00 5.610000e+01 6.427842e+00
      vertex   2.779482e+00 5.610000e+01 6.128928e+00
    endloop
  endfacet
  facet normal -9.458172e-01 0.000000e+00 -3.246995e-01
    outer loop
      vertex   2.779482e+00 5.310000e+01 6.128928e+00
      vertex   2.779482e+00 5.610000e+01 6.128928e+00
      vertex   2.886804e+00 5.310000e+01 5.816310e+00
    endloop
  endfacet
  facet normal -9.458172e-01 0.000000e+00 -3.246995e-01
    outer loop
      vertex   2.886804e+00 5.310000e+01 5.816310e+00
      vertex   2.779482e+00 5.610000e+01 6.128928e+00
      vertex   2.886804e+00 5.610000e+01 5.816310e+00
    endloop
  endfacet
  facet normal -9.757964e-01 0.000000e+00 -2.186811e-01
    outer loop
      vertex   2.886804e+00 5.310000e+01 5.816310e+00
      vertex   2.886804e+00 5.610000e+01 5.816310e+00
      vertex   2.959084e+00 5.310000e+01 5.493784e+00
    endloop
  endfacet
  facet normal -9.757964e-01 0.000000e+00 -2.186811e-01
    outer loop
      vertex   2.959084e+00 5.310000e+01 5.493784e+00
      vertex   2.886804e+00 5.610000e+01 5.816310e+00
      vertex   2.959084e+00 5.610000e+01 5.493784e+00
    endloop
  endfacet
  facet normal -9.939307e-01 0.000000e+00 -1.100082e-01
    outer loop
      vertex   2.959084e+00 5.310000e+01 5.493784e+00
      vertex   2.959084e+00 5.610000e+01 5.493784e+00
      vertex   2.995445e+00 5.310000e+01 5.165263e+00
    endloop
  endfacet
  facet normal -9.939307e-01 0.000000e+00 -1.100082e-01
    outer loop
      vertex   2.995445e+00 5.310000e+01 5.165263e+00
      vertex   2.959084e+00 5.610000e+01 5.493784e+00
      vertex   2.995445e+00 5.610000e+01 5.165263e+00
    endloop
  endfacet
  facet normal -1.000000e+00 0.000000e+00 0.000000e+00
    outer loop
      vertex   2.995445e+00 5.310000e+01 5.165263e+00
      vertex   2.995445e+00 5.610000e+01 5.165263e+00
      vertex   2.995445e+00 5.310000e+01 4.834737e+00
    endloop
  endfacet
  facet normal -1.000000e+00 0.000000e+00 0.000000e+00
    outer loop
      vertex   2.995445e+00 5.310000e+01 4.834737e+00
      vertex   2.995445e+00 5.610000e+01 5.165263e+00
      vertex   2.995445e+00 5.610000e+01 4.834737e+00
    endloop
  endfacet
  facet normal -9.939307e-01 0.000000e+00 1.100082e-01
    outer loop
      vertex   2.995445e+00 5.310000e+01 4.834737e+00
      vertex   2.995445e+00 5.610000e+01 4.834737e+00
      vertex   2.959084e+00 5.310000e+01 4.506216e+00
    endloop
  endfacet
  facet normal -9.939307e-01 0.000000e+00 1.100082e-01
    outer loop
      vertex   2.959084e+00 5.310000e+01 4.506216e+00
      vertex   2.995445e+00 5.610000e+01 4.834737e+00
      vertex   2.959084e+00 5.610000e+01 4.506216e+00
    endloop
  endfacet
  facet normal -9.757964e-01 0.000000e+00 2.186811e-01
    outer loop
      vertex   2.959084e+00 5.310000e+01 4.506216e+00
      vertex   2.959084e+00 5.610000e+01 4.506216e+00
      vertex   2.886804e+00 5.310000e+01 4.183690e+00
    endloop
  endfacet
  facet normal -9.757964e-01 0.000000e+00 2.186811e-01
    outer loop
      vertex   2.886804e+00 5.310000e+01 4.183690e+00
      vertex   2.959084e+00 5.610000e+01 4.506216e+00
      vertex   2.886804e+00 5.610000e+01 4.183690e+00
    endloop
  endfacet
  facet normal -9.458172e-01 0.000000e+00 3.246995e-01
    outer loop
      vertex   2.886804e+00 5.310000e+01 4.183690e+00
      vertex   2.886804e+00 5.610000e+01 4.183690e+00
      vertex   2.779482e+00 5.310000e+01 3.871072e+00
    endloop
  endfacet
  facet normal -9.458172e-01 0.000000e+00 3.246995e-01
    outer loop
      vertex   2.779482e+00 5.310000e+01 3.871072e+00
      vertex   2.886804e+00 5.610000e+01 4.183690e+00
      vertex   2.779482e+00 5.610000e+01 3.871072e+00
    endloop
  endfacet
  facet normal -9.043572e-01 0.000000e+00 4.267764e-01
    outer loop
      vertex   2.779482e+00 5.310000e+01 3.871072e+00
      vertex   2.779482e+00 5.610000e+01 3.871072e+00
      vertex   2.638421e+00 5.310000e+01 3.572158e+00
    endloop
  endfacet
  facet normal -9.043572e-01 0.000000e+00 4.267764e-01
    outer loop
      vertex   2.638421e+00 5.310000e+01 3.572158e+00
      vertex   2.779482e+00 5.610000e+01 3.871072e+00
      vertex   2.638421e+00 5.610000e+01 3.572158e+00
    endloop
  endfacet
  facet normal -8.519194e-01 0.000000e+00 5.236729e-01
    outer loop
      vertex   2.638421e+00 5.310000e+01 3.572158e+00
      vertex   2.638421e+00 5.610000e+01 3.572158e+00
      vertex   2.465333e+00 5.310000e+01 3.290576e+00
    endloop
  endfacet
  facet normal -8.519194e-01 0.000000e+00 5.236729e-01
    outer loop
      vertex   2.465333e+00 5.310000e+01 3.290576e+00
      vertex   2.638421e+00 5.610000e+01 3.572158e+00
      vertex   2.465333e+00 5.610000e+01 3.290576e+00
    endloop
  endfacet
  facet normal -7.891405e-01 0.000000e+00 6.142127e-01
    outer loop
      vertex   2.465333e+00 5.310000e+01 3.290576e+00
      vertex   2.465333e+00 5.610000e+01 3.290576e+00
      vertex   2.262320e+00 5.310000e+01 3.029744e+00
    endloop
  endfacet
  facet normal -7.891405e-01 0.000000e+00 6.142127e-01
    outer loop
      vertex   2.262320e+00 5.310000e+01 3.029744e+00
      vertex   2.465333e+00 5.610000e+01 3.290576e+00
      vertex   2.262320e+00 5.610000e+01 3.029744e+00
    endloop
  endfacet
  facet normal -7.167825e-01 0.000000e+00 6.972968e-01
    outer loop
      vertex   2.262320e+00 5.310000e+01 3.029744e+00
      vertex   2.262320e+00 5.610000e+01 3.029744e+00
      vertex   2.031845e+00 5.310000e+01 2.792828e+00
    endloop
  endfacet
  facet normal -7.167825e-01 0.000000e+00 6.972968e-01
    outer loop
      vertex   2.031845e+00 5.310000e+01 2.792828e+00
      vertex   2.262320e+00 5.610000e+01 3.029744e+00
      vertex   2.031845e+00 5.610000e+01 2.792828e+00
    endloop
  endfacet
  facet normal -6.357237e-01 0.000000e+00 7.719167e-01
    outer loop
      vertex   2.031845e+00 5.310000e+01 2.792828e+00
      vertex   2.031845e+00 5.610000e+01 2.792828e+00
      vertex   1.776706e+00 5.310000e+01 2.582705e+00
    endloop
  endfacet
  facet normal -6.357237e-01 0.000000e+00 7.719167e-01
    outer loop
      vertex   1.776706e+00 5.310000e+01 2.582705e+00
      vertex   2.031845e+00 5.610000e+01 2.792828e+00
      vertex   1.776706e+00 5.610000e+01 2.582705e+00
    endloop
  endfacet
  facet normal -5.469482e-01 0.000000e+00 8.371665e-01
    outer loop
      vertex   1.776706e+00 5.310000e+01 2.582705e+00
      vertex   1.776706e+00 5.610000e+01 2.582705e+00
      vertex   1.500000e+00 5.310000e+01 2.401924e+00
    endloop
  endfacet
  facet normal -5.469482e-01 0.000000e+00 8.371665e-01
    outer loop
      vertex   1.500000e+00 5.310000e+01 2.401924e+00
      vertex   1.776706e+00 5.610000e+01 2.582705e+00
      vertex   1.500000e+00 5.610000e+01 2.401924e+00
    endloop
  endfacet
  facet normal -4.515334e-01 0.000000e+00 8.922542e-01
    outer loop
      vertex   1.500000e+00 5.310000e+01 2.401924e+00
      vertex   1.500000e+00 5.610000e+01 2.401924e+00
      vertex   1.205086e+00 5.310000e+01 2.252680e+00
    endloop
  endfacet
  facet normal -4.515334e-01 0.000000e+00 8.922542e-01
    outer loop
      vertex   1.205086e+00 5.310000e+01 2.252680e+00
      vertex   1.500000e+00 5.610000e+01 2.401924e+00
      vertex   1.205086e+00 5.610000e+01 2.252680e+00
    endloop
  endfacet
  facet normal -3.506376e-01 0.000000e+00 9.365112e-01
    outer loop
      vertex   1.205086e+00 5.310000e+01 2.252680e+00
      vertex   1.205086e+00 5.610000e+01 2.252680e+00
      vertex   8.955444e-01 5.310000e+01 2.136785e+00
    endloop
  endfacet
  facet normal -3.506376e-01 0.000000e+00 9.365112e-01
    outer loop
      vertex   8.955444e-01 5.310000e+01 2.136785e+00
      vertex   1.205086e+00 5.610000e+01 2.252680e+00
      vertex   8.955444e-01 5.610000e+01 2.136785e+00
    endloop
  endfacet
  facet normal -2.454855e-01 0.000000e+00 9.694003e-01
    outer loop
      vertex   8.955444e-01 5.310000e+01 2.136785e+00
      vertex   8.955444e-01 5.610000e+01 2.136785e+00
      vertex   5.751319e-01 5.310000e+01 2.055646e+00
    endloop
  endfacet
  facet normal -2.454855e-01 0.000000e+00 9.694003e-01
    outer loop
      vertex   5.751319e-01 5.310000e+01 2.055646e+00
      vertex   8.955444e-01 5.610000e+01 2.136785e+00
      vertex   5.751319e-01 5.610000e+01 2.055646e+00
    endloop
  endfacet
  facet normal -1.373536e-01 0.000000e+00 9.905221e-01
    outer loop
      vertex   5.751319e-01 5.310000e+01 2.055646e+00
      vertex   5.751319e-01 5.610000e+01 2.055646e+00
      vertex   2.477380e-01 5.310000e+01 2.010247e+00
    endloop
  endfacet
  facet normal -1.373536e-01 0.000000e+00 9.905221e-01
    outer loop
      vertex   2.477380e-01 5.310000e+01 2.010247e+00
      vertex   5.751319e-01 5.610000e+01 2.055646e+00
      vertex   2.477380e-01 5.610000e+01 2.010247e+00
    endloop
  endfacet
  facet normal -2.755434e-02 0.000000e+00 9.996203e-01
    outer loop
      vertex   2.477380e-01 5.310000e+01 2.010247e+00
      vertex   2.477380e-01 5.610000e+01 2.010247e+00
      vertex   -8.266303e-02 5.310000e+01 2.001139e+00
    endloop
  endfacet
  facet normal -2.755434e-02 0.000000e+00 9.996203e-01
    outer loop
      vertex   -8.266303e-02 5.310000e+01 2.001139e+00
      vertex   2.477380e-01 5.610000e+01 2.010247e+00
      vertex   -8.266303e-02 5.610000e+01 2.001139e+00
    endloop
  endfacet
  facet normal 8.257935e-02 -0.000000e+00 9.965845e-01
    outer loop
      vertex   -8.266303e-02 5.310000e+01 2.001139e+00
      vertex   -8.266303e-02 5.610000e+01 2.001139e+00
      vertex   -4.120607e-01 5.310000e+01 2.028434e+00
    endloop
  endfacet
  facet normal 8.257935e-02 -0.000000e+00 9.965845e-01
    outer loop
      vertex   -4.120607e-01 5.310000e+01 2.028434e+00
      vertex   -8.266303e-02 5.610000e+01 2.001139e+00
      vertex   -4.120607e-01 5.610000e+01 2.028434e+00
    endloop
  endfacet
  facet normal 1.917106e-01 -0.000000e+00 9.814515e-01
    outer loop
      vertex   -4.120607e-01 5.310000e+01 2.028434e+00
      vertex   -4.120607e-01 5.610000e+01 2.028434e+00
      vertex   -7.364565e-01 5.310000e+01 2.091799e+00
    endloop
  endfacet
  facet normal 1.917106e-01 -0.000000e+00 9.814515e-01
    outer loop
      vertex   -7.364565e-01 5.310000e+01 2.091799e+00
      vertex   -4.120607e-01 5.610000e+01 2.028434e+00
      vertex   -7.364565e-01 5.610000e+01 2.091799e+00
    endloop
  endfacet
  facet normal 2.985148e-01 -0.000000e+00 9.544050e-01
    outer loop
      vertex   -7.364565e-01 5.310000e+01 2.091799e+00
      vertex   -7.364565e-01 5.610000e+01 2.091799e+00
      vertex   -1.051913e+00 5.310000e+01 2.190466e+00
    endloop
  endfacet
  facet normal 2.985148e-01 -0.000000e+00 9.544050e-01
    outer loop
      vertex   -1.051913e+00 5.310000e+01 2.190466e+00
      vertex   -7.364565e-01 5.610000e+01 2.091799e+00
      vertex   -1.051913e+00 5.610000e+01 2.190466e+00
    endloop
  endfacet
  facet normal 4.016954e-01 -0.000000e+00 9.157733e-01
    outer loop
      vertex   -1.051913e+00 5.310000e+01 2.190466e+00
      vertex   -1.051913e+00 5.610000e+01 2.190466e+00
      vertex   -1.354600e+00 5.310000e+01 2.323237e+00
    endloop
  endfacet
  facet normal 4.016954e-01 -0.000000e+00 9.157733e-01
    outer loop
      vertex   -1.354600e+00 5.310000e+01 2.323237e+00
      vertex   -1.051913e+00 5.610000e+01 2.190466e+00
      vertex   -1.354600e+00 5.610000e+01 2.323237e+00
    endloop
  endfacet
  facet normal 5.000000e-01 -0.000000e+00 8.660254e-01
    outer loop
      vertex   -1.354600e+00 5.310000e+01 2.323237e+00
      vertex   -1.354600e+00 5.610000e+01 2.323237e+00
      vertex   -1.640844e+00 5.310000e+01 2.488501e+00
    endloop
  endfacet
  facet normal 5.000000e-01 -0.000000e+00 8.660254e-01
    outer loop
      vertex   -1.640844e+00 5.310000e+01 2.488501e+00
      vertex   -1.354600e+00 5.610000e+01 2.323237e+00
      vertex   -1.640844e+00 5.610000e+01 2.488501e+00
    endloop
  endfacet
  facet normal 5.922353e-01 -0.000000e+00 8.057651e-01
    outer loop
      vertex   -1.640844e+00 5.310000e+01 2.488501e+00
      vertex   -1.640844e+00 5.610000e+01 2.488501e+00
      vertex   -1.907171e+00 5.310000e+01 2.684250e+00
    endloop
  endfacet
  facet normal 5.922353e-01 -0.000000e+00 8.057651e-01
    outer loop
      vertex   -1.907171e+00 5.310000e+01 2.684250e+00
      vertex   -1.640844e+00 5.610000e+01 2.488501e+00
      vertex   -1.907171e+00 5.610000e+01 2.684250e+00
    endloop
  endfacet
  facet normal 6.772816e-01 -0.000000e+00 7.357239e-01
    outer loop
      vertex   -1.907171e+00 5.310000e+01 2.684250e+00
      vertex   -1.907171e+00 5.610000e+01 2.684250e+00
      vertex   -2.150348e+00 5.310000e+01 2.908110e+00
    endloop
  endfacet
  facet normal 6.772816e-01 -0.000000e+00 7.357239e-01
    outer loop
      vertex   -2.150348e+00 5.310000e+01 2.908110e+00
      vertex   -1.907171e+00 5.610000e+01 2.684250e+00
      vertex   -2.150348e+00 5.610000e+01 2.908110e+00
    endloop
  endfacet
  facet normal 7.541066e-01 -0.000000e+00 6.567520e-01
    outer loop
      vertex   -2.150348e+00 5.310000e+01 2.908110e+00
      vertex   -2.150348e+00 5.610000e+01 2.908110e+00
      vertex   -2.367422e+00 5.310000e+01 3.157362e+00
    endloop
  endfacet
  facet normal 7.541066e-01 -0.000000e+00 6.567520e-01
    outer loop
      vertex   -2.367422e+00 5.310000e+01 3.157362e+00
      vertex   -2.150348e+00 5.610000e+01 2.908110e+00
      vertex   -2.367422e+00 5.610000e+01 3.157362e+00
    endloop
  endfacet
  facet normal 8.217778e-01 -0.000000e+00 5.698081e-01
    outer loop
      vertex   -2.367422e+00 5.310000e+01 3.157362e+00
      vertex   -2.367422e+00 5.610000e+01 3.157362e+00
      vertex   -2.555758e+00 5.310000e+01 3.428981e+00
    endloop
  endfacet
  facet normal 8.217778e-01 -0.000000e+00 5.698081e-01
    outer loop
      vertex   -2.555758e+00 5.310000e+01 3.428981e+00
      vertex   -2.367422e+00 5.610000e+01 3.157362e+00
      vertex   -2.555758e+00 5.610000e+01 3.428981e+00
    endloop
  endfacet
  facet normal 8.794738e-01 -0.000000e+00 4.759474e-01
    outer loop
      vertex   -2.555758e+00 5.310000e+01 3.428981e+00
      vertex   -2.555758e+00 5.610000e+01 3.428981e+00
      vertex   -2.713071e+00 5.310000e+01 3.719671e+00
    endloop
  endfacet
  facet normal 8.794738e-01 -0.000000e+00 4.759474e-01
    outer loop
      vertex   -2.713071e+00 5.310000e+01 3.719671e+00
      vertex   -2.555758e+00 5.610000e+01 3.428981e+00
      vertex   -2.713071e+00 5.610000e+01 3.719671e+00
    endloop
  endfacet
  facet normal 9.264941e-01 -0.000000e+00 3.763094e-01
    outer loop
      vertex   -2.713071e+00 5.310000e+01 3.719671e+00
      vertex   -2.713071e+00 5.610000e+01 3.719671e+00
      vertex   -2.837452e+00 5.310000e+01 4.025902e+00
    endloop
  endfacet
  facet normal 9.264941e-01 -0.000000e+00 3.763094e-01
    outer loop
      vertex   -2.837452e+00 5.310000e+01 4.025902e+00
      vertex   -2.713071e+00 5.610000e+01 3.719671e+00
      vertex   -2.837452e+00 5.610000e+01 4.025902e+00
    endloop
  endfacet
  facet normal 9.622680e-01 -0.000000e+00 2.721035e-01
    outer loop
      vertex   -2.837452e+00 5.310000e+01 4.025902e+00
      vertex   -2.837452e+00 5.610000e+01 4.025902e+00
      vertex   -2.927389e+00 5.310000e+01 4.343957e+00
    endloop
  endfacet
  facet normal 9.622680e-01 -0.000000e+00 2.721035e-01
    outer loop
      vertex   -2.927389e+00 5.310000e+01 4.343957e+00
      vertex   -2.837452e+00 5.610000e+01 4.025902e+00
      vertex   -2.927389e+00 5.610000e+01 4.343957e+00
    endloop
  endfacet
  facet normal 9.863613e-01 -0.000000e+00 1.645946e-01
    outer loop
      vertex   -2.927389e+00 5.310000e+01 4.343957e+00
      vertex   -2.927389e+00 5.610000e+01 4.343957e+00
      vertex   -2.981792e+00 5.310000e+01 4.669975e+00
    endloop
  endfacet
  facet normal 9.863613e-01 -0.000000e+00 1.645946e-01
    outer loop
      vertex   -2.981792e+00 5.310000e+01 4.669975e+00
      vertex   -2.927389e+00 5.610000e+01 4.343957e+00
      vertex   -2.981792e+00 5.610000e+01 4.669975e+00
    endloop
  endfacet
  facet normal 0.000000e+00 1.000000e+00 0.000000e+00
    outer loop
      vertex   -1.681884e+00 5.310000e+01 4.752478e+00
      vertex   -2.981792e+00 5.310000e+01 4.669975e+00
      vertex   -1.700000e+00 5.310000e+01 5.000000e+00
    endloop
  endfacet
  facet normal 0.000000e+00 1.000000e+00 0.000000e+00
    outer loop
      vertex   -1.700000e+00 5.310000e+01 5.000000e+00
      vertex   -2.981792e+00 5.310000e+01 4.669975e+00
      vertex   -3.000000e+00 5.310000e+01 5.000000e+00
    endloop
  endfacet
  facet normal 0.000000e+00 1.000000e+00 0.000000e+00
    outer loop
      vertex   -1.700000e+00 5.310000e+01 5.000000e+00
      vertex   -3.000000e+00 5.310000e+01 5.000000e+00
      vertex   -2.981792e+00 5.310000e+01 5.330025e+00
    endloop
  endfacet
  facet normal -0.000000e+00 1.000000e+00 0.000000e+00
    outer loop
      vertex   -2.981792e+00 5.310000e+01 4.669975e+00
      vertex   -1.681884e+00 5.310000e+01 4.752478e+00
      vertex   -2.927389e+00 5.310000e+01 4.343957e+00
    endloop
  endfacet
  facet normal 0.000000e+00 1.000000e+00 0.000000e+00
    outer loop
      vertex   -2.927389e+00 5.310000e+01 4.343957e+00
      vertex   -1.681884e+00 5.310000e+01 4.752478e+00
      vertex   -1.627921e+00 5.310000e+01 4.510232e+00
    endloop
  endfacet
  facet normal -0.000000e+00 1.000000e+00 0.000000e+00
    outer loop
      vertex   -2.927389e+00 5.310000e+01 4.343957e+00
      vertex   -1.627921e+00 5.310000e+01 4.510232e+00
      vertex   -2.837452e+00 5.310000e+01 4.025902e+00
    endloop
  endfacet
  facet normal 0.000000e+00 1.000000e+00 0.000000e+00
    outer loop
      vertex   -2.837452e+00 5.310000e+01 4.025902e+00
      vertex   -1.627921e+00 5.310000e+01 4.510232e+00
      vertex   -1.539262e+00 5.310000e+01 4.278424e+00
    endloop
  endfacet
  facet normal -0.000000e+00 1.000000e+00 0.000000e+00
    outer loop
      vertex   -2.837452e+00 5.310000e+01 4.025902e+00
      vertex   -1.539262e+00 5.310000e+01 4.278424e+00
      vertex   -2.713071e+00 5.310000e+01 3.719671e+00
    endloop
  endfacet
  facet normal -0.000000e+00 1.000000e+00 0.000000e+00
    outer loop
      vertex   -2.713071e+00 5.310000e+01 3.719671e+00
      vertex   -1.539262e+00 5.310000e+01 4.278424e+00
      vertex   -2.555758e+00 5.310000e+01 3.428981e+00
    endloop
  endfacet
  facet normal 0.000000e+00 1.000000e+00 0.000000e+00
    outer loop
      vertex   -2.555758e+00 5.310000e+01 3.428981e+00
      vertex   -1.539262e+00 5.310000e+01 4.278424e+00
      vertex   -1.417796e+00 5.310000e+01 4.061995e+00
    endloop
  endfacet
  facet normal -0.000000e+00 1.000000e+00 0.000000e+00
    outer loop
      vertex   -2.555758e+00 5.310000e+01 3.428981e+00
      vertex   -1.417796e+00 5.310000e+01 4.061995e+00
      vertex   -2.367422e+00 5.310000e+01 3.157362e+00
    endloop
  endfacet
  facet normal 0.000000e+00 1.000000e+00 0.000000e+00
    outer loop
      vertex   -2.367422e+00 5.310000e+01 3.157362e+00
      vertex   -1.417796e+00 5.310000e+01 4.061995e+00
      vertex   -1.266113e+00 5.310000e+01 3.865558e+00
    endloop
  endfacet
  facet normal -0.000000e+00 1.000000e+00 0.000000e+00
    outer loop
      vertex   -2.367422e+00 5.310000e+01 3.157362e+00
      vertex   -1.266113e+00 5.310000e+01 3.865558e+00
      vertex   -2.150348e+00 5.310000e+01 2.908110e+00
    endloop
  endfacet
  facet normal 0.000000e+00 1.000000e+00 0.000000e+00
    outer loop
      vertex   -2.150348e+00 5.310000e+01 2.908110e+00
      vertex   -1.266113e+00 5.310000e+01 3.865558e+00
      vertex   -1.087444e+00 5.310000e+01 3.693300e+00
    endloop
  endfacet
  facet normal -0.000000e+00 1.000000e+00 0.000000e+00
    outer loop
      vertex   -2.150348e+00 5.310000e+01 2.908110e+00
      vertex   -1.087444e+00 5.310000e+01 3.693300e+00
      vertex   -1.907171e+00 5.310000e+01 2.684250e+00
    endloop
  endfacet
  facet normal -0.000000e+00 1.000000e+00 0.000000e+00
    outer loop
      vertex   -1.907171e+00 5.310000e+01 2.684250e+00
      vertex   -1.087444e+00 5.310000e+01 3.693300e+00
      vertex   -1.640844e+00 5.310000e+01 2.488501e+00
    endloop
  endfacet
  facet normal 0.000000e+00 1.000000e+00 0.000000e+00
    outer loop
      vertex   -1.640844e+00 5.310000e+01 2.488501e+00
      vertex   -1.087444e+00 5.310000e+01 3.693300e+00
      vertex   -8.855986e-01 5.310000e+01 3.548892e+00
    endloop
  endfacet
  facet normal -0.000000e+00 1.000000e+00 0.000000e+00
    outer loop
      vertex   -1.640844e+00 5.310000e+01 2.488501e+00
      vertex   -8.855986e-01 5.310000e+01 3.548892e+00
      vertex   -1.354600e+00 5.310000e+01 2.323237e+00
    endloop
  endfacet
  facet normal 0.000000e+00 1.000000e+00 0.000000e+00
    outer loop
      vertex   -1.354600e+00 5.310000e+01 2.323237e+00
      vertex   -8.855986e-01 5.310000e+01 3.548892e+00
      vertex   -6.648780e-01 5.310000e+01 3.435411e+00
    endloop
  endfacet
  facet normal -0.000000e+00 1.000000e+00 0.000000e+00
    outer loop
      vertex   -1.354600e+00 5.310000e+01 2.323237e+00
      vertex   -6.648780e-01 5.310000e+01 3.435411e+00
      vertex   -1.051913e+00 5.310000e+01 2.190466e+00
    endloop
  endfacet
  facet normal 0.000000e+00 1.000000e+00 0.000000e+00
    outer loop
      vertex   -1.051913e+00 5.310000e+01 2.190466e+00
      vertex   -6.648780e-01 5.310000e+01 3.435411e+00
      vertex   -4.299868e-01 5.310000e+01 3.355278e+00
    endloop
  endfacet
  facet normal -0.000000e+00 1.000000e+00 0.000000e+00
    outer loop
      vertex   -1.051913e+00 5.310000e+01 2.190466e+00
      vertex   -4.299868e-01 5.310000e+01 3.355278e+00
      vertex   -7.364565e-01 5.310000e+01 2.091799e+00
    endloop
  endfacet
  facet normal -0.000000e+00 1.000000e+00 0.000000e+00
    outer loop
      vertex   -7.364565e-01 5.310000e+01 2.091799e+00
      vertex   -4.299868e-01 5.310000e+01 3.355278e+00
      vertex   -4.120607e-01 5.310000e+01 2.028434e+00
    endloop
  endfacet
  facet normal 0.000000e+00 1.000000e+00 -0.000000e+00
    outer loop
      vertex   -4.120607e-01 5.310000e+01 2.028434e+00
      vertex   -4.299868e-01 5.310000e+01 3.355278e+00
      vertex   -1.859311e-01 5.310000e+01 3.310198e+00
    endloop
  endfacet
  facet normal -0.000000e+00 1.000000e+00 0.000000e+00
    outer loop
      vertex   -4.120607e-01 5.310000e+01 2.028434e+00
      vertex   -1.859311e-01 5.310000e+01 3.310198e+00
      vertex   -8.266303e-02 5.310000e+01 2.001139e+00
    endloop
  endfacet
  facet normal 0.000000e+00 1.000000e+00 -0.000000e+00
    outer loop
      vertex   -8.266303e-02 5.310000e+01 2.001139e+00
      vertex   -1.859311e-01 5.310000e+01 3.310198e+00
      vertex   6.208744e-02 5.310000e+01 3.301134e+00
    endloop
  endfacet
  facet normal 0.000000e+00 1.000000e+00 0.000000e+00
    outer loop
      vertex   -8.266303e-02 5.310000e+01 2.001139e+00
      vertex   6.208744e-02 5.310000e+01 3.301134e+00
      vertex   2.477380e-01 5.310000e+01 2.010247e+00
    endloop
  endfacet
  facet normal 0.000000e+00 1.000000e+00 -0.000000e+00
    outer loop
      vertex   2.477380e-01 5.310000e+01 2.010247e+00
      vertex   6.208744e-02 5.310000e+01 3.301134e+00
      vertex   3.087826e-01 5.310000e+01 3.328278e+00
    endloop
  endfacet
  facet normal 0.000000e+00 1.000000e+00 0.000000e+00
    outer loop
      vertex   2.477380e-01 5.310000e+01 2.010247e+00
      vertex   3.087826e-01 5.310000e+01 3.328278e+00
      vertex   5.751319e-01 5.310000e+01 2.055646e+00
    endloop
  endfacet
  facet normal 0.000000e+00 1.000000e+00 -0.000000e+00
    outer loop
      vertex   5.751319e-01 5.310000e+01 2.055646e+00
      vertex   3.087826e-01 5.310000e+01 3.328278e+00
      vertex   8.955444e-01 5.310000e+01 2.136785e+00
    endloop
  endfacet
  facet normal 0.000000e+00 1.000000e+00 0.000000e+00
    outer loop
      vertex   8.955444e-01 5.310000e+01 2.136785e+00
      vertex   3.087826e-01 5.310000e+01 3.328278e+00
      vertex   5.488967e-01 5.310000e+01 3.391052e+00
    endloop
  endfacet
  facet normal 0.000000e+00 1.000000e+00 -0.000000e+00
    outer loop
      vertex   8.955444e-01 5.310000e+01 2.136785e+00
      vertex   5.488967e-01 5.310000e+01 3.391052e+00
      vertex   1.205086e+00 5.310000e+01 2.252680e+00
    endloop
  endfacet
  facet normal 0.000000e+00 1.000000e+00 0.000000e+00
    outer loop
      vertex   1.205086e+00 5.310000e+01 2.252680e+00
      vertex   5.488967e-01 5.310000e+01 3.391052e+00
      vertex   7.773119e-01 5.310000e+01 3.488118e+00
    endloop
  endfacet
  facet normal 0.000000e+00 1.000000e+00 -0.000000e+00
    outer loop
      vertex   1.205086e+00 5.310000e+01 2.252680e+00
      vertex   7.773119e-01 5.310000e+01 3.488118e+00
      vertex   1.500000e+00 5.310000e+01 2.401924e+00
    endloop
  endfacet
  facet normal 0.000000e+00 1.000000e+00 0.000000e+00
    outer loop
      vertex   1.500000e+00 5.310000e+01 2.401924e+00
      vertex   7.773119e-01 5.310000e+01 3.488118e+00
      vertex   9.891602e-01 5.310000e+01 3.617407e+00
    endloop
  endfacet
  facet normal 0.000000e+00 1.000000e+00 -0.000000e+00
    outer loop
      vertex   1.500000e+00 5.310000e+01 2.401924e+00
      vertex   9.891602e-01 5.310000e+01 3.617407e+00
      vertex   1.776706e+00 5.310000e+01 2.582705e+00
    endloop
  endfacet
  facet normal 0.000000e+00 1.000000e+00 -0.000000e+00
    outer loop
      vertex   1.776706e+00 5.310000e+01 2.582705e+00
      vertex   9.891602e-01 5.310000e+01 3.617407e+00
      vertex   2.031845e+00 5.310000e+01 2.792828e+00
    endloop
  endfacet
  facet normal 0.000000e+00 1.000000e+00 0.000000e+00
    outer loop
      vertex   2.031845e+00 5.310000e+01 2.792828e+00
      vertex   9.891602e-01 5.310000e+01 3.617407e+00
      vertex   1.179926e+00 5.310000e+01 3.776164e+00
    endloop
  endfacet
  facet normal 0.000000e+00 1.000000e+00 -0.000000e+00
    outer loop
      vertex   2.031845e+00 5.310000e+01 2.792828e+00
      vertex   1.179926e+00 5.310000e+01 3.776164e+00
      vertex   2.262320e+00 5.310000e+01 3.029744e+00
    endloop
  endfacet
  facet normal 0.000000e+00 1.000000e+00 0.000000e+00
    outer loop
      vertex   2.262320e+00 5.310000e+01 3.029744e+00
      vertex   1.179926e+00 5.310000e+01 3.776164e+00
      vertex   1.345544e+00 5.310000e+01 3.961005e+00
    endloop
  endfacet
  facet normal 0.000000e+00 1.000000e+00 -0.000000e+00
    outer loop
      vertex   2.262320e+00 5.310000e+01 3.029744e+00
      vertex   1.345544e+00 5.310000e+01 3.961005e+00
      vertex   2.465333e+00 5.310000e+01 3.290576e+00
    endloop
  endfacet
  facet normal 0.000000e+00 1.000000e+00 0.000000e+00
    outer loop
      vertex   2.465333e+00 5.310000e+01 3.290576e+00
      vertex   1.345544e+00 5.310000e+01 3.961005e+00
      vertex   1.482484e+00 5.310000e+01 4.167990e+00
    endloop
  endfacet
  facet normal 0.000000e+00 1.000000e+00 -0.000000e+00
    outer loop
      vertex   2.465333e+00 5.310000e+01 3.290576e+00
      vertex   1.482484e+00 5.310000e+01 4.167990e+00
      vertex   2.638421e+00 5.310000e+01 3.572158e+00
    endloop
  endfacet
  facet normal 0.000000e+00 1.000000e+00 -0.000000e+00
    outer loop
      vertex   2.638421e+00 5.310000e+01 3.572158e+00
      vertex   1.482484e+00 5.310000e+01 4.167990e+00
      vertex   2.779482e+00 5.310000e+01 3.871072e+00
    endloop
  endfacet
  facet normal 0.000000e+00 1.000000e+00 0.000000e+00
    outer loop
      vertex   2.779482e+00 5.310000e+01 3.871072e+00
      vertex   1.482484e+00 5.310000e+01 4.167990e+00
      vertex   1.587827e+00 5.310000e+01 4.392707e+00
    endloop
  endfacet
  facet normal 0.000000e+00 1.000000e+00 -0.000000e+00
    outer loop
      vertex   2.779482e+00 5.310000e+01 3.871072e+00
      vertex   1.587827e+00 5.310000e+01 4.392707e+00
      vertex   2.886804e+00 5.310000e+01 4.183690e+00
    endloop
  endfacet
  facet normal 0.000000e+00 1.000000e+00 0.000000e+00
    outer loop
      vertex   2.886804e+00 5.310000e+01 4.183690e+00
      vertex   1.587827e+00 5.310000e+01 4.392707e+00
      vertex   1.659329e+00 5.310000e+01 4.630369e+00
    endloop
  endfacet
  facet normal 0.000000e+00 1.000000e+00 -0.000000e+00
    outer loop
      vertex   2.886804e+00 5.310000e+01 4.183690e+00
      vertex   1.659329e+00 5.310000e+01 4.630369e+00
      vertex   2.959084e+00 5.310000e+01 4.506216e+00
    endloop
  endfacet
  facet normal 0.000000e+00 1.000000e+00 0.000000e+00
    outer loop
      vertex   2.959084e+00 5.310000e+01 4.506216e+00
      vertex   1.659329e+00 5.310000e+01 4.630369e+00
      vertex   1.695465e+00 5.310000e+01 4.875908e+00
    endloop
  endfacet
  facet normal 0.000000e+00 1.000000e+00 -0.000000e+00
    outer loop
      vertex   2.959084e+00 5.310000e+01 4.506216e+00
      vertex   1.695465e+00 5.310000e+01 4.875908e+00
      vertex   2.995445e+00 5.310000e+01 4.834737e+00
    endloop
  endfacet
  facet normal 0.000000e+00 1.000000e+00 0.000000e+00
    outer loop
      vertex   2.995445e+00 5.310000e+01 4.834737e+00
      vertex   1.695465e+00 5.310000e+01 4.875908e+00
      vertex   1.695465e+00 5.310000e+01 5.124092e+00
    endloop
  endfacet
  facet normal 0.000000e+00 1.000000e+00 -0.000000e+00
    outer loop
      vertex   2.995445e+00 5.310000e+01 4.834737e+00
      vertex   1.695465e+00 5.310000e+01 5.124092e+00
      vertex   2.995445e+00 5.310000e+01 5.165263e+00
    endloop
  endfacet
  facet normal 0.000000e+00 1.000000e+00 0.000000e+00
    outer loop
      vertex   2.995445e+00 5.310000e+01 5.165263e+00
      vertex   1.695465e+00 5.310000e+01 5.124092e+00
      vertex   2.959084e+00 5.310000e+01 5.493784e+00
    endloop
  endfacet
  facet normal 0.000000e+00 1.000000e+00 0.000000e+00
    outer loop
      vertex   2.959084e+00 5.310000e+01 5.493784e+00
      vertex   1.695465e+00 5.310000e+01 5.124092e+00
      vertex   1.659329e+00 5.310000e+01 5.369631e+00
    endloop
  endfacet
  facet normal 0.000000e+00 1.000000e+00 0.000000e+00
    outer loop
      vertex   2.959084e+00 5.310000e+01 5.493784e+00
      vertex   1.659329e+00 5.310000e+01 5.369631e+00
      vertex   2.886804e+00 5.310000e+01 5.816310e+00
    endloop
  endfacet
  facet normal 0.000000e+00 1.000000e+00 0.000000e+00
    outer loop
      vertex   2.886804e+00 5.310000e+01 5.816310e+00
      vertex   1.659329e+00 5.310000e+01 5.369631e+00
      vertex   1.587827e+00 5.310000e+01 5.607293e+00
    endloop
  endfacet
  facet normal 0.000000e+00 1.000000e+00 0.000000e+00
    outer loop
      vertex   2.886804e+00 5.310000e+01 5.816310e+00
      vertex   1.587827e+00 5.310000e+01 5.607293e+00
      vertex   2.779482e+00 5.310000e+01 6.128928e+00
    endloop
  endfacet
  facet normal 0.000000e+00 1.000000e+00 0.000000e+00
    outer loop
      vertex   2.779482e+00 5.310000e+01 6.128928e+00
      vertex   1.587827e+00 5.310000e+01 5.607293e+00
      vertex   1.482484e+00 5.310000e+01 5.832010e+00
    endloop
  endfacet
  facet normal 0.000000e+00 1.000000e+00 0.000000e+00
    outer loop
      vertex   2.779482e+00 5.310000e+01 6.128928e+00
      vertex   1.482484e+00 5.310000e+01 5.832010e+00
      vertex   2.638421e+00 5.310000e+01 6.427842e+00
    endloop
  endfacet
  facet normal 0.000000e+00 1.000000e+00 0.000000e+00
    outer loop
      vertex   2.638421e+00 5.310000e+01 6.427842e+00
      vertex   1.482484e+00 5.310000e+01 5.832010e+00
      vertex   2.465333e+00 5.310000e+01 6.709424e+00
    endloop
  endfacet
  facet normal 0.000000e+00 1.000000e+00 0.000000e+00
    outer loop
      vertex   2.465333e+00 5.310000e+01 6.709424e+00
      vertex   1.482484e+00 5.310000e+01 5.832010e+00
      vertex   1.345544e+00 5.310000e+01 6.038995e+00
    endloop
  endfacet
  facet normal 0.000000e+00 1.000000e+00 0.000000e+00
    outer loop
      vertex   2.465333e+00 5.310000e+01 6.709424e+00
      vertex   1.345544e+00 5.310000e+01 6.038995e+00
      vertex   2.262320e+00 5.310000e+01 6.970256e+00
    endloop
  endfacet
  facet normal 0.000000e+00 1.000000e+00 0.000000e+00
    outer loop
      vertex   2.262320e+00 5.310000e+01 6.970256e+00
      vertex   1.345544e+00 5.310000e+01 6.038995e+00
      vertex   1.179926e+00 5.310000e+01 6.223836e+00
    endloop
  endfacet
  facet normal 0.000000e+00 1.000000e+00 0.000000e+00
    outer loop
      vertex   2.262320e+00 5.310000e+01 6.970256e+00
      vertex   1.179926e+00 5.310000e+01 6.223836e+00
      vertex   2.031845e+00 5.310000e+01 7.207172e+00
    endloop
  endfacet
  facet normal 0.000000e+00 1.000000e+00 0.000000e+00
    outer loop
      vertex   2.031845e+00 5.310000e+01 7.207172e+00
      vertex   1.179926e+00 5.310000e+01 6.223836e+00
      vertex   9.891602e-01 5.310000e+01 6.382593e+00
    endloop
  endfacet
  facet normal 0.000000e+00 1.000000e+00 0.000000e+00
    outer loop
      vertex   2.031845e+00 5.310000e+01 7.207172e+00
      vertex   9.891602e-01 5.310000e+01 6.382593e+00
      vertex   1.776706e+00 5.310000e+01 7.417295e+00
    endloop
  endfacet
  facet normal 0.000000e+00 1.000000e+00 0.000000e+00
    outer loop
      vertex   1.776706e+00 5.310000e+01 7.417295e+00
      vertex   9.891602e-01 5.310000e+01 6.382593e+00
      vertex   1.500000e+00 5.310000e+01 7.598076e+00
    endloop
  endfacet
  facet normal 0.000000e+00 1.000000e+00 0.000000e+00
    outer loop
      vertex   1.500000e+00 5.310000e+01 7.598076e+00
      vertex   9.891602e-01 5.310000e+01 6.382593e+00
      vertex   7.773119e-01 5.310000e+01 6.511882e+00
    endloop
  endfacet
  facet normal 0.000000e+00 1.000000e+00 0.000000e+00
    outer loop
      vertex   1.500000e+00 5.310000e+01 7.598076e+00
      vertex   7.773119e-01 5.310000e+01 6.511882e+00
      vertex   1.205086e+00 5.310000e+01 7.747320e+00
    endloop
  endfacet
  facet normal 0.000000e+00 1.000000e+00 0.000000e+00
    outer loop
      vertex   1.205086e+00 5.310000e+01 7.747320e+00
      vertex   7.773119e-01 5.310000e+01 6.511882e+00
      vertex   5.488967e-01 5.310000e+01 6.608948e+00
    endloop
  endfacet
  facet normal 0.000000e+00 1.000000e+00 0.000000e+00
    outer loop
      vertex   1.205086e+00 5.310000e+01 7.747320e+00
      vertex   5.488967e-01 5.310000e+01 6.608948e+00
      vertex   8.955444e-01 5.310000e+01 7.863215e+00
    endloop
  endfacet
  facet normal 0.000000e+00 1.000000e+00 0.000000e+00
    outer loop
      vertex   8.955444e-01 5.310000e+01 7.863215e+00
      vertex   5.488967e-01 5.310000e+01 6.608948e+00
      vertex   3.087826e-01 5.310000e+01 6.671722e+00
    endloop
  endfacet
  facet normal 0.000000e+00 1.000000e+00 0.000000e+00
    outer loop
      vertex   8.955444e-01 5.310000e+01 7.863215e+00
      vertex   3.087826e-01 5.310000e+01 6.671722e+00
      vertex   5.751319e-01 5.310000e+01 7.944354e+00
    endloop
  endfacet
  facet normal 0.000000e+00 1.000000e+00 0.000000e+00
    outer loop
      vertex   5.751319e-01 5.310000e+01 7.944354e+00
      vertex   3.087826e-01 5.310000e+01 6.671722e+00
      vertex   2.477380e-01 5.310000e+01 7.989753e+00
    endloop
  endfacet
  facet normal 0.000000e+00 1.000000e+00 0.000000e+00
    outer loop
      vertex   2.477380e-01 5.310000e+01 7.989753e+00
      vertex   3.087826e-01 5.310000e+01 6.671722e+00
      vertex   6.208744e-02 5.310000e+01 6.698866e+00
    endloop
  endfacet
  facet normal 0.000000e+00 1.000000e+00 0.000000e+00
    outer loop
      vertex   2.477380e-01 5.310000e+01 7.989753e+00
      vertex   6.208744e-02 5.310000e+01 6.698866e+00
      vertex   -8.266303e-02 5.310000e+01 7.998861e+00
    endloop
  endfacet
  facet normal 0.000000e+00 1.000000e+00 0.000000e+00
    outer loop
      vertex   -8.266303e-02 5.310000e+01 7.998861e+00
      vertex   6.208744e-02 5.310000e+01 6.698866e+00
      vertex   -1.859311e-01 5.310000e+01 6.689802e+00
    endloop
  endfacet
  facet normal 0.000000e+00 1.000000e+00 0.000000e+00
    outer loop
      vertex   -8.266303e-02 5.310000e+01 7.998861e+00
      vertex   -1.859311e-01 5.310000e+01 6.689802e+00
      vertex   -4.120607e-01 5.310000e+01 7.971566e+00
    endloop
  endfacet
  facet normal 0.000000e+00 1.000000e+00 0.000000e+00
    outer loop
      vertex   -4.120607e-01 5.310000e+01 7.971566e+00
      vertex   -1.859311e-01 5.310000e+01 6.689802e+00
      vertex   -4.299868e-01 5.310000e+01 6.644722e+00
    endloop
  endfacet
  facet normal 0.000000e+00 1.000000e+00 0.000000e+00
    outer loop
      vertex   -4.120607e-01 5.310000e+01 7.971566e+00
      vertex   -4.299868e-01 5.310000e+01 6.644722e+00
      vertex   -7.364565e-01 5.310000e+01 7.908201e+00
    endloop
  endfacet
  facet normal 0.000000e+00 1.000000e+00 0.000000e+00
    outer loop
      vertex   -7.364565e-01 5.310000e+01 7.908201e+00
      vertex   -4.299868e-01 5.310000e+01 6.644722e+00
      vertex   -1.051913e+00 5.310000e+01 7.809534e+00
    endloop
  endfacet
  facet normal 0.000000e+00 1.000000e+00 0.000000e+00
    outer loop
      vertex   -1.051913e+00 5.310000e+01 7.809534e+00
      vertex   -4.299868e-01 5.310000e+01 6.644722e+00
      vertex   -6.648780e-01 5.310000e+01 6.564589e+00
    endloop
  endfacet
  facet normal 0.000000e+00 1.000000e+00 0.000000e+00
    outer loop
      vertex   -1.051913e+00 5.310000e+01 7.809534e+00
      vertex   -6.648780e-01 5.310000e+01 6.564589e+00
      vertex   -1.354600e+00 5.310000e+01 7.676763e+00
    endloop
  endfacet
  facet normal 0.000000e+00 1.000000e+00 0.000000e+00
    outer loop
      vertex   -1.354600e+00 5.310000e+01 7.676763e+00
      vertex   -6.648780e-01 5.310000e+01 6.564589e+00
      vertex   -8.855986e-01 5.310000e+01 6.451108e+00
    endloop
  endfacet
  facet normal 0.000000e+00 1.000000e+00 0.000000e+00
    outer loop
      vertex   -1.354600e+00 5.310000e+01 7.676763e+00
      vertex   -8.855986e-01 5.310000e+01 6.451108e+00
      vertex   -1.640844e+00 5.310000e+01 7.511499e+00
    endloop
  endfacet
  facet normal 0.000000e+00 1.000000e+00 0.000000e+00
    outer loop
      vertex   -1.640844e+00 5.310000e+01 7.511499e+00
      vertex   -8.855986e-01 5.310000e+01 6.451108e+00
      vertex   -1.087444e+00 5.310000e+01 6.306700e+00
    endloop
  endfacet
  facet normal 0.000000e+00 1.000000e+00 0.000000e+00
    outer loop
      vertex   -1.640844e+00 5.310000e+01 7.511499e+00
      vertex   -1.087444e+00 5.310000e+01 6.306700e+00
      vertex   -1.907171e+00 5.310000e+01 7.315750e+00
    endloop
  endfacet
  facet normal 0.000000e+00 1.000000e+00 0.000000e+00
    outer loop
      vertex   -1.907171e+00 5.310000e+01 7.315750e+00
      vertex   -1.087444e+00 5.310000e+01 6.306700e+00
      vertex   -2.150348e+00 5.310000e+01 7.091890e+00
    endloop
  endfacet
  facet normal 0.000000e+00 1.000000e+00 0.000000e+00
    outer loop
      vertex   -2.150348e+00 5.310000e+01 7.091890e+00
      vertex   -1.087444e+00 5.310000e+01 6.306700e+00
      vertex   -1.266113e+00 5.310000e+01 6.134442e+00
    endloop
  endfacet
  facet normal 0.000000e+00 1.000000e+00 0.000000e+00
    outer loop
      vertex   -2.150348e+00 5.310000e+01 7.091890e+00
      vertex   -1.266113e+00 5.310000e+01 6.134442e+00
      vertex   -2.367422e+00 5.310000e+01 6.842638e+00
    endloop
  endfacet
  facet normal 0.000000e+00 1.000000e+00 0.000000e+00
    outer loop
      vertex   -2.367422e+00 5.310000e+01 6.842638e+00
      vertex   -1.266113e+00 5.310000e+01 6.134442e+00
      vertex   -1.417796e+00 5.310000e+01 5.938005e+00
    endloop
  endfacet
  facet normal 0.000000e+00 1.000000e+00 0.000000e+00
    outer loop
      vertex   -2.367422e+00 5.310000e+01 6.842638e+00
      vertex   -1.417796e+00 5.310000e+01 5.938005e+00
      vertex   -2.555758e+00 5.310000e+01 6.571019e+00
    endloop
  endfacet
  facet normal 0.000000e+00 1.000000e+00 0.000000e+00
    outer loop
      vertex   -2.555758e+00 5.310000e+01 6.571019e+00
      vertex   -1.417796e+00 5.310000e+01 5.938005e+00
      vertex   -1.539262e+00 5.310000e+01 5.721576e+00
    endloop
  endfacet
  facet normal 0.000000e+00 1.000000e+00 0.000000e+00
    outer loop
      vertex   -2.555758e+00 5.310000e+01 6.571019e+00
      vertex   -1.539262e+00 5.310000e+01 5.721576e+00
      vertex   -2.713071e+00 5.310000e+01 6.280329e+00
    endloop
  endfacet
  facet normal 0.000000e+00 1.000000e+00 0.000000e+00
    outer loop
      vertex   -2.713071e+00 5.310000e+01 6.280329e+00
      vertex   -1.539262e+00 5.310000e+01 5.721576e+00
      vertex   -2.837452e+00 5.310000e+01 5.974098e+00
    endloop
  endfacet
  facet normal 0.000000e+00 1.000000e+00 0.000000e+00
    outer loop
      vertex   -2.837452e+00 5.310000e+01 5.974098e+00
      vertex   -1.539262e+00 5.310000e+01 5.721576e+00
      vertex   -1.627921e+00 5.310000e+01 5.489768e+00
    endloop
  endfacet
  facet normal 0.000000e+00 1.000000e+00 0.000000e+00
    outer loop
      vertex   -2.837452e+00 5.310000e+01 5.974098e+00
      vertex   -1.627921e+00 5.310000e+01 5.489768e+00
      vertex   -2.927389e+00 5.310000e+01 5.656043e+00
    endloop
  endfacet
  facet normal 0.000000e+00 1.000000e+00 0.000000e+00
    outer loop
      vertex   -2.927389e+00 5.310000e+01 5.656043e+00
      vertex   -1.627921e+00 5.310000e+01 5.489768e+00
      vertex   -1.681884e+00 5.310000e+01 5.247522e+00
    endloop
  endfacet
  facet normal 0.000000e+00 1.000000e+00 0.000000e+00
    outer loop
      vertex   -2.927389e+00 5.310000e+01 5.656043e+00
      vertex   -1.681884e+00 5.310000e+01 5.247522e+00
      vertex   -2.981792e+00 5.310000e+01 5.330025e+00
    endloop
  endfacet
  facet normal 0.000000e+00 1.000000e+00 0.000000e+00
    outer loop
      vertex   -2.981792e+00 5.310000e+01 5.330025e+00
      vertex   -1.681884e+00 5.310000e+01 5.247522e+00
      vertex   -1.700000e+00 5.310000e+01 5.000000e+00
    endloop
  endfacet
  facet normal 9.973323e-01 0.000000e+00 -7.299531e-02
    outer loop
      vertex   -1.681884e+00 5.310000e+01 5.247522e+00
      vertex   -1.681884e+00 4.930000e+01 5.247522e+00
      vertex   -1.700000e+00 5.310000e+01 5.000000e+00
    endloop
  endfacet
  facet normal 9.973323e-01 0.000000e+00 -7.299531e-02
    outer loop
      vertex   -1.700000e+00 5.310000e+01 5.000000e+00
      vertex   -1.681884e+00 4.930000e+01 5.247522e+00
      vertex   -1.700000e+00 4.930000e+01 5.000000e+00
    endloop
  endfacet
  facet normal 9.973323e-01 0.000000e+00 7.299531e-02
    outer loop
      vertex   -1.700000e+00 5.310000e+01 5.000000e+00
      vertex   -1.700000e+00 4.930000e+01 5.000000e+00
      vertex   -1.681884e+00 5.310000e+01 4.752478e+00
    endloop
  endfacet
  facet normal 9.973323e-01 0.000000e+00 7.299531e-02
    outer loop
      vertex   -1.681884e+00 5.310000e+01 4.752478e+00
      vertex   -1.700000e+00 4.930000e+01 5.000000e+00
      vertex   -1.681884e+00 4.930000e+01 4.752478e+00
    endloop
  endfacet
  facet normal 9.760759e-01 0.000000e+00 2.174302e-01
    outer loop
      vertex   -1.681884e+00 5.310000e+01 4.752478e+00
      vertex   -1.681884e+00 4.930000e+01 4.752478e+00
      vertex   -1.627921e+00 5.310000e+01 4.510232e+00
    endloop
  endfacet
  facet normal 9.760759e-01 0.000000e+00 2.174302e-01
    outer loop
      vertex   -1.627921e+00 5.310000e+01 4.510232e+00
      vertex   -1.681884e+00 4.930000e+01 4.752478e+00
      vertex   -1.627921e+00 4.930000e+01 4.510232e+00
    endloop
  endfacet
  facet normal 9.340161e-01 0.000000e+00 3.572309e-01
    outer loop
      vertex   -1.627921e+00 5.310000e+01 4.510232e+00
      vertex   -1.627921e+00 4.930000e+01 4.510232e+00
      vertex   -1.539262e+00 5.310000e+01 4.278424e+00
    endloop
  endfacet
  facet normal 9.340161e-01 0.000000e+00 3.572309e-01
    outer loop
      vertex   -1.539262e+00 5.310000e+01 4.278424e+00
      vertex   -1.627921e+00 4.930000e+01 4.510232e+00
      vertex   -1.539262e+00 4.930000e+01 4.278424e+00
    endloop
  endfacet
  facet normal 8.720494e-01 0.000000e+00 4.894178e-01
    outer loop
      vertex   -1.539262e+00 5.310000e+01 4.278424e+00
      vertex   -1.539262e+00 4.930000e+01 4.278424e+00
      vertex   -1.417796e+00 5.310000e+01 4.061995e+00
    endloop
  endfacet
  facet normal 8.720494e-01 0.000000e+00 4.894178e-01
    outer loop
      vertex   -1.417796e+00 5.310000e+01 4.061995e+00
      vertex   -1.539262e+00 4.930000e+01 4.278424e+00
      vertex   -1.417796e+00 4.930000e+01 4.061995e+00
    endloop
  endfacet
  facet normal 7.914965e-01 0.000000e+00 6.111737e-01
    outer loop
      vertex   -1.417796e+00 5.310000e+01 4.061995e+00
      vertex   -1.417796e+00 4.930000e+01 4.061995e+00
      vertex   -1.266113e+00 5.310000e+01 3.865558e+00
    endloop
  endfacet
  facet normal 7.914965e-01 0.000000e+00 6.111737e-01
    outer loop
      vertex   -1.266113e+00 5.310000e+01 3.865558e+00
      vertex   -1.417796e+00 4.930000e+01 4.061995e+00
      vertex   -1.266113e+00 4.930000e+01 3.865558e+00
    endloop
  endfacet
  facet normal 6.940742e-01 0.000000e+00 7.199035e-01
    outer loop
      vertex   -1.266113e+00 5.310000e+01 3.865558e+00
      vertex   -1.266113e+00 4.930000e+01 3.865558e+00
      vertex   -1.087444e+00 5.310000e+01 3.693300e+00
    endloop
  endfacet
  facet normal 6.940742e-01 0.000000e+00 7.199035e-01
    outer loop
      vertex   -1.087444e+00 5.310000e+01 3.693300e+00
      vertex   -1.266113e+00 4.930000e+01 3.865558e+00
      vertex   -1.087444e+00 4.930000e+01 3.693300e+00
    endloop
  endfacet
  facet normal 5.818589e-01 0.000000e+00 8.132897e-01
    outer loop
      vertex   -1.087444e+00 5.310000e+01 3.693300e+00
      vertex   -1.087444e+00 4.930000e+01 3.693300e+00
      vertex   -8.855986e-01 5.310000e+01 3.548892e+00
    endloop
  endfacet
  facet normal 5.818589e-01 0.000000e+00 8.132897e-01
    outer loop
      vertex   -8.855986e-01 5.310000e+01 3.548892e+00
      vertex   -1.087444e+00 4.930000e+01 3.693300e+00
      vertex   -8.855986e-01 4.930000e+01 3.548892e+00
    endloop
  endfacet
  facet normal 4.572423e-01 0.000000e+00 8.893421e-01
    outer loop
      vertex   -8.855986e-01 5.310000e+01 3.548892e+00
      vertex   -8.855986e-01 4.930000e+01 3.548892e+00
      vertex   -6.648780e-01 5.310000e+01 3.435411e+00
    endloop
  endfacet
  facet normal 4.572423e-01 0.000000e+00 8.893421e-01
    outer loop
      vertex   -6.648780e-01 5.310000e+01 3.435411e+00
      vertex   -8.855986e-01 4.930000e+01 3.548892e+00
      vertex   -6.648780e-01 4.930000e+01 3.435411e+00
    endloop
  endfacet
  facet normal 3.228804e-01 0.000000e+00 9.464398e-01
    outer loop
      vertex   -6.648780e-01 5.310000e+01 3.435411e+00
      vertex   -6.648780e-01 4.930000e+01 3.435411e+00
      vertex   -4.299868e-01 5.310000e+01 3.355278e+00
    endloop
  endfacet
  facet normal 3.228804e-01 0.000000e+00 9.464398e-01
    outer loop
      vertex   -4.299868e-01 5.310000e+01 3.355278e+00
      vertex   -6.648780e-01 4.930000e+01 3.435411e+00
      vertex   -4.299868e-01 4.930000e+01 3.355278e+00
    endloop
  endfacet
  facet normal 1.816369e-01 0.000000e+00 9.833657e-01
    outer loop
      vertex   -4.299868e-01 5.310000e+01 3.355278e+00
      vertex   -4.299868e-01 4.930000e+01 3.355278e+00
      vertex   -1.859311e-01 5.310000e+01 3.310198e+00
    endloop
  endfacet
  facet normal 1.816369e-01 0.000000e+00 9.833657e-01
    outer loop
      vertex   -1.859311e-01 5.310000e+01 3.310198e+00
      vertex   -4.299868e-01 4.930000e+01 3.355278e+00
      vertex   -1.859311e-01 4.930000e+01 3.310198e+00
    endloop
  endfacet
  facet normal 3.652202e-02 0.000000e+00 9.993328e-01
    outer loop
      vertex   -1.859311e-01 5.310000e+01 3.310198e+00
      vertex   -1.859311e-01 4.930000e+01 3.310198e+00
      vertex   6.208744e-02 5.310000e+01 3.301134e+00
    endloop
  endfacet
  facet normal 3.652202e-02 0.000000e+00 9.993328e-01
    outer loop
      vertex   6.208744e-02 5.310000e+01 3.301134e+00
      vertex   -1.859311e-01 4.930000e+01 3.310198e+00
      vertex   6.208744e-02 4.930000e+01 3.301134e+00
    endloop
  endfacet
  facet normal -1.093712e-01 0.000000e+00 9.940010e-01
    outer loop
      vertex   6.208744e-02 5.310000e+01 3.301134e+00
      vertex   6.208744e-02 4.930000e+01 3.301134e+00
      vertex   3.087826e-01 5.310000e+01 3.328278e+00
    endloop
  endfacet
  facet normal -1.093712e-01 0.000000e+00 9.940010e-01
    outer loop
      vertex   3.087826e-01 5.310000e+01 3.328278e+00
      vertex   6.208744e-02 4.930000e+01 3.301134e+00
      vertex   3.087826e-01 4.930000e+01 3.328278e+00
    endloop
  endfacet
  facet normal -2.529334e-01 0.000000e+00 9.674837e-01
    outer loop
      vertex   3.087826e-01 5.310000e+01 3.328278e+00
      vertex   3.087826e-01 4.930000e+01 3.328278e+00
      vertex   5.488967e-01 5.310000e+01 3.391052e+00
    endloop
  endfacet
  facet normal -2.529334e-01 0.000000e+00 9.674837e-01
    outer loop
      vertex   5.488967e-01 5.310000e+01 3.391052e+00
      vertex   3.087826e-01 4.930000e+01 3.328278e+00
      vertex   5.488967e-01 4.930000e+01 3.391052e+00
    endloop
  endfacet
  facet normal -3.911047e-01 0.000000e+00 9.203462e-01
    outer loop
      vertex   5.488967e-01 5.310000e+01 3.391052e+00
      vertex   5.488967e-01 4.930000e+01 3.391052e+00
      vertex   7.773119e-01 5.310000e+01 3.488118e+00
    endloop
  endfacet
  facet normal -3.911047e-01 0.000000e+00 9.203462e-01
    outer loop
      vertex   7.773119e-01 5.310000e+01 3.488118e+00
      vertex   5.488967e-01 4.930000e+01 3.391052e+00
      vertex   7.773119e-01 4.930000e+01 3.488118e+00
    endloop
  endfacet
  facet normal -5.209403e-01 0.000000e+00 8.535931e-01
    outer loop
      vertex   7.773119e-01 5.310000e+01 3.488118e+00
      vertex   7.773119e-01 4.930000e+01 3.488118e+00
      vertex   9.891602e-01 5.310000e+01 3.617407e+00
    endloop
  endfacet
  facet normal -5.209403e-01 0.000000e+00 8.535931e-01
    outer loop
      vertex   9.891602e-01 5.310000e+01 3.617407e+00
      vertex   7.773119e-01 4.930000e+01 3.488118e+00
      vertex   9.891602e-01 4.930000e+01 3.617407e+00
    endloop
  endfacet
  facet normal -6.396730e-01 0.000000e+00 7.686471e-01
    outer loop
      vertex   9.891602e-01 5.310000e+01 3.617407e+00
      vertex   9.891602e-01 4.930000e+01 3.617407e+00
      vertex   1.179926e+00 5.310000e+01 3.776164e+00
    endloop
  endfacet
  facet normal -6.396730e-01 0.000000e+00 7.686471e-01
    outer loop
      vertex   1.179926e+00 5.310000e+01 3.776164e+00
      vertex   9.891602e-01 4.930000e+01 3.617407e+00
      vertex   1.179926e+00 4.930000e+01 3.776164e+00
    endloop
  endfacet
  facet normal -7.447722e-01 0.000000e+00 6.673188e-01
    outer loop
      vertex   1.179926e+00 5.310000e+01 3.776164e+00
      vertex   1.179926e+00 4.930000e+01 3.776164e+00
      vertex   1.345544e+00 5.310000e+01 3.961005e+00
    endloop
  endfacet
  facet normal -7.447722e-01 0.000000e+00 6.673188e-01
    outer loop
      vertex   1.345544e+00 5.310000e+01 3.961005e+00
      vertex   1.179926e+00 4.930000e+01 3.776164e+00
      vertex   1.345544e+00 4.930000e+01 3.961005e+00
    endloop
  endfacet
  facet normal -8.339978e-01 0.000000e+00 5.517677e-01
    outer loop
      vertex   1.345544e+00 5.310000e+01 3.961005e+00
      vertex   1.345544e+00 4.930000e+01 3.961005e+00
      vertex   1.482484e+00 5.310000e+01 4.167990e+00
    endloop
  endfacet
  facet normal -8.339978e-01 0.000000e+00 5.517677e-01
    outer loop
      vertex   1.482484e+00 5.310000e+01 4.167990e+00
      vertex   1.345544e+00 4.930000e+01 3.961005e+00
      vertex   1.482484e+00 4.930000e+01 4.167990e+00
    endloop
  endfacet
  facet normal -9.054482e-01 0.000000e+00 4.244567e-01
    outer loop
      vertex   1.482484e+00 5.310000e+01 4.167990e+00
      vertex   1.482484e+00 4.930000e+01 4.167990e+00
      vertex   1.587827e+00 5.310000e+01 4.392707e+00
    endloop
  endfacet
  facet normal -9.054482e-01 0.000000e+00 4.244567e-01
    outer loop
      vertex   1.587827e+00 5.310000e+01 4.392707e+00
      vertex   1.482484e+00 4.930000e+01 4.167990e+00
      vertex   1.587827e+00 4.930000e+01 4.392707e+00
    endloop
  endfacet
  facet normal -9.576006e-01 0.000000e+00 2.880991e-01
    outer loop
      vertex   1.587827e+00 5.310000e+01 4.392707e+00
      vertex   1.587827e+00 4.930000e+01 4.392707e+00
      vertex   1.659329e+00 5.310000e+01 4.630369e+00
    endloop
  endfacet
  facet normal -9.576006e-01 0.000000e+00 2.880991e-01
    outer loop
      vertex   1.659329e+00 5.310000e+01 4.630369e+00
      vertex   1.587827e+00 4.930000e+01 4.392707e+00
      vertex   1.659329e+00 4.930000e+01 4.630369e+00
    endloop
  endfacet
  facet normal -9.893434e-01 0.000000e+00 1.456012e-01
    outer loop
      vertex   1.659329e+00 5.310000e+01 4.630369e+00
      vertex   1.659329e+00 4.930000e+01 4.630369e+00
      vertex   1.695465e+00 5.310000e+01 4.875908e+00
    endloop
  endfacet
  facet normal -9.893434e-01 0.000000e+00 1.456012e-01
    outer loop
      vertex   1.695465e+00 5.310000e+01 4.875908e+00
      vertex   1.659329e+00 4.930000e+01 4.630369e+00
      vertex   1.695465e+00 4.930000e+01 4.875908e+00
    endloop
  endfacet
  facet normal -1.000000e+00 0.000000e+00 0.000000e+00
    outer loop
      vertex   1.695465e+00 5.310000e+01 4.875908e+00
      vertex   1.695465e+00 4.930000e+01 4.875908e+00
      vertex   1.695465e+00 5.310000e+01 5.124092e+00
    endloop
  endfacet
  facet normal -1.000000e+00 -0.000000e+00 0.000000e+00
    outer loop
      vertex   1.695465e+00 5.310000e+01 5.124092e+00
      vertex   1.695465e+00 4.930000e+01 4.875908e+00
      vertex   1.695465e+00 4.930000e+01 5.124092e+00
    endloop
  endfacet
  facet normal -9.893434e-01 -0.000000e+00 -1.456012e-01
    outer loop
      vertex   1.695465e+00 5.310000e+01 5.124092e+00
      vertex   1.695465e+00 4.930000e+01 5.124092e+00
      vertex   1.659329e+00 5.310000e+01 5.369631e+00
    endloop
  endfacet
  facet normal -9.893434e-01 -0.000000e+00 -1.456012e-01
    outer loop
      vertex   1.659329e+00 5.310000e+01 5.369631e+00
      vertex   1.695465e+00 4.930000e+01 5.124092e+00
      vertex   1.659329e+00 4.930000e+01 5.369631e+00
    endloop
  endfacet
  facet normal -9.576006e-01 -0.000000e+00 -2.880991e-01
    outer loop
      vertex   1.659329e+00 5.310000e+01 5.369631e+00
      vertex   1.659329e+00 4.930000e+01 5.369631e+00
      vertex   1.587827e+00 5.310000e+01 5.607293e+00
    endloop
  endfacet
  facet normal -9.576006e-01 -0.000000e+00 -2.880991e-01
    outer loop
      vertex   1.587827e+00 5.310000e+01 5.607293e+00
      vertex   1.659329e+00 4.930000e+01 5.369631e+00
      vertex   1.587827e+00 4.930000e+01 5.607293e+00
    endloop
  endfacet
  facet normal -9.054482e-01 -0.000000e+00 -4.244567e-01
    outer loop
      vertex   1.587827e+00 5.310000e+01 5.607293e+00
      vertex   1.587827e+00 4.930000e+01 5.607293e+00
      vertex   1.482484e+00 5.310000e+01 5.832010e+00
    endloop
  endfacet
  facet normal -9.054482e-01 -0.000000e+00 -4.244567e-01
    outer loop
      vertex   1.482484e+00 5.310000e+01 5.832010e+00
      vertex   1.587827e+00 4.930000e+01 5.607293e+00
      vertex   1.482484e+00 4.930000e+01 5.832010e+00
    endloop
  endfacet
  facet normal -8.339978e-01 -0.000000e+00 -5.517677e-01
    outer loop
      vertex   1.482484e+00 5.310000e+01 5.832010e+00
      vertex   1.482484e+00 4.930000e+01 5.832010e+00
      vertex   1.345544e+00 5.310000e+01 6.038995e+00
    endloop
  endfacet
  facet normal -8.339978e-01 -0.000000e+00 -5.517677e-01
    outer loop
      vertex   1.345544e+00 5.310000e+01 6.038995e+00
      vertex   1.482484e+00 4.930000e+01 5.832010e+00
      vertex   1.345544e+00 4.930000e+01 6.038995e+00
    endloop
  endfacet
  facet normal -7.447722e-01 -0.000000e+00 -6.673188e-01
    outer loop
      vertex   1.345544e+00 5.310000e+01 6.038995e+00
      vertex   1.345544e+00 4.930000e+01 6.038995e+00
      vertex   1.179926e+00 5.310000e+01 6.223836e+00
    endloop
  endfacet
  facet normal -7.447722e-01 -0.000000e+00 -6.673188e-01
    outer loop
      vertex   1.179926e+00 5.310000e+01 6.223836e+00
      vertex   1.345544e+00 4.930000e+01 6.038995e+00
      vertex   1.179926e+00 4.930000e+01 6.223836e+00
    endloop
  endfacet
  facet normal -6.396730e-01 -0.000000e+00 -7.686471e-01
    outer loop
      vertex   1.179926e+00 5.310000e+01 6.223836e+00
      vertex   1.179926e+00 4.930000e+01 6.223836e+00
      vertex   9.891602e-01 5.310000e+01 6.382593e+00
    endloop
  endfacet
  facet normal -6.396730e-01 -0.000000e+00 -7.686471e-01
    outer loop
      vertex   9.891602e-01 5.310000e+01 6.382593e+00
      vertex   1.179926e+00 4.930000e+01 6.223836e+00
      vertex   9.891602e-01 4.930000e+01 6.382593e+00
    endloop
  endfacet
  facet normal -5.209403e-01 -0.000000e+00 -8.535931e-01
    outer loop
      vertex   9.891602e-01 5.310000e+01 6.382593e+00
      vertex   9.891602e-01 4.930000e+01 6.382593e+00
      vertex   7.773119e-01 5.310000e+01 6.511882e+00
    endloop
  endfacet
  facet normal -5.209403e-01 -0.000000e+00 -8.535931e-01
    outer loop
      vertex   7.773119e-01 5.310000e+01 6.511882e+00
      vertex   9.891602e-01 4.930000e+01 6.382593e+00
      vertex   7.773119e-01 4.930000e+01 6.511882e+00
    endloop
  endfacet
  facet normal -3.911047e-01 -0.000000e+00 -9.203462e-01
    outer loop
      vertex   7.773119e-01 5.310000e+01 6.511882e+00
      vertex   7.773119e-01 4.930000e+01 6.511882e+00
      vertex   5.488967e-01 5.310000e+01 6.608948e+00
    endloop
  endfacet
  facet normal -3.911047e-01 -0.000000e+00 -9.203462e-01
    outer loop
      vertex   5.488967e-01 5.310000e+01 6.608948e+00
      vertex   7.773119e-01 4.930000e+01 6.511882e+00
      vertex   5.488967e-01 4.930000e+01 6.608948e+00
    endloop
  endfacet
  facet normal -2.529334e-01 -0.000000e+00 -9.674837e-01
    outer loop
      vertex   5.488967e-01 5.310000e+01 6.608948e+00
      vertex   5.488967e-01 4.930000e+01 6.608948e+00
      vertex   3.087826e-01 5.310000e+01 6.671722e+00
    endloop
  endfacet
  facet normal -2.529334e-01 -0.000000e+00 -9.674837e-01
    outer loop
      vertex   3.087826e-01 5.310000e+01 6.671722e+00
      vertex   5.488967e-01 4.930000e+01 6.608948e+00
      vertex   3.087826e-01 4.930000e+01 6.671722e+00
    endloop
  endfacet
  facet normal -1.093712e-01 -0.000000e+00 -9.940010e-01
    outer loop
      vertex   3.087826e-01 5.310000e+01 6.671722e+00
      vertex   3.087826e-01 4.930000e+01 6.671722e+00
      vertex   6.208744e-02 5.310000e+01 6.698866e+00
    endloop
  endfacet
  facet normal -1.093712e-01 -0.000000e+00 -9.940010e-01
    outer loop
      vertex   6.208744e-02 5.310000e+01 6.698866e+00
      vertex   3.087826e-01 4.930000e+01 6.671722e+00
      vertex   6.208744e-02 4.930000e+01 6.698866e+00
    endloop
  endfacet
  facet normal 3.652202e-02 0.000000e+00 -9.993328e-01
    outer loop
      vertex   6.208744e-02 5.310000e+01 6.698866e+00
      vertex   6.208744e-02 4.930000e+01 6.698866e+00
      vertex   -1.859311e-01 5.310000e+01 6.689802e+00
    endloop
  endfacet
  facet normal 3.652202e-02 0.000000e+00 -9.993328e-01
    outer loop
      vertex   -1.859311e-01 5.310000e+01 6.689802e+00
      vertex   6.208744e-02 4.930000e+01 6.698866e+00
      vertex   -1.859311e-01 4.930000e+01 6.689802e+00
    endloop
  endfacet
  facet normal 1.816369e-01 0.000000e+00 -9.833657e-01
    outer loop
      vertex   -1.859311e-01 5.310000e+01 6.689802e+00
      vertex   -1.859311e-01 4.930000e+01 6.689802e+00
      vertex   -4.299868e-01 5.310000e+01 6.644722e+00
    endloop
  endfacet
  facet normal 1.816369e-01 0.000000e+00 -9.833657e-01
    outer loop
      vertex   -4.299868e-01 5.310000e+01 6.644722e+00
      vertex   -1.859311e-01 4.930000e+01 6.689802e+00
      vertex   -4.299868e-01 4.930000e+01 6.644722e+00
    endloop
  endfacet
  facet normal 3.228804e-01 0.000000e+00 -9.464398e-01
    outer loop
      vertex   -4.299868e-01 5.310000e+01 6.644722e+00
      vertex   -4.299868e-01 4.930000e+01 6.644722e+00
      vertex   -6.648780e-01 5.310000e+01 6.564589e+00
    endloop
  endfacet
  facet normal 3.228804e-01 0.000000e+00 -9.464398e-01
    outer loop
      vertex   -6.648780e-01 5.310000e+01 6.564589e+00
      vertex   -4.299868e-01 4.930000e+01 6.644722e+00
      vertex   -6.648780e-01 4.930000e+01 6.564589e+00
    endloop
  endfacet
  facet normal 4.572423e-01 0.000000e+00 -8.893421e-01
    outer loop
      vertex   -6.648780e-01 5.310000e+01 6.564589e+00
      vertex   -6.648780e-01 4.930000e+01 6.564589e+00
      vertex   -8.855986e-01 5.310000e+01 6.451108e+00
    endloop
  endfacet
  facet normal 4.572423e-01 0.000000e+00 -8.893421e-01
    outer loop
      vertex   -8.855986e-01 5.310000e+01 6.451108e+00
      vertex   -6.648780e-01 4.930000e+01 6.564589e+00
      vertex   -8.855986e-01 4.930000e+01 6.451108e+00
    endloop
  endfacet
  facet normal 5.818589e-01 0.000000e+00 -8.132897e-01
    outer loop
      vertex   -8.855986e-01 5.310000e+01 6.451108e+00
      vertex   -8.855986e-01 4.930000e+01 6.451108e+00
      vertex   -1.087444e+00 5.310000e+01 6.306700e+00
    endloop
  endfacet
  facet normal 5.818589e-01 0.000000e+00 -8.132897e-01
    outer loop
      vertex   -1.087444e+00 5.310000e+01 6.306700e+00
      vertex   -8.855986e-01 4.930000e+01 6.451108e+00
      vertex   -1.087444e+00 4.930000e+01 6.306700e+00
    endloop
  endfacet
  facet normal 6.940742e-01 0.000000e+00 -7.199035e-01
    outer loop
      vertex   -1.087444e+00 5.310000e+01 6.306700e+00
      vertex   -1.087444e+00 4.930000e+01 6.306700e+00
      vertex   -1.266113e+00 5.310000e+01 6.134442e+00
    endloop
  endfacet
  facet normal 6.940742e-01 0.000000e+00 -7.199035e-01
    outer loop
      vertex   -1.266113e+00 5.310000e+01 6.134442e+00
      vertex   -1.087444e+00 4.930000e+01 6.306700e+00
      vertex   -1.266113e+00 4.930000e+01 6.134442e+00
    endloop
  endfacet
  facet normal 7.914965e-01 0.000000e+00 -6.111737e-01
    outer loop
      vertex   -1.266113e+00 5.310000e+01 6.134442e+00
      vertex   -1.266113e+00 4.930000e+01 6.134442e+00
      vertex   -1.417796e+00 5.310000e+01 5.938005e+00
    endloop
  endfacet
  facet normal 7.914965e-01 0.000000e+00 -6.111737e-01
    outer loop
      vertex   -1.417796e+00 5.310000e+01 5.938005e+00
      vertex   -1.266113e+00 4.930000e+01 6.134442e+00
      vertex   -1.417796e+00 4.930000e+01 5.938005e+00
    endloop
  endfacet
  facet normal 8.720494e-01 0.000000e+00 -4.894178e-01
    outer loop
      vertex   -1.417796e+00 5.310000e+01 5.938005e+00
      vertex   -1.417796e+00 4.930000e+01 5.938005e+00
      vertex   -1.539262e+00 5.310000e+01 5.721576e+00
    endloop
  endfacet
  facet normal 8.720494e-01 0.000000e+00 -4.894178e-01
    outer loop
      vertex   -1.539262e+00 5.310000e+01 5.721576e+00
      vertex   -1.417796e+00 4.930000e+01 5.938005e+00
      vertex   -1.539262e+00 4.930000e+01 5.721576e+00
    endloop
  endfacet
  facet normal 9.340161e-01 0.000000e+00 -3.572309e-01
    outer loop
      vertex   -1.539262e+00 5.310000e+01 5.721576e+00
      vertex   -1.539262e+00 4.930000e+01 5.721576e+00
      vertex   -1.627921e+00 5.310000e+01 5.489768e+00
    endloop
  endfacet
  facet normal 9.340161e-01 0.000000e+00 -3.572309e-01
    outer loop
      vertex   -1.627921e+00 5.310000e+01 5.489768e+00
      vertex   -1.539262e+00 4.930000e+01 5.721576e+00
      vertex   -1.627921e+00 4.930000e+01 5.489768e+00
    endloop
  endfacet
  facet normal 9.760759e-01 0.000000e+00 -2.174302e-01
    outer loop
      vertex   -1.627921e+00 5.310000e+01 5.489768e+00
      vertex   -1.627921e+00 4.930000e+01 5.489768e+00
      vertex   -1.681884e+00 5.310000e+01 5.247522e+00
    endloop
  endfacet
  facet normal 9.760759e-01 0.000000e+00 -2.174302e-01
    outer loop
      vertex   -1.681884e+00 5.310000e+01 5.247522e+00
      vertex   -1.627921e+00 4.930000e+01 5.489768e+00
      vertex   -1.681884e+00 4.930000e+01 5.247522e+00
    endloop
  endfacet
  facet normal 0.000000e+00 9.985334e-01 5.413891e-02
    outer loop
      vertex   -1.973475e+01 3.701759e+01 4.675643e+00
      vertex   -1.973810e+01 3.700000e+01 5.000000e+00
      vertex   -1.310000e+01 3.700000e+01 5.000000e+00
    endloop
  endfacet
  facet normal 0.000000e+00 9.985334e-01 -5.413891e-02
    outer loop
      vertex   -1.310000e+01 3.700000e+01 5.000000e+00
      vertex   -1.973810e+01 3.700000e+01 5.000000e+00
      vertex   -1.973475e+01 3.701759e+01 5.324357e+00
    endloop
  endfacet
  facet normal -4.652468e-05 9.984815e-01 -5.508776e-02
    outer loop
      vertex   -1.310000e+01 3.700000e+01 5.000000e+00
      vertex   -1.973475e+01 3.701759e+01 5.324357e+00
      vertex   -1.310000e+01 3.701821e+01 5.330025e+00
    endloop
  endfacet
  facet normal 4.571045e-05 9.868263e-01 -1.617834e-01
    outer loop
      vertex   -1.310000e+01 3.701821e+01 5.330025e+00
      vertex   -1.973475e+01 3.701759e+01 5.324357e+00
      vertex   -1.972474e+01 3.707014e+01 5.644911e+00
    endloop
  endfacet
  facet normal -9.155657e-05 9.863613e-01 -1.645946e-01
    outer loop
      vertex   -1.310000e+01 3.701821e+01 5.330025e+00
      vertex   -1.972474e+01 3.707014e+01 5.644911e+00
      vertex   -1.310000e+01 3.707261e+01 5.656043e+00
    endloop
  endfacet
  facet normal 8.993101e-05 9.635488e-01 -2.675328e-01
    outer loop
      vertex   -1.310000e+01 3.707261e+01 5.656043e+00
      vertex   -1.972474e+01 3.707014e+01 5.644911e+00
      vertex   -1.970818e+01 3.715704e+01 5.957905e+00
    endloop
  endfacet
  facet normal -1.352225e-04 9.622680e-01 -2.721035e-01
    outer loop
      vertex   -1.310000e+01 3.707261e+01 5.656043e+00
      vertex   -1.970818e+01 3.715704e+01 5.957905e+00
      vertex   -1.310000e+01 3.716255e+01 5.974098e+00
    endloop
  endfacet
  facet normal 1.327903e-04 9.289732e-01 -3.701468e-01
    outer loop
      vertex   -1.310000e+01 3.716255e+01 5.974098e+00
      vertex   -1.970818e+01 3.715704e+01 5.957905e+00
      vertex   -1.968528e+01 3.727727e+01 6.259667e+00
    endloop
  endfacet
  facet normal -1.776368e-04 9.264941e-01 -3.763094e-01
    outer loop
      vertex   -1.310000e+01 3.716255e+01 5.974098e+00
      vertex   -1.968528e+01 3.727727e+01 6.259667e+00
      vertex   -1.310000e+01 3.728693e+01 6.280329e+00
    endloop
  endfacet
  facet normal 1.744039e-04 8.835047e-01 -4.684222e-01
    outer loop
      vertex   -1.310000e+01 3.728693e+01 6.280329e+00
      vertex   -1.968528e+01 3.727727e+01 6.259667e+00
      vertex   -1.965630e+01 3.742943e+01 6.546662e+00
    endloop
  endfacet
  facet normal -2.189007e-04 8.794737e-01 -4.759474e-01
    outer loop
      vertex   -1.310000e+01 3.728693e+01 6.280329e+00
      vertex   -1.965630e+01 3.742943e+01 6.546662e+00
      vertex   -1.310000e+01 3.744424e+01 6.571019e+00
    endloop
  endfacet
  facet normal 2.148736e-04 8.276761e-01 -5.612061e-01
    outer loop
      vertex   -1.310000e+01 3.744424e+01 6.571019e+00
      vertex   -1.965630e+01 3.742943e+01 6.546662e+00
      vertex   -1.962158e+01 3.761172e+01 6.815523e+00
    endloop
  endfacet
  facet normal -2.591004e-04 8.217778e-01 -5.698080e-01
    outer loop
      vertex   -1.310000e+01 3.744424e+01 6.571019e+00
      vertex   -1.962158e+01 3.761172e+01 6.815523e+00
      vertex   -1.310000e+01 3.763258e+01 6.842638e+00
    endloop
  endfacet
  facet normal 2.542860e-04 7.621417e-01 -6.474102e-01
    outer loop
      vertex   -1.310000e+01 3.763258e+01 6.842638e+00
      vertex   -1.962158e+01 3.761172e+01 6.815523e+00
      vertex   -1.958152e+01 3.782201e+01 7.063098e+00
    endloop
  endfacet
  facet normal -2.983069e-04 7.541066e-01 -6.567520e-01
    outer loop
      vertex   -1.310000e+01 3.763258e+01 6.842638e+00
      vertex   -1.958152e+01 3.782201e+01 7.063098e+00
      vertex   -1.310000e+01 3.784965e+01 7.091890e+00
    endloop
  endfacet
  facet normal 2.927112e-04 6.876700e-01 -7.260233e-01
    outer loop
      vertex   -1.310000e+01 3.784965e+01 7.091890e+00
      vertex   -1.958152e+01 3.782201e+01 7.063098e+00
      vertex   -1.953660e+01 3.805784e+01 7.286486e+00
    endloop
  endfacet
  facet normal -3.365744e-04 6.772815e-01 -7.357239e-01
    outer loop
      vertex   -1.310000e+01 3.784965e+01 7.091890e+00
      vertex   -1.953660e+01 3.805784e+01 7.286486e+00
      vertex   -1.310000e+01 3.809283e+01 7.315750e+00
    endloop
  endfacet
  facet normal 3.302022e-04 6.051343e-01 -7.961233e-01
    outer loop
      vertex   -1.310000e+01 3.809283e+01 7.315750e+00
      vertex   -1.953660e+01 3.805784e+01 7.286486e+00
      vertex   -1.948734e+01 3.831644e+01 7.483067e+00
    endloop
  endfacet
  facet normal -3.739394e-04 5.922352e-01 -8.057650e-01
    outer loop
      vertex   -1.310000e+01 3.809283e+01 7.315750e+00
      vertex   -1.948734e+01 3.831644e+01 7.483067e+00
      vertex   -1.310000e+01 3.835916e+01 7.511499e+00
    endloop
  endfacet
  facet normal 3.667938e-04 5.155025e-01 -8.568880e-01
    outer loop
      vertex   -1.310000e+01 3.835916e+01 7.511499e+00
      vertex   -1.948734e+01 3.831644e+01 7.483067e+00
      vertex   -1.943433e+01 3.859477e+01 7.650536e+00
    endloop
  endfacet
  facet normal -4.104202e-04 5.000000e-01 -8.660253e-01
    outer loop
      vertex   -1.310000e+01 3.835916e+01 7.511499e+00
      vertex   -1.943433e+01 3.859477e+01 7.650536e+00
      vertex   -1.310000e+01 3.864540e+01 7.676763e+00
    endloop
  endfacet
  facet normal 4.025012e-04 4.198259e-01 -9.076046e-01
    outer loop
      vertex   -1.310000e+01 3.864540e+01 7.676763e+00
      vertex   -1.943433e+01 3.859477e+01 7.650536e+00
      vertex   -1.937817e+01 3.888959e+01 7.786930e+00
    endloop
  endfacet
  facet normal -4.460157e-04 4.016954e-01 -9.157732e-01
    outer loop
      vertex   -1.310000e+01 3.864540e+01 7.676763e+00
      vertex   -1.937817e+01 3.888959e+01 7.786930e+00
      vertex   -1.310000e+01 3.894809e+01 7.809534e+00
    endloop
  endfacet
  facet normal 4.373199e-04 3.192267e-01 -9.476783e-01
    outer loop
      vertex   -1.310000e+01 3.894809e+01 7.809534e+00
      vertex   -1.937817e+01 3.888959e+01 7.786930e+00
      vertex   -1.931954e+01 3.919741e+01 7.890650e+00
    endloop
  endfacet
  facet normal -4.807047e-04 2.985148e-01 -9.544049e-01
    outer loop
      vertex   -1.310000e+01 3.894809e+01 7.809534e+00
      vertex   -1.931954e+01 3.919741e+01 7.890650e+00
      vertex   -1.310000e+01 3.926354e+01 7.908201e+00
    endloop
  endfacet
  facet normal 4.712244e-04 2.148848e-01 -9.766393e-01
    outer loop
      vertex   -1.310000e+01 3.926354e+01 7.908201e+00
      vertex   -1.931954e+01 3.919741e+01 7.890650e+00
      vertex   -1.925911e+01 3.951465e+01 7.960480e+00
    endloop
  endfacet
  facet normal -5.144456e-04 1.917106e-01 -9.814514e-01
    outer loop
      vertex   -1.310000e+01 3.926354e+01 7.908201e+00
      vertex   -1.925911e+01 3.951465e+01 7.960480e+00
      vertex   -1.310000e+01 3.958794e+01 7.971566e+00
    endloop
  endfacet
  facet normal 5.041681e-04 1.080241e-01 -9.941481e-01
    outer loop
      vertex   -1.310000e+01 3.958794e+01 7.971566e+00
      vertex   -1.925911e+01 3.951465e+01 7.960480e+00
      vertex   -1.919760e+01 3.983758e+01 7.995600e+00
    endloop
  endfacet
  facet normal -5.471765e-04 8.257933e-02 -9.965843e-01
    outer loop
      vertex   -1.310000e+01 3.958794e+01 7.971566e+00
      vertex   -1.919760e+01 3.983758e+01 7.995600e+00
      vertex   -1.310000e+01 3.991734e+01 7.998861e+00
    endloop
  endfacet
  facet normal 5.360832e-04 -1.021111e-04 -9.999999e-01
    outer loop
      vertex   -1.310000e+01 3.991734e+01 7.998861e+00
      vertex   -1.919760e+01 3.983758e+01 7.995600e+00
      vertex   -1.913573e+01 4.016242e+01 7.995600e+00
    endloop
  endfacet
  facet normal -5.788147e-04 -2.755434e-02 -9.996201e-01
    outer loop
      vertex   -1.310000e+01 3.991734e+01 7.998861e+00
      vertex   -1.913573e+01 4.016242e+01 7.995600e+00
      vertex   -1.310000e+01 4.024774e+01 7.989753e+00
    endloop
  endfacet
  facet normal 5.668809e-04 -1.082257e-01 -9.941262e-01
    outer loop
      vertex   -1.310000e+01 4.024774e+01 7.989753e+00
      vertex   -1.913573e+01 4.016242e+01 7.995600e+00
      vertex   -1.907422e+01 4.048535e+01 7.960480e+00
    endloop
  endfacet
  facet normal -6.092580e-04 -1.373535e-01 -9.905219e-01
    outer loop
      vertex   -1.310000e+01 4.024774e+01 7.989753e+00
      vertex   -1.907422e+01 4.048535e+01 7.960480e+00
      vertex   -1.310000e+01 4.057513e+01 7.944354e+00
    endloop
  endfacet
  facet normal 5.964522e-04 -2.150788e-01 -9.765965e-01
    outer loop
      vertex   -1.310000e+01 4.057513e+01 7.944354e+00
      vertex   -1.907422e+01 4.048535e+01 7.960480e+00
      vertex   -1.901379e+01 4.080259e+01 7.890650e+00
    endloop
  endfacet
  facet normal -6.383856e-04 -2.454854e-01 -9.694001e-01
    outer loop
      vertex   -1.310000e+01 4.057513e+01 7.944354e+00
      vertex   -1.901379e+01 4.080259e+01 7.890650e+00
      vertex   -1.310000e+01 4.089554e+01 7.863215e+00
    endloop
  endfacet
  facet normal 6.246695e-04 -3.194083e-01 -9.476170e-01
    outer loop
      vertex   -1.310000e+01 4.089554e+01 7.863215e+00
      vertex   -1.901379e+01 4.080259e+01 7.890650e+00
      vertex   -1.895516e+01 4.111041e+01 7.786930e+00
    endloop
  endfacet
  facet normal -6.660598e-04 -3.506375e-01 -9.365110e-01
    outer loop
      vertex   -1.310000e+01 4.089554e+01 7.863215e+00
      vertex   -1.895516e+01 4.111041e+01 7.786930e+00
      vertex   -1.310000e+01 4.120509e+01 7.747320e+00
    endloop
  endfacet
  facet normal 6.513884e-04 -4.199912e-01 -9.075279e-01
    outer loop
      vertex   -1.310000e+01 4.120509e+01 7.747320e+00
      vertex   -1.895516e+01 4.111041e+01 7.786930e+00
      vertex   -1.889900e+01 4.140523e+01 7.650536e+00
    endloop
  endfacet
  facet normal -6.921288e-04 -4.515333e-01 -8.922540e-01
    outer loop
      vertex   -1.310000e+01 4.120509e+01 7.747320e+00
      vertex   -1.889900e+01 4.140523e+01 7.650536e+00
      vertex   -1.310000e+01 4.150000e+01 7.598076e+00
    endloop
  endfacet
  facet normal 6.764507e-04 -5.156483e-01 -8.568001e-01
    outer loop
      vertex   -1.310000e+01 4.150000e+01 7.598076e+00
      vertex   -1.889900e+01 4.140523e+01 7.650536e+00
      vertex   -1.884599e+01 4.168356e+01 7.483067e+00
    endloop
  endfacet
  facet normal -7.164296e-04 -5.469480e-01 -8.371663e-01
    outer loop
      vertex   -1.310000e+01 4.150000e+01 7.598076e+00
      vertex   -1.884599e+01 4.168356e+01 7.483067e+00
      vertex   -1.310000e+01 4.177671e+01 7.417295e+00
    endloop
  endfacet
  facet normal 6.996882e-04 -6.052585e-01 -7.960287e-01
    outer loop
      vertex   -1.310000e+01 4.177671e+01 7.417295e+00
      vertex   -1.884599e+01 4.168356e+01 7.483067e+00
      vertex   -1.879673e+01 4.194216e+01 7.286486e+00
    endloop
  endfacet
  facet normal -7.387919e-04 -6.357236e-01 -7.719164e-01
    outer loop
      vertex   -1.310000e+01 4.177671e+01 7.417295e+00
      vertex   -1.879673e+01 4.194216e+01 7.286486e+00
      vertex   -1.310000e+01 4.203184e+01 7.207172e+00
    endloop
  endfacet
  facet normal 7.209264e-04 -6.877717e-01 -7.259267e-01
    outer loop
      vertex   -1.310000e+01 4.203184e+01 7.207172e+00
      vertex   -1.879673e+01 4.194216e+01 7.286486e+00
      vertex   -1.875181e+01 4.217799e+01 7.063098e+00
    endloop
  endfacet
  facet normal -7.590428e-04 -7.167823e-01 -6.972966e-01
    outer loop
      vertex   -1.310000e+01 4.203184e+01 7.207172e+00
      vertex   -1.875181e+01 4.217799e+01 7.063098e+00
      vertex   -1.310000e+01 4.226232e+01 6.970256e+00
    endloop
  endfacet
  facet normal 7.399901e-04 -7.622209e-01 -6.473166e-01
    outer loop
      vertex   -1.310000e+01 4.226232e+01 6.970256e+00
      vertex   -1.875181e+01 4.217799e+01 7.063098e+00
      vertex   -1.871176e+01 4.238828e+01 6.815523e+00
    endloop
  endfacet
  facet normal -7.770118e-04 -7.891403e-01 -6.142125e-01
    outer loop
      vertex   -1.310000e+01 4.226232e+01 6.970256e+00
      vertex   -1.871176e+01 4.238828e+01 6.815523e+00
      vertex   -1.310000e+01 4.246533e+01 6.709424e+00
    endloop
  endfacet
  facet normal 7.567083e-04 -8.277342e-01 -5.611200e-01
    outer loop
      vertex   -1.310000e+01 4.246533e+01 6.709424e+00
      vertex   -1.871176e+01 4.238828e+01 6.815523e+00
      vertex   -1.867703e+01 4.257057e+01 6.546662e+00
    endloop
  endfacet
  facet normal -7.925357e-04 -8.519191e-01 -5.236727e-01
    outer loop
      vertex   -1.310000e+01 4.246533e+01 6.709424e+00
      vertex   -1.867703e+01 4.257057e+01 6.546662e+00
      vertex   -1.310000e+01 4.263842e+01 6.427842e+00
    endloop
  endfacet
  facet normal 7.709202e-04 -8.835440e-01 -4.683475e-01
    outer loop
      vertex   -1.310000e+01 4.263842e+01 6.427842e+00
      vertex   -1.867703e+01 4.257057e+01 6.546662e+00
      vertex   -1.864805e+01 4.272273e+01 6.259667e+00
    endloop
  endfacet
  facet normal -8.054647e-04 -9.043569e-01 -4.267763e-01
    outer loop
      vertex   -1.310000e+01 4.263842e+01 6.427842e+00
      vertex   -1.864805e+01 4.272273e+01 6.259667e+00
      vertex   -1.310000e+01 4.277948e+01 6.128928e+00
    endloop
  endfacet
  facet normal 7.824809e-04 -9.289969e-01 -3.700868e-01
    outer loop
      vertex   -1.310000e+01 4.277948e+01 6.128928e+00
      vertex   -1.864805e+01 4.272273e+01 6.259667e+00
      vertex   -1.862515e+01 4.284296e+01 5.957905e+00
    endloop
  endfacet
  facet normal -8.156677e-04 -9.458169e-01 -3.246994e-01
    outer loop
      vertex   -1.310000e+01 4.277948e+01 6.128928e+00
      vertex   -1.862515e+01 4.284296e+01 5.957905e+00
      vertex   -1.310000e+01 4.288680e+01 5.816310e+00
    endloop
  endfacet
  facet normal 7.912668e-04 -9.635605e-01 -2.674894e-01
    outer loop
      vertex   -1.310000e+01 4.288680e+01 5.816310e+00
      vertex   -1.862515e+01 4.284296e+01 5.957905e+00
      vertex   -1.860860e+01 4.292986e+01 5.644911e+00
    endloop
  endfacet
  facet normal -8.230365e-04 -9.757961e-01 -2.186810e-01
    outer loop
      vertex   -1.310000e+01 4.288680e+01 5.816310e+00
      vertex   -1.860860e+01 4.292986e+01 5.644911e+00
      vertex   -1.310000e+01 4.295908e+01 5.493784e+00
    endloop
  endfacet
  facet normal 7.971804e-04 -9.868302e-01 -1.617577e-01
    outer loop
      vertex   -1.310000e+01 4.295908e+01 5.493784e+00
      vertex   -1.860860e+01 4.292986e+01 5.644911e+00
      vertex   -1.859859e+01 4.298241e+01 5.324357e+00
    endloop
  endfacet
  facet normal -8.274908e-04 -9.939303e-01 -1.100082e-01
    outer loop
      vertex   -1.310000e+01 4.295908e+01 5.493784e+00
      vertex   -1.859859e+01 4.298241e+01 5.324357e+00
      vertex   -1.310000e+01 4.299544e+01 5.165263e+00
    endloop
  endfacet
  facet normal 8.001544e-04 -9.985335e-01 -5.413065e-02
    outer loop
      vertex   -1.310000e+01 4.299544e+01 5.165263e+00
      vertex   -1.859859e+01 4.298241e+01 5.324357e+00
      vertex   -1.859524e+01 4.300000e+01 5.000000e+00
    endloop
  endfacet
  facet normal -8.289812e-04 -9.999997e-01 -0.000000e+00
    outer loop
      vertex   -1.310000e+01 4.299544e+01 5.165263e+00
      vertex   -1.859524e+01 4.300000e+01 5.000000e+00
      vertex   -1.310000e+01 4.299544e+01 4.834737e+00
    endloop
  endfacet
  facet normal 8.001544e-04 -9.985335e-01 5.413065e-02
    outer loop
      vertex   -1.310000e+01 4.299544e+01 4.834737e+00
      vertex   -1.859524e+01 4.300000e+01 5.000000e+00
      vertex   -1.859859e+01 4.298241e+01 4.675643e+00
    endloop
  endfacet
  facet normal -8.274908e-04 -9.939303e-01 1.100082e-01
    outer loop
      vertex   -1.310000e+01 4.299544e+01 4.834737e+00
      vertex   -1.859859e+01 4.298241e+01 4.675643e+00
      vertex   -1.310000e+01 4.295908e+01 4.506216e+00
    endloop
  endfacet
  facet normal 7.971804e-04 -9.868302e-01 1.617577e-01
    outer loop
      vertex   -1.310000e+01 4.295908e+01 4.506216e+00
      vertex   -1.859859e+01 4.298241e+01 4.675643e+00
      vertex   -1.860860e+01 4.292986e+01 4.355089e+00
    endloop
  endfacet
  facet normal -8.230365e-04 -9.757961e-01 2.186810e-01
    outer loop
      vertex   -1.310000e+01 4.295908e+01 4.506216e+00
      vertex   -1.860860e+01 4.292986e+01 4.355089e+00
      vertex   -1.310000e+01 4.288680e+01 4.183690e+00
    endloop
  endfacet
  facet normal 7.912668e-04 -9.635605e-01 2.674894e-01
    outer loop
      vertex   -1.310000e+01 4.288680e+01 4.183690e+00
      vertex   -1.860860e+01 4.292986e+01 4.355089e+00
      vertex   -1.862515e+01 4.284296e+01 4.042095e+00
    endloop
  endfacet
  facet normal -8.156677e-04 -9.458169e-01 3.246994e-01
    outer loop
      vertex   -1.310000e+01 4.288680e+01 4.183690e+00
      vertex   -1.862515e+01 4.284296e+01 4.042095e+00
      vertex   -1.310000e+01 4.277948e+01 3.871072e+00
    endloop
  endfacet
  facet normal 7.824809e-04 -9.289969e-01 3.700868e-01
    outer loop
      vertex   -1.310000e+01 4.277948e+01 3.871072e+00
      vertex   -1.862515e+01 4.284296e+01 4.042095e+00
      vertex   -1.864805e+01 4.272273e+01 3.740333e+00
    endloop
  endfacet
  facet normal -8.054647e-04 -9.043569e-01 4.267763e-01
    outer loop
      vertex   -1.310000e+01 4.277948e+01 3.871072e+00
      vertex   -1.864805e+01 4.272273e+01 3.740333e+00
      vertex   -1.310000e+01 4.263842e+01 3.572158e+00
    endloop
  endfacet
  facet normal 7.709202e-04 -8.835440e-01 4.683475e-01
    outer loop
      vertex   -1.310000e+01 4.263842e+01 3.572158e+00
      vertex   -1.864805e+01 4.272273e+01 3.740333e+00
      vertex   -1.867703e+01 4.257057e+01 3.453338e+00
    endloop
  endfacet
  facet normal -7.925357e-04 -8.519191e-01 5.236727e-01
    outer loop
      vertex   -1.310000e+01 4.263842e+01 3.572158e+00
      vertex   -1.867703e+01 4.257057e+01 3.453338e+00
      vertex   -1.310000e+01 4.246533e+01 3.290576e+00
    endloop
  endfacet
  facet normal 7.567083e-04 -8.277342e-01 5.611200e-01
    outer loop
      vertex   -1.310000e+01 4.246533e+01 3.290576e+00
      vertex   -1.867703e+01 4.257057e+01 3.453338e+00
      vertex   -1.871176e+01 4.238828e+01 3.184477e+00
    endloop
  endfacet
  facet normal -7.770118e-04 -7.891403e-01 6.142125e-01
    outer loop
      vertex   -1.310000e+01 4.246533e+01 3.290576e+00
      vertex   -1.871176e+01 4.238828e+01 3.184477e+00
      vertex   -1.310000e+01 4.226232e+01 3.029744e+00
    endloop
  endfacet
  facet normal 7.399901e-04 -7.622209e-01 6.473166e-01
    outer loop
      vertex   -1.310000e+01 4.226232e+01 3.029744e+00
      vertex   -1.871176e+01 4.238828e+01 3.184477e+00
      vertex   -1.875181e+01 4.217799e+01 2.936902e+00
    endloop
  endfacet
  facet normal -7.590428e-04 -7.167823e-01 6.972966e-01
    outer loop
      vertex   -1.310000e+01 4.226232e+01 3.029744e+00
      vertex   -1.875181e+01 4.217799e+01 2.936902e+00
      vertex   -1.310000e+01 4.203184e+01 2.792828e+00
    endloop
  endfacet
  facet normal 7.209264e-04 -6.877717e-01 7.259267e-01
    outer loop
      vertex   -1.310000e+01 4.203184e+01 2.792828e+00
      vertex   -1.875181e+01 4.217799e+01 2.936902e+00
      vertex   -1.879673e+01 4.194216e+01 2.713514e+00
    endloop
  endfacet
  facet normal -7.387919e-04 -6.357236e-01 7.719164e-01
    outer loop
      vertex   -1.310000e+01 4.203184e+01 2.792828e+00
      vertex   -1.879673e+01 4.194216e+01 2.713514e+00
      vertex   -1.310000e+01 4.177671e+01 2.582705e+00
    endloop
  endfacet
  facet normal 6.996882e-04 -6.052585e-01 7.960287e-01
    outer loop
      vertex   -1.310000e+01 4.177671e+01 2.582705e+00
      vertex   -1.879673e+01 4.194216e+01 2.713514e+00
      vertex   -1.884599e+01 4.168356e+01 2.516933e+00
    endloop
  endfacet
  facet normal -7.164296e-04 -5.469480e-01 8.371663e-01
    outer loop
      vertex   -1.310000e+01 4.177671e+01 2.582705e+00
      vertex   -1.884599e+01 4.168356e+01 2.516933e+00
      vertex   -1.310000e+01 4.150000e+01 2.401924e+00
    endloop
  endfacet
  facet normal 6.764507e-04 -5.156483e-01 8.568001e-01
    outer loop
      vertex   -1.310000e+01 4.150000e+01 2.401924e+00
      vertex   -1.884599e+01 4.168356e+01 2.516933e+00
      vertex   -1.889900e+01 4.140523e+01 2.349464e+00
    endloop
  endfacet
  facet normal -6.921288e-04 -4.515333e-01 8.922540e-01
    outer loop
      vertex   -1.310000e+01 4.150000e+01 2.401924e+00
      vertex   -1.889900e+01 4.140523e+01 2.349464e+00
      vertex   -1.310000e+01 4.120509e+01 2.252680e+00
    endloop
  endfacet
  facet normal 6.513884e-04 -4.199912e-01 9.075279e-01
    outer loop
      vertex   -1.310000e+01 4.120509e+01 2.252680e+00
      vertex   -1.889900e+01 4.140523e+01 2.349464e+00
      vertex   -1.895516e+01 4.111041e+01 2.213070e+00
    endloop
  endfacet
  facet normal -6.660598e-04 -3.506375e-01 9.365110e-01
    outer loop
      vertex   -1.310000e+01 4.120509e+01 2.252680e+00
      vertex   -1.895516e+01 4.111041e+01 2.213070e+00
      vertex   -1.310000e+01 4.089554e+01 2.136785e+00
    endloop
  endfacet
  facet normal 6.246695e-04 -3.194083e-01 9.476170e-01
    outer loop
      vertex   -1.310000e+01 4.089554e+01 2.136785e+00
      vertex   -1.895516e+01 4.111041e+01 2.213070e+00
      vertex   -1.901379e+01 4.080259e+01 2.109350e+00
    endloop
  endfacet
  facet normal -6.383856e-04 -2.454854e-01 9.694001e-01
    outer loop
      vertex   -1.310000e+01 4.089554e+01 2.136785e+00
      vertex   -1.901379e+01 4.080259e+01 2.109350e+00
      vertex   -1.310000e+01 4.057513e+01 2.055646e+00
    endloop
  endfacet
  facet normal 5.964522e-04 -2.150788e-01 9.765965e-01
    outer loop
      vertex   -1.310000e+01 4.057513e+01 2.055646e+00
      vertex   -1.901379e+01 4.080259e+01 2.109350e+00
      vertex   -1.907422e+01 4.048535e+01 2.039520e+00
    endloop
  endfacet
  facet normal -6.092580e-04 -1.373535e-01 9.905219e-01
    outer loop
      vertex   -1.310000e+01 4.057513e+01 2.055646e+00
      vertex   -1.907422e+01 4.048535e+01 2.039520e+00
      vertex   -1.310000e+01 4.024774e+01 2.010247e+00
    endloop
  endfacet
  facet normal 5.668809e-04 -1.082257e-01 9.941262e-01
    outer loop
      vertex   -1.310000e+01 4.024774e+01 2.010247e+00
      vertex   -1.907422e+01 4.048535e+01 2.039520e+00
      vertex   -1.913573e+01 4.016242e+01 2.004400e+00
    endloop
  endfacet
  facet normal -5.788147e-04 -2.755434e-02 9.996201e-01
    outer loop
      vertex   -1.310000e+01 4.024774e+01 2.010247e+00
      vertex   -1.913573e+01 4.016242e+01 2.004400e+00
      vertex   -1.310000e+01 3.991734e+01 2.001139e+00
    endloop
  endfacet
  facet normal 5.360832e-04 -1.021111e-04 9.999999e-01
    outer loop
      vertex   -1.310000e+01 3.991734e+01 2.001139e+00
      vertex   -1.913573e+01 4.016242e+01 2.004400e+00
      vertex   -1.919760e+01 3.983758e+01 2.004400e+00
    endloop
  endfacet
  facet normal -5.471765e-04 8.257933e-02 9.965843e-01
    outer loop
      vertex   -1.310000e+01 3.991734e+01 2.001139e+00
      vertex   -1.919760e+01 3.983758e+01 2.004400e+00
      vertex   -1.310000e+01 3.958794e+01 2.028434e+00
    endloop
  endfacet
  facet normal 5.041681e-04 1.080241e-01 9.941481e-01
    outer loop
      vertex   -1.310000e+01 3.958794e+01 2.028434e+00
      vertex   -1.919760e+01 3.983758e+01 2.004400e+00
      vertex   -1.925911e+01 3.951465e+01 2.039520e+00
    endloop
  endfacet
  facet normal -5.144456e-04 1.917106e-01 9.814514e-01
    outer loop
      vertex   -1.310000e+01 3.958794e+01 2.028434e+00
      vertex   -1.925911e+01 3.951465e+01 2.039520e+00
      vertex   -1.310000e+01 3.926354e+01 2.091799e+00
    endloop
  endfacet
  facet normal 4.712244e-04 2.148848e-01 9.766393e-01
    outer loop
      vertex   -1.310000e+01 3.926354e+01 2.091799e+00
      vertex   -1.925911e+01 3.951465e+01 2.039520e+00
      vertex   -1.931954e+01 3.919741e+01 2.109350e+00
    endloop
  endfacet
  facet normal -4.807047e-04 2.985148e-01 9.544049e-01
    outer loop
      vertex   -1.310000e+01 3.926354e+01 2.091799e+00
      vertex   -1.931954e+01 3.919741e+01 2.109350e+00
      vertex   -1.310000e+01 3.894809e+01 2.190466e+00
    endloop
  endfacet
  facet normal 4.373199e-04 3.192267e-01 9.476783e-01
    outer loop
      vertex   -1.310000e+01 3.894809e+01 2.190466e+00
      vertex   -1.931954e+01 3.919741e+01 2.109350e+00
      vertex   -1.937817e+01 3.888959e+01 2.213070e+00
    endloop
  endfacet
  facet normal -4.460157e-04 4.016954e-01 9.157732e-01
    outer loop
      vertex   -1.310000e+01 3.894809e+01 2.190466e+00
      vertex   -1.937817e+01 3.888959e+01 2.213070e+00
      vertex   -1.310000e+01 3.864540e+01 2.323237e+00
    endloop
  endfacet
  facet normal 4.025012e-04 4.198259e-01 9.076046e-01
    outer loop
      vertex   -1.310000e+01 3.864540e+01 2.323237e+00
      vertex   -1.937817e+01 3.888959e+01 2.213070e+00
      vertex   -1.943433e+01 3.859477e+01 2.349464e+00
    endloop
  endfacet
  facet normal -4.104202e-04 5.000000e-01 8.660253e-01
    outer loop
      vertex   -1.310000e+01 3.864540e+01 2.323237e+00
      vertex   -1.943433e+01 3.859477e+01 2.349464e+00
      vertex   -1.310000e+01 3.835916e+01 2.488501e+00
    endloop
  endfacet
  facet normal 3.667938e-04 5.155025e-01 8.568880e-01
    outer loop
      vertex   -1.310000e+01 3.835916e+01 2.488501e+00
      vertex   -1.943433e+01 3.859477e+01 2.349464e+00
      vertex   -1.948734e+01 3.831644e+01 2.516933e+00
    endloop
  endfacet
  facet normal -3.739394e-04 5.922352e-01 8.057650e-01
    outer loop
      vertex   -1.310000e+01 3.835916e+01 2.488501e+00
      vertex   -1.948734e+01 3.831644e+01 2.516933e+00
      vertex   -1.310000e+01 3.809283e+01 2.684250e+00
    endloop
  endfacet
  facet normal 3.302022e-04 6.051343e-01 7.961233e-01
    outer loop
      vertex   -1.310000e+01 3.809283e+01 2.684250e+00
      vertex   -1.948734e+01 3.831644e+01 2.516933e+00
      vertex   -1.953660e+01 3.805784e+01 2.713514e+00
    endloop
  endfacet
  facet normal -3.365744e-04 6.772815e-01 7.357239e-01
    outer loop
      vertex   -1.310000e+01 3.809283e+01 2.684250e+00
      vertex   -1.953660e+01 3.805784e+01 2.713514e+00
      vertex   -1.310000e+01 3.784965e+01 2.908110e+00
    endloop
  endfacet
  facet normal 2.927112e-04 6.876700e-01 7.260233e-01
    outer loop
      vertex   -1.310000e+01 3.784965e+01 2.908110e+00
      vertex   -1.953660e+01 3.805784e+01 2.713514e+00
      vertex   -1.958152e+01 3.782201e+01 2.936902e+00
    endloop
  endfacet
  facet normal -2.983069e-04 7.541066e-01 6.567520e-01
    outer loop
      vertex   -1.310000e+01 3.784965e+01 2.908110e+00
      vertex   -1.958152e+01 3.782201e+01 2.936902e+00
      vertex   -1.310000e+01 3.763258e+01 3.157362e+00
    endloop
  endfacet
  facet normal 2.542860e-04 7.621417e-01 6.474102e-01
    outer loop
      vertex   -1.310000e+01 3.763258e+01 3.157362e+00
      vertex   -1.958152e+01 3.782201e+01 2.936902e+00
      vertex   -1.962158e+01 3.761172e+01 3.184477e+00
    endloop
  endfacet
  facet normal -2.591004e-04 8.217778e-01 5.698080e-01
    outer loop
      vertex   -1.310000e+01 3.763258e+01 3.157362e+00
      vertex   -1.962158e+01 3.761172e+01 3.184477e+00
      vertex   -1.310000e+01 3.744424e+01 3.428981e+00
    endloop
  endfacet
  facet normal 2.148736e-04 8.276761e-01 5.612061e-01
    outer loop
      vertex   -1.310000e+01 3.744424e+01 3.428981e+00
      vertex   -1.962158e+01 3.761172e+01 3.184477e+00
      vertex   -1.965630e+01 3.742943e+01 3.453338e+00
    endloop
  endfacet
  facet normal -2.189007e-04 8.794737e-01 4.759474e-01
    outer loop
      vertex   -1.310000e+01 3.744424e+01 3.428981e+00
      vertex   -1.965630e+01 3.742943e+01 3.453338e+00
      vertex   -1.310000e+01 3.728693e+01 3.719671e+00
    endloop
  endfacet
  facet normal 1.744039e-04 8.835047e-01 4.684222e-01
    outer loop
      vertex   -1.310000e+01 3.728693e+01 3.719671e+00
      vertex   -1.965630e+01 3.742943e+01 3.453338e+00
      vertex   -1.968528e+01 3.727727e+01 3.740333e+00
    endloop
  endfacet
  facet normal -1.776368e-04 9.264941e-01 3.763094e-01
    outer loop
      vertex   -1.310000e+01 3.728693e+01 3.719671e+00
      vertex   -1.968528e+01 3.727727e+01 3.740333e+00
      vertex   -1.310000e+01 3.716255e+01 4.025902e+00
    endloop
  endfacet
  facet normal 1.327903e-04 9.289732e-01 3.701468e-01
    outer loop
      vertex   -1.310000e+01 3.716255e+01 4.025902e+00
      vertex   -1.968528e+01 3.727727e+01 3.740333e+00
      vertex   -1.970818e+01 3.715704e+01 4.042095e+00
    endloop
  endfacet
  facet normal -1.352225e-04 9.622680e-01 2.721035e-01
    outer loop
      vertex   -1.310000e+01 3.716255e+01 4.025902e+00
      vertex   -1.970818e+01 3.715704e+01 4.042095e+00
      vertex   -1.310000e+01 3.707261e+01 4.343957e+00
    endloop
  endfacet
  facet normal 8.993101e-05 9.635488e-01 2.675328e-01
    outer loop
      vertex   -1.310000e+01 3.707261e+01 4.343957e+00
      vertex   -1.970818e+01 3.715704e+01 4.042095e+00
      vertex   -1.972474e+01 3.707014e+01 4.355089e+00
    endloop
  endfacet
  facet normal -9.155657e-05 9.863613e-01 1.645946e-01
    outer loop
      vertex   -1.310000e+01 3.707261e+01 4.343957e+00
      vertex   -1.972474e+01 3.707014e+01 4.355089e+00
      vertex   -1.310000e+01 3.701821e+01 4.669975e+00
    endloop
  endfacet
  facet normal 4.571045e-05 9.868263e-01 1.617834e-01
    outer loop
      vertex   -1.310000e+01 3.701821e+01 4.669975e+00
      vertex   -1.972474e+01 3.707014e+01 4.355089e+00
      vertex   -1.973475e+01 3.701759e+01 4.675643e+00
    endloop
  endfacet
  facet normal -4.652468e-05 9.984815e-01 5.508776e-02
    outer loop
      vertex   -1.310000e+01 3.701821e+01 4.669975e+00
      vertex   -1.973475e+01 3.701759e+01 4.675643e+00
      vertex   -1.310000e+01 3.700000e+01 5.000000e+00
    endloop
  endfacet
  facet normal -1.000000e+00 -0.000000e+00 0.000000e+00
    outer loop
      vertex   -1.310000e+01 3.831812e+01 4.752478e+00
      vertex   -1.310000e+01 3.701821e+01 4.669975e+00
      vertex   -1.310000e+01 3.830000e+01 5.000000e+00
    endloop
  endfacet
  facet normal -1.000000e+00 0.000000e+00 0.000000e+00
    outer loop
      vertex   -1.310000e+01 3.830000e+01 5.000000e+00
      vertex   -1.310000e+01 3.701821e+01 4.669975e+00
      vertex   -1.310000e+01 3.700000e+01 5.000000e+00
    endloop
  endfacet
  facet normal -1.000000e+00 -0.000000e+00 0.000000e+00
    outer loop
      vertex   -1.310000e+01 3.830000e+01 5.000000e+00
      vertex   -1.310000e+01 3.700000e+01 5.000000e+00
      vertex   -1.310000e+01 3.701821e+01 5.330025e+00
    endloop
  endfacet
  facet normal -1.000000e+00 0.000000e+00 0.000000e+00
    outer loop
      vertex   -1.310000e+01 3.701821e+01 4.669975e+00
      vertex   -1.310000e+01 3.831812e+01 4.752478e+00
      vertex   -1.310000e+01 3.707261e+01 4.343957e+00
    endloop
  endfacet
  facet normal -1.000000e+00 0.000000e+00 0.000000e+00
    outer loop
      vertex   -1.310000e+01 3.707261e+01 4.343957e+00
      vertex   -1.310000e+01 3.831812e+01 4.752478e+00
      vertex   -1.310000e+01 3.837208e+01 4.510232e+00
    endloop
  endfacet
  facet normal -1.000000e+00 0.000000e+00 0.000000e+00
    outer loop
      vertex   -1.310000e+01 3.707261e+01 4.343957e+00
      vertex   -1.310000e+01 3.837208e+01 4.510232e+00
      vertex   -1.310000e+01 3.716255e+01 4.025902e+00
    endloop
  endfacet
  facet normal -1.000000e+00 0.000000e+00 0.000000e+00
    outer loop
      vertex   -1.310000e+01 3.716255e+01 4.025902e+00
      vertex   -1.310000e+01 3.837208e+01 4.510232e+00
      vertex   -1.310000e+01 3.846074e+01 4.278424e+00
    endloop
  endfacet
  facet normal -1.000000e+00 0.000000e+00 0.000000e+00
    outer loop
      vertex   -1.310000e+01 3.716255e+01 4.025902e+00
      vertex   -1.310000e+01 3.846074e+01 4.278424e+00
      vertex   -1.310000e+01 3.728693e+01 3.719671e+00
    endloop
  endfacet
  facet normal -1.000000e+00 0.000000e+00 0.000000e+00
    outer loop
      vertex   -1.310000e+01 3.728693e+01 3.719671e+00
      vertex   -1.310000e+01 3.846074e+01 4.278424e+00
      vertex   -1.310000e+01 3.744424e+01 3.428981e+00
    endloop
  endfacet
  facet normal -1.000000e+00 0.000000e+00 0.000000e+00
    outer loop
      vertex   -1.310000e+01 3.744424e+01 3.428981e+00
      vertex   -1.310000e+01 3.846074e+01 4.278424e+00
      vertex   -1.310000e+01 3.858220e+01 4.061995e+00
    endloop
  endfacet
  facet normal -1.000000e+00 0.000000e+00 0.000000e+00
    outer loop
      vertex   -1.310000e+01 3.744424e+01 3.428981e+00
      vertex   -1.310000e+01 3.858220e+01 4.061995e+00
      vertex   -1.310000e+01 3.763258e+01 3.157362e+00
    endloop
  endfacet
  facet normal -1.000000e+00 0.000000e+00 0.000000e+00
    outer loop
      vertex   -1.310000e+01 3.763258e+01 3.157362e+00
      vertex   -1.310000e+01 3.858220e+01 4.061995e+00
      vertex   -1.310000e+01 3.873389e+01 3.865558e+00
    endloop
  endfacet
  facet normal -1.000000e+00 0.000000e+00 0.000000e+00
    outer loop
      vertex   -1.310000e+01 3.763258e+01 3.157362e+00
      vertex   -1.310000e+01 3.873389e+01 3.865558e+00
      vertex   -1.310000e+01 3.784965e+01 2.908110e+00
    endloop
  endfacet
  facet normal -1.000000e+00 0.000000e+00 0.000000e+00
    outer loop
      vertex   -1.310000e+01 3.784965e+01 2.908110e+00
      vertex   -1.310000e+01 3.873389e+01 3.865558e+00
      vertex   -1.310000e+01 3.891256e+01 3.693300e+00
    endloop
  endfacet
  facet normal -1.000000e+00 0.000000e+00 0.000000e+00
    outer loop
      vertex   -1.310000e+01 3.784965e+01 2.908110e+00
      vertex   -1.310000e+01 3.891256e+01 3.693300e+00
      vertex   -1.310000e+01 3.809283e+01 2.684250e+00
    endloop
  endfacet
  facet normal -1.000000e+00 0.000000e+00 0.000000e+00
    outer loop
      vertex   -1.310000e+01 3.809283e+01 2.684250e+00
      vertex   -1.310000e+01 3.891256e+01 3.693300e+00
      vertex   -1.310000e+01 3.835916e+01 2.488501e+00
    endloop
  endfacet
  facet normal -1.000000e+00 0.000000e+00 0.000000e+00
    outer loop
      vertex   -1.310000e+01 3.835916e+01 2.488501e+00
      vertex   -1.310000e+01 3.891256e+01 3.693300e+00
      vertex   -1.310000e+01 3.911440e+01 3.548892e+00
    endloop
  endfacet
  facet normal -1.000000e+00 0.000000e+00 0.000000e+00
    outer loop
      vertex   -1.310000e+01 3.835916e+01 2.488501e+00
      vertex   -1.310000e+01 3.911440e+01 3.548892e+00
      vertex   -1.310000e+01 3.864540e+01 2.323237e+00
    endloop
  endfacet
  facet normal -1.000000e+00 0.000000e+00 0.000000e+00
    outer loop
      vertex   -1.310000e+01 3.864540e+01 2.323237e+00
      vertex   -1.310000e+01 3.911440e+01 3.548892e+00
      vertex   -1.310000e+01 3.933512e+01 3.435411e+00
    endloop
  endfacet
  facet normal -1.000000e+00 0.000000e+00 0.000000e+00
    outer loop
      vertex   -1.310000e+01 3.864540e+01 2.323237e+00
      vertex   -1.310000e+01 3.933512e+01 3.435411e+00
      vertex   -1.310000e+01 3.894809e+01 2.190466e+00
    endloop
  endfacet
  facet normal -1.000000e+00 0.000000e+00 0.000000e+00
    outer loop
      vertex   -1.310000e+01 3.894809e+01 2.190466e+00
      vertex   -1.310000e+01 3.933512e+01 3.435411e+00
      vertex   -1.310000e+01 3.957001e+01 3.355278e+00
    endloop
  endfacet
  facet normal -1.000000e+00 0.000000e+00 0.000000e+00
    outer loop
      vertex   -1.310000e+01 3.894809e+01 2.190466e+00
      vertex   -1.310000e+01 3.957001e+01 3.355278e+00
      vertex   -1.310000e+01 3.926354e+01 2.091799e+00
    endloop
  endfacet
  facet normal -1.000000e+00 0.000000e+00 0.000000e+00
    outer loop
      vertex   -1.310000e+01 3.926354e+01 2.091799e+00
      vertex   -1.310000e+01 3.957001e+01 3.355278e+00
      vertex   -1.310000e+01 3.958794e+01 2.028434e+00
    endloop
  endfacet
  facet normal -1.000000e+00 0.000000e+00 0.000000e+00
    outer loop
      vertex   -1.310000e+01 3.958794e+01 2.028434e+00
      vertex   -1.310000e+01 3.957001e+01 3.355278e+00
      vertex   -1.310000e+01 3.981407e+01 3.310198e+00
    endloop
  endfacet
  facet normal -1.000000e+00 0.000000e+00 0.000000e+00
    outer loop
      vertex   -1.310000e+01 3.958794e+01 2.028434e+00
      vertex   -1.310000e+01 3.981407e+01 3.310198e+00
      vertex   -1.310000e+01 3.991734e+01 2.001139e+00
    endloop
  endfacet
  facet normal -1.000000e+00 0.000000e+00 0.000000e+00
    outer loop
      vertex   -1.310000e+01 3.991734e+01 2.001139e+00
      vertex   -1.310000e+01 3.981407e+01 3.310198e+00
      vertex   -1.310000e+01 4.006209e+01 3.301134e+00
    endloop
  endfacet
  facet normal -1.000000e+00 0.000000e+00 0.000000e+00
    outer loop
      vertex   -1.310000e+01 3.991734e+01 2.001139e+00
      vertex   -1.310000e+01 4.006209e+01 3.301134e+00
      vertex   -1.310000e+01 4.024774e+01 2.010247e+00
    endloop
  endfacet
  facet normal -1.000000e+00 0.000000e+00 0.000000e+00
    outer loop
      vertex   -1.310000e+01 4.024774e+01 2.010247e+00
      vertex   -1.310000e+01 4.006209e+01 3.301134e+00
      vertex   -1.310000e+01 4.030878e+01 3.328278e+00
    endloop
  endfacet
  facet normal -1.000000e+00 0.000000e+00 0.000000e+00
    outer loop
      vertex   -1.310000e+01 4.024774e+01 2.010247e+00
      vertex   -1.310000e+01 4.030878e+01 3.328278e+00
      vertex   -1.310000e+01 4.057513e+01 2.055646e+00
    endloop
  endfacet
  facet normal -1.000000e+00 0.000000e+00 0.000000e+00
    outer loop
      vertex   -1.310000e+01 4.057513e+01 2.055646e+00
      vertex   -1.310000e+01 4.030878e+01 3.328278e+00
      vertex   -1.310000e+01 4.089554e+01 2.136785e+00
    endloop
  endfacet
  facet normal -1.000000e+00 0.000000e+00 0.000000e+00
    outer loop
      vertex   -1.310000e+01 4.089554e+01 2.136785e+00
      vertex   -1.310000e+01 4.030878e+01 3.328278e+00
      vertex   -1.310000e+01 4.054890e+01 3.391052e+00
    endloop
  endfacet
  facet normal -1.000000e+00 0.000000e+00 0.000000e+00
    outer loop
      vertex   -1.310000e+01 4.089554e+01 2.136785e+00
      vertex   -1.310000e+01 4.054890e+01 3.391052e+00
      vertex   -1.310000e+01 4.120509e+01 2.252680e+00
    endloop
  endfacet
  facet normal -1.000000e+00 0.000000e+00 0.000000e+00
    outer loop
      vertex   -1.310000e+01 4.120509e+01 2.252680e+00
      vertex   -1.310000e+01 4.054890e+01 3.391052e+00
      vertex   -1.310000e+01 4.077731e+01 3.488118e+00
    endloop
  endfacet
  facet normal -1.000000e+00 0.000000e+00 0.000000e+00
    outer loop
      vertex   -1.310000e+01 4.120509e+01 2.252680e+00
      vertex   -1.310000e+01 4.077731e+01 3.488118e+00
      vertex   -1.310000e+01 4.150000e+01 2.401924e+00
    endloop
  endfacet
  facet normal -1.000000e+00 0.000000e+00 0.000000e+00
    outer loop
      vertex   -1.310000e+01 4.150000e+01 2.401924e+00
      vertex   -1.310000e+01 4.077731e+01 3.488118e+00
      vertex   -1.310000e+01 4.098916e+01 3.617407e+00
    endloop
  endfacet
  facet normal -1.000000e+00 0.000000e+00 0.000000e+00
    outer loop
      vertex   -1.310000e+01 4.150000e+01 2.401924e+00
      vertex   -1.310000e+01 4.098916e+01 3.617407e+00
      vertex   -1.310000e+01 4.177671e+01 2.582705e+00
    endloop
  endfacet
  facet normal -1.000000e+00 0.000000e+00 0.000000e+00
    outer loop
      vertex   -1.310000e+01 4.177671e+01 2.582705e+00
      vertex   -1.310000e+01 4.098916e+01 3.617407e+00
      vertex   -1.310000e+01 4.203184e+01 2.792828e+00
    endloop
  endfacet
  facet normal -1.000000e+00 0.000000e+00 0.000000e+00
    outer loop
      vertex   -1.310000e+01 4.203184e+01 2.792828e+00
      vertex   -1.310000e+01 4.098916e+01 3.617407e+00
      vertex   -1.310000e+01 4.117993e+01 3.776164e+00
    endloop
  endfacet
  facet normal -1.000000e+00 0.000000e+00 0.000000e+00
    outer loop
      vertex   -1.310000e+01 4.203184e+01 2.792828e+00
      vertex   -1.310000e+01 4.117993e+01 3.776164e+00
      vertex   -1.310000e+01 4.226232e+01 3.029744e+00
    endloop
  endfacet
  facet normal -1.000000e+00 0.000000e+00 0.000000e+00
    outer loop
      vertex   -1.310000e+01 4.226232e+01 3.029744e+00
      vertex   -1.310000e+01 4.117993e+01 3.776164e+00
      vertex   -1.310000e+01 4.134554e+01 3.961005e+00
    endloop
  endfacet
  facet normal -1.000000e+00 0.000000e+00 0.000000e+00
    outer loop
      vertex   -1.310000e+01 4.226232e+01 3.029744e+00
      vertex   -1.310000e+01 4.134554e+01 3.961005e+00
      vertex   -1.310000e+01 4.246533e+01 3.290576e+00
    endloop
  endfacet
  facet normal -1.000000e+00 0.000000e+00 0.000000e+00
    outer loop
      vertex   -1.310000e+01 4.246533e+01 3.290576e+00
      vertex   -1.310000e+01 4.134554e+01 3.961005e+00
      vertex   -1.310000e+01 4.148248e+01 4.167990e+00
    endloop
  endfacet
  facet normal -1.000000e+00 0.000000e+00 0.000000e+00
    outer loop
      vertex   -1.310000e+01 4.246533e+01 3.290576e+00
      vertex   -1.310000e+01 4.148248e+01 4.167990e+00
      vertex   -1.310000e+01 4.263842e+01 3.572158e+00
    endloop
  endfacet
  facet normal -1.000000e+00 0.000000e+00 0.000000e+00
    outer loop
      vertex   -1.310000e+01 4.263842e+01 3.572158e+00
      vertex   -1.310000e+01 4.148248e+01 4.167990e+00
      vertex   -1.310000e+01 4.277948e+01 3.871072e+00
    endloop
  endfacet
  facet normal -1.000000e+00 0.000000e+00 0.000000e+00
    outer loop
      vertex   -1.310000e+01 4.277948e+01 3.871072e+00
      vertex   -1.310000e+01 4.148248e+01 4.167990e+00
      vertex   -1.310000e+01 4.158783e+01 4.392707e+00
    endloop
  endfacet
  facet normal -1.000000e+00 0.000000e+00 0.000000e+00
    outer loop
      vertex   -1.310000e+01 4.277948e+01 3.871072e+00
      vertex   -1.310000e+01 4.158783e+01 4.392707e+00
      vertex   -1.310000e+01 4.288680e+01 4.183690e+00
    endloop
  endfacet
  facet normal -1.000000e+00 0.000000e+00 0.000000e+00
    outer loop
      vertex   -1.310000e+01 4.288680e+01 4.183690e+00
      vertex   -1.310000e+01 4.158783e+01 4.392707e+00
      vertex   -1.310000e+01 4.165933e+01 4.630369e+00
    endloop
  endfacet
  facet normal -1.000000e+00 0.000000e+00 0.000000e+00
    outer loop
      vertex   -1.310000e+01 4.288680e+01 4.183690e+00
      vertex   -1.310000e+01 4.165933e+01 4.630369e+00
      vertex   -1.310000e+01 4.295908e+01 4.506216e+00
    endloop
  endfacet
  facet normal -1.000000e+00 0.000000e+00 0.000000e+00
    outer loop
      vertex   -1.310000e+01 4.295908e+01 4.506216e+00
      vertex   -1.310000e+01 4.165933e+01 4.630369e+00
      vertex   -1.310000e+01 4.169546e+01 4.875908e+00
    endloop
  endfacet
  facet normal -1.000000e+00 0.000000e+00 0.000000e+00
    outer loop
      vertex   -1.310000e+01 4.295908e+01 4.506216e+00
      vertex   -1.310000e+01 4.169546e+01 4.875908e+00
      vertex   -1.310000e+01 4.299544e+01 4.834737e+00
    endloop
  endfacet
  facet normal -1.000000e+00 0.000000e+00 0.000000e+00
    outer loop
      vertex   -1.310000e+01 4.299544e+01 4.834737e+00
      vertex   -1.310000e+01 4.169546e+01 4.875908e+00
      vertex   -1.310000e+01 4.169546e+01 5.124092e+00
    endloop
  endfacet
  facet normal -1.000000e+00 0.000000e+00 0.000000e+00
    outer loop
      vertex   -1.310000e+01 4.299544e+01 4.834737e+00
      vertex   -1.310000e+01 4.169546e+01 5.124092e+00
      vertex   -1.310000e+01 4.299544e+01 5.165263e+00
    endloop
  endfacet
  facet normal -1.000000e+00 -0.000000e+00 0.000000e+00
    outer loop
      vertex   -1.310000e+01 4.299544e+01 5.165263e+00
      vertex   -1.310000e+01 4.169546e+01 5.124092e+00
      vertex   -1.310000e+01 4.295908e+01 5.493784e+00
    endloop
  endfacet
  facet normal -1.000000e+00 0.000000e+00 0.000000e+00
    outer loop
      vertex   -1.310000e+01 4.295908e+01 5.493784e+00
      vertex   -1.310000e+01 4.169546e+01 5.124092e+00
      vertex   -1.310000e+01 4.165933e+01 5.369631e+00
    endloop
  endfacet
  facet normal -1.000000e+00 -0.000000e+00 0.000000e+00
    outer loop
      vertex   -1.310000e+01 4.295908e+01 5.493784e+00
      vertex   -1.310000e+01 4.165933e+01 5.369631e+00
      vertex   -1.310000e+01 4.288680e+01 5.816310e+00
    endloop
  endfacet
  facet normal -1.000000e+00 0.000000e+00 0.000000e+00
    outer loop
      vertex   -1.310000e+01 4.288680e+01 5.816310e+00
      vertex   -1.310000e+01 4.165933e+01 5.369631e+00
      vertex   -1.310000e+01 4.158783e+01 5.607293e+00
    endloop
  endfacet
  facet normal -1.000000e+00 -0.000000e+00 0.000000e+00
    outer loop
      vertex   -1.310000e+01 4.288680e+01 5.816310e+00
      vertex   -1.310000e+01 4.158783e+01 5.607293e+00
      vertex   -1.310000e+01 4.277948e+01 6.128928e+00
    endloop
  endfacet
  facet normal -1.000000e+00 0.000000e+00 0.000000e+00
    outer loop
      vertex   -1.310000e+01 4.277948e+01 6.128928e+00
      vertex   -1.310000e+01 4.158783e+01 5.607293e+00
      vertex   -1.310000e+01 4.148248e+01 5.832010e+00
    endloop
  endfacet
  facet normal -1.000000e+00 -0.000000e+00 0.000000e+00
    outer loop
      vertex   -1.310000e+01 4.277948e+01 6.128928e+00
      vertex   -1.310000e+01 4.148248e+01 5.832010e+00
      vertex   -1.310000e+01 4.263842e+01 6.427842e+00
    endloop
  endfacet
  facet normal -1.000000e+00 -0.000000e+00 0.000000e+00
    outer loop
      vertex   -1.310000e+01 4.263842e+01 6.427842e+00
      vertex   -1.310000e+01 4.148248e+01 5.832010e+00
      vertex   -1.310000e+01 4.246533e+01 6.709424e+00
    endloop
  endfacet
  facet normal -1.000000e+00 0.000000e+00 0.000000e+00
    outer loop
      vertex   -1.310000e+01 4.246533e+01 6.709424e+00
      vertex   -1.310000e+01 4.148248e+01 5.832010e+00
      vertex   -1.310000e+01 4.134554e+01 6.038995e+00
    endloop
  endfacet
  facet normal -1.000000e+00 -0.000000e+00 0.000000e+00
    outer loop
      vertex   -1.310000e+01 4.246533e+01 6.709424e+00
      vertex   -1.310000e+01 4.134554e+01 6.038995e+00
      vertex   -1.310000e+01 4.226232e+01 6.970256e+00
    endloop
  endfacet
  facet normal -1.000000e+00 0.000000e+00 0.000000e+00
    outer loop
      vertex   -1.310000e+01 4.226232e+01 6.970256e+00
      vertex   -1.310000e+01 4.134554e+01 6.038995e+00
      vertex   -1.310000e+01 4.117993e+01 6.223836e+00
    endloop
  endfacet
  facet normal -1.000000e+00 -0.000000e+00 0.000000e+00
    outer loop
      vertex   -1.310000e+01 4.226232e+01 6.970256e+00
      vertex   -1.310000e+01 4.117993e+01 6.223836e+00
      vertex   -1.310000e+01 4.203184e+01 7.207172e+00
    endloop
  endfacet
  facet normal -1.000000e+00 0.000000e+00 0.000000e+00
    outer loop
      vertex   -1.310000e+01 4.203184e+01 7.207172e+00
      vertex   -1.310000e+01 4.117993e+01 6.223836e+00
      vertex   -1.310000e+01 4.098916e+01 6.382593e+00
    endloop
  endfacet
  facet normal -1.000000e+00 -0.000000e+00 0.000000e+00
    outer loop
      vertex   -1.310000e+01 4.203184e+01 7.207172e+00
      vertex   -1.310000e+01 4.098916e+01 6.382593e+00
      vertex   -1.310000e+01 4.177671e+01 7.417295e+00
    endloop
  endfacet
  facet normal -1.000000e+00 -0.000000e+00 0.000000e+00
    outer loop
      vertex   -1.310000e+01 4.177671e+01 7.417295e+00
      vertex   -1.310000e+01 4.098916e+01 6.382593e+00
      vertex   -1.310000e+01 4.150000e+01 7.598076e+00
    endloop
  endfacet
  facet normal -1.000000e+00 0.000000e+00 0.000000e+00
    outer loop
      vertex   -1.310000e+01 4.150000e+01 7.598076e+00
      vertex   -1.310000e+01 4.098916e+01 6.382593e+00
      vertex   -1.310000e+01 4.077731e+01 6.511882e+00
    endloop
  endfacet
  facet normal -1.000000e+00 -0.000000e+00 0.000000e+00
    outer loop
      vertex   -1.310000e+01 4.150000e+01 7.598076e+00
      vertex   -1.310000e+01 4.077731e+01 6.511882e+00
      vertex   -1.310000e+01 4.120509e+01 7.747320e+00
    endloop
  endfacet
  facet normal -1.000000e+00 0.000000e+00 0.000000e+00
    outer loop
      vertex   -1.310000e+01 4.120509e+01 7.747320e+00
      vertex   -1.310000e+01 4.077731e+01 6.511882e+00
      vertex   -1.310000e+01 4.054890e+01 6.608948e+00
    endloop
  endfacet
  facet normal -1.000000e+00 -0.000000e+00 0.000000e+00
    outer loop
      vertex   -1.310000e+01 4.120509e+01 7.747320e+00
      vertex   -1.310000e+01 4.054890e+01 6.608948e+00
      vertex   -1.310000e+01 4.089554e+01 7.863215e+00
    endloop
  endfacet
  facet normal -1.000000e+00 0.000000e+00 0.000000e+00
    outer loop
      vertex   -1.310000e+01 4.089554e+01 7.863215e+00
      vertex   -1.310000e+01 4.054890e+01 6.608948e+00
      vertex   -1.310000e+01 4.030878e+01 6.671722e+00
    endloop
  endfacet
  facet normal -1.000000e+00 -0.000000e+00 0.000000e+00
    outer loop
      vertex   -1.310000e+01 4.089554e+01 7.863215e+00
      vertex   -1.310000e+01 4.030878e+01 6.671722e+00
      vertex   -1.310000e+01 4.057513e+01 7.944354e+00
    endloop
  endfacet
  facet normal -1.000000e+00 -0.000000e+00 0.000000e+00
    outer loop
      vertex   -1.310000e+01 4.057513e+01 7.944354e+00
      vertex   -1.310000e+01 4.030878e+01 6.671722e+00
      vertex   -1.310000e+01 4.024774e+01 7.989753e+00
    endloop
  endfacet
  facet normal -1.000000e+00 0.000000e+00 -0.000000e+00
    outer loop
      vertex   -1.310000e+01 4.024774e+01 7.989753e+00
      vertex   -1.310000e+01 4.030878e+01 6.671722e+00
      vertex   -1.310000e+01 4.006209e+01 6.698866e+00
    endloop
  endfacet
  facet normal -1.000000e+00 -0.000000e+00 0.000000e+00
    outer loop
      vertex   -1.310000e+01 4.024774e+01 7.989753e+00
      vertex   -1.310000e+01 4.006209e+01 6.698866e+00
      vertex   -1.310000e+01 3.991734e+01 7.998861e+00
    endloop
  endfacet
  facet normal -1.000000e+00 0.000000e+00 -0.000000e+00
    outer loop
      vertex   -1.310000e+01 3.991734e+01 7.998861e+00
      vertex   -1.310000e+01 4.006209e+01 6.698866e+00
      vertex   -1.310000e+01 3.981407e+01 6.689802e+00
    endloop
  endfacet
  facet normal -1.000000e+00 0.000000e+00 0.000000e+00
    outer loop
      vertex   -1.310000e+01 3.991734e+01 7.998861e+00
      vertex   -1.310000e+01 3.981407e+01 6.689802e+00
      vertex   -1.310000e+01 3.958794e+01 7.971566e+00
    endloop
  endfacet
  facet normal -1.000000e+00 0.000000e+00 -0.000000e+00
    outer loop
      vertex   -1.310000e+01 3.958794e+01 7.971566e+00
      vertex   -1.310000e+01 3.981407e+01 6.689802e+00
      vertex   -1.310000e+01 3.957001e+01 6.644722e+00
    endloop
  endfacet
  facet normal -1.000000e+00 0.000000e+00 0.000000e+00
    outer loop
      vertex   -1.310000e+01 3.958794e+01 7.971566e+00
      vertex   -1.310000e+01 3.957001e+01 6.644722e+00
      vertex   -1.310000e+01 3.926354e+01 7.908201e+00
    endloop
  endfacet
  facet normal -1.000000e+00 0.000000e+00 -0.000000e+00
    outer loop
      vertex   -1.310000e+01 3.926354e+01 7.908201e+00
      vertex   -1.310000e+01 3.957001e+01 6.644722e+00
      vertex   -1.310000e+01 3.894809e+01 7.809534e+00
    endloop
  endfacet
  facet normal -1.000000e+00 0.000000e+00 0.000000e+00
    outer loop
      vertex   -1.310000e+01 3.894809e+01 7.809534e+00
      vertex   -1.310000e+01 3.957001e+01 6.644722e+00
      vertex   -1.310000e+01 3.933512e+01 6.564589e+00
    endloop
  endfacet
  facet normal -1.000000e+00 0.000000e+00 -0.000000e+00
    outer loop
      vertex   -1.310000e+01 3.894809e+01 7.809534e+00
      vertex   -1.310000e+01 3.933512e+01 6.564589e+00
      vertex   -1.310000e+01 3.864540e+01 7.676763e+00
    endloop
  endfacet
  facet normal -1.000000e+00 0.000000e+00 0.000000e+00
    outer loop
      vertex   -1.310000e+01 3.864540e+01 7.676763e+00
      vertex   -1.310000e+01 3.933512e+01 6.564589e+00
      vertex   -1.310000e+01 3.911440e+01 6.451108e+00
    endloop
  endfacet
  facet normal -1.000000e+00 0.000000e+00 -0.000000e+00
    outer loop
      vertex   -1.310000e+01 3.864540e+01 7.676763e+00
      vertex   -1.310000e+01 3.911440e+01 6.451108e+00
      vertex   -1.310000e+01 3.835916e+01 7.511499e+00
    endloop
  endfacet
  facet normal -1.000000e+00 0.000000e+00 0.000000e+00
    outer loop
      vertex   -1.310000e+01 3.835916e+01 7.511499e+00
      vertex   -1.310000e+01 3.911440e+01 6.451108e+00
      vertex   -1.310000e+01 3.891256e+01 6.306700e+00
    endloop
  endfacet
  facet normal -1.000000e+00 0.000000e+00 -0.000000e+00
    outer loop
      vertex   -1.310000e+01 3.835916e+01 7.511499e+00
      vertex   -1.310000e+01 3.891256e+01 6.306700e+00
      vertex   -1.310000e+01 3.809283e+01 7.315750e+00
    endloop
  endfacet
  facet normal -1.000000e+00 0.000000e+00 -0.000000e+00
    outer loop
      vertex   -1.310000e+01 3.809283e+01 7.315750e+00
      vertex   -1.310000e+01 3.891256e+01 6.306700e+00
      vertex   -1.310000e+01 3.784965e+01 7.091890e+00
    endloop
  endfacet
  facet normal -1.000000e+00 0.000000e+00 0.000000e+00
    outer loop
      vertex   -1.310000e+01 3.784965e+01 7.091890e+00
      vertex   -1.310000e+01 3.891256e+01 6.306700e+00
      vertex   -1.310000e+01 3.873389e+01 6.134442e+00
    endloop
  endfacet
  facet normal -1.000000e+00 0.000000e+00 -0.000000e+00
    outer loop
      vertex   -1.310000e+01 3.784965e+01 7.091890e+00
      vertex   -1.310000e+01 3.873389e+01 6.134442e+00
      vertex   -1.310000e+01 3.763258e+01 6.842638e+00
    endloop
  endfacet
  facet normal -1.000000e+00 0.000000e+00 0.000000e+00
    outer loop
      vertex   -1.310000e+01 3.763258e+01 6.842638e+00
      vertex   -1.310000e+01 3.873389e+01 6.134442e+00
      vertex   -1.310000e+01 3.858220e+01 5.938005e+00
    endloop
  endfacet
  facet normal -1.000000e+00 0.000000e+00 -0.000000e+00
    outer loop
      vertex   -1.310000e+01 3.763258e+01 6.842638e+00
      vertex   -1.310000e+01 3.858220e+01 5.938005e+00
      vertex   -1.310000e+01 3.744424e+01 6.571019e+00
    endloop
  endfacet
  facet normal -1.000000e+00 0.000000e+00 0.000000e+00
    outer loop
      vertex   -1.310000e+01 3.744424e+01 6.571019e+00
      vertex   -1.310000e+01 3.858220e+01 5.938005e+00
      vertex   -1.310000e+01 3.846074e+01 5.721576e+00
    endloop
  endfacet
  facet normal -1.000000e+00 0.000000e+00 -0.000000e+00
    outer loop
      vertex   -1.310000e+01 3.744424e+01 6.571019e+00
      vertex   -1.310000e+01 3.846074e+01 5.721576e+00
      vertex   -1.310000e+01 3.728693e+01 6.280329e+00
    endloop
  endfacet
  facet normal -1.000000e+00 0.000000e+00 -0.000000e+00
    outer loop
      vertex   -1.310000e+01 3.728693e+01 6.280329e+00
      vertex   -1.310000e+01 3.846074e+01 5.721576e+00
      vertex   -1.310000e+01 3.716255e+01 5.974098e+00
    endloop
  endfacet
  facet normal -1.000000e+00 0.000000e+00 0.000000e+00
    outer loop
      vertex   -1.310000e+01 3.716255e+01 5.974098e+00
      vertex   -1.310000e+01 3.846074e+01 5.721576e+00
      vertex   -1.310000e+01 3.837208e+01 5.489768e+00
    endloop
  endfacet
  facet normal -1.000000e+00 0.000000e+00 -0.000000e+00
    outer loop
      vertex   -1.310000e+01 3.716255e+01 5.974098e+00
      vertex   -1.310000e+01 3.837208e+01 5.489768e+00
      vertex   -1.310000e+01 3.707261e+01 5.656043e+00
    endloop
  endfacet
  facet normal -1.000000e+00 0.000000e+00 0.000000e+00
    outer loop
      vertex   -1.310000e+01 3.707261e+01 5.656043e+00
      vertex   -1.310000e+01 3.837208e+01 5.489768e+00
      vertex   -1.310000e+01 3.831812e+01 5.247522e+00
    endloop
  endfacet
  facet normal -1.000000e+00 0.000000e+00 -0.000000e+00
    outer loop
      vertex   -1.310000e+01 3.707261e+01 5.656043e+00
      vertex   -1.310000e+01 3.831812e+01 5.247522e+00
      vertex   -1.310000e+01 3.701821e+01 5.330025e+00
    endloop
  endfacet
  facet normal -1.000000e+00 0.000000e+00 0.000000e+00
    outer loop
      vertex   -1.310000e+01 3.701821e+01 5.330025e+00
      vertex   -1.310000e+01 3.831812e+01 5.247522e+00
      vertex   -1.310000e+01 3.830000e+01 5.000000e+00
    endloop
  endfacet
  facet normal 7.240500e-18 9.985334e-01 -5.413891e-02
    outer loop
      vertex   1.973475e+01 3.701759e+01 5.324357e+00
      vertex   1.973810e+01 3.700000e+01 5.000000e+00
      vertex   1.310000e+01 3.700000e+01 5.000000e+00
    endloop
  endfacet
  facet normal -7.243796e-18 9.985334e-01 5.413891e-02
    outer loop
      vertex   1.310000e+01 3.700000e+01 5.000000e+00
      vertex   1.973810e+01 3.700000e+01 5.000000e+00
      vertex   1.973475e+01 3.701759e+01 4.675643e+00
    endloop
  endfacet
  facet normal 4.652468e-05 9.984815e-01 5.508776e-02
    outer loop
      vertex   1.310000e+01 3.700000e+01 5.000000e+00
      vertex   1.973475e+01 3.701759e+01 4.675643e+00
      vertex   1.310000e+01 3.701821e+01 4.669975e+00
    endloop
  endfacet
  facet normal -4.571045e-05 9.868263e-01 1.617834e-01
    outer loop
      vertex   1.310000e+01 3.701821e+01 4.669975e+00
      vertex   1.973475e+01 3.701759e+01 4.675643e+00
      vertex   1.972474e+01 3.707014e+01 4.355089e+00
    endloop
  endfacet
  facet normal 9.155657e-05 9.863613e-01 1.645946e-01
    outer loop
      vertex   1.310000e+01 3.701821e+01 4.669975e+00
      vertex   1.972474e+01 3.707014e+01 4.355089e+00
      vertex   1.310000e+01 3.707261e+01 4.343957e+00
    endloop
  endfacet
  facet normal -8.993101e-05 9.635488e-01 2.675328e-01
    outer loop
      vertex   1.310000e+01 3.707261e+01 4.343957e+00
      vertex   1.972474e+01 3.707014e+01 4.355089e+00
      vertex   1.970818e+01 3.715704e+01 4.042095e+00
    endloop
  endfacet
  facet normal 1.352225e-04 9.622680e-01 2.721035e-01
    outer loop
      vertex   1.310000e+01 3.707261e+01 4.343957e+00
      vertex   1.970818e+01 3.715704e+01 4.042095e+00
      vertex   1.310000e+01 3.716255e+01 4.025902e+00
    endloop
  endfacet
  facet normal -1.327903e-04 9.289732e-01 3.701468e-01
    outer loop
      vertex   1.310000e+01 3.716255e+01 4.025902e+00
      vertex   1.970818e+01 3.715704e+01 4.042095e+00
      vertex   1.968528e+01 3.727727e+01 3.740333e+00
    endloop
  endfacet
  facet normal 1.776368e-04 9.264941e-01 3.763094e-01
    outer loop
      vertex   1.310000e+01 3.716255e+01 4.025902e+00
      vertex   1.968528e+01 3.727727e+01 3.740333e+00
      vertex   1.310000e+01 3.728693e+01 3.719671e+00
    endloop
  endfacet
  facet normal -1.744039e-04 8.835047e-01 4.684222e-01
    outer loop
      vertex   1.310000e+01 3.728693e+01 3.719671e+00
      vertex   1.968528e+01 3.727727e+01 3.740333e+00
      vertex   1.965630e+01 3.742943e+01 3.453338e+00
    endloop
  endfacet
  facet normal 2.189007e-04 8.794737e-01 4.759474e-01
    outer loop
      vertex   1.310000e+01 3.728693e+01 3.719671e+00
      vertex   1.965630e+01 3.742943e+01 3.453338e+00
      vertex   1.310000e+01 3.744424e+01 3.428981e+00
    endloop
  endfacet
  facet normal -2.148736e-04 8.276761e-01 5.612061e-01
    outer loop
      vertex   1.310000e+01 3.744424e+01 3.428981e+00
      vertex   1.965630e+01 3.742943e+01 3.453338e+00
      vertex   1.962158e+01 3.761172e+01 3.184477e+00
    endloop
  endfacet
  facet normal 2.591004e-04 8.217778e-01 5.698080e-01
    outer loop
      vertex   1.310000e+01 3.744424e+01 3.428981e+00
      vertex   1.962158e+01 3.761172e+01 3.184477e+00
      vertex   1.310000e+01 3.763258e+01 3.157362e+00
    endloop
  endfacet
  facet normal -2.542860e-04 7.621417e-01 6.474102e-01
    outer loop
      vertex   1.310000e+01 3.763258e+01 3.157362e+00
      vertex   1.962158e+01 3.761172e+01 3.184477e+00
      vertex   1.958152e+01 3.782201e+01 2.936902e+00
    endloop
  endfacet
  facet normal 2.983069e-04 7.541066e-01 6.567520e-01
    outer loop
      vertex   1.310000e+01 3.763258e+01 3.157362e+00
      vertex   1.958152e+01 3.782201e+01 2.936902e+00
      vertex   1.310000e+01 3.784965e+01 2.908110e+00
    endloop
  endfacet
  facet normal -2.927112e-04 6.876700e-01 7.260233e-01
    outer loop
      vertex   1.310000e+01 3.784965e+01 2.908110e+00
      vertex   1.958152e+01 3.782201e+01 2.936902e+00
      vertex   1.953660e+01 3.805784e+01 2.713514e+00
    endloop
  endfacet
  facet normal 3.365744e-04 6.772815e-01 7.357239e-01
    outer loop
      vertex   1.310000e+01 3.784965e+01 2.908110e+00
      vertex   1.953660e+01 3.805784e+01 2.713514e+00
      vertex   1.310000e+01 3.809283e+01 2.684250e+00
    endloop
  endfacet
  facet normal -3.302022e-04 6.051343e-01 7.961233e-01
    outer loop
      vertex   1.310000e+01 3.809283e+01 2.684250e+00
      vertex   1.953660e+01 3.805784e+01 2.713514e+00
      vertex   1.948734e+01 3.831644e+01 2.516933e+00
    endloop
  endfacet
  facet normal 3.739394e-04 5.922352e-01 8.057650e-01
    outer loop
      vertex   1.310000e+01 3.809283e+01 2.684250e+00
      vertex   1.948734e+01 3.831644e+01 2.516933e+00
      vertex   1.310000e+01 3.835916e+01 2.488501e+00
    endloop
  endfacet
  facet normal -3.667938e-04 5.155025e-01 8.568880e-01
    outer loop
      vertex   1.310000e+01 3.835916e+01 2.488501e+00
      vertex   1.948734e+01 3.831644e+01 2.516933e+00
      vertex   1.943433e+01 3.859477e+01 2.349464e+00
    endloop
  endfacet
  facet normal 4.104202e-04 5.000000e-01 8.660253e-01
    outer loop
      vertex   1.310000e+01 3.835916e+01 2.488501e+00
      vertex   1.943433e+01 3.859477e+01 2.349464e+00
      vertex   1.310000e+01 3.864540e+01 2.323237e+00
    endloop
  endfacet
  facet normal -4.025012e-04 4.198259e-01 9.076046e-01
    outer loop
      vertex   1.310000e+01 3.864540e+01 2.323237e+00
      vertex   1.943433e+01 3.859477e+01 2.349464e+00
      vertex   1.937817e+01 3.888959e+01 2.213070e+00
    endloop
  endfacet
  facet normal 4.460157e-04 4.016954e-01 9.157732e-01
    outer loop
      vertex   1.310000e+01 3.864540e+01 2.323237e+00
      vertex   1.937817e+01 3.888959e+01 2.213070e+00
      vertex   1.310000e+01 3.894809e+01 2.190466e+00
    endloop
  endfacet
  facet normal -4.373199e-04 3.192267e-01 9.476783e-01
    outer loop
      vertex   1.310000e+01 3.894809e+01 2.190466e+00
      vertex   1.937817e+01 3.888959e+01 2.213070e+00
      vertex   1.931954e+01 3.919741e+01 2.109350e+00
    endloop
  endfacet
  facet normal 4.807047e-04 2.985148e-01 9.544049e-01
    outer loop
      vertex   1.310000e+01 3.894809e+01 2.190466e+00
      vertex   1.931954e+01 3.919741e+01 2.109350e+00
      vertex   1.310000e+01 3.926354e+01 2.091799e+00
    endloop
  endfacet
  facet normal -4.712244e-04 2.148848e-01 9.766393e-01
    outer loop
      vertex   1.310000e+01 3.926354e+01 2.091799e+00
      vertex   1.931954e+01 3.919741e+01 2.109350e+00
      vertex   1.925911e+01 3.951465e+01 2.039520e+00
    endloop
  endfacet
  facet normal 5.144456e-04 1.917106e-01 9.814514e-01
    outer loop
      vertex   1.310000e+01 3.926354e+01 2.091799e+00
      vertex   1.925911e+01 3.951465e+01 2.039520e+00
      vertex   1.310000e+01 3.958794e+01 2.028434e+00
    endloop
  endfacet
  facet normal -5.041681e-04 1.080241e-01 9.941481e-01
    outer loop
      vertex   1.310000e+01 3.958794e+01 2.028434e+00
      vertex   1.925911e+01 3.951465e+01 2.039520e+00
      vertex   1.919760e+01 3.983758e+01 2.004400e+00
    endloop
  endfacet
  facet normal 5.471765e-04 8.257933e-02 9.965843e-01
    outer loop
      vertex   1.310000e+01 3.958794e+01 2.028434e+00
      vertex   1.919760e+01 3.983758e+01 2.004400e+00
      vertex   1.310000e+01 3.991734e+01 2.001139e+00
    endloop
  endfacet
  facet normal -5.360832e-04 -1.021111e-04 9.999999e-01
    outer loop
      vertex   1.310000e+01 3.991734e+01 2.001139e+00
      vertex   1.919760e+01 3.983758e+01 2.004400e+00
      vertex   1.913573e+01 4.016242e+01 2.004400e+00
    endloop
  endfacet
  facet normal 5.788147e-04 -2.755434e-02 9.996201e-01
    outer loop
      vertex   1.310000e+01 3.991734e+01 2.001139e+00
      vertex   1.913573e+01 4.016242e+01 2.004400e+00
      vertex   1.310000e+01 4.024774e+01 2.010247e+00
    endloop
  endfacet
  facet normal -5.668809e-04 -1.082257e-01 9.941262e-01
    outer loop
      vertex   1.310000e+01 4.024774e+01 2.010247e+00
      vertex   1.913573e+01 4.016242e+01 2.004400e+00
      vertex   1.907422e+01 4.048535e+01 2.039520e+00
    endloop
  endfacet
  facet normal 6.092580e-04 -1.373535e-01 9.905219e-01
    outer loop
      vertex   1.310000e+01 4.024774e+01 2.010247e+00
      vertex   1.907422e+01 4.048535e+01 2.039520e+00
      vertex   1.310000e+01 4.057513e+01 2.055646e+00
    endloop
  endfacet
  facet normal -5.964522e-04 -2.150788e-01 9.765965e-01
    outer loop
      vertex   1.310000e+01 4.057513e+01 2.055646e+00
      vertex   1.907422e+01 4.048535e+01 2.039520e+00
      vertex   1.901379e+01 4.080259e+01 2.109350e+00
    endloop
  endfacet
  facet normal 6.383856e-04 -2.454854e-01 9.694001e-01
    outer loop
      vertex   1.310000e+01 4.057513e+01 2.055646e+00
      vertex   1.901379e+01 4.080259e+01 2.109350e+00
      vertex   1.310000e+01 4.089554e+01 2.136785e+00
    endloop
  endfacet
  facet normal -6.246695e-04 -3.194083e-01 9.476170e-01
    outer loop
      vertex   1.310000e+01 4.089554e+01 2.136785e+00
      vertex   1.901379e+01 4.080259e+01 2.109350e+00
      vertex   1.895516e+01 4.111041e+01 2.213070e+00
    endloop
  endfacet
  facet normal 6.660598e-04 -3.506375e-01 9.365110e-01
    outer loop
      vertex   1.310000e+01 4.089554e+01 2.136785e+00
      vertex   1.895516e+01 4.111041e+01 2.213070e+00
      vertex   1.310000e+01 4.120509e+01 2.252680e+00
    endloop
  endfacet
  facet normal -6.513884e-04 -4.199912e-01 9.075279e-01
    outer loop
      vertex   1.310000e+01 4.120509e+01 2.252680e+00
      vertex   1.895516e+01 4.111041e+01 2.213070e+00
      vertex   1.889900e+01 4.140523e+01 2.349464e+00
    endloop
  endfacet
  facet normal 6.921288e-04 -4.515333e-01 8.922540e-01
    outer loop
      vertex   1.310000e+01 4.120509e+01 2.252680e+00
      vertex   1.889900e+01 4.140523e+01 2.349464e+00
      vertex   1.310000e+01 4.150000e+01 2.401924e+00
    endloop
  endfacet
  facet normal -6.764507e-04 -5.156483e-01 8.568001e-01
    outer loop
      vertex   1.310000e+01 4.150000e+01 2.401924e+00
      vertex   1.889900e+01 4.140523e+01 2.349464e+00
      vertex   1.884599e+01 4.168356e+01 2.516933e+00
    endloop
  endfacet
  facet normal 7.164296e-04 -5.469480e-01 8.371663e-01
    outer loop
      vertex   1.310000e+01 4.150000e+01 2.401924e+00
      vertex   1.884599e+01 4.168356e+01 2.516933e+00
      vertex   1.310000e+01 4.177671e+01 2.582705e+00
    endloop
  endfacet
  facet normal -6.996882e-04 -6.052585e-01 7.960287e-01
    outer loop
      vertex   1.310000e+01 4.177671e+01 2.582705e+00
      vertex   1.884599e+01 4.168356e+01 2.516933e+00
      vertex   1.879673e+01 4.194216e+01 2.713514e+00
    endloop
  endfacet
  facet normal 7.387919e-04 -6.357236e-01 7.719164e-01
    outer loop
      vertex   1.310000e+01 4.177671e+01 2.582705e+00
      vertex   1.879673e+01 4.194216e+01 2.713514e+00
      vertex   1.310000e+01 4.203184e+01 2.792828e+00
    endloop
  endfacet
  facet normal -7.209264e-04 -6.877717e-01 7.259267e-01
    outer loop
      vertex   1.310000e+01 4.203184e+01 2.792828e+00
      vertex   1.879673e+01 4.194216e+01 2.713514e+00
      vertex   1.875181e+01 4.217799e+01 2.936902e+00
    endloop
  endfacet
  facet normal 7.590428e-04 -7.167823e-01 6.972966e-01
    outer loop
      vertex   1.310000e+01 4.203184e+01 2.792828e+00
      vertex   1.875181e+01 4.217799e+01 2.936902e+00
      vertex   1.310000e+01 4.226232e+01 3.029744e+00
    endloop
  endfacet
  facet normal -7.399901e-04 -7.622209e-01 6.473166e-01
    outer loop
      vertex   1.310000e+01 4.226232e+01 3.029744e+00
      vertex   1.875181e+01 4.217799e+01 2.936902e+00
      vertex   1.871176e+01 4.238828e+01 3.184477e+00
    endloop
  endfacet
  facet normal 7.770118e-04 -7.891403e-01 6.142125e-01
    outer loop
      vertex   1.310000e+01 4.226232e+01 3.029744e+00
      vertex   1.871176e+01 4.238828e+01 3.184477e+00
      vertex   1.310000e+01 4.246533e+01 3.290576e+00
    endloop
  endfacet
  facet normal -7.567083e-04 -8.277342e-01 5.611200e-01
    outer loop
      vertex   1.310000e+01 4.246533e+01 3.290576e+00
      vertex   1.871176e+01 4.238828e+01 3.184477e+00
      vertex   1.867703e+01 4.257057e+01 3.453338e+00
    endloop
  endfacet
  facet normal 7.925357e-04 -8.519191e-01 5.236727e-01
    outer loop
      vertex   1.310000e+01 4.246533e+01 3.290576e+00
      vertex   1.867703e+01 4.257057e+01 3.453338e+00
      vertex   1.310000e+01 4.263842e+01 3.572158e+00
    endloop
  endfacet
  facet normal -7.709202e-04 -8.835440e-01 4.683475e-01
    outer loop
      vertex   1.310000e+01 4.263842e+01 3.572158e+00
      vertex   1.867703e+01 4.257057e+01 3.453338e+00
      vertex   1.864805e+01 4.272273e+01 3.740333e+00
    endloop
  endfacet
  facet normal 8.054647e-04 -9.043569e-01 4.267763e-01
    outer loop
      vertex   1.310000e+01 4.263842e+01 3.572158e+00
      vertex   1.864805e+01 4.272273e+01 3.740333e+00
      vertex   1.310000e+01 4.277948e+01 3.871072e+00
    endloop
  endfacet
  facet normal -7.824809e-04 -9.289969e-01 3.700868e-01
    outer loop
      vertex   1.310000e+01 4.277948e+01 3.871072e+00
      vertex   1.864805e+01 4.272273e+01 3.740333e+00
      vertex   1.862515e+01 4.284296e+01 4.042095e+00
    endloop
  endfacet
  facet normal 8.156677e-04 -9.458169e-01 3.246994e-01
    outer loop
      vertex   1.310000e+01 4.277948e+01 3.871072e+00
      vertex   1.862515e+01 4.284296e+01 4.042095e+00
      vertex   1.310000e+01 4.288680e+01 4.183690e+00
    endloop
  endfacet
  facet normal -7.912668e-04 -9.635605e-01 2.674894e-01
    outer loop
      vertex   1.310000e+01 4.288680e+01 4.183690e+00
      vertex   1.862515e+01 4.284296e+01 4.042095e+00
      vertex   1.860860e+01 4.292986e+01 4.355089e+00
    endloop
  endfacet
  facet normal 8.230365e-04 -9.757961e-01 2.186810e-01
    outer loop
      vertex   1.310000e+01 4.288680e+01 4.183690e+00
      vertex   1.860860e+01 4.292986e+01 4.355089e+00
      vertex   1.310000e+01 4.295908e+01 4.506216e+00
    endloop
  endfacet
  facet normal -7.971804e-04 -9.868302e-01 1.617577e-01
    outer loop
      vertex   1.310000e+01 4.295908e+01 4.506216e+00
      vertex   1.860860e+01 4.292986e+01 4.355089e+00
      vertex   1.859859e+01 4.298241e+01 4.675643e+00
    endloop
  endfacet
  facet normal 8.274908e-04 -9.939303e-01 1.100082e-01
    outer loop
      vertex   1.310000e+01 4.295908e+01 4.506216e+00
      vertex   1.859859e+01 4.298241e+01 4.675643e+00
      vertex   1.310000e+01 4.299544e+01 4.834737e+00
    endloop
  endfacet
  facet normal -8.001544e-04 -9.985335e-01 5.413065e-02
    outer loop
      vertex   1.310000e+01 4.299544e+01 4.834737e+00
      vertex   1.859859e+01 4.298241e+01 4.675643e+00
      vertex   1.859524e+01 4.300000e+01 5.000000e+00
    endloop
  endfacet
  facet normal 8.289812e-04 -9.999997e-01 0.000000e+00
    outer loop
      vertex   1.310000e+01 4.299544e+01 4.834737e+00
      vertex   1.859524e+01 4.300000e+01 5.000000e+00
      vertex   1.310000e+01 4.299544e+01 5.165263e+00
    endloop
  endfacet
  facet normal -8.001544e-04 -9.985335e-01 -5.413065e-02
    outer loop
      vertex   1.310000e+01 4.299544e+01 5.165263e+00
      vertex   1.859524e+01 4.300000e+01 5.000000e+00
      vertex   1.859859e+01 4.298241e+01 5.324357e+00
    endloop
  endfacet
  facet normal 8.274908e-04 -9.939303e-01 -1.100082e-01
    outer loop
      vertex   1.310000e+01 4.299544e+01 5.165263e+00
      vertex   1.859859e+01 4.298241e+01 5.324357e+00
      vertex   1.310000e+01 4.295908e+01 5.493784e+00
    endloop
  endfacet
  facet normal -7.971804e-04 -9.868302e-01 -1.617577e-01
    outer loop
      vertex   1.310000e+01 4.295908e+01 5.493784e+00
      vertex   1.859859e+01 4.298241e+01 5.324357e+00
      vertex   1.860860e+01 4.292986e+01 5.644911e+00
    endloop
  endfacet
  facet normal 8.230365e-04 -9.757961e-01 -2.186810e-01
    outer loop
      vertex   1.310000e+01 4.295908e+01 5.493784e+00
      vertex   1.860860e+01 4.292986e+01 5.644911e+00
      vertex   1.310000e+01 4.288680e+01 5.816310e+00
    endloop
  endfacet
  facet normal -7.912668e-04 -9.635605e-01 -2.674894e-01
    outer loop
      vertex   1.310000e+01 4.288680e+01 5.816310e+00
      vertex   1.860860e+01 4.292986e+01 5.644911e+00
      vertex   1.862515e+01 4.284296e+01 5.957905e+00
    endloop
  endfacet
  facet normal 8.156677e-04 -9.458169e-01 -3.246994e-01
    outer loop
      vertex   1.310000e+01 4.288680e+01 5.816310e+00
      vertex   1.862515e+01 4.284296e+01 5.957905e+00
      vertex   1.310000e+01 4.277948e+01 6.128928e+00
    endloop
  endfacet
  facet normal -7.824809e-04 -9.289969e-01 -3.700868e-01
    outer loop
      vertex   1.310000e+01 4.277948e+01 6.128928e+00
      vertex   1.862515e+01 4.284296e+01 5.957905e+00
      vertex   1.864805e+01 4.272273e+01 6.259667e+00
    endloop
  endfacet
  facet normal 8.054647e-04 -9.043569e-01 -4.267763e-01
    outer loop
      vertex   1.310000e+01 4.277948e+01 6.128928e+00
      vertex   1.864805e+01 4.272273e+01 6.259667e+00
      vertex   1.310000e+01 4.263842e+01 6.427842e+00
    endloop
  endfacet
  facet normal -7.709202e-04 -8.835440e-01 -4.683475e-01
    outer loop
      vertex   1.310000e+01 4.263842e+01 6.427842e+00
      vertex   1.864805e+01 4.272273e+01 6.259667e+00
      vertex   1.867703e+01 4.257057e+01 6.546662e+00
    endloop
  endfacet
  facet normal 7.925357e-04 -8.519191e-01 -5.236727e-01
    outer loop
      vertex   1.310000e+01 4.263842e+01 6.427842e+00
      vertex   1.867703e+01 4.257057e+01 6.546662e+00
      vertex   1.310000e+01 4.246533e+01 6.709424e+00
    endloop
  endfacet
  facet normal -7.567083e-04 -8.277342e-01 -5.611200e-01
    outer loop
      vertex   1.310000e+01 4.246533e+01 6.709424e+00
      vertex   1.867703e+01 4.257057e+01 6.546662e+00
      vertex   1.871176e+01 4.238828e+01 6.815523e+00
    endloop
  endfacet
  facet normal 7.770118e-04 -7.891403e-01 -6.142125e-01
    outer loop
      vertex   1.310000e+01 4.246533e+01 6.709424e+00
      vertex   1.871176e+01 4.238828e+01 6.815523e+00
      vertex   1.310000e+01 4.226232e+01 6.970256e+00
    endloop
  endfacet
  facet normal -7.399901e-04 -7.622209e-01 -6.473166e-01
    outer loop
      vertex   1.310000e+01 4.226232e+01 6.970256e+00
      vertex   1.871176e+01 4.238828e+01 6.815523e+00
      vertex   1.875181e+01 4.217799e+01 7.063098e+00
    endloop
  endfacet
  facet normal 7.590428e-04 -7.167823e-01 -6.972966e-01
    outer loop
      vertex   1.310000e+01 4.226232e+01 6.970256e+00
      vertex   1.875181e+01 4.217799e+01 7.063098e+00
      vertex   1.310000e+01 4.203184e+01 7.207172e+00
    endloop
  endfacet
  facet normal -7.209264e-04 -6.877717e-01 -7.259267e-01
    outer loop
      vertex   1.310000e+01 4.203184e+01 7.207172e+00
      vertex   1.875181e+01 4.217799e+01 7.063098e+00
      vertex   1.879673e+01 4.194216e+01 7.286486e+00
    endloop
  endfacet
  facet normal 7.387919e-04 -6.357236e-01 -7.719164e-01
    outer loop
      vertex   1.310000e+01 4.203184e+01 7.207172e+00
      vertex   1.879673e+01 4.194216e+01 7.286486e+00
      vertex   1.310000e+01 4.177671e+01 7.417295e+00
    endloop
  endfacet
  facet normal -6.996882e-04 -6.052585e-01 -7.960287e-01
    outer loop
      vertex   1.310000e+01 4.177671e+01 7.417295e+00
      vertex   1.879673e+01 4.194216e+01 7.286486e+00
      vertex   1.884599e+01 4.168356e+01 7.483067e+00
    endloop
  endfacet
  facet normal 7.164296e-04 -5.469480e-01 -8.371663e-01
    outer loop
      vertex   1.310000e+01 4.177671e+01 7.417295e+00
      vertex   1.884599e+01 4.168356e+01 7.483067e+00
      vertex   1.310000e+01 4.150000e+01 7.598076e+00
    endloop
  endfacet
  facet normal -6.764507e-04 -5.156483e-01 -8.568001e-01
    outer loop
      vertex   1.310000e+01 4.150000e+01 7.598076e+00
      vertex   1.884599e+01 4.168356e+01 7.483067e+00
      vertex   1.889900e+01 4.140523e+01 7.650536e+00
    endloop
  endfacet
  facet normal 6.921288e-04 -4.515333e-01 -8.922540e-01
    outer loop
      vertex   1.310000e+01 4.150000e+01 7.598076e+00
      vertex   1.889900e+01 4.140523e+01 7.650536e+00
      vertex   1.310000e+01 4.120509e+01 7.747320e+00
    endloop
  endfacet
  facet normal -6.513884e-04 -4.199912e-01 -9.075279e-01
    outer loop
      vertex   1.310000e+01 4.120509e+01 7.747320e+00
      vertex   1.889900e+01 4.140523e+01 7.650536e+00
      vertex   1.895516e+01 4.111041e+01 7.786930e+00
    endloop
  endfacet
  facet normal 6.660598e-04 -3.506375e-01 -9.365110e-01
    outer loop
      vertex   1.310000e+01 4.120509e+01 7.747320e+00
      vertex   1.895516e+01 4.111041e+01 7.786930e+00
      vertex   1.310000e+01 4.089554e+01 7.863215e+00
    endloop
  endfacet
  facet normal -6.246695e-04 -3.194083e-01 -9.476170e-01
    outer loop
      vertex   1.310000e+01 4.089554e+01 7.863215e+00
      vertex   1.895516e+01 4.111041e+01 7.786930e+00
      vertex   1.901379e+01 4.080259e+01 7.890650e+00
    endloop
  endfacet
  facet normal 6.383856e-04 -2.454854e-01 -9.694001e-01
    outer loop
      vertex   1.310000e+01 4.089554e+01 7.863215e+00
      vertex   1.901379e+01 4.080259e+01 7.890650e+00
      vertex   1.310000e+01 4.057513e+01 7.944354e+00
    endloop
  endfacet
  facet normal -5.964522e-04 -2.150788e-01 -9.765965e-01
    outer loop
      vertex   1.310000e+01 4.057513e+01 7.944354e+00
      vertex   1.901379e+01 4.080259e+01 7.890650e+00
      vertex   1.907422e+01 4.048535e+01 7.960480e+00
    endloop
  endfacet
  facet normal 6.092580e-04 -1.373535e-01 -9.905219e-01
    outer loop
      vertex   1.310000e+01 4.057513e+01 7.944354e+00
      vertex   1.907422e+01 4.048535e+01 7.960480e+00
      vertex   1.310000e+01 4.024774e+01 7.989753e+00
    endloop
  endfacet
  facet normal -5.668809e-04 -1.082257e-01 -9.941262e-01
    outer loop
      vertex   1.310000e+01 4.024774e+01 7.989753e+00
      vertex   1.907422e+01 4.048535e+01 7.960480e+00
      vertex   1.913573e+01 4.016242e+01 7.995600e+00
    endloop
  endfacet
  facet normal 5.788147e-04 -2.755434e-02 -9.996201e-01
    outer loop
      vertex   1.310000e+01 4.024774e+01 7.989753e+00
      vertex   1.913573e+01 4.016242e+01 7.995600e+00
      vertex   1.310000e+01 3.991734e+01 7.998861e+00
    endloop
  endfacet
  facet normal -5.360832e-04 -1.021111e-04 -9.999999e-01
    outer loop
      vertex   1.310000e+01 3.991734e+01 7.998861e+00
      vertex   1.913573e+01 4.016242e+01 7.995600e+00
      vertex   1.919760e+01 3.983758e+01 7.995600e+00
    endloop
  endfacet
  facet normal 5.471765e-04 8.257933e-02 -9.965843e-01
    outer loop
      vertex   1.310000e+01 3.991734e+01 7.998861e+00
      vertex   1.919760e+01 3.983758e+01 7.995600e+00
      vertex   1.310000e+01 3.958794e+01 7.971566e+00
    endloop
  endfacet
  facet normal -5.041681e-04 1.080241e-01 -9.941481e-01
    outer loop
      vertex   1.310000e+01 3.958794e+01 7.971566e+00
      vertex   1.919760e+01 3.983758e+01 7.995600e+00
      vertex   1.925911e+01 3.951465e+01 7.960480e+00
    endloop
  endfacet
  facet normal 5.144456e-04 1.917106e-01 -9.814514e-01
    outer loop
      vertex   1.310000e+01 3.958794e+01 7.971566e+00
      vertex   1.925911e+01 3.951465e+01 7.960480e+00
      vertex   1.310000e+01 3.926354e+01 7.908201e+00
    endloop
  endfacet
  facet normal -4.712244e-04 2.148848e-01 -9.766393e-01
    outer loop
      vertex   1.310000e+01 3.926354e+01 7.908201e+00
      vertex   1.925911e+01 3.951465e+01 7.960480e+00
      vertex   1.931954e+01 3.919741e+01 7.890650e+00
    endloop
  endfacet
  facet normal 4.807047e-04 2.985148e-01 -9.544049e-01
    outer loop
      vertex   1.310000e+01 3.926354e+01 7.908201e+00
      vertex   1.931954e+01 3.919741e+01 7.890650e+00
      vertex   1.310000e+01 3.894809e+01 7.809534e+00
    endloop
  endfacet
  facet normal -4.373199e-04 3.192267e-01 -9.476783e-01
    outer loop
      vertex   1.310000e+01 3.894809e+01 7.809534e+00
      vertex   1.931954e+01 3.919741e+01 7.890650e+00
      vertex   1.937817e+01 3.888959e+01 7.786930e+00
    endloop
  endfacet
  facet normal 4.460157e-04 4.016954e-01 -9.157732e-01
    outer loop
      vertex   1.310000e+01 3.894809e+01 7.809534e+00
      vertex   1.937817e+01 3.888959e+01 7.786930e+00
      vertex   1.310000e+01 3.864540e+01 7.676763e+00
    endloop
  endfacet
  facet normal -4.025012e-04 4.198259e-01 -9.076046e-01
    outer loop
      vertex   1.310000e+01 3.864540e+01 7.676763e+00
      vertex   1.937817e+01 3.888959e+01 7.786930e+00
      vertex   1.943433e+01 3.859477e+01 7.650536e+00
    endloop
  endfacet
  facet normal 4.104202e-04 5.000000e-01 -8.660253e-01
    outer loop
      vertex   1.310000e+01 3.864540e+01 7.676763e+00
      vertex   1.943433e+01 3.859477e+01 7.650536e+00
      vertex   1.310000e+01 3.835916e+01 7.511499e+00
    endloop
  endfacet
  facet normal -3.667938e-04 5.155025e-01 -8.568880e-01
    outer loop
      vertex   1.310000e+01 3.835916e+01 7.511499e+00
      vertex   1.943433e+01 3.859477e+01 7.650536e+00
      vertex   1.948734e+01 3.831644e+01 7.483067e+00
    endloop
  endfacet
  facet normal 3.739394e-04 5.922352e-01 -8.057650e-01
    outer loop
      vertex   1.310000e+01 3.835916e+01 7.511499e+00
      vertex   1.948734e+01 3.831644e+01 7.483067e+00
      vertex   1.310000e+01 3.809283e+01 7.315750e+00
    endloop
  endfacet
  facet normal -3.302022e-04 6.051343e-01 -7.961233e-01
    outer loop
      vertex   1.310000e+01 3.809283e+01 7.315750e+00
      vertex   1.948734e+01 3.831644e+01 7.483067e+00
      vertex   1.953660e+01 3.805784e+01 7.286486e+00
    endloop
  endfacet
  facet normal 3.365744e-04 6.772815e-01 -7.357239e-01
    outer loop
      vertex   1.310000e+01 3.809283e+01 7.315750e+00
      vertex   1.953660e+01 3.805784e+01 7.286486e+00
      vertex   1.310000e+01 3.784965e+01 7.091890e+00
    endloop
  endfacet
  facet normal -2.927112e-04 6.876700e-01 -7.260233e-01
    outer loop
      vertex   1.310000e+01 3.784965e+01 7.091890e+00
      vertex   1.953660e+01 3.805784e+01 7.286486e+00
      vertex   1.958152e+01 3.782201e+01 7.063098e+00
    endloop
  endfacet
  facet normal 2.983069e-04 7.541066e-01 -6.567520e-01
    outer loop
      vertex   1.310000e+01 3.784965e+01 7.091890e+00
      vertex   1.958152e+01 3.782201e+01 7.063098e+00
      vertex   1.310000e+01 3.763258e+01 6.842638e+00
    endloop
  endfacet
  facet normal -2.542860e-04 7.621417e-01 -6.474102e-01
    outer loop
      vertex   1.310000e+01 3.763258e+01 6.842638e+00
      vertex   1.958152e+01 3.782201e+01 7.063098e+00
      vertex   1.962158e+01 3.761172e+01 6.815523e+00
    endloop
  endfacet
  facet normal 2.591004e-04 8.217778e-01 -5.698080e-01
    outer loop
      vertex   1.310000e+01 3.763258e+01 6.842638e+00
      vertex   1.962158e+01 3.761172e+01 6.815523e+00
      vertex   1.310000e+01 3.744424e+01 6.571019e+00
    endloop
  endfacet
  facet normal -2.148736e-04 8.276761e-01 -5.612061e-01
    outer loop
      vertex   1.310000e+01 3.744424e+01 6.571019e+00
      vertex   1.962158e+01 3.761172e+01 6.815523e+00
      vertex   1.965630e+01 3.742943e+01 6.546662e+00
    endloop
  endfacet
  facet normal 2.189007e-04 8.794737e-01 -4.759474e-01
    outer loop
      vertex   1.310000e+01 3.744424e+01 6.571019e+00
      vertex   1.965630e+01 3.742943e+01 6.546662e+00
      vertex   1.310000e+01 3.728693e+01 6.280329e+00
    endloop
  endfacet
  facet normal -1.744039e-04 8.835047e-01 -4.684222e-01
    outer loop
      vertex   1.310000e+01 3.728693e+01 6.280329e+00
      vertex   1.965630e+01 3.742943e+01 6.546662e+00
      vertex   1.968528e+01 3.727727e+01 6.259667e+00
    endloop
  endfacet
  facet normal 1.776368e-04 9.264941e-01 -3.763094e-01
    outer loop
      vertex   1.310000e+01 3.728693e+01 6.280329e+00
      vertex   1.968528e+01 3.727727e+01 6.259667e+00
      vertex   1.310000e+01 3.716255e+01 5.974098e+00
    endloop
  endfacet
  facet normal -1.327903e-04 9.289732e-01 -3.701468e-01
    outer loop
      vertex   1.310000e+01 3.716255e+01 5.974098e+00
      vertex   1.968528e+01 3.727727e+01 6.259667e+00
      vertex   1.970818e+01 3.715704e+01 5.957905e+00
    endloop
  endfacet
  facet normal 1.352225e-04 9.622680e-01 -2.721035e-01
    outer loop
      vertex   1.310000e+01 3.716255e+01 5.974098e+00
      vertex   1.970818e+01 3.715704e+01 5.957905e+00
      vertex   1.310000e+01 3.707261e+01 5.656043e+00
    endloop
  endfacet
  facet normal -8.993101e-05 9.635488e-01 -2.675328e-01
    outer loop
      vertex   1.310000e+01 3.707261e+01 5.656043e+00
      vertex   1.970818e+01 3.715704e+01 5.957905e+00
      vertex   1.972474e+01 3.707014e+01 5.644911e+00
    endloop
  endfacet
  facet normal 9.155657e-05 9.863613e-01 -1.645946e-01
    outer loop
      vertex   1.310000e+01 3.707261e+01 5.656043e+00
      vertex   1.972474e+01 3.707014e+01 5.644911e+00
      vertex   1.310000e+01 3.701821e+01 5.330025e+00
    endloop
  endfacet
  facet normal -4.571045e-05 9.868263e-01 -1.617834e-01
    outer loop
      vertex   1.310000e+01 3.701821e+01 5.330025e+00
      vertex   1.972474e+01 3.707014e+01 5.644911e+00
      vertex   1.973475e+01 3.701759e+01 5.324357e+00
    endloop
  endfacet
  facet normal 4.652468e-05 9.984815e-01 -5.508776e-02
    outer loop
      vertex   1.310000e+01 3.701821e+01 5.330025e+00
      vertex   1.973475e+01 3.701759e+01 5.324357e+00
      vertex   1.310000e+01 3.700000e+01 5.000000e+00
    endloop
  endfacet
  facet normal 1.000000e+00 0.000000e+00 0.000000e+00
    outer loop
      vertex   1.310000e+01 3.831812e+01 5.247522e+00
      vertex   1.310000e+01 3.701821e+01 5.330025e+00
      vertex   1.310000e+01 3.830000e+01 5.000000e+00
    endloop
  endfacet
  facet normal 1.000000e+00 0.000000e+00 0.000000e+00
    outer loop
      vertex   1.310000e+01 3.830000e+01 5.000000e+00
      vertex   1.310000e+01 3.701821e+01 5.330025e+00
      vertex   1.310000e+01 3.700000e+01 5.000000e+00
    endloop
  endfacet
  facet normal 1.000000e+00 0.000000e+00 0.000000e+00
    outer loop
      vertex   1.310000e+01 3.830000e+01 5.000000e+00
      vertex   1.310000e+01 3.700000e+01 5.000000e+00
      vertex   1.310000e+01 3.701821e+01 4.669975e+00
    endloop
  endfacet
  facet normal 1.000000e+00 -0.000000e+00 0.000000e+00
    outer loop
      vertex   1.310000e+01 3.701821e+01 5.330025e+00
      vertex   1.310000e+01 3.831812e+01 5.247522e+00
      vertex   1.310000e+01 3.707261e+01 5.656043e+00
    endloop
  endfacet
  facet normal 1.000000e+00 0.000000e+00 0.000000e+00
    outer loop
      vertex   1.310000e+01 3.707261e+01 5.656043e+00
      vertex   1.310000e+01 3.831812e+01 5.247522e+00
      vertex   1.310000e+01 3.837208e+01 5.489768e+00
    endloop
  endfacet
  facet normal 1.000000e+00 -0.000000e+00 0.000000e+00
    outer loop
      vertex   1.310000e+01 3.707261e+01 5.656043e+00
      vertex   1.310000e+01 3.837208e+01 5.489768e+00
      vertex   1.310000e+01 3.716255e+01 5.974098e+00
    endloop
  endfacet
  facet normal 1.000000e+00 0.000000e+00 0.000000e+00
    outer loop
      vertex   1.310000e+01 3.716255e+01 5.974098e+00
      vertex   1.310000e+01 3.837208e+01 5.489768e+00
      vertex   1.310000e+01 3.846074e+01 5.721576e+00
    endloop
  endfacet
  facet normal 1.000000e+00 -0.000000e+00 0.000000e+00
    outer loop
      vertex   1.310000e+01 3.716255e+01 5.974098e+00
      vertex   1.310000e+01 3.846074e+01 5.721576e+00
      vertex   1.310000e+01 3.728693e+01 6.280329e+00
    endloop
  endfacet
  facet normal 1.000000e+00 -0.000000e+00 0.000000e+00
    outer loop
      vertex   1.310000e+01 3.728693e+01 6.280329e+00
      vertex   1.310000e+01 3.846074e+01 5.721576e+00
      vertex   1.310000e+01 3.744424e+01 6.571019e+00
    endloop
  endfacet
  facet normal 1.000000e+00 0.000000e+00 0.000000e+00
    outer loop
      vertex   1.310000e+01 3.744424e+01 6.571019e+00
      vertex   1.310000e+01 3.846074e+01 5.721576e+00
      vertex   1.310000e+01 3.858220e+01 5.938005e+00
    endloop
  endfacet
  facet normal 1.000000e+00 -0.000000e+00 0.000000e+00
    outer loop
      vertex   1.310000e+01 3.744424e+01 6.571019e+00
      vertex   1.310000e+01 3.858220e+01 5.938005e+00
      vertex   1.310000e+01 3.763258e+01 6.842638e+00
    endloop
  endfacet
  facet normal 1.000000e+00 0.000000e+00 0.000000e+00
    outer loop
      vertex   1.310000e+01 3.763258e+01 6.842638e+00
      vertex   1.310000e+01 3.858220e+01 5.938005e+00
      vertex   1.310000e+01 3.873389e+01 6.134442e+00
    endloop
  endfacet
  facet normal 1.000000e+00 -0.000000e+00 0.000000e+00
    outer loop
      vertex   1.310000e+01 3.763258e+01 6.842638e+00
      vertex   1.310000e+01 3.873389e+01 6.134442e+00
      vertex   1.310000e+01 3.784965e+01 7.091890e+00
    endloop
  endfacet
  facet normal 1.000000e+00 0.000000e+00 0.000000e+00
    outer loop
      vertex   1.310000e+01 3.784965e+01 7.091890e+00
      vertex   1.310000e+01 3.873389e+01 6.134442e+00
      vertex   1.310000e+01 3.891256e+01 6.306700e+00
    endloop
  endfacet
  facet normal 1.000000e+00 -0.000000e+00 0.000000e+00
    outer loop
      vertex   1.310000e+01 3.784965e+01 7.091890e+00
      vertex   1.310000e+01 3.891256e+01 6.306700e+00
      vertex   1.310000e+01 3.809283e+01 7.315750e+00
    endloop
  endfacet
  facet normal 1.000000e+00 -0.000000e+00 0.000000e+00
    outer loop
      vertex   1.310000e+01 3.809283e+01 7.315750e+00
      vertex   1.310000e+01 3.891256e+01 6.306700e+00
      vertex   1.310000e+01 3.835916e+01 7.511499e+00
    endloop
  endfacet
  facet normal 1.000000e+00 0.000000e+00 0.000000e+00
    outer loop
      vertex   1.310000e+01 3.835916e+01 7.511499e+00
      vertex   1.310000e+01 3.891256e+01 6.306700e+00
      vertex   1.310000e+01 3.911440e+01 6.451108e+00
    endloop
  endfacet
  facet normal 1.000000e+00 -0.000000e+00 0.000000e+00
    outer loop
      vertex   1.310000e+01 3.835916e+01 7.511499e+00
      vertex   1.310000e+01 3.911440e+01 6.451108e+00
      vertex   1.310000e+01 3.864540e+01 7.676763e+00
    endloop
  endfacet
  facet normal 1.000000e+00 0.000000e+00 0.000000e+00
    outer loop
      vertex   1.310000e+01 3.864540e+01 7.676763e+00
      vertex   1.310000e+01 3.911440e+01 6.451108e+00
      vertex   1.310000e+01 3.933512e+01 6.564589e+00
    endloop
  endfacet
  facet normal 1.000000e+00 -0.000000e+00 0.000000e+00
    outer loop
      vertex   1.310000e+01 3.864540e+01 7.676763e+00
      vertex   1.310000e+01 3.933512e+01 6.564589e+00
      vertex   1.310000e+01 3.894809e+01 7.809534e+00
    endloop
  endfacet
  facet normal 1.000000e+00 0.000000e+00 0.000000e+00
    outer loop
      vertex   1.310000e+01 3.894809e+01 7.809534e+00
      vertex   1.310000e+01 3.933512e+01 6.564589e+00
      vertex   1.310000e+01 3.957001e+01 6.644722e+00
    endloop
  endfacet
  facet normal 1.000000e+00 -0.000000e+00 0.000000e+00
    outer loop
      vertex   1.310000e+01 3.894809e+01 7.809534e+00
      vertex   1.310000e+01 3.957001e+01 6.644722e+00
      vertex   1.310000e+01 3.926354e+01 7.908201e+00
    endloop
  endfacet
  facet normal 1.000000e+00 -0.000000e+00 0.000000e+00
    outer loop
      vertex   1.310000e+01 3.926354e+01 7.908201e+00
      vertex   1.310000e+01 3.957001e+01 6.644722e+00
      vertex   1.310000e+01 3.958794e+01 7.971566e+00
    endloop
  endfacet
  facet normal 1.000000e+00 0.000000e+00 0.000000e+00
    outer loop
      vertex   1.310000e+01 3.958794e+01 7.971566e+00
      vertex   1.310000e+01 3.957001e+01 6.644722e+00
      vertex   1.310000e+01 3.981407e+01 6.689802e+00
    endloop
  endfacet
  facet normal 1.000000e+00 -0.000000e+00 0.000000e+00
    outer loop
      vertex   1.310000e+01 3.958794e+01 7.971566e+00
      vertex   1.310000e+01 3.981407e+01 6.689802e+00
      vertex   1.310000e+01 3.991734e+01 7.998861e+00
    endloop
  endfacet
  facet normal 1.000000e+00 0.000000e+00 0.000000e+00
    outer loop
      vertex   1.310000e+01 3.991734e+01 7.998861e+00
      vertex   1.310000e+01 3.981407e+01 6.689802e+00
      vertex   1.310000e+01 4.006209e+01 6.698866e+00
    endloop
  endfacet
  facet normal 1.000000e+00 0.000000e+00 0.000000e+00
    outer loop
      vertex   1.310000e+01 3.991734e+01 7.998861e+00
      vertex   1.310000e+01 4.006209e+01 6.698866e+00
      vertex   1.310000e+01 4.024774e+01 7.989753e+00
    endloop
  endfacet
  facet normal 1.000000e+00 0.000000e+00 0.000000e+00
    outer loop
      vertex   1.310000e+01 4.024774e+01 7.989753e+00
      vertex   1.310000e+01 4.006209e+01 6.698866e+00
      vertex   1.310000e+01 4.030878e+01 6.671722e+00
    endloop
  endfacet
  facet normal 1.000000e+00 0.000000e+00 0.000000e+00
    outer loop
      vertex   1.310000e+01 4.024774e+01 7.989753e+00
      vertex   1.310000e+01 4.030878e+01 6.671722e+00
      vertex   1.310000e+01 4.057513e+01 7.944354e+00
    endloop
  endfacet
  facet normal 1.000000e+00 0.000000e+00 0.000000e+00
    outer loop
      vertex   1.310000e+01 4.057513e+01 7.944354e+00
      vertex   1.310000e+01 4.030878e+01 6.671722e+00
      vertex   1.310000e+01 4.089554e+01 7.863215e+00
    endloop
  endfacet
  facet normal 1.000000e+00 0.000000e+00 0.000000e+00
    outer loop
      vertex   1.310000e+01 4.089554e+01 7.863215e+00
      vertex   1.310000e+01 4.030878e+01 6.671722e+00
      vertex   1.310000e+01 4.054890e+01 6.608948e+00
    endloop
  endfacet
  facet normal 1.000000e+00 0.000000e+00 0.000000e+00
    outer loop
      vertex   1.310000e+01 4.089554e+01 7.863215e+00
      vertex   1.310000e+01 4.054890e+01 6.608948e+00
      vertex   1.310000e+01 4.120509e+01 7.747320e+00
    endloop
  endfacet
  facet normal 1.000000e+00 0.000000e+00 0.000000e+00
    outer loop
      vertex   1.310000e+01 4.120509e+01 7.747320e+00
      vertex   1.310000e+01 4.054890e+01 6.608948e+00
      vertex   1.310000e+01 4.077731e+01 6.511882e+00
    endloop
  endfacet
  facet normal 1.000000e+00 0.000000e+00 0.000000e+00
    outer loop
      vertex   1.310000e+01 4.120509e+01 7.747320e+00
      vertex   1.310000e+01 4.077731e+01 6.511882e+00
      vertex   1.310000e+01 4.150000e+01 7.598076e+00
    endloop
  endfacet
  facet normal 1.000000e+00 0.000000e+00 0.000000e+00
    outer loop
      vertex   1.310000e+01 4.150000e+01 7.598076e+00
      vertex   1.310000e+01 4.077731e+01 6.511882e+00
      vertex   1.310000e+01 4.098916e+01 6.382593e+00
    endloop
  endfacet
  facet normal 1.000000e+00 0.000000e+00 0.000000e+00
    outer loop
      vertex   1.310000e+01 4.150000e+01 7.598076e+00
      vertex   1.310000e+01 4.098916e+01 6.382593e+00
      vertex   1.310000e+01 4.177671e+01 7.417295e+00
    endloop
  endfacet
  facet normal 1.000000e+00 0.000000e+00 0.000000e+00
    outer loop
      vertex   1.310000e+01 4.177671e+01 7.417295e+00
      vertex   1.310000e+01 4.098916e+01 6.382593e+00
      vertex   1.310000e+01 4.203184e+01 7.207172e+00
    endloop
  endfacet
  facet normal 1.000000e+00 0.000000e+00 0.000000e+00
    outer loop
      vertex   1.310000e+01 4.203184e+01 7.207172e+00
      vertex   1.310000e+01 4.098916e+01 6.382593e+00
      vertex   1.310000e+01 4.117993e+01 6.223836e+00
    endloop
  endfacet
  facet normal 1.000000e+00 0.000000e+00 0.000000e+00
    outer loop
      vertex   1.310000e+01 4.203184e+01 7.207172e+00
      vertex   1.310000e+01 4.117993e+01 6.223836e+00
      vertex   1.310000e+01 4.226232e+01 6.970256e+00
    endloop
  endfacet
  facet normal 1.000000e+00 0.000000e+00 0.000000e+00
    outer loop
      vertex   1.310000e+01 4.226232e+01 6.970256e+00
      vertex   1.310000e+01 4.117993e+01 6.223836e+00
      vertex   1.310000e+01 4.134554e+01 6.038995e+00
    endloop
  endfacet
  facet normal 1.000000e+00 0.000000e+00 0.000000e+00
    outer loop
      vertex   1.310000e+01 4.226232e+01 6.970256e+00
      vertex   1.310000e+01 4.134554e+01 6.038995e+00
      vertex   1.310000e+01 4.246533e+01 6.709424e+00
    endloop
  endfacet
  facet normal 1.000000e+00 0.000000e+00 0.000000e+00
    outer loop
      vertex   1.310000e+01 4.246533e+01 6.709424e+00
      vertex   1.310000e+01 4.134554e+01 6.038995e+00
      vertex   1.310000e+01 4.148248e+01 5.832010e+00
    endloop
  endfacet
  facet normal 1.000000e+00 0.000000e+00 0.000000e+00
    outer loop
      vertex   1.310000e+01 4.246533e+01 6.709424e+00
      vertex   1.310000e+01 4.148248e+01 5.832010e+00
      vertex   1.310000e+01 4.263842e+01 6.427842e+00
    endloop
  endfacet
  facet normal 1.000000e+00 0.000000e+00 0.000000e+00
    outer loop
      vertex   1.310000e+01 4.263842e+01 6.427842e+00
      vertex   1.310000e+01 4.148248e+01 5.832010e+00
      vertex   1.310000e+01 4.277948e+01 6.128928e+00
    endloop
  endfacet
  facet normal 1.000000e+00 0.000000e+00 0.000000e+00
    outer loop
      vertex   1.310000e+01 4.277948e+01 6.128928e+00
      vertex   1.310000e+01 4.148248e+01 5.832010e+00
      vertex   1.310000e+01 4.158783e+01 5.607293e+00
    endloop
  endfacet
  facet normal 1.000000e+00 0.000000e+00 0.000000e+00
    outer loop
      vertex   1.310000e+01 4.277948e+01 6.128928e+00
      vertex   1.310000e+01 4.158783e+01 5.607293e+00
      vertex   1.310000e+01 4.288680e+01 5.816310e+00
    endloop
  endfacet
  facet normal 1.000000e+00 0.000000e+00 0.000000e+00
    outer loop
      vertex   1.310000e+01 4.288680e+01 5.816310e+00
      vertex   1.310000e+01 4.158783e+01 5.607293e+00
      vertex   1.310000e+01 4.165933e+01 5.369631e+00
    endloop
  endfacet
  facet normal 1.000000e+00 0.000000e+00 0.000000e+00
    outer loop
      vertex   1.310000e+01 4.288680e+01 5.816310e+00
      vertex   1.310000e+01 4.165933e+01 5.369631e+00
      vertex   1.310000e+01 4.295908e+01 5.493784e+00
    endloop
  endfacet
  facet normal 1.000000e+00 0.000000e+00 0.000000e+00
    outer loop
      vertex   1.310000e+01 4.295908e+01 5.493784e+00
      vertex   1.310000e+01 4.165933e+01 5.369631e+00
      vertex   1.310000e+01 4.169546e+01 5.124092e+00
    endloop
  endfacet
  facet normal 1.000000e+00 0.000000e+00 0.000000e+00
    outer loop
      vertex   1.310000e+01 4.295908e+01 5.493784e+00
      vertex   1.310000e+01 4.169546e+01 5.124092e+00
      vertex   1.310000e+01 4.299544e+01 5.165263e+00
    endloop
  endfacet
  facet normal 1.000000e+00 0.000000e+00 0.000000e+00
    outer loop
      vertex   1.310000e+01 4.299544e+01 5.165263e+00
      vertex   1.310000e+01 4.169546e+01 5.124092e+00
      vertex   1.310000e+01 4.299544e+01 4.834737e+00
    endloop
  endfacet
  facet normal 1.000000e+00 0.000000e+00 0.000000e+00
    outer loop
      vertex   1.310000e+01 4.299544e+01 4.834737e+00
      vertex   1.310000e+01 4.169546e+01 5.124092e+00
      vertex   1.310000e+01 4.169546e+01 4.875908e+00
    endloop
  endfacet
  facet normal 1.000000e+00 0.000000e+00 0.000000e+00
    outer loop
      vertex   1.310000e+01 4.299544e+01 4.834737e+00
      vertex   1.310000e+01 4.169546e+01 4.875908e+00
      vertex   1.310000e+01 4.295908e+01 4.506216e+00
    endloop
  endfacet
  facet normal 1.000000e+00 0.000000e+00 0.000000e+00
    outer loop
      vertex   1.310000e+01 4.295908e+01 4.506216e+00
      vertex   1.310000e+01 4.169546e+01 4.875908e+00
      vertex   1.310000e+01 4.165933e+01 4.630369e+00
    endloop
  endfacet
  facet normal 1.000000e+00 0.000000e+00 0.000000e+00
    outer loop
      vertex   1.310000e+01 4.295908e+01 4.506216e+00
      vertex   1.310000e+01 4.165933e+01 4.630369e+00
      vertex   1.310000e+01 4.288680e+01 4.183690e+00
    endloop
  endfacet
  facet normal 1.000000e+00 0.000000e+00 0.000000e+00
    outer loop
      vertex   1.310000e+01 4.288680e+01 4.183690e+00
      vertex   1.310000e+01 4.165933e+01 4.630369e+00
      vertex   1.310000e+01 4.158783e+01 4.392707e+00
    endloop
  endfacet
  facet normal 1.000000e+00 0.000000e+00 0.000000e+00
    outer loop
      vertex   1.310000e+01 4.288680e+01 4.183690e+00
      vertex   1.310000e+01 4.158783e+01 4.392707e+00
      vertex   1.310000e+01 4.277948e+01 3.871072e+00
    endloop
  endfacet
  facet normal 1.000000e+00 0.000000e+00 0.000000e+00
    outer loop
      vertex   1.310000e+01 4.277948e+01 3.871072e+00
      vertex   1.310000e+01 4.158783e+01 4.392707e+00
      vertex   1.310000e+01 4.148248e+01 4.167990e+00
    endloop
  endfacet
  facet normal 1.000000e+00 0.000000e+00 0.000000e+00
    outer loop
      vertex   1.310000e+01 4.277948e+01 3.871072e+00
      vertex   1.310000e+01 4.148248e+01 4.167990e+00
      vertex   1.310000e+01 4.263842e+01 3.572158e+00
    endloop
  endfacet
  facet normal 1.000000e+00 0.000000e+00 0.000000e+00
    outer loop
      vertex   1.310000e+01 4.263842e+01 3.572158e+00
      vertex   1.310000e+01 4.148248e+01 4.167990e+00
      vertex   1.310000e+01 4.246533e+01 3.290576e+00
    endloop
  endfacet
  facet normal 1.000000e+00 0.000000e+00 0.000000e+00
    outer loop
      vertex   1.310000e+01 4.246533e+01 3.290576e+00
      vertex   1.310000e+01 4.148248e+01 4.167990e+00
      vertex   1.310000e+01 4.134554e+01 3.961005e+00
    endloop
  endfacet
  facet normal 1.000000e+00 0.000000e+00 0.000000e+00
    outer loop
      vertex   1.310000e+01 4.246533e+01 3.290576e+00
      vertex   1.310000e+01 4.134554e+01 3.961005e+00
      vertex   1.310000e+01 4.226232e+01 3.029744e+00
    endloop
  endfacet
  facet normal 1.000000e+00 0.000000e+00 0.000000e+00
    outer loop
      vertex   1.310000e+01 4.226232e+01 3.029744e+00
      vertex   1.310000e+01 4.134554e+01 3.961005e+00
      vertex   1.310000e+01 4.117993e+01 3.776164e+00
    endloop
  endfacet
  facet normal 1.000000e+00 0.000000e+00 0.000000e+00
    outer loop
      vertex   1.310000e+01 4.226232e+01 3.029744e+00
      vertex   1.310000e+01 4.117993e+01 3.776164e+00
      vertex   1.310000e+01 4.203184e+01 2.792828e+00
    endloop
  endfacet
  facet normal 1.000000e+00 0.000000e+00 0.000000e+00
    outer loop
      vertex   1.310000e+01 4.203184e+01 2.792828e+00
      vertex   1.310000e+01 4.117993e+01 3.776164e+00
      vertex   1.310000e+01 4.098916e+01 3.617407e+00
    endloop
  endfacet
  facet normal 1.000000e+00 0.000000e+00 0.000000e+00
    outer loop
      vertex   1.310000e+01 4.203184e+01 2.792828e+00
      vertex   1.310000e+01 4.098916e+01 3.617407e+00
      vertex   1.310000e+01 4.177671e+01 2.582705e+00
    endloop
  endfacet
  facet normal 1.000000e+00 0.000000e+00 0.000000e+00
    outer loop
      vertex   1.310000e+01 4.177671e+01 2.582705e+00
      vertex   1.310000e+01 4.098916e+01 3.617407e+00
      vertex   1.310000e+01 4.150000e+01 2.401924e+00
    endloop
  endfacet
  facet normal 1.000000e+00 0.000000e+00 0.000000e+00
    outer loop
      vertex   1.310000e+01 4.150000e+01 2.401924e+00
      vertex   1.310000e+01 4.098916e+01 3.617407e+00
      vertex   1.310000e+01 4.077731e+01 3.488118e+00
    endloop
  endfacet
  facet normal 1.000000e+00 0.000000e+00 0.000000e+00
    outer loop
      vertex   1.310000e+01 4.150000e+01 2.401924e+00
      vertex   1.310000e+01 4.077731e+01 3.488118e+00
      vertex   1.310000e+01 4.120509e+01 2.252680e+00
    endloop
  endfacet
  facet normal 1.000000e+00 0.000000e+00 0.000000e+00
    outer loop
      vertex   1.310000e+01 4.120509e+01 2.252680e+00
      vertex   1.310000e+01 4.077731e+01 3.488118e+00
      vertex   1.310000e+01 4.054890e+01 3.391052e+00
    endloop
  endfacet
  facet normal 1.000000e+00 0.000000e+00 0.000000e+00
    outer loop
      vertex   1.310000e+01 4.120509e+01 2.252680e+00
      vertex   1.310000e+01 4.054890e+01 3.391052e+00
      vertex   1.310000e+01 4.089554e+01 2.136785e+00
    endloop
  endfacet
  facet normal 1.000000e+00 0.000000e+00 0.000000e+00
    outer loop
      vertex   1.310000e+01 4.089554e+01 2.136785e+00
      vertex   1.310000e+01 4.054890e+01 3.391052e+00
      vertex   1.310000e+01 4.030878e+01 3.328278e+00
    endloop
  endfacet
  facet normal 1.000000e+00 0.000000e+00 0.000000e+00
    outer loop
      vertex   1.310000e+01 4.089554e+01 2.136785e+00
      vertex   1.310000e+01 4.030878e+01 3.328278e+00
      vertex   1.310000e+01 4.057513e+01 2.055646e+00
    endloop
  endfacet
  facet normal 1.000000e+00 0.000000e+00 0.000000e+00
    outer loop
      vertex   1.310000e+01 4.057513e+01 2.055646e+00
      vertex   1.310000e+01 4.030878e+01 3.328278e+00
      vertex   1.310000e+01 4.024774e+01 2.010247e+00
    endloop
  endfacet
  facet normal 1.000000e+00 0.000000e+00 -0.000000e+00
    outer loop
      vertex   1.310000e+01 4.024774e+01 2.010247e+00
      vertex   1.310000e+01 4.030878e+01 3.328278e+00
      vertex   1.310000e+01 4.006209e+01 3.301134e+00
    endloop
  endfacet
  facet normal 1.000000e+00 0.000000e+00 0.000000e+00
    outer loop
      vertex   1.310000e+01 4.024774e+01 2.010247e+00
      vertex   1.310000e+01 4.006209e+01 3.301134e+00
      vertex   1.310000e+01 3.991734e+01 2.001139e+00
    endloop
  endfacet
  facet normal 1.000000e+00 0.000000e+00 -0.000000e+00
    outer loop
      vertex   1.310000e+01 3.991734e+01 2.001139e+00
      vertex   1.310000e+01 4.006209e+01 3.301134e+00
      vertex   1.310000e+01 3.981407e+01 3.310198e+00
    endloop
  endfacet
  facet normal 1.000000e+00 0.000000e+00 0.000000e+00
    outer loop
      vertex   1.310000e+01 3.991734e+01 2.001139e+00
      vertex   1.310000e+01 3.981407e+01 3.310198e+00
      vertex   1.310000e+01 3.958794e+01 2.028434e+00
    endloop
  endfacet
  facet normal 1.000000e+00 0.000000e+00 -0.000000e+00
    outer loop
      vertex   1.310000e+01 3.958794e+01 2.028434e+00
      vertex   1.310000e+01 3.981407e+01 3.310198e+00
      vertex   1.310000e+01 3.957001e+01 3.355278e+00
    endloop
  endfacet
  facet normal 1.000000e+00 0.000000e+00 0.000000e+00
    outer loop
      vertex   1.310000e+01 3.958794e+01 2.028434e+00
      vertex   1.310000e+01 3.957001e+01 3.355278e+00
      vertex   1.310000e+01 3.926354e+01 2.091799e+00
    endloop
  endfacet
  facet normal 1.000000e+00 0.000000e+00 -0.000000e+00
    outer loop
      vertex   1.310000e+01 3.926354e+01 2.091799e+00
      vertex   1.310000e+01 3.957001e+01 3.355278e+00
      vertex   1.310000e+01 3.894809e+01 2.190466e+00
    endloop
  endfacet
  facet normal 1.000000e+00 0.000000e+00 0.000000e+00
    outer loop
      vertex   1.310000e+01 3.894809e+01 2.190466e+00
      vertex   1.310000e+01 3.957001e+01 3.355278e+00
      vertex   1.310000e+01 3.933512e+01 3.435411e+00
    endloop
  endfacet
  facet normal 1.000000e+00 0.000000e+00 -0.000000e+00
    outer loop
      vertex   1.310000e+01 3.894809e+01 2.190466e+00
      vertex   1.310000e+01 3.933512e+01 3.435411e+00
      vertex   1.310000e+01 3.864540e+01 2.323237e+00
    endloop
  endfacet
  facet normal 1.000000e+00 0.000000e+00 0.000000e+00
    outer loop
      vertex   1.310000e+01 3.864540e+01 2.323237e+00
      vertex   1.310000e+01 3.933512e+01 3.435411e+00
      vertex   1.310000e+01 3.911440e+01 3.548892e+00
    endloop
  endfacet
  facet normal 1.000000e+00 0.000000e+00 -0.000000e+00
    outer loop
      vertex   1.310000e+01 3.864540e+01 2.323237e+00
      vertex   1.310000e+01 3.911440e+01 3.548892e+00
      vertex   1.310000e+01 3.835916e+01 2.488501e+00
    endloop
  endfacet
  facet normal 1.000000e+00 0.000000e+00 0.000000e+00
    outer loop
      vertex   1.310000e+01 3.835916e+01 2.488501e+00
      vertex   1.310000e+01 3.911440e+01 3.548892e+00
      vertex   1.310000e+01 3.891256e+01 3.693300e+00
    endloop
  endfacet
  facet normal 1.000000e+00 0.000000e+00 -0.000000e+00
    outer loop
      vertex   1.310000e+01 3.835916e+01 2.488501e+00
      vertex   1.310000e+01 3.891256e+01 3.693300e+00
      vertex   1.310000e+01 3.809283e+01 2.684250e+00
    endloop
  endfacet
  facet normal 1.000000e+00 0.000000e+00 -0.000000e+00
    outer loop
      vertex   1.310000e+01 3.809283e+01 2.684250e+00
      vertex   1.310000e+01 3.891256e+01 3.693300e+00
      vertex   1.310000e+01 3.784965e+01 2.908110e+00
    endloop
  endfacet
  facet normal 1.000000e+00 0.000000e+00 0.000000e+00
    outer loop
      vertex   1.310000e+01 3.784965e+01 2.908110e+00
      vertex   1.310000e+01 3.891256e+01 3.693300e+00
      vertex   1.310000e+01 3.873389e+01 3.865558e+00
    endloop
  endfacet
  facet normal 1.000000e+00 0.000000e+00 -0.000000e+00
    outer loop
      vertex   1.310000e+01 3.784965e+01 2.908110e+00
      vertex   1.310000e+01 3.873389e+01 3.865558e+00
      vertex   1.310000e+01 3.763258e+01 3.157362e+00
    endloop
  endfacet
  facet normal 1.000000e+00 0.000000e+00 0.000000e+00
    outer loop
      vertex   1.310000e+01 3.763258e+01 3.157362e+00
      vertex   1.310000e+01 3.873389e+01 3.865558e+00
      vertex   1.310000e+01 3.858220e+01 4.061995e+00
    endloop
  endfacet
  facet normal 1.000000e+00 0.000000e+00 -0.000000e+00
    outer loop
      vertex   1.310000e+01 3.763258e+01 3.157362e+00
      vertex   1.310000e+01 3.858220e+01 4.061995e+00
      vertex   1.310000e+01 3.744424e+01 3.428981e+00
    endloop
  endfacet
  facet normal 1.000000e+00 0.000000e+00 0.000000e+00
    outer loop
      vertex   1.310000e+01 3.744424e+01 3.428981e+00
      vertex   1.310000e+01 3.858220e+01 4.061995e+00
      vertex   1.310000e+01 3.846074e+01 4.278424e+00
    endloop
  endfacet
  facet normal 1.000000e+00 0.000000e+00 -0.000000e+00
    outer loop
      vertex   1.310000e+01 3.744424e+01 3.428981e+00
      vertex   1.310000e+01 3.846074e+01 4.278424e+00
      vertex   1.310000e+01 3.728693e+01 3.719671e+00
    endloop
  endfacet
  facet normal 1.000000e+00 0.000000e+00 -0.000000e+00
    outer loop
      vertex   1.310000e+01 3.728693e+01 3.719671e+00
      vertex   1.310000e+01 3.846074e+01 4.278424e+00
      vertex   1.310000e+01 3.716255e+01 4.025902e+00
    endloop
  endfacet
  facet normal 1.000000e+00 0.000000e+00 0.000000e+00
    outer loop
      vertex   1.310000e+01 3.716255e+01 4.025902e+00
      vertex   1.310000e+01 3.846074e+01 4.278424e+00
      vertex   1.310000e+01 3.837208e+01 4.510232e+00
    endloop
  endfacet
  facet normal 1.000000e+00 0.000000e+00 -0.000000e+00
    outer loop
      vertex   1.310000e+01 3.716255e+01 4.025902e+00
      vertex   1.310000e+01 3.837208e+01 4.510232e+00
      vertex   1.310000e+01 3.707261e+01 4.343957e+00
    endloop
  endfacet
  facet normal 1.000000e+00 0.000000e+00 0.000000e+00
    outer loop
      vertex   1.310000e+01 3.707261e+01 4.343957e+00
      vertex   1.310000e+01 3.837208e+01 4.510232e+00
      vertex   1.310000e+01 3.831812e+01 4.752478e+00
    endloop
  endfacet
  facet normal 1.000000e+00 0.000000e+00 -0.000000e+00
    outer loop
      vertex   1.310000e+01 3.707261e+01 4.343957e+00
      vertex   1.310000e+01 3.831812e+01 4.752478e+00
      vertex   1.310000e+01 3.701821e+01 4.669975e+00
    endloop
  endfacet
  facet normal 1.000000e+00 0.000000e+00 0.000000e+00
    outer loop
      vertex   1.310000e+01 3.701821e+01 4.669975e+00
      vertex   1.310000e+01 3.831812e+01 4.752478e+00
      vertex   1.310000e+01 3.830000e+01 5.000000e+00
    endloop
  endfacet
  facet normal 0.000000e+00 9.973323e-01 -7.299531e-02
    outer loop
      vertex   -1.310000e+01 3.831812e+01 5.247522e+00
      vertex   -9.300000e+00 3.831812e+01 5.247522e+00
      vertex   -1.310000e+01 3.830000e+01 5.000000e+00
    endloop
  endfacet
  facet normal 0.000000e+00 9.973323e-01 -7.299531e-02
    outer loop
      vertex   -1.310000e+01 3.830000e+01 5.000000e+00
      vertex   -9.300000e+00 3.831812e+01 5.247522e+00
      vertex   -9.300000e+00 3.830000e+01 5.000000e+00
    endloop
  endfacet
  facet normal -0.000000e+00 9.973323e-01 7.299531e-02
    outer loop
      vertex   -1.310000e+01 3.830000e+01 5.000000e+00
      vertex   -9.300000e+00 3.830000e+01 5.000000e+00
      vertex   -1.310000e+01 3.831812e+01 4.752478e+00
    endloop
  endfacet
  facet normal -0.000000e+00 9.973323e-01 7.299531e-02
    outer loop
      vertex   -1.310000e+01 3.831812e+01 4.752478e+00
      vertex   -9.300000e+00 3.830000e+01 5.000000e+00
      vertex   -9.300000e+00 3.831812e+01 4.752478e+00
    endloop
  endfacet
  facet normal -0.000000e+00 9.760759e-01 2.174302e-01
    outer loop
      vertex   -1.310000e+01 3.831812e+01 4.752478e+00
      vertex   -9.300000e+00 3.831812e+01 4.752478e+00
      vertex   -1.310000e+01 3.837208e+01 4.510232e+00
    endloop
  endfacet
  facet normal -0.000000e+00 9.760759e-01 2.174302e-01
    outer loop
      vertex   -1.310000e+01 3.837208e+01 4.510232e+00
      vertex   -9.300000e+00 3.831812e+01 4.752478e+00
      vertex   -9.300000e+00 3.837208e+01 4.510232e+00
    endloop
  endfacet
  facet normal -0.000000e+00 9.340161e-01 3.572309e-01
    outer loop
      vertex   -1.310000e+01 3.837208e+01 4.510232e+00
      vertex   -9.300000e+00 3.837208e+01 4.510232e+00
      vertex   -1.310000e+01 3.846074e+01 4.278424e+00
    endloop
  endfacet
  facet normal -0.000000e+00 9.340161e-01 3.572309e-01
    outer loop
      vertex   -1.310000e+01 3.846074e+01 4.278424e+00
      vertex   -9.300000e+00 3.837208e+01 4.510232e+00
      vertex   -9.300000e+00 3.846074e+01 4.278424e+00
    endloop
  endfacet
  facet normal -0.000000e+00 8.720494e-01 4.894178e-01
    outer loop
      vertex   -1.310000e+01 3.846074e+01 4.278424e+00
      vertex   -9.300000e+00 3.846074e+01 4.278424e+00
      vertex   -1.310000e+01 3.858220e+01 4.061995e+00
    endloop
  endfacet
  facet normal -0.000000e+00 8.720494e-01 4.894178e-01
    outer loop
      vertex   -1.310000e+01 3.858220e+01 4.061995e+00
      vertex   -9.300000e+00 3.846074e+01 4.278424e+00
      vertex   -9.300000e+00 3.858220e+01 4.061995e+00
    endloop
  endfacet
  facet normal -0.000000e+00 7.914965e-01 6.111737e-01
    outer loop
      vertex   -1.310000e+01 3.858220e+01 4.061995e+00
      vertex   -9.300000e+00 3.858220e+01 4.061995e+00
      vertex   -1.310000e+01 3.873389e+01 3.865558e+00
    endloop
  endfacet
  facet normal -0.000000e+00 7.914965e-01 6.111737e-01
    outer loop
      vertex   -1.310000e+01 3.873389e+01 3.865558e+00
      vertex   -9.300000e+00 3.858220e+01 4.061995e+00
      vertex   -9.300000e+00 3.873389e+01 3.865558e+00
    endloop
  endfacet
  facet normal -0.000000e+00 6.940742e-01 7.199035e-01
    outer loop
      vertex   -1.310000e+01 3.873389e+01 3.865558e+00
      vertex   -9.300000e+00 3.873389e+01 3.865558e+00
      vertex   -1.310000e+01 3.891256e+01 3.693300e+00
    endloop
  endfacet
  facet normal -0.000000e+00 6.940742e-01 7.199035e-01
    outer loop
      vertex   -1.310000e+01 3.891256e+01 3.693300e+00
      vertex   -9.300000e+00 3.873389e+01 3.865558e+00
      vertex   -9.300000e+00 3.891256e+01 3.693300e+00
    endloop
  endfacet
  facet normal -0.000000e+00 5.818589e-01 8.132897e-01
    outer loop
      vertex   -1.310000e+01 3.891256e+01 3.693300e+00
      vertex   -9.300000e+00 3.891256e+01 3.693300e+00
      vertex   -1.310000e+01 3.911440e+01 3.548892e+00
    endloop
  endfacet
  facet normal -0.000000e+00 5.818589e-01 8.132897e-01
    outer loop
      vertex   -1.310000e+01 3.911440e+01 3.548892e+00
      vertex   -9.300000e+00 3.891256e+01 3.693300e+00
      vertex   -9.300000e+00 3.911440e+01 3.548892e+00
    endloop
  endfacet
  facet normal -0.000000e+00 4.572423e-01 8.893421e-01
    outer loop
      vertex   -1.310000e+01 3.911440e+01 3.548892e+00
      vertex   -9.300000e+00 3.911440e+01 3.548892e+00
      vertex   -1.310000e+01 3.933512e+01 3.435411e+00
    endloop
  endfacet
  facet normal -0.000000e+00 4.572423e-01 8.893421e-01
    outer loop
      vertex   -1.310000e+01 3.933512e+01 3.435411e+00
      vertex   -9.300000e+00 3.911440e+01 3.548892e+00
      vertex   -9.300000e+00 3.933512e+01 3.435411e+00
    endloop
  endfacet
  facet normal -0.000000e+00 3.228804e-01 9.464398e-01
    outer loop
      vertex   -1.310000e+01 3.933512e+01 3.435411e+00
      vertex   -9.300000e+00 3.933512e+01 3.435411e+00
      vertex   -1.310000e+01 3.957001e+01 3.355278e+00
    endloop
  endfacet
  facet normal -0.000000e+00 3.228804e-01 9.464398e-01
    outer loop
      vertex   -1.310000e+01 3.957001e+01 3.355278e+00
      vertex   -9.300000e+00 3.933512e+01 3.435411e+00
      vertex   -9.300000e+00 3.957001e+01 3.355278e+00
    endloop
  endfacet
  facet normal -0.000000e+00 1.816369e-01 9.833657e-01
    outer loop
      vertex   -1.310000e+01 3.957001e+01 3.355278e+00
      vertex   -9.300000e+00 3.957001e+01 3.355278e+00
      vertex   -1.310000e+01 3.981407e+01 3.310198e+00
    endloop
  endfacet
  facet normal -0.000000e+00 1.816369e-01 9.833657e-01
    outer loop
      vertex   -1.310000e+01 3.981407e+01 3.310198e+00
      vertex   -9.300000e+00 3.957001e+01 3.355278e+00
      vertex   -9.300000e+00 3.981407e+01 3.310198e+00
    endloop
  endfacet
  facet normal -0.000000e+00 3.652202e-02 9.993328e-01
    outer loop
      vertex   -1.310000e+01 3.981407e+01 3.310198e+00
      vertex   -9.300000e+00 3.981407e+01 3.310198e+00
      vertex   -1.310000e+01 4.006209e+01 3.301134e+00
    endloop
  endfacet
  facet normal -0.000000e+00 3.652202e-02 9.993328e-01
    outer loop
      vertex   -1.310000e+01 4.006209e+01 3.301134e+00
      vertex   -9.300000e+00 3.981407e+01 3.310198e+00
      vertex   -9.300000e+00 4.006209e+01 3.301134e+00
    endloop
  endfacet
  facet normal 0.000000e+00 -1.093712e-01 9.940010e-01
    outer loop
      vertex   -1.310000e+01 4.006209e+01 3.301134e+00
      vertex   -9.300000e+00 4.006209e+01 3.301134e+00
      vertex   -1.310000e+01 4.030878e+01 3.328278e+00
    endloop
  endfacet
  facet normal 0.000000e+00 -1.093712e-01 9.940010e-01
    outer loop
      vertex   -1.310000e+01 4.030878e+01 3.328278e+00
      vertex   -9.300000e+00 4.006209e+01 3.301134e+00
      vertex   -9.300000e+00 4.030878e+01 3.328278e+00
    endloop
  endfacet
  facet normal 0.000000e+00 -2.529334e-01 9.674837e-01
    outer loop
      vertex   -1.310000e+01 4.030878e+01 3.328278e+00
      vertex   -9.300000e+00 4.030878e+01 3.328278e+00
      vertex   -1.310000e+01 4.054890e+01 3.391052e+00
    endloop
  endfacet
  facet normal 0.000000e+00 -2.529334e-01 9.674837e-01
    outer loop
      vertex   -1.310000e+01 4.054890e+01 3.391052e+00
      vertex   -9.300000e+00 4.030878e+01 3.328278e+00
      vertex   -9.300000e+00 4.054890e+01 3.391052e+00
    endloop
  endfacet
  facet normal 0.000000e+00 -3.911047e-01 9.203462e-01
    outer loop
      vertex   -1.310000e+01 4.054890e+01 3.391052e+00
      vertex   -9.300000e+00 4.054890e+01 3.391052e+00
      vertex   -1.310000e+01 4.077731e+01 3.488118e+00
    endloop
  endfacet
  facet normal 0.000000e+00 -3.911047e-01 9.203462e-01
    outer loop
      vertex   -1.310000e+01 4.077731e+01 3.488118e+00
      vertex   -9.300000e+00 4.054890e+01 3.391052e+00
      vertex   -9.300000e+00 4.077731e+01 3.488118e+00
    endloop
  endfacet
  facet normal 0.000000e+00 -5.209403e-01 8.535931e-01
    outer loop
      vertex   -1.310000e+01 4.077731e+01 3.488118e+00
      vertex   -9.300000e+00 4.077731e+01 3.488118e+00
      vertex   -1.310000e+01 4.098916e+01 3.617407e+00
    endloop
  endfacet
  facet normal 0.000000e+00 -5.209403e-01 8.535931e-01
    outer loop
      vertex   -1.310000e+01 4.098916e+01 3.617407e+00
      vertex   -9.300000e+00 4.077731e+01 3.488118e+00
      vertex   -9.300000e+00 4.098916e+01 3.617407e+00
    endloop
  endfacet
  facet normal 0.000000e+00 -6.396730e-01 7.686471e-01
    outer loop
      vertex   -1.310000e+01 4.098916e+01 3.617407e+00
      vertex   -9.300000e+00 4.098916e+01 3.617407e+00
      vertex   -1.310000e+01 4.117993e+01 3.776164e+00
    endloop
  endfacet
  facet normal 0.000000e+00 -6.396730e-01 7.686471e-01
    outer loop
      vertex   -1.310000e+01 4.117993e+01 3.776164e+00
      vertex   -9.300000e+00 4.098916e+01 3.617407e+00
      vertex   -9.300000e+00 4.117993e+01 3.776164e+00
    endloop
  endfacet
  facet normal 0.000000e+00 -7.447722e-01 6.673188e-01
    outer loop
      vertex   -1.310000e+01 4.117993e+01 3.776164e+00
      vertex   -9.300000e+00 4.117993e+01 3.776164e+00
      vertex   -1.310000e+01 4.134554e+01 3.961005e+00
    endloop
  endfacet
  facet normal 0.000000e+00 -7.447722e-01 6.673188e-01
    outer loop
      vertex   -1.310000e+01 4.134554e+01 3.961005e+00
      vertex   -9.300000e+00 4.117993e+01 3.776164e+00
      vertex   -9.300000e+00 4.134554e+01 3.961005e+00
    endloop
  endfacet
  facet normal 0.000000e+00 -8.339978e-01 5.517677e-01
    outer loop
      vertex   -1.310000e+01 4.134554e+01 3.961005e+00
      vertex   -9.300000e+00 4.134554e+01 3.961005e+00
      vertex   -1.310000e+01 4.148248e+01 4.167990e+00
    endloop
  endfacet
  facet normal 0.000000e+00 -8.339978e-01 5.517677e-01
    outer loop
      vertex   -1.310000e+01 4.148248e+01 4.167990e+00
      vertex   -9.300000e+00 4.134554e+01 3.961005e+00
      vertex   -9.300000e+00 4.148248e+01 4.167990e+00
    endloop
  endfacet
  facet normal 0.000000e+00 -9.054482e-01 4.244567e-01
    outer loop
      vertex   -1.310000e+01 4.148248e+01 4.167990e+00
      vertex   -9.300000e+00 4.148248e+01 4.167990e+00
      vertex   -1.310000e+01 4.158783e+01 4.392707e+00
    endloop
  endfacet
  facet normal 0.000000e+00 -9.054482e-01 4.244567e-01
    outer loop
      vertex   -1.310000e+01 4.158783e+01 4.392707e+00
      vertex   -9.300000e+00 4.148248e+01 4.167990e+00
      vertex   -9.300000e+00 4.158783e+01 4.392707e+00
    endloop
  endfacet
  facet normal 0.000000e+00 -9.576006e-01 2.880991e-01
    outer loop
      vertex   -1.310000e+01 4.158783e+01 4.392707e+00
      vertex   -9.300000e+00 4.158783e+01 4.392707e+00
      vertex   -1.310000e+01 4.165933e+01 4.630369e+00
    endloop
  endfacet
  facet normal 0.000000e+00 -9.576006e-01 2.880991e-01
    outer loop
      vertex   -1.310000e+01 4.165933e+01 4.630369e+00
      vertex   -9.300000e+00 4.158783e+01 4.392707e+00
      vertex   -9.300000e+00 4.165933e+01 4.630369e+00
    endloop
  endfacet
  facet normal 0.000000e+00 -9.893434e-01 1.456012e-01
    outer loop
      vertex   -1.310000e+01 4.165933e+01 4.630369e+00
      vertex   -9.300000e+00 4.165933e+01 4.630369e+00
      vertex   -1.310000e+01 4.169546e+01 4.875908e+00
    endloop
  endfacet
  facet normal 0.000000e+00 -9.893434e-01 1.456012e-01
    outer loop
      vertex   -1.310000e+01 4.169546e+01 4.875908e+00
      vertex   -9.300000e+00 4.165933e+01 4.630369e+00
      vertex   -9.300000e+00 4.169546e+01 4.875908e+00
    endloop
  endfacet
  facet normal 0.000000e+00 -1.000000e+00 0.000000e+00
    outer loop
      vertex   -1.310000e+01 4.169546e+01 4.875908e+00
      vertex   -9.300000e+00 4.169546e+01 4.875908e+00
      vertex   -1.310000e+01 4.169546e+01 5.124092e+00
    endloop
  endfacet
  facet normal 0.000000e+00 -1.000000e+00 0.000000e+00
    outer loop
      vertex   -1.310000e+01 4.169546e+01 5.124092e+00
      vertex   -9.300000e+00 4.169546e+01 4.875908e+00
      vertex   -9.300000e+00 4.169546e+01 5.124092e+00
    endloop
  endfacet
  facet normal 0.000000e+00 -9.893434e-01 -1.456012e-01
    outer loop
      vertex   -1.310000e+01 4.169546e+01 5.124092e+00
      vertex   -9.300000e+00 4.169546e+01 5.124092e+00
      vertex   -1.310000e+01 4.165933e+01 5.369631e+00
    endloop
  endfacet
  facet normal 0.000000e+00 -9.893434e-01 -1.456012e-01
    outer loop
      vertex   -1.310000e+01 4.165933e+01 5.369631e+00
      vertex   -9.300000e+00 4.169546e+01 5.124092e+00
      vertex   -9.300000e+00 4.165933e+01 5.369631e+00
    endloop
  endfacet
  facet normal 0.000000e+00 -9.576006e-01 -2.880991e-01
    outer loop
      vertex   -1.310000e+01 4.165933e+01 5.369631e+00
      vertex   -9.300000e+00 4.165933e+01 5.369631e+00
      vertex   -1.310000e+01 4.158783e+01 5.607293e+00
    endloop
  endfacet
  facet normal 0.000000e+00 -9.576006e-01 -2.880991e-01
    outer loop
      vertex   -1.310000e+01 4.158783e+01 5.607293e+00
      vertex   -9.300000e+00 4.165933e+01 5.369631e+00
      vertex   -9.300000e+00 4.158783e+01 5.607293e+00
    endloop
  endfacet
  facet normal 0.000000e+00 -9.054482e-01 -4.244567e-01
    outer loop
      vertex   -1.310000e+01 4.158783e+01 5.607293e+00
      vertex   -9.300000e+00 4.158783e+01 5.607293e+00
      vertex   -1.310000e+01 4.148248e+01 5.832010e+00
    endloop
  endfacet
  facet normal 0.000000e+00 -9.054482e-01 -4.244567e-01
    outer loop
      vertex   -1.310000e+01 4.148248e+01 5.832010e+00
      vertex   -9.300000e+00 4.158783e+01 5.607293e+00
      vertex   -9.300000e+00 4.148248e+01 5.832010e+00
    endloop
  endfacet
  facet normal 0.000000e+00 -8.339978e-01 -5.517677e-01
    outer loop
      vertex   -1.310000e+01 4.148248e+01 5.832010e+00
      vertex   -9.300000e+00 4.148248e+01 5.832010e+00
      vertex   -1.310000e+01 4.134554e+01 6.038995e+00
    endloop
  endfacet
  facet normal 0.000000e+00 -8.339978e-01 -5.517677e-01
    outer loop
      vertex   -1.310000e+01 4.134554e+01 6.038995e+00
      vertex   -9.300000e+00 4.148248e+01 5.832010e+00
      vertex   -9.300000e+00 4.134554e+01 6.038995e+00
    endloop
  endfacet
  facet normal 0.000000e+00 -7.447722e-01 -6.673188e-01
    outer loop
      vertex   -1.310000e+01 4.134554e+01 6.038995e+00
      vertex   -9.300000e+00 4.134554e+01 6.038995e+00
      vertex   -1.310000e+01 4.117993e+01 6.223836e+00
    endloop
  endfacet
  facet normal 0.000000e+00 -7.447722e-01 -6.673188e-01
    outer loop
      vertex   -1.310000e+01 4.117993e+01 6.223836e+00
      vertex   -9.300000e+00 4.134554e+01 6.038995e+00
      vertex   -9.300000e+00 4.117993e+01 6.223836e+00
    endloop
  endfacet
  facet normal 0.000000e+00 -6.396730e-01 -7.686471e-01
    outer loop
      vertex   -1.310000e+01 4.117993e+01 6.223836e+00
      vertex   -9.300000e+00 4.117993e+01 6.223836e+00
      vertex   -1.310000e+01 4.098916e+01 6.382593e+00
    endloop
  endfacet
  facet normal 0.000000e+00 -6.396730e-01 -7.686471e-01
    outer loop
      vertex   -1.310000e+01 4.098916e+01 6.382593e+00
      vertex   -9.300000e+00 4.117993e+01 6.223836e+00
      vertex   -9.300000e+00 4.098916e+01 6.382593e+00
    endloop
  endfacet
  facet normal 0.000000e+00 -5.209403e-01 -8.535931e-01
    outer loop
      vertex   -1.310000e+01 4.098916e+01 6.382593e+00
      vertex   -9.300000e+00 4.098916e+01 6.382593e+00
      vertex   -1.310000e+01 4.077731e+01 6.511882e+00
    endloop
  endfacet
  facet normal 0.000000e+00 -5.209403e-01 -8.535931e-01
    outer loop
      vertex   -1.310000e+01 4.077731e+01 6.511882e+00
      vertex   -9.300000e+00 4.098916e+01 6.382593e+00
      vertex   -9.300000e+00 4.077731e+01 6.511882e+00
    endloop
  endfacet
  facet normal 0.000000e+00 -3.911047e-01 -9.203462e-01
    outer loop
      vertex   -1.310000e+01 4.077731e+01 6.511882e+00
      vertex   -9.300000e+00 4.077731e+01 6.511882e+00
      vertex   -1.310000e+01 4.054890e+01 6.608948e+00
    endloop
  endfacet
  facet normal 0.000000e+00 -3.911047e-01 -9.203462e-01
    outer loop
      vertex   -1.310000e+01 4.054890e+01 6.608948e+00
      vertex   -9.300000e+00 4.077731e+01 6.511882e+00
      vertex   -9.300000e+00 4.054890e+01 6.608948e+00
    endloop
  endfacet
  facet normal 0.000000e+00 -2.529334e-01 -9.674837e-01
    outer loop
      vertex   -1.310000e+01 4.054890e+01 6.608948e+00
      vertex   -9.300000e+00 4.054890e+01 6.608948e+00
      vertex   -1.310000e+01 4.030878e+01 6.671722e+00
    endloop
  endfacet
  facet normal 0.000000e+00 -2.529334e-01 -9.674837e-01
    outer loop
      vertex   -1.310000e+01 4.030878e+01 6.671722e+00
      vertex   -9.300000e+00 4.054890e+01 6.608948e+00
      vertex   -9.300000e+00 4.030878e+01 6.671722e+00
    endloop
  endfacet
  facet normal 0.000000e+00 -1.093712e-01 -9.940010e-01
    outer loop
      vertex   -1.310000e+01 4.030878e+01 6.671722e+00
      vertex   -9.300000e+00 4.030878e+01 6.671722e+00
      vertex   -1.310000e+01 4.006209e+01 6.698866e+00
    endloop
  endfacet
  facet normal 0.000000e+00 -1.093712e-01 -9.940010e-01
    outer loop
      vertex   -1.310000e+01 4.006209e+01 6.698866e+00
      vertex   -9.300000e+00 4.030878e+01 6.671722e+00
      vertex   -9.300000e+00 4.006209e+01 6.698866e+00
    endloop
  endfacet
  facet normal 0.000000e+00 3.652202e-02 -9.993328e-01
    outer loop
      vertex   -1.310000e+01 4.006209e+01 6.698866e+00
      vertex   -9.300000e+00 4.006209e+01 6.698866e+00
      vertex   -1.310000e+01 3.981407e+01 6.689802e+00
    endloop
  endfacet
  facet normal 0.000000e+00 3.652202e-02 -9.993328e-01
    outer loop
      vertex   -1.310000e+01 3.981407e+01 6.689802e+00
      vertex   -9.300000e+00 4.006209e+01 6.698866e+00
      vertex   -9.300000e+00 3.981407e+01 6.689802e+00
    endloop
  endfacet
  facet normal 0.000000e+00 1.816369e-01 -9.833657e-01
    outer loop
      vertex   -1.310000e+01 3.981407e+01 6.689802e+00
      vertex   -9.300000e+00 3.981407e+01 6.689802e+00
      vertex   -1.310000e+01 3.957001e+01 6.644722e+00
    endloop
  endfacet
  facet normal 0.000000e+00 1.816369e-01 -9.833657e-01
    outer loop
      vertex   -1.310000e+01 3.957001e+01 6.644722e+00
      vertex   -9.300000e+00 3.981407e+01 6.689802e+00
      vertex   -9.300000e+00 3.957001e+01 6.644722e+00
    endloop
  endfacet
  facet normal 0.000000e+00 3.228804e-01 -9.464398e-01
    outer loop
      vertex   -1.310000e+01 3.957001e+01 6.644722e+00
      vertex   -9.300000e+00 3.957001e+01 6.644722e+00
      vertex   -1.310000e+01 3.933512e+01 6.564589e+00
    endloop
  endfacet
  facet normal 0.000000e+00 3.228804e-01 -9.464398e-01
    outer loop
      vertex   -1.310000e+01 3.933512e+01 6.564589e+00
      vertex   -9.300000e+00 3.957001e+01 6.644722e+00
      vertex   -9.300000e+00 3.933512e+01 6.564589e+00
    endloop
  endfacet
  facet normal 0.000000e+00 4.572423e-01 -8.893421e-01
    outer loop
      vertex   -1.310000e+01 3.933512e+01 6.564589e+00
      vertex   -9.300000e+00 3.933512e+01 6.564589e+00
      vertex   -1.310000e+01 3.911440e+01 6.451108e+00
    endloop
  endfacet
  facet normal 0.000000e+00 4.572423e-01 -8.893421e-01
    outer loop
      vertex   -1.310000e+01 3.911440e+01 6.451108e+00
      vertex   -9.300000e+00 3.933512e+01 6.564589e+00
      vertex   -9.300000e+00 3.911440e+01 6.451108e+00
    endloop
  endfacet
  facet normal 0.000000e+00 5.818589e-01 -8.132897e-01
    outer loop
      vertex   -1.310000e+01 3.911440e+01 6.451108e+00
      vertex   -9.300000e+00 3.911440e+01 6.451108e+00
      vertex   -1.310000e+01 3.891256e+01 6.306700e+00
    endloop
  endfacet
  facet normal 0.000000e+00 5.818589e-01 -8.132897e-01
    outer loop
      vertex   -1.310000e+01 3.891256e+01 6.306700e+00
      vertex   -9.300000e+00 3.911440e+01 6.451108e+00
      vertex   -9.300000e+00 3.891256e+01 6.306700e+00
    endloop
  endfacet
  facet normal 0.000000e+00 6.940742e-01 -7.199035e-01
    outer loop
      vertex   -1.310000e+01 3.891256e+01 6.306700e+00
      vertex   -9.300000e+00 3.891256e+01 6.306700e+00
      vertex   -1.310000e+01 3.873389e+01 6.134442e+00
    endloop
  endfacet
  facet normal 0.000000e+00 6.940742e-01 -7.199035e-01
    outer loop
      vertex   -1.310000e+01 3.873389e+01 6.134442e+00
      vertex   -9.300000e+00 3.891256e+01 6.306700e+00
      vertex   -9.300000e+00 3.873389e+01 6.134442e+00
    endloop
  endfacet
  facet normal 0.000000e+00 7.914965e-01 -6.111737e-01
    outer loop
      vertex   -1.310000e+01 3.873389e+01 6.134442e+00
      vertex   -9.300000e+00 3.873389e+01 6.134442e+00
      vertex   -1.310000e+01 3.858220e+01 5.938005e+00
    endloop
  endfacet
  facet normal 0.000000e+00 7.914965e-01 -6.111737e-01
    outer loop
      vertex   -1.310000e+01 3.858220e+01 5.938005e+00
      vertex   -9.300000e+00 3.873389e+01 6.134442e+00
      vertex   -9.300000e+00 3.858220e+01 5.938005e+00
    endloop
  endfacet
  facet normal 0.000000e+00 8.720494e-01 -4.894178e-01
    outer loop
      vertex   -1.310000e+01 3.858220e+01 5.938005e+00
      vertex   -9.300000e+00 3.858220e+01 5.938005e+00
      vertex   -1.310000e+01 3.846074e+01 5.721576e+00
    endloop
  endfacet
  facet normal 0.000000e+00 8.720494e-01 -4.894178e-01
    outer loop
      vertex   -1.310000e+01 3.846074e+01 5.721576e+00
      vertex   -9.300000e+00 3.858220e+01 5.938005e+00
      vertex   -9.300000e+00 3.846074e+01 5.721576e+00
    endloop
  endfacet
  facet normal 0.000000e+00 9.340161e-01 -3.572309e-01
    outer loop
      vertex   -1.310000e+01 3.846074e+01 5.721576e+00
      vertex   -9.300000e+00 3.846074e+01 5.721576e+00
      vertex   -1.310000e+01 3.837208e+01 5.489768e+00
    endloop
  endfacet
  facet normal 0.000000e+00 9.340161e-01 -3.572309e-01
    outer loop
      vertex   -1.310000e+01 3.837208e+01 5.489768e+00
      vertex   -9.300000e+00 3.846074e+01 5.721576e+00
      vertex   -9.300000e+00 3.837208e+01 5.489768e+00
    endloop
  endfacet
  facet normal 0.000000e+00 9.760759e-01 -2.174302e-01
    outer loop
      vertex   -1.310000e+01 3.837208e+01 5.489768e+00
      vertex   -9.300000e+00 3.837208e+01 5.489768e+00
      vertex   -1.310000e+01 3.831812e+01 5.247522e+00
    endloop
  endfacet
  facet normal 0.000000e+00 9.760759e-01 -2.174302e-01
    outer loop
      vertex   -1.310000e+01 3.831812e+01 5.247522e+00
      vertex   -9.300000e+00 3.837208e+01 5.489768e+00
      vertex   -9.300000e+00 3.831812e+01 5.247522e+00
    endloop
  endfacet
  facet normal 0.000000e+00 9.973323e-01 7.299531e-02
    outer loop
      vertex   1.310000e+01 3.831812e+01 4.752478e+00
      vertex   9.300000e+00 3.831812e+01 4.752478e+00
      vertex   1.310000e+01 3.830000e+01 5.000000e+00
    endloop
  endfacet
  facet normal 0.000000e+00 9.973323e-01 7.299531e-02
    outer loop
      vertex   1.310000e+01 3.830000e+01 5.000000e+00
      vertex   9.300000e+00 3.831812e+01 4.752478e+00
      vertex   9.300000e+00 3.830000e+01 5.000000e+00
    endloop
  endfacet
  facet normal 0.000000e+00 9.973323e-01 -7.299531e-02
    outer loop
      vertex   1.310000e+01 3.830000e+01 5.000000e+00
      vertex   9.300000e+00 3.830000e+01 5.000000e+00
      vertex   1.310000e+01 3.831812e+01 5.247522e+00
    endloop
  endfacet
  facet normal 0.000000e+00 9.973323e-01 -7.299531e-02
    outer loop
      vertex   1.310000e+01 3.831812e+01 5.247522e+00
      vertex   9.300000e+00 3.830000e+01 5.000000e+00
      vertex   9.300000e+00 3.831812e+01 5.247522e+00
    endloop
  endfacet
  facet normal 0.000000e+00 9.760759e-01 -2.174302e-01
    outer loop
      vertex   1.310000e+01 3.831812e+01 5.247522e+00
      vertex   9.300000e+00 3.831812e+01 5.247522e+00
      vertex   1.310000e+01 3.837208e+01 5.489768e+00
    endloop
  endfacet
  facet normal 0.000000e+00 9.760759e-01 -2.174302e-01
    outer loop
      vertex   1.310000e+01 3.837208e+01 5.489768e+00
      vertex   9.300000e+00 3.831812e+01 5.247522e+00
      vertex   9.300000e+00 3.837208e+01 5.489768e+00
    endloop
  endfacet
  facet normal 0.000000e+00 9.340161e-01 -3.572309e-01
    outer loop
      vertex   1.310000e+01 3.837208e+01 5.489768e+00
      vertex   9.300000e+00 3.837208e+01 5.489768e+00
      vertex   1.310000e+01 3.846074e+01 5.721576e+00
    endloop
  endfacet
  facet normal 0.000000e+00 9.340161e-01 -3.572309e-01
    outer loop
      vertex   1.310000e+01 3.846074e+01 5.721576e+00
      vertex   9.300000e+00 3.837208e+01 5.489768e+00
      vertex   9.300000e+00 3.846074e+01 5.721576e+00
    endloop
  endfacet
  facet normal 0.000000e+00 8.720494e-01 -4.894178e-01
    outer loop
      vertex   1.310000e+01 3.846074e+01 5.721576e+00
      vertex   9.300000e+00 3.846074e+01 5.721576e+00
      vertex   1.310000e+01 3.858220e+01 5.938005e+00
    endloop
  endfacet
  facet normal 0.000000e+00 8.720494e-01 -4.894178e-01
    outer loop
      vertex   1.310000e+01 3.858220e+01 5.938005e+00
      vertex   9.300000e+00 3.846074e+01 5.721576e+00
      vertex   9.300000e+00 3.858220e+01 5.938005e+00
    endloop
  endfacet
  facet normal 0.000000e+00 7.914965e-01 -6.111737e-01
    outer loop
      vertex   1.310000e+01 3.858220e+01 5.938005e+00
      vertex   9.300000e+00 3.858220e+01 5.938005e+00
      vertex   1.310000e+01 3.873389e+01 6.134442e+00
    endloop
  endfacet
  facet normal 0.000000e+00 7.914965e-01 -6.111737e-01
    outer loop
      vertex   1.310000e+01 3.873389e+01 6.134442e+00
      vertex   9.300000e+00 3.858220e+01 5.938005e+00
      vertex   9.300000e+00 3.873389e+01 6.134442e+00
    endloop
  endfacet
  facet normal 0.000000e+00 6.940742e-01 -7.199035e-01
    outer loop
      vertex   1.310000e+01 3.873389e+01 6.134442e+00
      vertex   9.300000e+00 3.873389e+01 6.134442e+00
      vertex   1.310000e+01 3.891256e+01 6.306700e+00
    endloop
  endfacet
  facet normal 0.000000e+00 6.940742e-01 -7.199035e-01
    outer loop
      vertex   1.310000e+01 3.891256e+01 6.306700e+00
      vertex   9.300000e+00 3.873389e+01 6.134442e+00
      vertex   9.300000e+00 3.891256e+01 6.306700e+00
    endloop
  endfacet
  facet normal 0.000000e+00 5.818589e-01 -8.132897e-01
    outer loop
      vertex   1.310000e+01 3.891256e+01 6.306700e+00
      vertex   9.300000e+00 3.891256e+01 6.306700e+00
      vertex   1.310000e+01 3.911440e+01 6.451108e+00
    endloop
  endfacet
  facet normal 0.000000e+00 5.818589e-01 -8.132897e-01
    outer loop
      vertex   1.310000e+01 3.911440e+01 6.451108e+00
      vertex   9.300000e+00 3.891256e+01 6.306700e+00
      vertex   9.300000e+00 3.911440e+01 6.451108e+00
    endloop
  endfacet
  facet normal 0.000000e+00 4.572423e-01 -8.893421e-01
    outer loop
      vertex   1.310000e+01 3.911440e+01 6.451108e+00
      vertex   9.300000e+00 3.911440e+01 6.451108e+00
      vertex   1.310000e+01 3.933512e+01 6.564589e+00
    endloop
  endfacet
  facet normal 0.000000e+00 4.572423e-01 -8.893421e-01
    outer loop
      vertex   1.310000e+01 3.933512e+01 6.564589e+00
      vertex   9.300000e+00 3.911440e+01 6.451108e+00
      vertex   9.300000e+00 3.933512e+01 6.564589e+00
    endloop
  endfacet
  facet normal 0.000000e+00 3.228804e-01 -9.464398e-01
    outer loop
      vertex   1.310000e+01 3.933512e+01 6.564589e+00
      vertex   9.300000e+00 3.933512e+01 6.564589e+00
      vertex   1.310000e+01 3.957001e+01 6.644722e+00
    endloop
  endfacet
  facet normal 0.000000e+00 3.228804e-01 -9.464398e-01
    outer loop
      vertex   1.310000e+01 3.957001e+01 6.644722e+00
      vertex   9.300000e+00 3.933512e+01 6.564589e+00
      vertex   9.300000e+00 3.957001e+01 6.644722e+00
    endloop
  endfacet
  facet normal 0.000000e+00 1.816369e-01 -9.833657e-01
    outer loop
      vertex   1.310000e+01 3.957001e+01 6.644722e+00
      vertex   9.300000e+00 3.957001e+01 6.644722e+00
      vertex   1.310000e+01 3.981407e+01 6.689802e+00
    endloop
  endfacet
  facet normal 0.000000e+00 1.816369e-01 -9.833657e-01
    outer loop
      vertex   1.310000e+01 3.981407e+01 6.689802e+00
      vertex   9.300000e+00 3.957001e+01 6.644722e+00
      vertex   9.300000e+00 3.981407e+01 6.689802e+00
    endloop
  endfacet
  facet normal 0.000000e+00 3.652202e-02 -9.993328e-01
    outer loop
      vertex   1.310000e+01 3.981407e+01 6.689802e+00
      vertex   9.300000e+00 3.981407e+01 6.689802e+00
      vertex   1.310000e+01 4.006209e+01 6.698866e+00
    endloop
  endfacet
  facet normal 0.000000e+00 3.652202e-02 -9.993328e-01
    outer loop
      vertex   1.310000e+01 4.006209e+01 6.698866e+00
      vertex   9.300000e+00 3.981407e+01 6.689802e+00
      vertex   9.300000e+00 4.006209e+01 6.698866e+00
    endloop
  endfacet
  facet normal -0.000000e+00 -1.093712e-01 -9.940010e-01
    outer loop
      vertex   1.310000e+01 4.006209e+01 6.698866e+00
      vertex   9.300000e+00 4.006209e+01 6.698866e+00
      vertex   1.310000e+01 4.030878e+01 6.671722e+00
    endloop
  endfacet
  facet normal -0.000000e+00 -1.093712e-01 -9.940010e-01
    outer loop
      vertex   1.310000e+01 4.030878e+01 6.671722e+00
      vertex   9.300000e+00 4.006209e+01 6.698866e+00
      vertex   9.300000e+00 4.030878e+01 6.671722e+00
    endloop
  endfacet
  facet normal -0.000000e+00 -2.529334e-01 -9.674837e-01
    outer loop
      vertex   1.310000e+01 4.030878e+01 6.671722e+00
      vertex   9.300000e+00 4.030878e+01 6.671722e+00
      vertex   1.310000e+01 4.054890e+01 6.608948e+00
    endloop
  endfacet
  facet normal -0.000000e+00 -2.529334e-01 -9.674837e-01
    outer loop
      vertex   1.310000e+01 4.054890e+01 6.608948e+00
      vertex   9.300000e+00 4.030878e+01 6.671722e+00
      vertex   9.300000e+00 4.054890e+01 6.608948e+00
    endloop
  endfacet
  facet normal -0.000000e+00 -3.911047e-01 -9.203462e-01
    outer loop
      vertex   1.310000e+01 4.054890e+01 6.608948e+00
      vertex   9.300000e+00 4.054890e+01 6.608948e+00
      vertex   1.310000e+01 4.077731e+01 6.511882e+00
    endloop
  endfacet
  facet normal -0.000000e+00 -3.911047e-01 -9.203462e-01
    outer loop
      vertex   1.310000e+01 4.077731e+01 6.511882e+00
      vertex   9.300000e+00 4.054890e+01 6.608948e+00
      vertex   9.300000e+00 4.077731e+01 6.511882e+00
    endloop
  endfacet
  facet normal -0.000000e+00 -5.209403e-01 -8.535931e-01
    outer loop
      vertex   1.310000e+01 4.077731e+01 6.511882e+00
      vertex   9.300000e+00 4.077731e+01 6.511882e+00
      vertex   1.310000e+01 4.098916e+01 6.382593e+00
    endloop
  endfacet
  facet normal -0.000000e+00 -5.209403e-01 -8.535931e-01
    outer loop
      vertex   1.310000e+01 4.098916e+01 6.382593e+00
      vertex   9.300000e+00 4.077731e+01 6.511882e+00
      vertex   9.300000e+00 4.098916e+01 6.382593e+00
    endloop
  endfacet
  facet normal -0.000000e+00 -6.396730e-01 -7.686471e-01
    outer loop
      vertex   1.310000e+01 4.098916e+01 6.382593e+00
      vertex   9.300000e+00 4.098916e+01 6.382593e+00
      vertex   1.310000e+01 4.117993e+01 6.223836e+00
    endloop
  endfacet
  facet normal -0.000000e+00 -6.396730e-01 -7.686471e-01
    outer loop
      vertex   1.310000e+01 4.117993e+01 6.223836e+00
      vertex   9.300000e+00 4.098916e+01 6.382593e+00
      vertex   9.300000e+00 4.117993e+01 6.223836e+00
    endloop
  endfacet
  facet normal -0.000000e+00 -7.447722e-01 -6.673188e-01
    outer loop
      vertex   1.310000e+01 4.117993e+01 6.223836e+00
      vertex   9.300000e+00 4.117993e+01 6.223836e+00
      vertex   1.310000e+01 4.134554e+01 6.038995e+00
    endloop
  endfacet
  facet normal -0.000000e+00 -7.447722e-01 -6.673188e-01
    outer loop
      vertex   1.310000e+01 4.134554e+01 6.038995e+00
      vertex   9.300000e+00 4.117993e+01 6.223836e+00
      vertex   9.300000e+00 4.134554e+01 6.038995e+00
    endloop
  endfacet
  facet normal -0.000000e+00 -8.339978e-01 -5.517677e-01
    outer loop
      vertex   1.310000e+01 4.134554e+01 6.038995e+00
      vertex   9.300000e+00 4.134554e+01 6.038995e+00
      vertex   1.310000e+01 4.148248e+01 5.832010e+00
    endloop
  endfacet
  facet normal -0.000000e+00 -8.339978e-01 -5.517677e-01
    outer loop
      vertex   1.310000e+01 4.148248e+01 5.832010e+00
      vertex   9.300000e+00 4.134554e+01 6.038995e+00
      vertex   9.300000e+00 4.148248e+01 5.832010e+00
    endloop
  endfacet
  facet normal -0.000000e+00 -9.054482e-01 -4.244567e-01
    outer loop
      vertex   1.310000e+01 4.148248e+01 5.832010e+00
      vertex   9.300000e+00 4.148248e+01 5.832010e+00
      vertex   1.310000e+01 4.158783e+01 5.607293e+00
    endloop
  endfacet
  facet normal -0.000000e+00 -9.054482e-01 -4.244567e-01
    outer loop
      vertex   1.310000e+01 4.158783e+01 5.607293e+00
      vertex   9.300000e+00 4.148248e+01 5.832010e+00
      vertex   9.300000e+00 4.158783e+01 5.607293e+00
    endloop
  endfacet
  facet normal -0.000000e+00 -9.576006e-01 -2.880991e-01
    outer loop
      vertex   1.310000e+01 4.158783e+01 5.607293e+00
      vertex   9.300000e+00 4.158783e+01 5.607293e+00
      vertex   1.310000e+01 4.165933e+01 5.369631e+00
    endloop
  endfacet
  facet normal -0.000000e+00 -9.576006e-01 -2.880991e-01
    outer loop
      vertex   1.310000e+01 4.165933e+01 5.369631e+00
      vertex   9.300000e+00 4.158783e+01 5.607293e+00
      vertex   9.300000e+00 4.165933e+01 5.369631e+00
    endloop
  endfacet
  facet normal -0.000000e+00 -9.893434e-01 -1.456012e-01
    outer loop
      vertex   1.310000e+01 4.165933e+01 5.369631e+00
      vertex   9.300000e+00 4.165933e+01 5.369631e+00
      vertex   1.310000e+01 4.169546e+01 5.124092e+00
    endloop
  endfacet
  facet normal -0.000000e+00 -9.893434e-01 -1.456012e-01
    outer loop
      vertex   1.310000e+01 4.169546e+01 5.124092e+00
      vertex   9.300000e+00 4.165933e+01 5.369631e+00
      vertex   9.300000e+00 4.169546e+01 5.124092e+00
    endloop
  endfacet
  facet normal -0.000000e+00 -1.000000e+00 -0.000000e+00
    outer loop
      vertex   1.310000e+01 4.169546e+01 5.124092e+00
      vertex   9.300000e+00 4.169546e+01 5.124092e+00
      vertex   1.310000e+01 4.169546e+01 4.875908e+00
    endloop
  endfacet
  facet normal 0.000000e+00 -1.000000e+00 0.000000e+00
    outer loop
      vertex   1.310000e+01 4.169546e+01 4.875908e+00
      vertex   9.300000e+00 4.169546e+01 5.124092e+00
      vertex   9.300000e+00 4.169546e+01 4.875908e+00
    endloop
  endfacet
  facet normal 0.000000e+00 -9.893434e-01 1.456012e-01
    outer loop
      vertex   1.310000e+01 4.169546e+01 4.875908e+00
      vertex   9.300000e+00 4.169546e+01 4.875908e+00
      vertex   1.310000e+01 4.165933e+01 4.630369e+00
    endloop
  endfacet
  facet normal 0.000000e+00 -9.893434e-01 1.456012e-01
    outer loop
      vertex   1.310000e+01 4.165933e+01 4.630369e+00
      vertex   9.300000e+00 4.169546e+01 4.875908e+00
      vertex   9.300000e+00 4.165933e+01 4.630369e+00
    endloop
  endfacet
  facet normal 0.000000e+00 -9.576006e-01 2.880991e-01
    outer loop
      vertex   1.310000e+01 4.165933e+01 4.630369e+00
      vertex   9.300000e+00 4.165933e+01 4.630369e+00
      vertex   1.310000e+01 4.158783e+01 4.392707e+00
    endloop
  endfacet
  facet normal 0.000000e+00 -9.576006e-01 2.880991e-01
    outer loop
      vertex   1.310000e+01 4.158783e+01 4.392707e+00
      vertex   9.300000e+00 4.165933e+01 4.630369e+00
      vertex   9.300000e+00 4.158783e+01 4.392707e+00
    endloop
  endfacet
  facet normal 0.000000e+00 -9.054482e-01 4.244567e-01
    outer loop
      vertex   1.310000e+01 4.158783e+01 4.392707e+00
      vertex   9.300000e+00 4.158783e+01 4.392707e+00
      vertex   1.310000e+01 4.148248e+01 4.167990e+00
    endloop
  endfacet
  facet normal 0.000000e+00 -9.054482e-01 4.244567e-01
    outer loop
      vertex   1.310000e+01 4.148248e+01 4.167990e+00
      vertex   9.300000e+00 4.158783e+01 4.392707e+00
      vertex   9.300000e+00 4.148248e+01 4.167990e+00
    endloop
  endfacet
  facet normal 0.000000e+00 -8.339978e-01 5.517677e-01
    outer loop
      vertex   1.310000e+01 4.148248e+01 4.167990e+00
      vertex   9.300000e+00 4.148248e+01 4.167990e+00
      vertex   1.310000e+01 4.134554e+01 3.961005e+00
    endloop
  endfacet
  facet normal 0.000000e+00 -8.339978e-01 5.517677e-01
    outer loop
      vertex   1.310000e+01 4.134554e+01 3.961005e+00
      vertex   9.300000e+00 4.148248e+01 4.167990e+00
      vertex   9.300000e+00 4.134554e+01 3.961005e+00
    endloop
  endfacet
  facet normal 0.000000e+00 -7.447722e-01 6.673188e-01
    outer loop
      vertex   1.310000e+01 4.134554e+01 3.961005e+00
      vertex   9.300000e+00 4.134554e+01 3.961005e+00
      vertex   1.310000e+01 4.117993e+01 3.776164e+00
    endloop
  endfacet
  facet normal 0.000000e+00 -7.447722e-01 6.673188e-01
    outer loop
      vertex   1.310000e+01 4.117993e+01 3.776164e+00
      vertex   9.300000e+00 4.134554e+01 3.961005e+00
      vertex   9.300000e+00 4.117993e+01 3.776164e+00
    endloop
  endfacet
  facet normal 0.000000e+00 -6.396730e-01 7.686471e-01
    outer loop
      vertex   1.310000e+01 4.117993e+01 3.776164e+00
      vertex   9.300000e+00 4.117993e+01 3.776164e+00
      vertex   1.310000e+01 4.098916e+01 3.617407e+00
    endloop
  endfacet
  facet normal 0.000000e+00 -6.396730e-01 7.686471e-01
    outer loop
      vertex   1.310000e+01 4.098916e+01 3.617407e+00
      vertex   9.300000e+00 4.117993e+01 3.776164e+00
      vertex   9.300000e+00 4.098916e+01 3.617407e+00
    endloop
  endfacet
  facet normal 0.000000e+00 -5.209403e-01 8.535931e-01
    outer loop
      vertex   1.310000e+01 4.098916e+01 3.617407e+00
      vertex   9.300000e+00 4.098916e+01 3.617407e+00
      vertex   1.310000e+01 4.077731e+01 3.488118e+00
    endloop
  endfacet
  facet normal 0.000000e+00 -5.209403e-01 8.535931e-01
    outer loop
      vertex   1.310000e+01 4.077731e+01 3.488118e+00
      vertex   9.300000e+00 4.098916e+01 3.617407e+00
      vertex   9.300000e+00 4.077731e+01 3.488118e+00
    endloop
  endfacet
  facet normal 0.000000e+00 -3.911047e-01 9.203462e-01
    outer loop
      vertex   1.310000e+01 4.077731e+01 3.488118e+00
      vertex   9.300000e+00 4.077731e+01 3.488118e+00
      vertex   1.310000e+01 4.054890e+01 3.391052e+00
    endloop
  endfacet
  facet normal 0.000000e+00 -3.911047e-01 9.203462e-01
    outer loop
      vertex   1.310000e+01 4.054890e+01 3.391052e+00
      vertex   9.300000e+00 4.077731e+01 3.488118e+00
      vertex   9.300000e+00 4.054890e+01 3.391052e+00
    endloop
  endfacet
  facet normal 0.000000e+00 -2.529334e-01 9.674837e-01
    outer loop
      vertex   1.310000e+01 4.054890e+01 3.391052e+00
      vertex   9.300000e+00 4.054890e+01 3.391052e+00
      vertex   1.310000e+01 4.030878e+01 3.328278e+00
    endloop
  endfacet
  facet normal 0.000000e+00 -2.529334e-01 9.674837e-01
    outer loop
      vertex   1.310000e+01 4.030878e+01 3.328278e+00
      vertex   9.300000e+00 4.054890e+01 3.391052e+00
      vertex   9.300000e+00 4.030878e+01 3.328278e+00
    endloop
  endfacet
  facet normal 0.000000e+00 -1.093712e-01 9.940010e-01
    outer loop
      vertex   1.310000e+01 4.030878e+01 3.328278e+00
      vertex   9.300000e+00 4.030878e+01 3.328278e+00
      vertex   1.310000e+01 4.006209e+01 3.301134e+00
    endloop
  endfacet
  facet normal 0.000000e+00 -1.093712e-01 9.940010e-01
    outer loop
      vertex   1.310000e+01 4.006209e+01 3.301134e+00
      vertex   9.300000e+00 4.030878e+01 3.328278e+00
      vertex   9.300000e+00 4.006209e+01 3.301134e+00
    endloop
  endfacet
  facet normal 0.000000e+00 3.652202e-02 9.993328e-01
    outer loop
      vertex   1.310000e+01 4.006209e+01 3.301134e+00
      vertex   9.300000e+00 4.006209e+01 3.301134e+00
      vertex   1.310000e+01 3.981407e+01 3.310198e+00
    endloop
  endfacet
  facet normal 0.000000e+00 3.652202e-02 9.993328e-01
    outer loop
      vertex   1.310000e+01 3.981407e+01 3.310198e+00
      vertex   9.300000e+00 4.006209e+01 3.301134e+00
      vertex   9.300000e+00 3.981407e+01 3.310198e+00
    endloop
  endfacet
  facet normal 0.000000e+00 1.816369e-01 9.833657e-01
    outer loop
      vertex   1.310000e+01 3.981407e+01 3.310198e+00
      vertex   9.300000e+00 3.981407e+01 3.310198e+00
      vertex   1.310000e+01 3.957001e+01 3.355278e+00
    endloop
  endfacet
  facet normal 0.000000e+00 1.816369e-01 9.833657e-01
    outer loop
      vertex   1.310000e+01 3.957001e+01 3.355278e+00
      vertex   9.300000e+00 3.981407e+01 3.310198e+00
      vertex   9.300000e+00 3.957001e+01 3.355278e+00
    endloop
  endfacet
  facet normal 0.000000e+00 3.228804e-01 9.464398e-01
    outer loop
      vertex   1.310000e+01 3.957001e+01 3.355278e+00
      vertex   9.300000e+00 3.957001e+01 3.355278e+00
      vertex   1.310000e+01 3.933512e+01 3.435411e+00
    endloop
  endfacet
  facet normal 0.000000e+00 3.228804e-01 9.464398e-01
    outer loop
      vertex   1.310000e+01 3.933512e+01 3.435411e+00
      vertex   9.300000e+00 3.957001e+01 3.355278e+00
      vertex   9.300000e+00 3.933512e+01 3.435411e+00
    endloop
  endfacet
  facet normal 0.000000e+00 4.572423e-01 8.893421e-01
    outer loop
      vertex   1.310000e+01 3.933512e+01 3.435411e+00
      vertex   9.300000e+00 3.933512e+01 3.435411e+00
      vertex   1.310000e+01 3.911440e+01 3.548892e+00
    endloop
  endfacet
  facet normal 0.000000e+00 4.572423e-01 8.893421e-01
    outer loop
      vertex   1.310000e+01 3.911440e+01 3.548892e+00
      vertex   9.300000e+00 3.933512e+01 3.435411e+00
      vertex   9.300000e+00 3.911440e+01 3.548892e+00
    endloop
  endfacet
  facet normal 0.000000e+00 5.818589e-01 8.132897e-01
    outer loop
      vertex   1.310000e+01 3.911440e+01 3.548892e+00
      vertex   9.300000e+00 3.911440e+01 3.548892e+00
      vertex   1.310000e+01 3.891256e+01 3.693300e+00
    endloop
  endfacet
  facet normal 0.000000e+00 5.818589e-01 8.132897e-01
    outer loop
      vertex   1.310000e+01 3.891256e+01 3.693300e+00
      vertex   9.300000e+00 3.911440e+01 3.548892e+00
      vertex   9.300000e+00 3.891256e+01 3.693300e+00
    endloop
  endfacet
  facet normal 0.000000e+00 6.940742e-01 7.199035e-01
    outer loop
      vertex   1.310000e+01 3.891256e+01 3.693300e+00
      vertex   9.300000e+00 3.891256e+01 3.693300e+00
      vertex   1.310000e+01 3.873389e+01 3.865558e+00
    endloop
  endfacet
  facet normal 0.000000e+00 6.940742e-01 7.199035e-01
    outer loop
      vertex   1.310000e+01 3.873389e+01 3.865558e+00
      vertex   9.300000e+00 3.891256e+01 3.693300e+00
      vertex   9.300000e+00 3.873389e+01 3.865558e+00
    endloop
  endfacet
  facet normal 0.000000e+00 7.914965e-01 6.111737e-01
    outer loop
      vertex   1.310000e+01 3.873389e+01 3.865558e+00
      vertex   9.300000e+00 3.873389e+01 3.865558e+00
      vertex   1.310000e+01 3.858220e+01 4.061995e+00
    endloop
  endfacet
  facet normal 0.000000e+00 7.914965e-01 6.111737e-01
    outer loop
      vertex   1.310000e+01 3.858220e+01 4.061995e+00
      vertex   9.300000e+00 3.873389e+01 3.865558e+00
      vertex   9.300000e+00 3.858220e+01 4.061995e+00
    endloop
  endfacet
  facet normal 0.000000e+00 8.720494e-01 4.894178e-01
    outer loop
      vertex   1.310000e+01 3.858220e+01 4.061995e+00
      vertex   9.300000e+00 3.858220e+01 4.061995e+00
      vertex   1.310000e+01 3.846074e+01 4.278424e+00
    endloop
  endfacet
  facet normal 0.000000e+00 8.720494e-01 4.894178e-01
    outer loop
      vertex   1.310000e+01 3.846074e+01 4.278424e+00
      vertex   9.300000e+00 3.858220e+01 4.061995e+00
      vertex   9.300000e+00 3.846074e+01 4.278424e+00
    endloop
  endfacet
  facet normal 0.000000e+00 9.340161e-01 3.572309e-01
    outer loop
      vertex   1.310000e+01 3.846074e+01 4.278424e+00
      vertex   9.300000e+00 3.846074e+01 4.278424e+00
      vertex   1.310000e+01 3.837208e+01 4.510232e+00
    endloop
  endfacet
  facet normal 0.000000e+00 9.340161e-01 3.572309e-01
    outer loop
      vertex   1.310000e+01 3.837208e+01 4.510232e+00
      vertex   9.300000e+00 3.846074e+01 4.278424e+00
      vertex   9.300000e+00 3.837208e+01 4.510232e+00
    endloop
  endfacet
  facet normal 0.000000e+00 9.760759e-01 2.174302e-01
    outer loop
      vertex   1.310000e+01 3.837208e+01 4.510232e+00
      vertex   9.300000e+00 3.837208e+01 4.510232e+00
      vertex   1.310000e+01 3.831812e+01 4.752478e+00
    endloop
  endfacet
  facet normal 0.000000e+00 9.760759e-01 2.174302e-01
    outer loop
      vertex   1.310000e+01 3.831812e+01 4.752478e+00
      vertex   9.300000e+00 3.837208e+01 4.510232e+00
      vertex   9.300000e+00 3.831812e+01 4.752478e+00
    endloop
  endfacet
  facet normal -7.071068e-01 -7.071068e-01 -0.000000e+00
    outer loop
      vertex   9.300000e+00 3.780000e+01 8.700000e+00
      vertex   9.300000e+00 3.780000e+01 1.300000e+00
      vertex   1.010000e+01 3.700000e+01 9.500000e+00
    endloop
  endfacet
  facet normal -7.071068e-01 -7.071068e-01 -0.000000e+00
    outer loop
      vertex   1.010000e+01 3.700000e+01 9.500000e+00
      vertex   9.300000e+00 3.780000e+01 1.300000e+00
      vertex   1.010000e+01 3.700000e+01 5.000000e-01
    endloop
  endfacet
  facet normal -7.071068e-01 -3.568392e-17 -7.071068e-01
    outer loop
      vertex   9.300000e+00 3.780000e+01 1.300000e+00
      vertex   9.300000e+00 4.220000e+01 1.300000e+00
      vertex   1.010000e+01 3.700000e+01 5.000000e-01
    endloop
  endfacet
  facet normal -7.071068e-01 0.000000e+00 -7.071068e-01
    outer loop
      vertex   1.010000e+01 3.700000e+01 5.000000e-01
      vertex   9.300000e+00 4.220000e+01 1.300000e+00
      vertex   1.010000e+01 4.300000e+01 5.000000e-01
    endloop
  endfacet
  facet normal -7.071068e-01 7.071068e-01 0.000000e+00
    outer loop
      vertex   9.300000e+00 4.220000e+01 1.300000e+00
      vertex   9.300000e+00 4.220000e+01 8.700000e+00
      vertex   1.010000e+01 4.300000e+01 5.000000e-01
    endloop
  endfacet
  facet normal -7.071068e-01 7.071068e-01 0.000000e+00
    outer loop
      vertex   1.010000e+01 4.300000e+01 5.000000e-01
      vertex   9.300000e+00 4.220000e+01 8.700000e+00
      vertex   1.010000e+01 4.300000e+01 9.500000e+00
    endloop
  endfacet
  facet normal -7.071068e-01 0.000000e+00 7.071068e-01
    outer loop
      vertex   1.010000e+01 4.300000e+01 9.500000e+00
      vertex   9.300000e+00 4.220000e+01 8.700000e+00
      vertex   1.010000e+01 3.700000e+01 9.500000e+00
    endloop
  endfacet
  facet normal -7.071068e-01 0.000000e+00 7.071068e-01
    outer loop
      vertex   1.010000e+01 3.700000e+01 9.500000e+00
      vertex   9.300000e+00 4.220000e+01 8.700000e+00
      vertex   9.300000e+00 3.780000e+01 8.700000e+00
    endloop
  endfacet
  facet normal -1.000000e+00 -0.000000e+00 0.000000e+00
    outer loop
      vertex   9.300000e+00 3.831812e+01 4.752478e+00
      vertex   9.300000e+00 3.780000e+01 1.300000e+00
      vertex   9.300000e+00 3.830000e+01 5.000000e+00
    endloop
  endfacet
  facet normal -1.000000e+00 -0.000000e+00 0.000000e+00
    outer loop
      vertex   9.300000e+00 3.830000e+01 5.000000e+00
      vertex   9.300000e+00 3.780000e+01 1.300000e+00
      vertex   9.300000e+00 3.780000e+01 8.700000e+00
    endloop
  endfacet
  facet normal -1.000000e+00 0.000000e+00 0.000000e+00
    outer loop
      vertex   9.300000e+00 3.830000e+01 5.000000e+00
      vertex   9.300000e+00 3.780000e+01 8.700000e+00
      vertex   9.300000e+00 3.831812e+01 5.247522e+00
    endloop
  endfacet
  facet normal -1.000000e+00 0.000000e+00 0.000000e+00
    outer loop
      vertex   9.300000e+00 3.831812e+01 5.247522e+00
      vertex   9.300000e+00 3.780000e+01 8.700000e+00
      vertex   9.300000e+00 3.837208e+01 5.489768e+00
    endloop
  endfacet
  facet normal -1.000000e+00 0.000000e+00 0.000000e+00
    outer loop
      vertex   9.300000e+00 3.837208e+01 5.489768e+00
      vertex   9.300000e+00 3.780000e+01 8.700000e+00
      vertex   9.300000e+00 3.846074e+01 5.721576e+00
    endloop
  endfacet
  facet normal -1.000000e+00 0.000000e+00 0.000000e+00
    outer loop
      vertex   9.300000e+00 3.846074e+01 5.721576e+00
      vertex   9.300000e+00 3.780000e+01 8.700000e+00
      vertex   9.300000e+00 3.858220e+01 5.938005e+00
    endloop
  endfacet
  facet normal -1.000000e+00 0.000000e+00 0.000000e+00
    outer loop
      vertex   9.300000e+00 3.858220e+01 5.938005e+00
      vertex   9.300000e+00 3.780000e+01 8.700000e+00
      vertex   9.300000e+00 3.873389e+01 6.134442e+00
    endloop
  endfacet
  facet normal -1.000000e+00 0.000000e+00 0.000000e+00
    outer loop
      vertex   9.300000e+00 3.873389e+01 6.134442e+00
      vertex   9.300000e+00 3.780000e+01 8.700000e+00
      vertex   9.300000e+00 3.891256e+01 6.306700e+00
    endloop
  endfacet
  facet normal -1.000000e+00 0.000000e+00 0.000000e+00
    outer loop
      vertex   9.300000e+00 3.891256e+01 6.306700e+00
      vertex   9.300000e+00 3.780000e+01 8.700000e+00
      vertex   9.300000e+00 3.911440e+01 6.451108e+00
    endloop
  endfacet
  facet normal -1.000000e+00 0.000000e+00 0.000000e+00
    outer loop
      vertex   9.300000e+00 3.911440e+01 6.451108e+00
      vertex   9.300000e+00 3.780000e+01 8.700000e+00
      vertex   9.300000e+00 3.933512e+01 6.564589e+00
    endloop
  endfacet
  facet normal -1.000000e+00 0.000000e+00 0.000000e+00
    outer loop
      vertex   9.300000e+00 3.933512e+01 6.564589e+00
      vertex   9.300000e+00 3.780000e+01 8.700000e+00
      vertex   9.300000e+00 3.957001e+01 6.644722e+00
    endloop
  endfacet
  facet normal -1.000000e+00 0.000000e+00 0.000000e+00
    outer loop
      vertex   9.300000e+00 3.957001e+01 6.644722e+00
      vertex   9.300000e+00 3.780000e+01 8.700000e+00
      vertex   9.300000e+00 3.981407e+01 6.689802e+00
    endloop
  endfacet
  facet normal -1.000000e+00 0.000000e+00 0.000000e+00
    outer loop
      vertex   9.300000e+00 3.981407e+01 6.689802e+00
      vertex   9.300000e+00 3.780000e+01 8.700000e+00
      vertex   9.300000e+00 4.006209e+01 6.698866e+00
    endloop
  endfacet
  facet normal -1.000000e+00 0.000000e+00 0.000000e+00
    outer loop
      vertex   9.300000e+00 4.006209e+01 6.698866e+00
      vertex   9.300000e+00 3.780000e+01 8.700000e+00
      vertex   9.300000e+00 4.220000e+01 8.700000e+00
    endloop
  endfacet
  facet normal -1.000000e+00 0.000000e+00 0.000000e+00
    outer loop
      vertex   9.300000e+00 4.006209e+01 6.698866e+00
      vertex   9.300000e+00 4.220000e+01 8.700000e+00
      vertex   9.300000e+00 4.030878e+01 6.671722e+00
    endloop
  endfacet
  facet normal -1.000000e+00 0.000000e+00 0.000000e+00
    outer loop
      vertex   9.300000e+00 4.030878e+01 6.671722e+00
      vertex   9.300000e+00 4.220000e+01 8.700000e+00
      vertex   9.300000e+00 4.054890e+01 6.608948e+00
    endloop
  endfacet
  facet normal -1.000000e+00 0.000000e+00 0.000000e+00
    outer loop
      vertex   9.300000e+00 4.054890e+01 6.608948e+00
      vertex   9.300000e+00 4.220000e+01 8.700000e+00
      vertex   9.300000e+00 4.077731e+01 6.511882e+00
    endloop
  endfacet
  facet normal -1.000000e+00 0.000000e+00 0.000000e+00
    outer loop
      vertex   9.300000e+00 4.077731e+01 6.511882e+00
      vertex   9.300000e+00 4.220000e+01 8.700000e+00
      vertex   9.300000e+00 4.098916e+01 6.382593e+00
    endloop
  endfacet
  facet normal -1.000000e+00 0.000000e+00 0.000000e+00
    outer loop
      vertex   9.300000e+00 4.098916e+01 6.382593e+00
      vertex   9.300000e+00 4.220000e+01 8.700000e+00
      vertex   9.300000e+00 4.117993e+01 6.223836e+00
    endloop
  endfacet
  facet normal -1.000000e+00 0.000000e+00 0.000000e+00
    outer loop
      vertex   9.300000e+00 4.117993e+01 6.223836e+00
      vertex   9.300000e+00 4.220000e+01 8.700000e+00
      vertex   9.300000e+00 4.134554e+01 6.038995e+00
    endloop
  endfacet
  facet normal -1.000000e+00 0.000000e+00 0.000000e+00
    outer loop
      vertex   9.300000e+00 4.134554e+01 6.038995e+00
      vertex   9.300000e+00 4.220000e+01 8.700000e+00
      vertex   9.300000e+00 4.148248e+01 5.832010e+00
    endloop
  endfacet
  facet normal -1.000000e+00 0.000000e+00 0.000000e+00
    outer loop
      vertex   9.300000e+00 4.148248e+01 5.832010e+00
      vertex   9.300000e+00 4.220000e+01 8.700000e+00
      vertex   9.300000e+00 4.158783e+01 5.607293e+00
    endloop
  endfacet
  facet normal -1.000000e+00 0.000000e+00 0.000000e+00
    outer loop
      vertex   9.300000e+00 4.158783e+01 5.607293e+00
      vertex   9.300000e+00 4.220000e+01 8.700000e+00
      vertex   9.300000e+00 4.165933e+01 5.369631e+00
    endloop
  endfacet
  facet normal -1.000000e+00 0.000000e+00 0.000000e+00
    outer loop
      vertex   9.300000e+00 4.165933e+01 5.369631e+00
      vertex   9.300000e+00 4.220000e+01 8.700000e+00
      vertex   9.300000e+00 4.169546e+01 5.124092e+00
    endloop
  endfacet
  facet normal -1.000000e+00 0.000000e+00 0.000000e+00
    outer loop
      vertex   9.300000e+00 4.169546e+01 5.124092e+00
      vertex   9.300000e+00 4.220000e+01 8.700000e+00
      vertex   9.300000e+00 4.220000e+01 1.300000e+00
    endloop
  endfacet
  facet normal -1.000000e+00 0.000000e+00 0.000000e+00
    outer loop
      vertex   9.300000e+00 4.169546e+01 5.124092e+00
      vertex   9.300000e+00 4.220000e+01 1.300000e+00
      vertex   9.300000e+00 4.169546e+01 4.875908e+00
    endloop
  endfacet
  facet normal -1.000000e+00 0.000000e+00 -0.000000e+00
    outer loop
      vertex   9.300000e+00 4.169546e+01 4.875908e+00
      vertex   9.300000e+00 4.220000e+01 1.300000e+00
      vertex   9.300000e+00 4.165933e+01 4.630369e+00
    endloop
  endfacet
  facet normal -1.000000e+00 0.000000e+00 -0.000000e+00
    outer loop
      vertex   9.300000e+00 4.165933e+01 4.630369e+00
      vertex   9.300000e+00 4.220000e+01 1.300000e+00
      vertex   9.300000e+00 4.158783e+01 4.392707e+00
    endloop
  endfacet
  facet normal -1.000000e+00 0.000000e+00 -0.000000e+00
    outer loop
      vertex   9.300000e+00 4.158783e+01 4.392707e+00
      vertex   9.300000e+00 4.220000e+01 1.300000e+00
      vertex   9.300000e+00 4.148248e+01 4.167990e+00
    endloop
  endfacet
  facet normal -1.000000e+00 0.000000e+00 -0.000000e+00
    outer loop
      vertex   9.300000e+00 4.148248e+01 4.167990e+00
      vertex   9.300000e+00 4.220000e+01 1.300000e+00
      vertex   9.300000e+00 4.134554e+01 3.961005e+00
    endloop
  endfacet
  facet normal -1.000000e+00 0.000000e+00 -0.000000e+00
    outer loop
      vertex   9.300000e+00 4.134554e+01 3.961005e+00
      vertex   9.300000e+00 4.220000e+01 1.300000e+00
      vertex   9.300000e+00 4.117993e+01 3.776164e+00
    endloop
  endfacet
  facet normal -1.000000e+00 0.000000e+00 -0.000000e+00
    outer loop
      vertex   9.300000e+00 4.117993e+01 3.776164e+00
      vertex   9.300000e+00 4.220000e+01 1.300000e+00
      vertex   9.300000e+00 4.098916e+01 3.617407e+00
    endloop
  endfacet
  facet normal -1.000000e+00 0.000000e+00 -0.000000e+00
    outer loop
      vertex   9.300000e+00 4.098916e+01 3.617407e+00
      vertex   9.300000e+00 4.220000e+01 1.300000e+00
      vertex   9.300000e+00 4.077731e+01 3.488118e+00
    endloop
  endfacet
  facet normal -1.000000e+00 0.000000e+00 -0.000000e+00
    outer loop
      vertex   9.300000e+00 4.077731e+01 3.488118e+00
      vertex   9.300000e+00 4.220000e+01 1.300000e+00
      vertex   9.300000e+00 4.054890e+01 3.391052e+00
    endloop
  endfacet
  facet normal -1.000000e+00 0.000000e+00 -0.000000e+00
    outer loop
      vertex   9.300000e+00 4.054890e+01 3.391052e+00
      vertex   9.300000e+00 4.220000e+01 1.300000e+00
      vertex   9.300000e+00 4.030878e+01 3.328278e+00
    endloop
  endfacet
  facet normal -1.000000e+00 0.000000e+00 -0.000000e+00
    outer loop
      vertex   9.300000e+00 4.030878e+01 3.328278e+00
      vertex   9.300000e+00 4.220000e+01 1.300000e+00
      vertex   9.300000e+00 4.006209e+01 3.301134e+00
    endloop
  endfacet
  facet normal -1.000000e+00 0.000000e+00 -0.000000e+00
    outer loop
      vertex   9.300000e+00 4.006209e+01 3.301134e+00
      vertex   9.300000e+00 4.220000e+01 1.300000e+00
      vertex   9.300000e+00 3.780000e+01 1.300000e+00
    endloop
  endfacet
  facet normal -1.000000e+00 -0.000000e+00 0.000000e+00
    outer loop
      vertex   9.300000e+00 4.006209e+01 3.301134e+00
      vertex   9.300000e+00 3.780000e+01 1.300000e+00
      vertex   9.300000e+00 3.981407e+01 3.310198e+00
    endloop
  endfacet
  facet normal -1.000000e+00 -0.000000e+00 0.000000e+00
    outer loop
      vertex   9.300000e+00 3.981407e+01 3.310198e+00
      vertex   9.300000e+00 3.780000e+01 1.300000e+00
      vertex   9.300000e+00 3.957001e+01 3.355278e+00
    endloop
  endfacet
  facet normal -1.000000e+00 -0.000000e+00 0.000000e+00
    outer loop
      vertex   9.300000e+00 3.957001e+01 3.355278e+00
      vertex   9.300000e+00 3.780000e+01 1.300000e+00
      vertex   9.300000e+00 3.933512e+01 3.435411e+00
    endloop
  endfacet
  facet normal -1.000000e+00 -0.000000e+00 0.000000e+00
    outer loop
      vertex   9.300000e+00 3.933512e+01 3.435411e+00
      vertex   9.300000e+00 3.780000e+01 1.300000e+00
      vertex   9.300000e+00 3.911440e+01 3.548892e+00
    endloop
  endfacet
  facet normal -1.000000e+00 -0.000000e+00 0.000000e+00
    outer loop
      vertex   9.300000e+00 3.911440e+01 3.548892e+00
      vertex   9.300000e+00 3.780000e+01 1.300000e+00
      vertex   9.300000e+00 3.891256e+01 3.693300e+00
    endloop
  endfacet
  facet normal -1.000000e+00 -0.000000e+00 0.000000e+00
    outer loop
      vertex   9.300000e+00 3.891256e+01 3.693300e+00
      vertex   9.300000e+00 3.780000e+01 1.300000e+00
      vertex   9.300000e+00 3.873389e+01 3.865558e+00
    endloop
  endfacet
  facet normal -1.000000e+00 -0.000000e+00 0.000000e+00
    outer loop
      vertex   9.300000e+00 3.873389e+01 3.865558e+00
      vertex   9.300000e+00 3.780000e+01 1.300000e+00
      vertex   9.300000e+00 3.858220e+01 4.061995e+00
    endloop
  endfacet
  facet normal -1.000000e+00 -0.000000e+00 0.000000e+00
    outer loop
      vertex   9.300000e+00 3.858220e+01 4.061995e+00
      vertex   9.300000e+00 3.780000e+01 1.300000e+00
      vertex   9.300000e+00 3.846074e+01 4.278424e+00
    endloop
  endfacet
  facet normal -1.000000e+00 -0.000000e+00 0.000000e+00
    outer loop
      vertex   9.300000e+00 3.846074e+01 4.278424e+00
      vertex   9.300000e+00 3.780000e+01 1.300000e+00
      vertex   9.300000e+00 3.837208e+01 4.510232e+00
    endloop
  endfacet
  facet normal -1.000000e+00 -0.000000e+00 0.000000e+00
    outer loop
      vertex   9.300000e+00 3.837208e+01 4.510232e+00
      vertex   9.300000e+00 3.780000e+01 1.300000e+00
      vertex   9.300000e+00 3.831812e+01 4.752478e+00
    endloop
  endfacet
  facet normal 7.071068e-01 7.071068e-01 0.000000e+00
    outer loop
      vertex   -9.300000e+00 4.220000e+01 8.700000e+00
      vertex   -9.300000e+00 4.220000e+01 1.300000e+00
      vertex   -1.010000e+01 4.300000e+01 9.500000e+00
    endloop
  endfacet
  facet normal 7.071068e-01 7.071068e-01 0.000000e+00
    outer loop
      vertex   -1.010000e+01 4.300000e+01 9.500000e+00
      vertex   -9.300000e+00 4.220000e+01 1.300000e+00
      vertex   -1.010000e+01 4.300000e+01 5.000000e-01
    endloop
  endfacet
  facet normal 7.071068e-01 3.568392e-17 -7.071068e-01
    outer loop
      vertex   -9.300000e+00 3.780000e+01 1.300000e+00
      vertex   -1.010000e+01 3.700000e+01 5.000000e-01
      vertex   -9.300000e+00 4.220000e+01 1.300000e+00
    endloop
  endfacet
  facet normal 7.071068e-01 0.000000e+00 -7.071068e-01
    outer loop
      vertex   -9.300000e+00 4.220000e+01 1.300000e+00
      vertex   -1.010000e+01 3.700000e+01 5.000000e-01
      vertex   -1.010000e+01 4.300000e+01 5.000000e-01
    endloop
  endfacet
  facet normal 7.071068e-01 -7.071068e-01 0.000000e+00
    outer loop
      vertex   -9.300000e+00 3.780000e+01 1.300000e+00
      vertex   -9.300000e+00 3.780000e+01 8.700000e+00
      vertex   -1.010000e+01 3.700000e+01 5.000000e-01
    endloop
  endfacet
  facet normal 7.071068e-01 -7.071068e-01 0.000000e+00
    outer loop
      vertex   -1.010000e+01 3.700000e+01 5.000000e-01
      vertex   -9.300000e+00 3.780000e+01 8.700000e+00
      vertex   -1.010000e+01 3.700000e+01 9.500000e+00
    endloop
  endfacet
  facet normal 7.071068e-01 0.000000e+00 7.071068e-01
    outer loop
      vertex   -1.010000e+01 4.300000e+01 9.500000e+00
      vertex   -1.010000e+01 3.700000e+01 9.500000e+00
      vertex   -9.300000e+00 4.220000e+01 8.700000e+00
    endloop
  endfacet
  facet normal 7.071068e-01 0.000000e+00 7.071068e-01
    outer loop
      vertex   -9.300000e+00 4.220000e+01 8.700000e+00
      vertex   -1.010000e+01 3.700000e+01 9.500000e+00
      vertex   -9.300000e+00 3.780000e+01 8.700000e+00
    endloop
  endfacet
  facet normal 1.000000e+00 0.000000e+00 0.000000e+00
    outer loop
      vertex   -9.300000e+00 3.831812e+01 5.247522e+00
      vertex   -9.300000e+00 3.780000e+01 8.700000e+00
      vertex   -9.300000e+00 3.830000e+01 5.000000e+00
    endloop
  endfacet
  facet normal 1.000000e+00 0.000000e+00 0.000000e+00
    outer loop
      vertex   -9.300000e+00 3.830000e+01 5.000000e+00
      vertex   -9.300000e+00 3.780000e+01 8.700000e+00
      vertex   -9.300000e+00 3.780000e+01 1.300000e+00
    endloop
  endfacet
  facet normal 1.000000e+00 0.000000e+00 0.000000e+00
    outer loop
      vertex   -9.300000e+00 3.830000e+01 5.000000e+00
      vertex   -9.300000e+00 3.780000e+01 1.300000e+00
      vertex   -9.300000e+00 3.831812e+01 4.752478e+00
    endloop
  endfacet
  facet normal 1.000000e+00 0.000000e+00 0.000000e+00
    outer loop
      vertex   -9.300000e+00 3.831812e+01 4.752478e+00
      vertex   -9.300000e+00 3.780000e+01 1.300000e+00
      vertex   -9.300000e+00 3.837208e+01 4.510232e+00
    endloop
  endfacet
  facet normal 1.000000e+00 0.000000e+00 0.000000e+00
    outer loop
      vertex   -9.300000e+00 3.837208e+01 4.510232e+00
      vertex   -9.300000e+00 3.780000e+01 1.300000e+00
      vertex   -9.300000e+00 3.846074e+01 4.278424e+00
    endloop
  endfacet
  facet normal 1.000000e+00 0.000000e+00 0.000000e+00
    outer loop
      vertex   -9.300000e+00 3.846074e+01 4.278424e+00
      vertex   -9.300000e+00 3.780000e+01 1.300000e+00
      vertex   -9.300000e+00 3.858220e+01 4.061995e+00
    endloop
  endfacet
  facet normal 1.000000e+00 0.000000e+00 0.000000e+00
    outer loop
      vertex   -9.300000e+00 3.858220e+01 4.061995e+00
      vertex   -9.300000e+00 3.780000e+01 1.300000e+00
      vertex   -9.300000e+00 3.873389e+01 3.865558e+00
    endloop
  endfacet
  facet normal 1.000000e+00 0.000000e+00 0.000000e+00
    outer loop
      vertex   -9.300000e+00 3.873389e+01 3.865558e+00
      vertex   -9.300000e+00 3.780000e+01 1.300000e+00
      vertex   -9.300000e+00 3.891256e+01 3.693300e+00
    endloop
  endfacet
  facet normal 1.000000e+00 0.000000e+00 0.000000e+00
    outer loop
      vertex   -9.300000e+00 3.891256e+01 3.693300e+00
      vertex   -9.300000e+00 3.780000e+01 1.300000e+00
      vertex   -9.300000e+00 3.911440e+01 3.548892e+00
    endloop
  endfacet
  facet normal 1.000000e+00 0.000000e+00 0.000000e+00
    outer loop
      vertex   -9.300000e+00 3.911440e+01 3.548892e+00
      vertex   -9.300000e+00 3.780000e+01 1.300000e+00
      vertex   -9.300000e+00 3.933512e+01 3.435411e+00
    endloop
  endfacet
  facet normal 1.000000e+00 0.000000e+00 0.000000e+00
    outer loop
      vertex   -9.300000e+00 3.933512e+01 3.435411e+00
      vertex   -9.300000e+00 3.780000e+01 1.300000e+00
      vertex   -9.300000e+00 3.957001e+01 3.355278e+00
    endloop
  endfacet
  facet normal 1.000000e+00 0.000000e+00 0.000000e+00
    outer loop
      vertex   -9.300000e+00 3.957001e+01 3.355278e+00
      vertex   -9.300000e+00 3.780000e+01 1.300000e+00
      vertex   -9.300000e+00 3.981407e+01 3.310198e+00
    endloop
  endfacet
  facet normal 1.000000e+00 0.000000e+00 0.000000e+00
    outer loop
      vertex   -9.300000e+00 3.981407e+01 3.310198e+00
      vertex   -9.300000e+00 3.780000e+01 1.300000e+00
      vertex   -9.300000e+00 4.006209e+01 3.301134e+00
    endloop
  endfacet
  facet normal 1.000000e+00 0.000000e+00 0.000000e+00
    outer loop
      vertex   -9.300000e+00 4.006209e+01 3.301134e+00
      vertex   -9.300000e+00 3.780000e+01 1.300000e+00
      vertex   -9.300000e+00 4.220000e+01 1.300000e+00
    endloop
  endfacet
  facet normal 1.000000e+00 -0.000000e+00 0.000000e+00
    outer loop
      vertex   -9.300000e+00 4.006209e+01 3.301134e+00
      vertex   -9.300000e+00 4.220000e+01 1.300000e+00
      vertex   -9.300000e+00 4.030878e+01 3.328278e+00
    endloop
  endfacet
  facet normal 1.000000e+00 -0.000000e+00 0.000000e+00
    outer loop
      vertex   -9.300000e+00 4.030878e+01 3.328278e+00
      vertex   -9.300000e+00 4.220000e+01 1.300000e+00
      vertex   -9.300000e+00 4.054890e+01 3.391052e+00
    endloop
  endfacet
  facet normal 1.000000e+00 -0.000000e+00 0.000000e+00
    outer loop
      vertex   -9.300000e+00 4.054890e+01 3.391052e+00
      vertex   -9.300000e+00 4.220000e+01 1.300000e+00
      vertex   -9.300000e+00 4.077731e+01 3.488118e+00
    endloop
  endfacet
  facet normal 1.000000e+00 -0.000000e+00 0.000000e+00
    outer loop
      vertex   -9.300000e+00 4.077731e+01 3.488118e+00
      vertex   -9.300000e+00 4.220000e+01 1.300000e+00
      vertex   -9.300000e+00 4.098916e+01 3.617407e+00
    endloop
  endfacet
  facet normal 1.000000e+00 -0.000000e+00 0.000000e+00
    outer loop
      vertex   -9.300000e+00 4.098916e+01 3.617407e+00
      vertex   -9.300000e+00 4.220000e+01 1.300000e+00
      vertex   -9.300000e+00 4.117993e+01 3.776164e+00
    endloop
  endfacet
  facet normal 1.000000e+00 -0.000000e+00 0.000000e+00
    outer loop
      vertex   -9.300000e+00 4.117993e+01 3.776164e+00
      vertex   -9.300000e+00 4.220000e+01 1.300000e+00
      vertex   -9.300000e+00 4.134554e+01 3.961005e+00
    endloop
  endfacet
  facet normal 1.000000e+00 -0.000000e+00 0.000000e+00
    outer loop
      vertex   -9.300000e+00 4.134554e+01 3.961005e+00
      vertex   -9.300000e+00 4.220000e+01 1.300000e+00
      vertex   -9.300000e+00 4.148248e+01 4.167990e+00
    endloop
  endfacet
  facet normal 1.000000e+00 -0.000000e+00 0.000000e+00
    outer loop
      vertex   -9.300000e+00 4.148248e+01 4.167990e+00
      vertex   -9.300000e+00 4.220000e+01 1.300000e+00
      vertex   -9.300000e+00 4.158783e+01 4.392707e+00
    endloop
  endfacet
  facet normal 1.000000e+00 -0.000000e+00 0.000000e+00
    outer loop
      vertex   -9.300000e+00 4.158783e+01 4.392707e+00
      vertex   -9.300000e+00 4.220000e+01 1.300000e+00
      vertex   -9.300000e+00 4.165933e+01 4.630369e+00
    endloop
  endfacet
  facet normal 1.000000e+00 -0.000000e+00 0.000000e+00
    outer loop
      vertex   -9.300000e+00 4.165933e+01 4.630369e+00
      vertex   -9.300000e+00 4.220000e+01 1.300000e+00
      vertex   -9.300000e+00 4.169546e+01 4.875908e+00
    endloop
  endfacet
  facet normal 1.000000e+00 -0.000000e+00 0.000000e+00
    outer loop
      vertex   -9.300000e+00 4.169546e+01 4.875908e+00
      vertex   -9.300000e+00 4.220000e+01 1.300000e+00
      vertex   -9.300000e+00 4.220000e+01 8.700000e+00
    endloop
  endfacet
  facet normal 1.000000e+00 0.000000e+00 0.000000e+00
    outer loop
      vertex   -9.300000e+00 4.169546e+01 4.875908e+00
      vertex   -9.300000e+00 4.220000e+01 8.700000e+00
      vertex   -9.300000e+00 4.169546e+01 5.124092e+00
    endloop
  endfacet
  facet normal 1.000000e+00 0.000000e+00 -0.000000e+00
    outer loop
      vertex   -9.300000e+00 4.169546e+01 5.124092e+00
      vertex   -9.300000e+00 4.220000e+01 8.700000e+00
      vertex   -9.300000e+00 4.165933e+01 5.369631e+00
    endloop
  endfacet
  facet normal 1.000000e+00 0.000000e+00 -0.000000e+00
    outer loop
      vertex   -9.300000e+00 4.165933e+01 5.369631e+00
      vertex   -9.300000e+00 4.220000e+01 8.700000e+00
      vertex   -9.300000e+00 4.158783e+01 5.607293e+00
    endloop
  endfacet
  facet normal 1.000000e+00 0.000000e+00 -0.000000e+00
    outer loop
      vertex   -9.300000e+00 4.158783e+01 5.607293e+00
      vertex   -9.300000e+00 4.220000e+01 8.700000e+00
      vertex   -9.300000e+00 4.148248e+01 5.832010e+00
    endloop
  endfacet
  facet normal 1.000000e+00 0.000000e+00 -0.000000e+00
    outer loop
      vertex   -9.300000e+00 4.148248e+01 5.832010e+00
      vertex   -9.300000e+00 4.220000e+01 8.700000e+00
      vertex   -9.300000e+00 4.134554e+01 6.038995e+00
    endloop
  endfacet
  facet normal 1.000000e+00 0.000000e+00 -0.000000e+00
    outer loop
      vertex   -9.300000e+00 4.134554e+01 6.038995e+00
      vertex   -9.300000e+00 4.220000e+01 8.700000e+00
      vertex   -9.300000e+00 4.117993e+01 6.223836e+00
    endloop
  endfacet
  facet normal 1.000000e+00 0.000000e+00 -0.000000e+00
    outer loop
      vertex   -9.300000e+00 4.117993e+01 6.223836e+00
      vertex   -9.300000e+00 4.220000e+01 8.700000e+00
      vertex   -9.300000e+00 4.098916e+01 6.382593e+00
    endloop
  endfacet
  facet normal 1.000000e+00 0.000000e+00 -0.000000e+00
    outer loop
      vertex   -9.300000e+00 4.098916e+01 6.382593e+00
      vertex   -9.300000e+00 4.220000e+01 8.700000e+00
      vertex   -9.300000e+00 4.077731e+01 6.511882e+00
    endloop
  endfacet
  facet normal 1.000000e+00 0.000000e+00 -0.000000e+00
    outer loop
      vertex   -9.300000e+00 4.077731e+01 6.511882e+00
      vertex   -9.300000e+00 4.220000e+01 8.700000e+00
      vertex   -9.300000e+00 4.054890e+01 6.608948e+00
    endloop
  endfacet
  facet normal 1.000000e+00 0.000000e+00 -0.000000e+00
    outer loop
      vertex   -9.300000e+00 4.054890e+01 6.608948e+00
      vertex   -9.300000e+00 4.220000e+01 8.700000e+00
      vertex   -9.300000e+00 4.030878e+01 6.671722e+00
    endloop
  endfacet
  facet normal 1.000000e+00 0.000000e+00 -0.000000e+00
    outer loop
      vertex   -9.300000e+00 4.030878e+01 6.671722e+00
      vertex   -9.300000e+00 4.220000e+01 8.700000e+00
      vertex   -9.300000e+00 4.006209e+01 6.698866e+00
    endloop
  endfacet
  facet normal 1.000000e+00 0.000000e+00 -0.000000e+00
    outer loop
      vertex   -9.300000e+00 4.006209e+01 6.698866e+00
      vertex   -9.300000e+00 4.220000e+01 8.700000e+00
      vertex   -9.300000e+00 3.780000e+01 8.700000e+00
    endloop
  endfacet
  facet normal 1.000000e+00 0.000000e+00 0.000000e+00
    outer loop
      vertex   -9.300000e+00 4.006209e+01 6.698866e+00
      vertex   -9.300000e+00 3.780000e+01 8.700000e+00
      vertex   -9.300000e+00 3.981407e+01 6.689802e+00
    endloop
  endfacet
  facet normal 1.000000e+00 0.000000e+00 0.000000e+00
    outer loop
      vertex   -9.300000e+00 3.981407e+01 6.689802e+00
      vertex   -9.300000e+00 3.780000e+01 8.700000e+00
      vertex   -9.300000e+00 3.957001e+01 6.644722e+00
    endloop
  endfacet
  facet normal 1.000000e+00 0.000000e+00 0.000000e+00
    outer loop
      vertex   -9.300000e+00 3.957001e+01 6.644722e+00
      vertex   -9.300000e+00 3.780000e+01 8.700000e+00
      vertex   -9.300000e+00 3.933512e+01 6.564589e+00
    endloop
  endfacet
  facet normal 1.000000e+00 0.000000e+00 0.000000e+00
    outer loop
      vertex   -9.300000e+00 3.933512e+01 6.564589e+00
      vertex   -9.300000e+00 3.780000e+01 8.700000e+00
      vertex   -9.300000e+00 3.911440e+01 6.451108e+00
    endloop
  endfacet
  facet normal 1.000000e+00 0.000000e+00 0.000000e+00
    outer loop
      vertex   -9.300000e+00 3.911440e+01 6.451108e+00
      vertex   -9.300000e+00 3.780000e+01 8.700000e+00
      vertex   -9.300000e+00 3.891256e+01 6.306700e+00
    endloop
  endfacet
  facet normal 1.000000e+00 0.000000e+00 0.000000e+00
    outer loop
      vertex   -9.300000e+00 3.891256e+01 6.306700e+00
      vertex   -9.300000e+00 3.780000e+01 8.700000e+00
      vertex   -9.300000e+00 3.873389e+01 6.134442e+00
    endloop
  endfacet
  facet normal 1.000000e+00 0.000000e+00 0.000000e+00
    outer loop
      vertex   -9.300000e+00 3.873389e+01 6.134442e+00
      vertex   -9.300000e+00 3.780000e+01 8.700000e+00
      vertex   -9.300000e+00 3.858220e+01 5.938005e+00
    endloop
  endfacet
  facet normal 1.000000e+00 0.000000e+00 0.000000e+00
    outer loop
      vertex   -9.300000e+00 3.858220e+01 5.938005e+00
      vertex   -9.300000e+00 3.780000e+01 8.700000e+00
      vertex   -9.300000e+00 3.846074e+01 5.721576e+00
    endloop
  endfacet
  facet normal 1.000000e+00 0.000000e+00 0.000000e+00
    outer loop
      vertex   -9.300000e+00 3.846074e+01 5.721576e+00
      vertex   -9.300000e+00 3.780000e+01 8.700000e+00
      vertex   -9.300000e+00 3.837208e+01 5.489768e+00
    endloop
  endfacet
  facet normal 1.000000e+00 0.000000e+00 0.000000e+00
    outer loop
      vertex   -9.300000e+00 3.837208e+01 5.489768e+00
      vertex   -9.300000e+00 3.780000e+01 8.700000e+00
      vertex   -9.300000e+00 3.831812e+01 5.247522e+00
    endloop
  endfacet
  facet normal 3.568392e-17 -7.071068e-01 -7.071068e-01
    outer loop
      vertex   2.200000e+00 4.930000e+01 1.300000e+00
      vertex   -2.200000e+00 4.930000e+01 1.300000e+00
      vertex   3.000000e+00 5.010000e+01 5.000000e-01
    endloop
  endfacet
  facet normal 6.542052e-17 -7.071068e-01 -7.071068e-01
    outer loop
      vertex   3.000000e+00 5.010000e+01 5.000000e-01
      vertex   -2.200000e+00 4.930000e+01 1.300000e+00
      vertex   -3.000000e+00 5.010000e+01 5.000000e-01
    endloop
  endfacet
  facet normal -7.071068e-01 -7.071068e-01 0.000000e+00
    outer loop
      vertex   -2.200000e+00 4.930000e+01 1.300000e+00
      vertex   -2.200000e+00 4.930000e+01 8.700000e+00
      vertex   -3.000000e+00 5.010000e+01 5.000000e-01
    endloop
  endfacet
  facet normal -7.071068e-01 -7.071068e-01 0.000000e+00
    outer loop
      vertex   -3.000000e+00 5.010000e+01 5.000000e-01
      vertex   -2.200000e+00 4.930000e+01 8.700000e+00
      vertex   -3.000000e+00 5.010000e+01 9.500000e+00
    endloop
  endfacet
  facet normal 0.000000e+00 -7.071068e-01 7.071068e-01
    outer loop
      vertex   -2.200000e+00 4.930000e+01 8.700000e+00
      vertex   2.200000e+00 4.930000e+01 8.700000e+00
      vertex   -3.000000e+00 5.010000e+01 9.500000e+00
    endloop
  endfacet
  facet normal 0.000000e+00 -7.071068e-01 7.071068e-01
    outer loop
      vertex   -3.000000e+00 5.010000e+01 9.500000e+00
      vertex   2.200000e+00 4.930000e+01 8.700000e+00
      vertex   3.000000e+00 5.010000e+01 9.500000e+00
    endloop
  endfacet
  facet normal 7.071068e-01 -7.071068e-01 0.000000e+00
    outer loop
      vertex   3.000000e+00 5.010000e+01 5.000000e-01
      vertex   3.000000e+00 5.010000e+01 9.500000e+00
      vertex   2.200000e+00 4.930000e+01 1.300000e+00
    endloop
  endfacet
  facet normal 7.071068e-01 -7.071068e-01 0.000000e+00
    outer loop
      vertex   2.200000e+00 4.930000e+01 1.300000e+00
      vertex   3.000000e+00 5.010000e+01 9.500000e+00
      vertex   2.200000e+00 4.930000e+01 8.700000e+00
    endloop
  endfacet
  facet normal -0.000000e+00 -1.000000e+00 0.000000e+00
    outer loop
      vertex   -1.681884e+00 4.930000e+01 5.247522e+00
      vertex   -2.200000e+00 4.930000e+01 8.700000e+00
      vertex   -1.700000e+00 4.930000e+01 5.000000e+00
    endloop
  endfacet
  facet normal -0.000000e+00 -1.000000e+00 0.000000e+00
    outer loop
      vertex   -1.700000e+00 4.930000e+01 5.000000e+00
      vertex   -2.200000e+00 4.930000e+01 8.700000e+00
      vertex   -2.200000e+00 4.930000e+01 1.300000e+00
    endloop
  endfacet
  facet normal 0.000000e+00 -1.000000e+00 -0.000000e+00
    outer loop
      vertex   -1.700000e+00 4.930000e+01 5.000000e+00
      vertex   -2.200000e+00 4.930000e+01 1.300000e+00
      vertex   -1.681884e+00 4.930000e+01 4.752478e+00
    endloop
  endfacet
  facet normal 0.000000e+00 -1.000000e+00 -0.000000e+00
    outer loop
      vertex   -1.681884e+00 4.930000e+01 4.752478e+00
      vertex   -2.200000e+00 4.930000e+01 1.300000e+00
      vertex   -1.627921e+00 4.930000e+01 4.510232e+00
    endloop
  endfacet
  facet normal 0.000000e+00 -1.000000e+00 -0.000000e+00
    outer loop
      vertex   -1.627921e+00 4.930000e+01 4.510232e+00
      vertex   -2.200000e+00 4.930000e+01 1.300000e+00
      vertex   -1.539262e+00 4.930000e+01 4.278424e+00
    endloop
  endfacet
  facet normal 0.000000e+00 -1.000000e+00 -0.000000e+00
    outer loop
      vertex   -1.539262e+00 4.930000e+01 4.278424e+00
      vertex   -2.200000e+00 4.930000e+01 1.300000e+00
      vertex   -1.417796e+00 4.930000e+01 4.061995e+00
    endloop
  endfacet
  facet normal 0.000000e+00 -1.000000e+00 -0.000000e+00
    outer loop
      vertex   -1.417796e+00 4.930000e+01 4.061995e+00
      vertex   -2.200000e+00 4.930000e+01 1.300000e+00
      vertex   -1.266113e+00 4.930000e+01 3.865558e+00
    endloop
  endfacet
  facet normal 0.000000e+00 -1.000000e+00 -0.000000e+00
    outer loop
      vertex   -1.266113e+00 4.930000e+01 3.865558e+00
      vertex   -2.200000e+00 4.930000e+01 1.300000e+00
      vertex   -1.087444e+00 4.930000e+01 3.693300e+00
    endloop
  endfacet
  facet normal 0.000000e+00 -1.000000e+00 -0.000000e+00
    outer loop
      vertex   -1.087444e+00 4.930000e+01 3.693300e+00
      vertex   -2.200000e+00 4.930000e+01 1.300000e+00
      vertex   -8.855986e-01 4.930000e+01 3.548892e+00
    endloop
  endfacet
  facet normal 0.000000e+00 -1.000000e+00 -0.000000e+00
    outer loop
      vertex   -8.855986e-01 4.930000e+01 3.548892e+00
      vertex   -2.200000e+00 4.930000e+01 1.300000e+00
      vertex   -6.648780e-01 4.930000e+01 3.435411e+00
    endloop
  endfacet
  facet normal 0.000000e+00 -1.000000e+00 -0.000000e+00
    outer loop
      vertex   -6.648780e-01 4.930000e+01 3.435411e+00
      vertex   -2.200000e+00 4.930000e+01 1.300000e+00
      vertex   -4.299868e-01 4.930000e+01 3.355278e+00
    endloop
  endfacet
  facet normal 0.000000e+00 -1.000000e+00 -0.000000e+00
    outer loop
      vertex   -4.299868e-01 4.930000e+01 3.355278e+00
      vertex   -2.200000e+00 4.930000e+01 1.300000e+00
      vertex   -1.859311e-01 4.930000e+01 3.310198e+00
    endloop
  endfacet
  facet normal 0.000000e+00 -1.000000e+00 -0.000000e+00
    outer loop
      vertex   -1.859311e-01 4.930000e+01 3.310198e+00
      vertex   -2.200000e+00 4.930000e+01 1.300000e+00
      vertex   6.208744e-02 4.930000e+01 3.301134e+00
    endloop
  endfacet
  facet normal 0.000000e+00 -1.000000e+00 -0.000000e+00
    outer loop
      vertex   6.208744e-02 4.930000e+01 3.301134e+00
      vertex   -2.200000e+00 4.930000e+01 1.300000e+00
      vertex   2.200000e+00 4.930000e+01 1.300000e+00
    endloop
  endfacet
  facet normal 0.000000e+00 -1.000000e+00 0.000000e+00
    outer loop
      vertex   6.208744e-02 4.930000e+01 3.301134e+00
      vertex   2.200000e+00 4.930000e+01 1.300000e+00
      vertex   3.087826e-01 4.930000e+01 3.328278e+00
    endloop
  endfacet
  facet normal 0.000000e+00 -1.000000e+00 0.000000e+00
    outer loop
      vertex   3.087826e-01 4.930000e+01 3.328278e+00
      vertex   2.200000e+00 4.930000e+01 1.300000e+00
      vertex   5.488967e-01 4.930000e+01 3.391052e+00
    endloop
  endfacet
  facet normal 0.000000e+00 -1.000000e+00 0.000000e+00
    outer loop
      vertex   5.488967e-01 4.930000e+01 3.391052e+00
      vertex   2.200000e+00 4.930000e+01 1.300000e+00
      vertex   7.773119e-01 4.930000e+01 3.488118e+00
    endloop
  endfacet
  facet normal 0.000000e+00 -1.000000e+00 0.000000e+00
    outer loop
      vertex   7.773119e-01 4.930000e+01 3.488118e+00
      vertex   2.200000e+00 4.930000e+01 1.300000e+00
      vertex   9.891602e-01 4.930000e+01 3.617407e+00
    endloop
  endfacet
  facet normal 0.000000e+00 -1.000000e+00 0.000000e+00
    outer loop
      vertex   9.891602e-01 4.930000e+01 3.617407e+00
      vertex   2.200000e+00 4.930000e+01 1.300000e+00
      vertex   1.179926e+00 4.930000e+01 3.776164e+00
    endloop
  endfacet
  facet normal 0.000000e+00 -1.000000e+00 0.000000e+00
    outer loop
      vertex   1.179926e+00 4.930000e+01 3.776164e+00
      vertex   2.200000e+00 4.930000e+01 1.300000e+00
      vertex   1.345544e+00 4.930000e+01 3.961005e+00
    endloop
  endfacet
  facet normal 0.000000e+00 -1.000000e+00 0.000000e+00
    outer loop
      vertex   1.345544e+00 4.930000e+01 3.961005e+00
      vertex   2.200000e+00 4.930000e+01 1.300000e+00
      vertex   1.482484e+00 4.930000e+01 4.167990e+00
    endloop
  endfacet
  facet normal 0.000000e+00 -1.000000e+00 0.000000e+00
    outer loop
      vertex   1.482484e+00 4.930000e+01 4.167990e+00
      vertex   2.200000e+00 4.930000e+01 1.300000e+00
      vertex   1.587827e+00 4.930000e+01 4.392707e+00
    endloop
  endfacet
  facet normal 0.000000e+00 -1.000000e+00 0.000000e+00
    outer loop
      vertex   1.587827e+00 4.930000e+01 4.392707e+00
      vertex   2.200000e+00 4.930000e+01 1.300000e+00
      vertex   1.659329e+00 4.930000e+01 4.630369e+00
    endloop
  endfacet
  facet normal 0.000000e+00 -1.000000e+00 0.000000e+00
    outer loop
      vertex   1.659329e+00 4.930000e+01 4.630369e+00
      vertex   2.200000e+00 4.930000e+01 1.300000e+00
      vertex   1.695465e+00 4.930000e+01 4.875908e+00
    endloop
  endfacet
  facet normal 0.000000e+00 -1.000000e+00 0.000000e+00
    outer loop
      vertex   1.695465e+00 4.930000e+01 4.875908e+00
      vertex   2.200000e+00 4.930000e+01 1.300000e+00
      vertex   2.200000e+00 4.930000e+01 8.700000e+00
    endloop
  endfacet
  facet normal 0.000000e+00 -1.000000e+00 0.000000e+00
    outer loop
      vertex   1.695465e+00 4.930000e+01 4.875908e+00
      vertex   2.200000e+00 4.930000e+01 8.700000e+00
      vertex   1.695465e+00 4.930000e+01 5.124092e+00
    endloop
  endfacet
  facet normal 0.000000e+00 -1.000000e+00 0.000000e+00
    outer loop
      vertex   1.695465e+00 4.930000e+01 5.124092e+00
      vertex   2.200000e+00 4.930000e+01 8.700000e+00
      vertex   1.659329e+00 4.930000e+01 5.369631e+00
    endloop
  endfacet
  facet normal 0.000000e+00 -1.000000e+00 0.000000e+00
    outer loop
      vertex   1.659329e+00 4.930000e+01 5.369631e+00
      vertex   2.200000e+00 4.930000e+01 8.700000e+00
      vertex   1.587827e+00 4.930000e+01 5.607293e+00
    endloop
  endfacet
  facet normal 0.000000e+00 -1.000000e+00 0.000000e+00
    outer loop
      vertex   1.587827e+00 4.930000e+01 5.607293e+00
      vertex   2.200000e+00 4.930000e+01 8.700000e+00
      vertex   1.482484e+00 4.930000e+01 5.832010e+00
    endloop
  endfacet
  facet normal 0.000000e+00 -1.000000e+00 0.000000e+00
    outer loop
      vertex   1.482484e+00 4.930000e+01 5.832010e+00
      vertex   2.200000e+00 4.930000e+01 8.700000e+00
      vertex   1.345544e+00 4.930000e+01 6.038995e+00
    endloop
  endfacet
  facet normal 0.000000e+00 -1.000000e+00 0.000000e+00
    outer loop
      vertex   1.345544e+00 4.930000e+01 6.038995e+00
      vertex   2.200000e+00 4.930000e+01 8.700000e+00
      vertex   1.179926e+00 4.930000e+01 6.223836e+00
    endloop
  endfacet
  facet normal 0.000000e+00 -1.000000e+00 0.000000e+00
    outer loop
      vertex   1.179926e+00 4.930000e+01 6.223836e+00
      vertex   2.200000e+00 4.930000e+01 8.700000e+00
      vertex   9.891602e-01 4.930000e+01 6.382593e+00
    endloop
  endfacet
  facet normal 0.000000e+00 -1.000000e+00 0.000000e+00
    outer loop
      vertex   9.891602e-01 4.930000e+01 6.382593e+00
      vertex   2.200000e+00 4.930000e+01 8.700000e+00
      vertex   7.773119e-01 4.930000e+01 6.511882e+00
    endloop
  endfacet
  facet normal 0.000000e+00 -1.000000e+00 0.000000e+00
    outer loop
      vertex   7.773119e-01 4.930000e+01 6.511882e+00
      vertex   2.200000e+00 4.930000e+01 8.700000e+00
      vertex   5.488967e-01 4.930000e+01 6.608948e+00
    endloop
  endfacet
  facet normal 0.000000e+00 -1.000000e+00 0.000000e+00
    outer loop
      vertex   5.488967e-01 4.930000e+01 6.608948e+00
      vertex   2.200000e+00 4.930000e+01 8.700000e+00
      vertex   3.087826e-01 4.930000e+01 6.671722e+00
    endloop
  endfacet
  facet normal 0.000000e+00 -1.000000e+00 0.000000e+00
    outer loop
      vertex   3.087826e-01 4.930000e+01 6.671722e+00
      vertex   2.200000e+00 4.930000e+01 8.700000e+00
      vertex   6.208744e-02 4.930000e+01 6.698866e+00
    endloop
  endfacet
  facet normal 0.000000e+00 -1.000000e+00 0.000000e+00
    outer loop
      vertex   6.208744e-02 4.930000e+01 6.698866e+00
      vertex   2.200000e+00 4.930000e+01 8.700000e+00
      vertex   -2.200000e+00 4.930000e+01 8.700000e+00
    endloop
  endfacet
  facet normal -0.000000e+00 -1.000000e+00 0.000000e+00
    outer loop
      vertex   6.208744e-02 4.930000e+01 6.698866e+00
      vertex   -2.200000e+00 4.930000e+01 8.700000e+00
      vertex   -1.859311e-01 4.930000e+01 6.689802e+00
    endloop
  endfacet
  facet normal -0.000000e+00 -1.000000e+00 0.000000e+00
    outer loop
      vertex   -1.859311e-01 4.930000e+01 6.689802e+00
      vertex   -2.200000e+00 4.930000e+01 8.700000e+00
      vertex   -4.299868e-01 4.930000e+01 6.644722e+00
    endloop
  endfacet
  facet normal -0.000000e+00 -1.000000e+00 0.000000e+00
    outer loop
      vertex   -4.299868e-01 4.930000e+01 6.644722e+00
      vertex   -2.200000e+00 4.930000e+01 8.700000e+00
      vertex   -6.648780e-01 4.930000e+01 6.564589e+00
    endloop
  endfacet
  facet normal -0.000000e+00 -1.000000e+00 0.000000e+00
    outer loop
      vertex   -6.648780e-01 4.930000e+01 6.564589e+00
      vertex   -2.200000e+00 4.930000e+01 8.700000e+00
      vertex   -8.855986e-01 4.930000e+01 6.451108e+00
    endloop
  endfacet
  facet normal -0.000000e+00 -1.000000e+00 0.000000e+00
    outer loop
      vertex   -8.855986e-01 4.930000e+01 6.451108e+00
      vertex   -2.200000e+00 4.930000e+01 8.700000e+00
      vertex   -1.087444e+00 4.930000e+01 6.306700e+00
    endloop
  endfacet
  facet normal -0.000000e+00 -1.000000e+00 0.000000e+00
    outer loop
      vertex   -1.087444e+00 4.930000e+01 6.306700e+00
      vertex   -2.200000e+00 4.930000e+01 8.700000e+00
      vertex   -1.266113e+00 4.930000e+01 6.134442e+00
    endloop
  endfacet
  facet normal -0.000000e+00 -1.000000e+00 0.000000e+00
    outer loop
      vertex   -1.266113e+00 4.930000e+01 6.134442e+00
      vertex   -2.200000e+00 4.930000e+01 8.700000e+00
      vertex   -1.417796e+00 4.930000e+01 5.938005e+00
    endloop
  endfacet
  facet normal -0.000000e+00 -1.000000e+00 0.000000e+00
    outer loop
      vertex   -1.417796e+00 4.930000e+01 5.938005e+00
      vertex   -2.200000e+00 4.930000e+01 8.700000e+00
      vertex   -1.539262e+00 4.930000e+01 5.721576e+00
    endloop
  endfacet
  facet normal -0.000000e+00 -1.000000e+00 0.000000e+00
    outer loop
      vertex   -1.539262e+00 4.930000e+01 5.721576e+00
      vertex   -2.200000e+00 4.930000e+01 8.700000e+00
      vertex   -1.627921e+00 4.930000e+01 5.489768e+00
    endloop
  endfacet
  facet normal -0.000000e+00 -1.000000e+00 0.000000e+00
    outer loop
      vertex   -1.627921e+00 4.930000e+01 5.489768e+00
      vertex   -2.200000e+00 4.930000e+01 8.700000e+00
      vertex   -1.681884e+00 4.930000e+01 5.247522e+00
    endloop
  endfacet
  facet normal -0.000000e+00 -1.000000e+00 0.000000e+00
    outer loop
      vertex   2.143015e+01 2.250000e+01 9.980050e+00
      vertex   -2.143015e+01 2.250000e+01 9.980050e+00
      vertex   2.105000e+01 2.250000e+01 9.598005e+00
    endloop
  endfacet
  facet normal 0.000000e+00 -1.000000e+00 0.000000e+00
    outer loop
      vertex   2.105000e+01 2.250000e+01 9.598005e+00
      vertex   -2.143015e+01 2.250000e+01 9.980050e+00
      vertex   -2.105000e+01 2.250000e+01 9.598005e+00
    endloop
  endfacet
  facet normal -0.000000e+00 -1.000000e+00 -0.000000e+00
    outer loop
      vertex   2.105000e+01 2.250000e+01 9.598005e+00
      vertex   -2.105000e+01 2.250000e+01 9.598005e+00
      vertex   2.105000e+01 2.250000e+01 5.500000e+00
    endloop
  endfacet
  facet normal 0.000000e+00 -1.000000e+00 0.000000e+00
    outer loop
      vertex   2.105000e+01 2.250000e+01 5.500000e+00
      vertex   -2.105000e+01 2.250000e+01 9.598005e+00
      vertex   -2.105000e+01 2.250000e+01 5.500000e+00
    endloop
  endfacet
endsolid
