solid ASCII
  facet normal -0.000000e+00 -7.071068e-01 -7.071068e-01
    outer loop
      vertex   3.000000e+00 6.700000e+01 4.000000e-01
      vertex   -3.000000e+00 6.700000e+01 4.000000e-01
      vertex   3.165685e+00 6.740000e+01 0.000000e+00
    endloop
  endfacet
  facet normal -0.000000e+00 -7.071068e-01 -7.071068e-01
    outer loop
      vertex   3.165685e+00 6.740000e+01 0.000000e+00
      vertex   -3.000000e+00 6.700000e+01 4.000000e-01
      vertex   -3.165685e+00 6.740000e+01 0.000000e+00
    endloop
  endfacet
  facet normal -7.071068e-01 8.133198e-17 -7.071068e-01
    outer loop
      vertex   7.400000e+00 6.316569e+01 0.000000e+00
      vertex   7.400000e+00 1.683431e+01 0.000000e+00
      vertex   7.000000e+00 6.300000e+01 4.000000e-01
    endloop
  endfacet
  facet normal -7.071068e-01 -0.000000e+00 -7.071068e-01
    outer loop
      vertex   7.000000e+00 6.300000e+01 4.000000e-01
      vertex   7.400000e+00 1.683431e+01 0.000000e+00
      vertex   7.000000e+00 1.700000e+01 4.000000e-01
    endloop
  endfacet
  facet normal 7.071068e-01 0.000000e+00 -7.071068e-01
    outer loop
      vertex   -7.000000e+00 1.700000e+01 4.000000e-01
      vertex   -7.400000e+00 1.683431e+01 0.000000e+00
      vertex   -7.000000e+00 6.300000e+01 4.000000e-01
    endloop
  endfacet
  facet normal 7.071068e-01 0.000000e+00 -7.071068e-01
    outer loop
      vertex   -7.000000e+00 6.300000e+01 4.000000e-01
      vertex   -7.400000e+00 1.683431e+01 0.000000e+00
      vertex   -7.400000e+00 6.316569e+01 0.000000e+00
    endloop
  endfacet
  facet normal 0.000000e+00 7.071068e-01 -7.071068e-01
    outer loop
      vertex   3.165685e+00 1.260000e+01 0.000000e+00
      vertex   -3.165685e+00 1.260000e+01 0.000000e+00
      vertex   3.000000e+00 1.300000e+01 4.000000e-01
    endloop
  endfacet
  facet normal 0.000000e+00 7.071068e-01 -7.071068e-01
    outer loop
      vertex   3.000000e+00 1.300000e+01 4.000000e-01
      vertex   -3.165685e+00 1.260000e+01 0.000000e+00
      vertex   -3.000000e+00 1.300000e+01 4.000000e-01
    endloop
  endfacet
  facet normal 5.000000e-01 5.000000e-01 -7.071068e-01
    outer loop
      vertex   -3.000000e+00 1.300000e+01 4.000000e-01
      vertex   -3.165685e+00 1.260000e+01 0.000000e+00
      vertex   -7.000000e+00 1.700000e+01 4.000000e-01
    endloop
  endfacet
  facet normal 5.000000e-01 5.000000e-01 -7.071068e-01
    outer loop
      vertex   -7.000000e+00 1.700000e+01 4.000000e-01
      vertex   -3.165685e+00 1.260000e+01 0.000000e+00
      vertex   -7.400000e+00 1.683431e+01 0.000000e+00
    endloop
  endfacet
  facet normal -5.000000e-01 5.000000e-01 -7.071068e-01
    outer loop
      vertex   7.400000e+00 1.683431e+01 0.000000e+00
      vertex   3.165685e+00 1.260000e+01 0.000000e+00
      vertex   7.000000e+00 1.700000e+01 4.000000e-01
    endloop
  endfacet
  facet normal -5.000000e-01 5.000000e-01 -7.071068e-01
    outer loop
      vertex   7.000000e+00 1.700000e+01 4.000000e-01
      vertex   3.165685e+00 1.260000e+01 0.000000e+00
      vertex   3.000000e+00 1.300000e+01 4.000000e-01
    endloop
  endfacet
  facet normal 5.000000e-01 -5.000000e-01 -7.071068e-01
    outer loop
      vertex   -3.000000e+00 6.700000e+01 4.000000e-01
      vertex   -7.000000e+00 6.300000e+01 4.000000e-01
      vertex   -3.165685e+00 6.740000e+01 0.000000e+00
    endloop
  endfacet
  facet normal 5.000000e-01 -5.000000e-01 -7.071068e-01
    outer loop
      vertex   -3.165685e+00 6.740000e+01 0.000000e+00
      vertex   -7.000000e+00 6.300000e+01 4.000000e-01
      vertex   -7.400000e+00 6.316569e+01 0.000000e+00
    endloop
  endfacet
  facet normal -5.000000e-01 -5.000000e-01 -7.071068e-01
    outer loop
      vertex   3.000000e+00 6.700000e+01 4.000000e-01
      vertex   3.165685e+00 6.740000e+01 0.000000e+00
      vertex   7.000000e+00 6.300000e+01 4.000000e-01
    endloop
  endfacet
  facet normal -5.000000e-01 -5.000000e-01 -7.071068e-01
    outer loop
      vertex   7.000000e+00 6.300000e+01 4.000000e-01
      vertex   3.165685e+00 6.740000e+01 0.000000e+00
      vertex   7.400000e+00 6.316569e+01 0.000000e+00
    endloop
  endfacet
  facet normal -7.071068e-01 -7.071068e-01 0.000000e+00
    outer loop
      vertex   7.000000e+00 6.300000e+01 4.000000e-01
      vertex   7.000000e+00 6.300000e+01 7.600000e+00
      vertex   3.000000e+00 6.700000e+01 4.000000e-01
    endloop
  endfacet
  facet normal -7.071068e-01 -7.071068e-01 0.000000e+00
    outer loop
      vertex   3.000000e+00 6.700000e+01 4.000000e-01
      vertex   7.000000e+00 6.300000e+01 7.600000e+00
      vertex   3.000000e+00 6.700000e+01 7.600000e+00
    endloop
  endfacet
  facet normal -1.000000e+00 0.000000e+00 0.000000e+00
    outer loop
      vertex   7.000000e+00 6.300000e+01 4.000000e-01
      vertex   7.000000e+00 1.700000e+01 4.000000e-01
      vertex   7.000000e+00 6.300000e+01 7.600000e+00
    endloop
  endfacet
  facet normal -1.000000e+00 -0.000000e+00 0.000000e+00
    outer loop
      vertex   7.000000e+00 6.300000e+01 7.600000e+00
      vertex   7.000000e+00 1.700000e+01 4.000000e-01
      vertex   7.000000e+00 1.700000e+01 7.600000e+00
    endloop
  endfacet
  facet normal -7.071068e-01 7.071068e-01 0.000000e+00
    outer loop
      vertex   3.000000e+00 1.300000e+01 4.000000e-01
      vertex   3.000000e+00 1.300000e+01 7.600000e+00
      vertex   7.000000e+00 1.700000e+01 4.000000e-01
    endloop
  endfacet
  facet normal -7.071068e-01 7.071068e-01 0.000000e+00
    outer loop
      vertex   7.000000e+00 1.700000e+01 4.000000e-01
      vertex   3.000000e+00 1.300000e+01 7.600000e+00
      vertex   7.000000e+00 1.700000e+01 7.600000e+00
    endloop
  endfacet
  facet normal 0.000000e+00 1.000000e+00 -0.000000e+00
    outer loop
      vertex   3.000000e+00 1.300000e+01 4.000000e-01
      vertex   -3.000000e+00 1.300000e+01 4.000000e-01
      vertex   3.000000e+00 1.300000e+01 7.600000e+00
    endloop
  endfacet
  facet normal 0.000000e+00 1.000000e+00 0.000000e+00
    outer loop
      vertex   3.000000e+00 1.300000e+01 7.600000e+00
      vertex   -3.000000e+00 1.300000e+01 4.000000e-01
      vertex   -3.000000e+00 1.300000e+01 7.600000e+00
    endloop
  endfacet
  facet normal 0.000000e+00 0.000000e+00 -1.000000e+00
    outer loop
      vertex   -3.383628e+00 3.332583e-01 0.000000e+00
      vertex   -3.400000e+00 4.163799e-16 0.000000e+00
      vertex   -5.834315e+00 -9.600000e+00 0.000000e+00
    endloop
  endfacet
  facet normal 0.000000e+00 0.000000e+00 -1.000000e+00
    outer loop
      vertex   -5.834315e+00 -9.600000e+00 0.000000e+00
      vertex   -3.400000e+00 4.163799e-16 0.000000e+00
      vertex   -3.383628e+00 -3.332583e-01 0.000000e+00
    endloop
  endfacet
  facet normal 0.000000e+00 0.000000e+00 -1.000000e+00
    outer loop
      vertex   -5.834315e+00 -9.600000e+00 0.000000e+00
      vertex   -3.383628e+00 -3.332583e-01 0.000000e+00
      vertex   -3.334670e+00 -6.633071e-01 0.000000e+00
    endloop
  endfacet
  facet normal 0.000000e+00 -0.000000e+00 -1.000000e+00
    outer loop
      vertex   -3.334670e+00 -6.633071e-01 0.000000e+00
      vertex   -3.253597e+00 -9.869679e-01 0.000000e+00
      vertex   -5.834315e+00 -9.600000e+00 0.000000e+00
    endloop
  endfacet
  facet normal 0.000000e+00 0.000000e+00 -1.000000e+00
    outer loop
      vertex   -5.834315e+00 -9.600000e+00 0.000000e+00
      vertex   -3.253597e+00 -9.869679e-01 0.000000e+00
      vertex   -3.141190e+00 -1.301124e+00 0.000000e+00
    endloop
  endfacet
  facet normal 0.000000e+00 0.000000e+00 -1.000000e+00
    outer loop
      vertex   -5.834315e+00 -9.600000e+00 0.000000e+00
      vertex   -3.141190e+00 -1.301124e+00 0.000000e+00
      vertex   -2.998532e+00 -1.602749e+00 0.000000e+00
    endloop
  endfacet
  facet normal 0.000000e+00 -0.000000e+00 -1.000000e+00
    outer loop
      vertex   -2.998532e+00 -1.602749e+00 0.000000e+00
      vertex   -2.826997e+00 -1.888939e+00 0.000000e+00
      vertex   -5.834315e+00 -9.600000e+00 0.000000e+00
    endloop
  endfacet
  facet normal 0.000000e+00 0.000000e+00 -1.000000e+00
    outer loop
      vertex   -5.834315e+00 -9.600000e+00 0.000000e+00
      vertex   -2.826997e+00 -1.888939e+00 0.000000e+00
      vertex   -2.628236e+00 -2.156937e+00 0.000000e+00
    endloop
  endfacet
  facet normal 0.000000e+00 0.000000e+00 -1.000000e+00
    outer loop
      vertex   -5.834315e+00 -9.600000e+00 0.000000e+00
      vertex   -2.628236e+00 -2.156937e+00 0.000000e+00
      vertex   -2.404163e+00 -2.404163e+00 0.000000e+00
    endloop
  endfacet
  facet normal 0.000000e+00 -0.000000e+00 -1.000000e+00
    outer loop
      vertex   -2.404163e+00 -2.404163e+00 0.000000e+00
      vertex   -2.156937e+00 -2.628236e+00 0.000000e+00
      vertex   -5.834315e+00 -9.600000e+00 0.000000e+00
    endloop
  endfacet
  facet normal 0.000000e+00 0.000000e+00 -1.000000e+00
    outer loop
      vertex   -5.834315e+00 -9.600000e+00 0.000000e+00
      vertex   -2.156937e+00 -2.628236e+00 0.000000e+00
      vertex   -1.888939e+00 -2.826997e+00 0.000000e+00
    endloop
  endfacet
  facet normal 0.000000e+00 0.000000e+00 -1.000000e+00
    outer loop
      vertex   -5.834315e+00 -9.600000e+00 0.000000e+00
      vertex   -1.888939e+00 -2.826997e+00 0.000000e+00
      vertex   -1.602749e+00 -2.998532e+00 0.000000e+00
    endloop
  endfacet
  facet normal 0.000000e+00 -0.000000e+00 -1.000000e+00
    outer loop
      vertex   -1.602749e+00 -2.998532e+00 0.000000e+00
      vertex   -1.301124e+00 -3.141190e+00 0.000000e+00
      vertex   -5.834315e+00 -9.600000e+00 0.000000e+00
    endloop
  endfacet
  facet normal 0.000000e+00 0.000000e+00 -1.000000e+00
    outer loop
      vertex   -5.834315e+00 -9.600000e+00 0.000000e+00
      vertex   -1.301124e+00 -3.141190e+00 0.000000e+00
      vertex   -9.869679e-01 -3.253597e+00 0.000000e+00
    endloop
  endfacet
  facet normal 0.000000e+00 0.000000e+00 -1.000000e+00
    outer loop
      vertex   -5.834315e+00 -9.600000e+00 0.000000e+00
      vertex   -9.869679e-01 -3.253597e+00 0.000000e+00
      vertex   -6.633071e-01 -3.334670e+00 0.000000e+00
    endloop
  endfacet
  facet normal 0.000000e+00 -0.000000e+00 -1.000000e+00
    outer loop
      vertex   -6.633071e-01 -3.334670e+00 0.000000e+00
      vertex   -3.332583e-01 -3.383628e+00 0.000000e+00
      vertex   -5.834315e+00 -9.600000e+00 0.000000e+00
    endloop
  endfacet
  facet normal 0.000000e+00 0.000000e+00 -1.000000e+00
    outer loop
      vertex   -5.834315e+00 -9.600000e+00 0.000000e+00
      vertex   -3.332583e-01 -3.383628e+00 0.000000e+00
      vertex   2.081900e-16 -3.400000e+00 0.000000e+00
    endloop
  endfacet
  facet normal 0.000000e+00 0.000000e+00 -1.000000e+00
    outer loop
      vertex   -5.834315e+00 -9.600000e+00 0.000000e+00
      vertex   2.081900e-16 -3.400000e+00 0.000000e+00
      vertex   5.834315e+00 -9.600000e+00 0.000000e+00
    endloop
  endfacet
  facet normal 0.000000e+00 0.000000e+00 -1.000000e+00
    outer loop
      vertex   5.834315e+00 -9.600000e+00 0.000000e+00
      vertex   2.081900e-16 -3.400000e+00 0.000000e+00
      vertex   3.332583e-01 -3.383628e+00 0.000000e+00
    endloop
  endfacet
  facet normal 0.000000e+00 0.000000e+00 -1.000000e+00
    outer loop
      vertex   5.834315e+00 -9.600000e+00 0.000000e+00
      vertex   3.332583e-01 -3.383628e+00 0.000000e+00
      vertex   6.633071e-01 -3.334670e+00 0.000000e+00
    endloop
  endfacet
  facet normal 0.000000e+00 0.000000e+00 -1.000000e+00
    outer loop
      vertex   6.633071e-01 -3.334670e+00 0.000000e+00
      vertex   9.869679e-01 -3.253597e+00 0.000000e+00
      vertex   5.834315e+00 -9.600000e+00 0.000000e+00
    endloop
  endfacet
  facet normal 0.000000e+00 0.000000e+00 -1.000000e+00
    outer loop
      vertex   5.834315e+00 -9.600000e+00 0.000000e+00
      vertex   9.869679e-01 -3.253597e+00 0.000000e+00
      vertex   1.301124e+00 -3.141190e+00 0.000000e+00
    endloop
  endfacet
  facet normal 0.000000e+00 0.000000e+00 -1.000000e+00
    outer loop
      vertex   5.834315e+00 -9.600000e+00 0.000000e+00
      vertex   1.301124e+00 -3.141190e+00 0.000000e+00
      vertex   1.602749e+00 -2.998532e+00 0.000000e+00
    endloop
  endfacet
  facet normal 0.000000e+00 0.000000e+00 -1.000000e+00
    outer loop
      vertex   1.602749e+00 -2.998532e+00 0.000000e+00
      vertex   1.888939e+00 -2.826997e+00 0.000000e+00
      vertex   5.834315e+00 -9.600000e+00 0.000000e+00
    endloop
  endfacet
  facet normal 0.000000e+00 0.000000e+00 -1.000000e+00
    outer loop
      vertex   5.834315e+00 -9.600000e+00 0.000000e+00
      vertex   1.888939e+00 -2.826997e+00 0.000000e+00
      vertex   2.156937e+00 -2.628236e+00 0.000000e+00
    endloop
  endfacet
  facet normal 0.000000e+00 0.000000e+00 -1.000000e+00
    outer loop
      vertex   5.834315e+00 -9.600000e+00 0.000000e+00
      vertex   2.156937e+00 -2.628236e+00 0.000000e+00
      vertex   2.404163e+00 -2.404163e+00 0.000000e+00
    endloop
  endfacet
  facet normal 0.000000e+00 0.000000e+00 -1.000000e+00
    outer loop
      vertex   2.404163e+00 -2.404163e+00 0.000000e+00
      vertex   2.628236e+00 -2.156937e+00 0.000000e+00
      vertex   5.834315e+00 -9.600000e+00 0.000000e+00
    endloop
  endfacet
  facet normal 0.000000e+00 0.000000e+00 -1.000000e+00
    outer loop
      vertex   5.834315e+00 -9.600000e+00 0.000000e+00
      vertex   2.628236e+00 -2.156937e+00 0.000000e+00
      vertex   2.826997e+00 -1.888939e+00 0.000000e+00
    endloop
  endfacet
  facet normal 0.000000e+00 0.000000e+00 -1.000000e+00
    outer loop
      vertex   5.834315e+00 -9.600000e+00 0.000000e+00
      vertex   2.826997e+00 -1.888939e+00 0.000000e+00
      vertex   2.998532e+00 -1.602749e+00 0.000000e+00
    endloop
  endfacet
  facet normal 0.000000e+00 0.000000e+00 -1.000000e+00
    outer loop
      vertex   2.998532e+00 -1.602749e+00 0.000000e+00
      vertex   3.141190e+00 -1.301124e+00 0.000000e+00
      vertex   5.834315e+00 -9.600000e+00 0.000000e+00
    endloop
  endfacet
  facet normal 0.000000e+00 0.000000e+00 -1.000000e+00
    outer loop
      vertex   5.834315e+00 -9.600000e+00 0.000000e+00
      vertex   3.141190e+00 -1.301124e+00 0.000000e+00
      vertex   3.253597e+00 -9.869679e-01 0.000000e+00
    endloop
  endfacet
  facet normal 0.000000e+00 0.000000e+00 -1.000000e+00
    outer loop
      vertex   5.834315e+00 -9.600000e+00 0.000000e+00
      vertex   3.253597e+00 -9.869679e-01 0.000000e+00
      vertex   3.334670e+00 -6.633071e-01 0.000000e+00
    endloop
  endfacet
  facet normal 0.000000e+00 0.000000e+00 -1.000000e+00
    outer loop
      vertex   3.334670e+00 -6.633071e-01 0.000000e+00
      vertex   3.383628e+00 -3.332583e-01 0.000000e+00
      vertex   5.834315e+00 -9.600000e+00 0.000000e+00
    endloop
  endfacet
  facet normal 0.000000e+00 0.000000e+00 -1.000000e+00
    outer loop
      vertex   5.834315e+00 -9.600000e+00 0.000000e+00
      vertex   3.383628e+00 -3.332583e-01 0.000000e+00
      vertex   3.400000e+00 0.000000e+00 0.000000e+00
    endloop
  endfacet
  facet normal 0.000000e+00 0.000000e+00 -1.000000e+00
    outer loop
      vertex   5.834315e+00 -9.600000e+00 0.000000e+00
      vertex   3.400000e+00 0.000000e+00 0.000000e+00
      vertex   3.383628e+00 3.332583e-01 0.000000e+00
    endloop
  endfacet
  facet normal 0.000000e+00 0.000000e+00 -1.000000e+00
    outer loop
      vertex   5.834315e+00 -9.600000e+00 0.000000e+00
      vertex   3.383628e+00 3.332583e-01 0.000000e+00
      vertex   7.400000e+00 1.683431e+01 0.000000e+00
    endloop
  endfacet
  facet normal 0.000000e+00 0.000000e+00 -1.000000e+00
    outer loop
      vertex   7.400000e+00 1.683431e+01 0.000000e+00
      vertex   3.383628e+00 3.332583e-01 0.000000e+00
      vertex   3.334670e+00 6.633071e-01 0.000000e+00
    endloop
  endfacet
  facet normal 0.000000e+00 0.000000e+00 -1.000000e+00
    outer loop
      vertex   7.400000e+00 1.683431e+01 0.000000e+00
      vertex   3.334670e+00 6.633071e-01 0.000000e+00
      vertex   3.165685e+00 1.260000e+01 0.000000e+00
    endloop
  endfacet
  facet normal 0.000000e+00 0.000000e+00 -1.000000e+00
    outer loop
      vertex   3.165685e+00 1.260000e+01 0.000000e+00
      vertex   3.334670e+00 6.633071e-01 0.000000e+00
      vertex   3.253597e+00 9.869679e-01 0.000000e+00
    endloop
  endfacet
  facet normal 0.000000e+00 -0.000000e+00 -1.000000e+00
    outer loop
      vertex   3.165685e+00 1.260000e+01 0.000000e+00
      vertex   3.253597e+00 9.869679e-01 0.000000e+00
      vertex   3.141190e+00 1.301124e+00 0.000000e+00
    endloop
  endfacet
  facet normal 0.000000e+00 0.000000e+00 -1.000000e+00
    outer loop
      vertex   3.141190e+00 1.301124e+00 0.000000e+00
      vertex   2.998532e+00 1.602749e+00 0.000000e+00
      vertex   3.165685e+00 1.260000e+01 0.000000e+00
    endloop
  endfacet
  facet normal 0.000000e+00 0.000000e+00 -1.000000e+00
    outer loop
      vertex   3.165685e+00 1.260000e+01 0.000000e+00
      vertex   2.998532e+00 1.602749e+00 0.000000e+00
      vertex   2.826997e+00 1.888939e+00 0.000000e+00
    endloop
  endfacet
  facet normal 0.000000e+00 0.000000e+00 -1.000000e+00
    outer loop
      vertex   3.165685e+00 1.260000e+01 0.000000e+00
      vertex   2.826997e+00 1.888939e+00 0.000000e+00
      vertex   2.628236e+00 2.156937e+00 0.000000e+00
    endloop
  endfacet
  facet normal 0.000000e+00 0.000000e+00 -1.000000e+00
    outer loop
      vertex   2.628236e+00 2.156937e+00 0.000000e+00
      vertex   2.404163e+00 2.404163e+00 0.000000e+00
      vertex   3.165685e+00 1.260000e+01 0.000000e+00
    endloop
  endfacet
  facet normal 0.000000e+00 0.000000e+00 -1.000000e+00
    outer loop
      vertex   3.165685e+00 1.260000e+01 0.000000e+00
      vertex   2.404163e+00 2.404163e+00 0.000000e+00
      vertex   2.156937e+00 2.628236e+00 0.000000e+00
    endloop
  endfacet
  facet normal 0.000000e+00 0.000000e+00 -1.000000e+00
    outer loop
      vertex   3.165685e+00 1.260000e+01 0.000000e+00
      vertex   2.156937e+00 2.628236e+00 0.000000e+00
      vertex   1.888939e+00 2.826997e+00 0.000000e+00
    endloop
  endfacet
  facet normal 0.000000e+00 0.000000e+00 -1.000000e+00
    outer loop
      vertex   1.888939e+00 2.826997e+00 0.000000e+00
      vertex   1.602749e+00 2.998532e+00 0.000000e+00
      vertex   3.165685e+00 1.260000e+01 0.000000e+00
    endloop
  endfacet
  facet normal 0.000000e+00 0.000000e+00 -1.000000e+00
    outer loop
      vertex   3.165685e+00 1.260000e+01 0.000000e+00
      vertex   1.602749e+00 2.998532e+00 0.000000e+00
      vertex   1.301124e+00 3.141190e+00 0.000000e+00
    endloop
  endfacet
  facet normal 0.000000e+00 0.000000e+00 -1.000000e+00
    outer loop
      vertex   3.165685e+00 1.260000e+01 0.000000e+00
      vertex   1.301124e+00 3.141190e+00 0.000000e+00
      vertex   9.869679e-01 3.253597e+00 0.000000e+00
    endloop
  endfacet
  facet normal 0.000000e+00 0.000000e+00 -1.000000e+00
    outer loop
      vertex   9.869679e-01 3.253597e+00 0.000000e+00
      vertex   6.633071e-01 3.334670e+00 0.000000e+00
      vertex   3.165685e+00 1.260000e+01 0.000000e+00
    endloop
  endfacet
  facet normal 0.000000e+00 0.000000e+00 -1.000000e+00
    outer loop
      vertex   3.165685e+00 1.260000e+01 0.000000e+00
      vertex   6.633071e-01 3.334670e+00 0.000000e+00
      vertex   3.332583e-01 3.383628e+00 0.000000e+00
    endloop
  endfacet
  facet normal 0.000000e+00 0.000000e+00 -1.000000e+00
    outer loop
      vertex   3.165685e+00 1.260000e+01 0.000000e+00
      vertex   3.332583e-01 3.383628e+00 0.000000e+00
      vertex   2.081900e-16 3.400000e+00 0.000000e+00
    endloop
  endfacet
  facet normal -0.000000e+00 0.000000e+00 -1.000000e+00
    outer loop
      vertex   3.165685e+00 1.260000e+01 0.000000e+00
      vertex   2.081900e-16 3.400000e+00 0.000000e+00
      vertex   -3.165685e+00 1.260000e+01 0.000000e+00
    endloop
  endfacet
  facet normal 0.000000e+00 0.000000e+00 -1.000000e+00
    outer loop
      vertex   -3.165685e+00 1.260000e+01 0.000000e+00
      vertex   2.081900e-16 3.400000e+00 0.000000e+00
      vertex   -3.332583e-01 3.383628e+00 0.000000e+00
    endloop
  endfacet
  facet normal 0.000000e+00 0.000000e+00 -1.000000e+00
    outer loop
      vertex   -3.165685e+00 1.260000e+01 0.000000e+00
      vertex   -3.332583e-01 3.383628e+00 0.000000e+00
      vertex   -6.633071e-01 3.334670e+00 0.000000e+00
    endloop
  endfacet
  facet normal -0.000000e+00 0.000000e+00 -1.000000e+00
    outer loop
      vertex   -6.633071e-01 3.334670e+00 0.000000e+00
      vertex   -9.869679e-01 3.253597e+00 0.000000e+00
      vertex   -3.165685e+00 1.260000e+01 0.000000e+00
    endloop
  endfacet
  facet normal 0.000000e+00 0.000000e+00 -1.000000e+00
    outer loop
      vertex   -3.165685e+00 1.260000e+01 0.000000e+00
      vertex   -9.869679e-01 3.253597e+00 0.000000e+00
      vertex   -1.301124e+00 3.141190e+00 0.000000e+00
    endloop
  endfacet
  facet normal 0.000000e+00 0.000000e+00 -1.000000e+00
    outer loop
      vertex   -3.165685e+00 1.260000e+01 0.000000e+00
      vertex   -1.301124e+00 3.141190e+00 0.000000e+00
      vertex   -1.602749e+00 2.998532e+00 0.000000e+00
    endloop
  endfacet
  facet normal -0.000000e+00 0.000000e+00 -1.000000e+00
    outer loop
      vertex   -1.602749e+00 2.998532e+00 0.000000e+00
      vertex   -1.888939e+00 2.826997e+00 0.000000e+00
      vertex   -3.165685e+00 1.260000e+01 0.000000e+00
    endloop
  endfacet
  facet normal 0.000000e+00 0.000000e+00 -1.000000e+00
    outer loop
      vertex   -3.165685e+00 1.260000e+01 0.000000e+00
      vertex   -1.888939e+00 2.826997e+00 0.000000e+00
      vertex   -2.156937e+00 2.628236e+00 0.000000e+00
    endloop
  endfacet
  facet normal 0.000000e+00 0.000000e+00 -1.000000e+00
    outer loop
      vertex   -3.165685e+00 1.260000e+01 0.000000e+00
      vertex   -2.156937e+00 2.628236e+00 0.000000e+00
      vertex   -2.404163e+00 2.404163e+00 0.000000e+00
    endloop
  endfacet
  facet normal -0.000000e+00 0.000000e+00 -1.000000e+00
    outer loop
      vertex   -2.404163e+00 2.404163e+00 0.000000e+00
      vertex   -2.628236e+00 2.156937e+00 0.000000e+00
      vertex   -3.165685e+00 1.260000e+01 0.000000e+00
    endloop
  endfacet
  facet normal 0.000000e+00 0.000000e+00 -1.000000e+00
    outer loop
      vertex   -3.165685e+00 1.260000e+01 0.000000e+00
      vertex   -2.628236e+00 2.156937e+00 0.000000e+00
      vertex   -2.826997e+00 1.888939e+00 0.000000e+00
    endloop
  endfacet
  facet normal 0.000000e+00 0.000000e+00 -1.000000e+00
    outer loop
      vertex   -3.165685e+00 1.260000e+01 0.000000e+00
      vertex   -2.826997e+00 1.888939e+00 0.000000e+00
      vertex   -2.998532e+00 1.602749e+00 0.000000e+00
    endloop
  endfacet
  facet normal -0.000000e+00 0.000000e+00 -1.000000e+00
    outer loop
      vertex   -2.998532e+00 1.602749e+00 0.000000e+00
      vertex   -3.141190e+00 1.301124e+00 0.000000e+00
      vertex   -3.165685e+00 1.260000e+01 0.000000e+00
    endloop
  endfacet
  facet normal 0.000000e+00 -0.000000e+00 -1.000000e+00
    outer loop
      vertex   -3.165685e+00 1.260000e+01 0.000000e+00
      vertex   -3.141190e+00 1.301124e+00 0.000000e+00
      vertex   -3.253597e+00 9.869679e-01 0.000000e+00
    endloop
  endfacet
  facet normal 0.000000e+00 0.000000e+00 -1.000000e+00
    outer loop
      vertex   -3.165685e+00 1.260000e+01 0.000000e+00
      vertex   -3.253597e+00 9.869679e-01 0.000000e+00
      vertex   -3.334670e+00 6.633071e-01 0.000000e+00
    endloop
  endfacet
  facet normal -0.000000e+00 0.000000e+00 -1.000000e+00
    outer loop
      vertex   -3.165685e+00 1.260000e+01 0.000000e+00
      vertex   -3.334670e+00 6.633071e-01 0.000000e+00
      vertex   -7.400000e+00 1.683431e+01 0.000000e+00
    endloop
  endfacet
  facet normal 0.000000e+00 0.000000e+00 -1.000000e+00
    outer loop
      vertex   -7.400000e+00 1.683431e+01 0.000000e+00
      vertex   -3.334670e+00 6.633071e-01 0.000000e+00
      vertex   -3.383628e+00 3.332583e-01 0.000000e+00
    endloop
  endfacet
  facet normal 0.000000e+00 0.000000e+00 -1.000000e+00
    outer loop
      vertex   -7.400000e+00 1.683431e+01 0.000000e+00
      vertex   -3.383628e+00 3.332583e-01 0.000000e+00
      vertex   -5.834315e+00 -9.600000e+00 0.000000e+00
    endloop
  endfacet
  facet normal -0.000000e+00 0.000000e+00 -1.000000e+00
    outer loop
      vertex   5.834315e+00 6.960000e+01 0.000000e+00
      vertex   -3.165685e+00 6.740000e+01 0.000000e+00
      vertex   -5.834315e+00 6.960000e+01 0.000000e+00
    endloop
  endfacet
  facet normal 0.000000e+00 -0.000000e+00 -1.000000e+00
    outer loop
      vertex   -5.834315e+00 6.960000e+01 0.000000e+00
      vertex   -3.165685e+00 6.740000e+01 0.000000e+00
      vertex   -7.400000e+00 6.316569e+01 0.000000e+00
    endloop
  endfacet
  facet normal 0.000000e+00 0.000000e+00 -1.000000e+00
    outer loop
      vertex   -5.834315e+00 6.960000e+01 0.000000e+00
      vertex   -7.400000e+00 6.316569e+01 0.000000e+00
      vertex   -9.600000e+00 6.583431e+01 0.000000e+00
    endloop
  endfacet
  facet normal 0.000000e+00 0.000000e+00 -1.000000e+00
    outer loop
      vertex   -9.600000e+00 6.583431e+01 0.000000e+00
      vertex   -7.400000e+00 6.316569e+01 0.000000e+00
      vertex   -7.400000e+00 1.683431e+01 0.000000e+00
    endloop
  endfacet
  facet normal 0.000000e+00 0.000000e+00 -1.000000e+00
    outer loop
      vertex   -9.600000e+00 6.583431e+01 0.000000e+00
      vertex   -7.400000e+00 1.683431e+01 0.000000e+00
      vertex   -9.600000e+00 -5.834315e+00 0.000000e+00
    endloop
  endfacet
  facet normal 0.000000e+00 0.000000e+00 -1.000000e+00
    outer loop
      vertex   -9.600000e+00 -5.834315e+00 0.000000e+00
      vertex   -7.400000e+00 1.683431e+01 0.000000e+00
      vertex   -5.834315e+00 -9.600000e+00 0.000000e+00
    endloop
  endfacet
  facet normal -0.000000e+00 0.000000e+00 -1.000000e+00
    outer loop
      vertex   9.600000e+00 6.583431e+01 0.000000e+00
      vertex   7.400000e+00 6.316569e+01 0.000000e+00
      vertex   5.834315e+00 6.960000e+01 0.000000e+00
    endloop
  endfacet
  facet normal 0.000000e+00 -0.000000e+00 -1.000000e+00
    outer loop
      vertex   5.834315e+00 6.960000e+01 0.000000e+00
      vertex   7.400000e+00 6.316569e+01 0.000000e+00
      vertex   3.165685e+00 6.740000e+01 0.000000e+00
    endloop
  endfacet
  facet normal 0.000000e+00 0.000000e+00 -1.000000e+00
    outer loop
      vertex   5.834315e+00 6.960000e+01 0.000000e+00
      vertex   3.165685e+00 6.740000e+01 0.000000e+00
      vertex   -3.165685e+00 6.740000e+01 0.000000e+00
    endloop
  endfacet
  facet normal 0.000000e+00 -0.000000e+00 -1.000000e+00
    outer loop
      vertex   7.400000e+00 6.316569e+01 0.000000e+00
      vertex   9.600000e+00 6.583431e+01 0.000000e+00
      vertex   7.400000e+00 1.683431e+01 0.000000e+00
    endloop
  endfacet
  facet normal 0.000000e+00 0.000000e+00 -1.000000e+00
    outer loop
      vertex   7.400000e+00 1.683431e+01 0.000000e+00
      vertex   9.600000e+00 6.583431e+01 0.000000e+00
      vertex   9.600000e+00 -5.834315e+00 0.000000e+00
    endloop
  endfacet
  facet normal 0.000000e+00 -0.000000e+00 -1.000000e+00
    outer loop
      vertex   7.400000e+00 1.683431e+01 0.000000e+00
      vertex   9.600000e+00 -5.834315e+00 0.000000e+00
      vertex   5.834315e+00 -9.600000e+00 0.000000e+00
    endloop
  endfacet
  facet normal 7.056580e-01 3.698197e-02 -7.075869e-01
    outer loop
      vertex   -2.983566e+00 -3.135854e-01 4.000000e-01
      vertex   -3.383628e+00 -3.332583e-01 0.000000e+00
      vertex   -3.000000e+00 -3.673940e-16 4.000000e-01
    endloop
  endfacet
  facet normal 7.066805e-01 3.471699e-02 -7.066805e-01
    outer loop
      vertex   -3.000000e+00 -3.673940e-16 4.000000e-01
      vertex   -3.383628e+00 -3.332583e-01 0.000000e+00
      vertex   -3.400000e+00 4.163799e-16 0.000000e+00
    endloop
  endfacet
  facet normal 7.066805e-01 -3.471699e-02 -7.066805e-01
    outer loop
      vertex   -3.000000e+00 -3.673940e-16 4.000000e-01
      vertex   -3.400000e+00 4.163799e-16 0.000000e+00
      vertex   -3.383628e+00 3.332583e-01 0.000000e+00
    endloop
  endfacet
  facet normal 7.006620e-01 1.039334e-01 -7.058829e-01
    outer loop
      vertex   -3.383628e+00 -3.332583e-01 0.000000e+00
      vertex   -2.983566e+00 -3.135854e-01 4.000000e-01
      vertex   -3.334670e+00 -6.633071e-01 0.000000e+00
    endloop
  endfacet
  facet normal 6.971015e-01 1.104100e-01 -7.084202e-01
    outer loop
      vertex   -3.334670e+00 -6.633071e-01 0.000000e+00
      vertex   -2.983566e+00 -3.135854e-01 4.000000e-01
      vertex   -2.934443e+00 -6.237351e-01 4.000000e-01
    endloop
  endfacet
  facet normal 6.877632e-01 1.722757e-01 -7.051970e-01
    outer loop
      vertex   -3.334670e+00 -6.633071e-01 0.000000e+00
      vertex   -2.934443e+00 -6.237351e-01 4.000000e-01
      vertex   -3.253597e+00 -9.869679e-01 0.000000e+00
    endloop
  endfacet
  facet normal 6.810595e-01 1.824894e-01 -7.091231e-01
    outer loop
      vertex   -3.253597e+00 -9.869679e-01 0.000000e+00
      vertex   -2.934443e+00 -6.237351e-01 4.000000e-01
      vertex   -2.853170e+00 -9.270510e-01 4.000000e-01
    endloop
  endfacet
  facet normal 6.681018e-01 2.390506e-01 -7.046239e-01
    outer loop
      vertex   -3.253597e+00 -9.869679e-01 0.000000e+00
      vertex   -2.853170e+00 -9.270510e-01 4.000000e-01
      vertex   -3.141190e+00 -1.301124e+00 0.000000e+00
    endloop
  endfacet
  facet normal 6.577143e-01 2.524729e-01 -7.096966e-01
    outer loop
      vertex   -3.141190e+00 -1.301124e+00 0.000000e+00
      vertex   -2.853170e+00 -9.270510e-01 4.000000e-01
      vertex   -2.740636e+00 -1.220210e+00 4.000000e-01
    endloop
  endfacet
  facet normal 6.418658e-01 3.035799e-01 -7.041644e-01
    outer loop
      vertex   -3.141190e+00 -1.301124e+00 0.000000e+00
      vertex   -2.740636e+00 -1.220210e+00 4.000000e-01
      vertex   -2.998532e+00 -1.602749e+00 0.000000e+00
    endloop
  endfacet
  facet normal 6.273209e-01 3.196360e-01 -7.101418e-01
    outer loop
      vertex   -2.998532e+00 -1.602749e+00 0.000000e+00
      vertex   -2.740636e+00 -1.220210e+00 4.000000e-01
      vertex   -2.598076e+00 -1.500000e+00 4.000000e-01
    endloop
  endfacet
  facet normal 6.093126e-01 3.652079e-01 -7.038191e-01
    outer loop
      vertex   -2.998532e+00 -1.602749e+00 0.000000e+00
      vertex   -2.598076e+00 -1.500000e+00 4.000000e-01
      vertex   -2.826997e+00 -1.888939e+00 0.000000e+00
    endloop
  endfacet
  facet normal 5.902046e-01 3.832834e-01 -7.104592e-01
    outer loop
      vertex   -2.826997e+00 -1.888939e+00 0.000000e+00
      vertex   -2.598076e+00 -1.500000e+00 4.000000e-01
      vertex   -2.427051e+00 -1.763356e+00 4.000000e-01
    endloop
  endfacet
  facet normal 5.707653e-01 4.233084e-01 -7.035887e-01
    outer loop
      vertex   -2.826997e+00 -1.888939e+00 0.000000e+00
      vertex   -2.427051e+00 -1.763356e+00 4.000000e-01
      vertex   -2.628236e+00 -2.156937e+00 0.000000e+00
    endloop
  endfacet
  facet normal 5.467581e-01 4.427560e-01 -7.106495e-01
    outer loop
      vertex   -2.628236e+00 -2.156937e+00 0.000000e+00
      vertex   -2.427051e+00 -1.763356e+00 4.000000e-01
      vertex   -2.229434e+00 -2.007392e+00 4.000000e-01
    endloop
  endfacet
  facet normal 5.266100e-01 4.772915e-01 -7.034734e-01
    outer loop
      vertex   -2.628236e+00 -2.156937e+00 0.000000e+00
      vertex   -2.229434e+00 -2.007392e+00 4.000000e-01
      vertex   -2.404163e+00 -2.404163e+00 0.000000e+00
    endloop
  endfacet
  facet normal 4.974370e-01 4.974370e-01 -7.107129e-01
    outer loop
      vertex   -2.404163e+00 -2.404163e+00 0.000000e+00
      vertex   -2.229434e+00 -2.007392e+00 4.000000e-01
      vertex   -2.007392e+00 -2.229434e+00 4.000000e-01
    endloop
  endfacet
  facet normal 4.772915e-01 5.266100e-01 -7.034734e-01
    outer loop
      vertex   -2.404163e+00 -2.404163e+00 0.000000e+00
      vertex   -2.007392e+00 -2.229434e+00 4.000000e-01
      vertex   -2.156937e+00 -2.628236e+00 0.000000e+00
    endloop
  endfacet
  facet normal 4.427560e-01 5.467581e-01 -7.106495e-01
    outer loop
      vertex   -2.156937e+00 -2.628236e+00 0.000000e+00
      vertex   -2.007392e+00 -2.229434e+00 4.000000e-01
      vertex   -1.763356e+00 -2.427051e+00 4.000000e-01
    endloop
  endfacet
  facet normal 4.233084e-01 5.707653e-01 -7.035887e-01
    outer loop
      vertex   -2.156937e+00 -2.628236e+00 0.000000e+00
      vertex   -1.763356e+00 -2.427051e+00 4.000000e-01
      vertex   -1.888939e+00 -2.826997e+00 0.000000e+00
    endloop
  endfacet
  facet normal 3.832834e-01 5.902046e-01 -7.104592e-01
    outer loop
      vertex   -1.888939e+00 -2.826997e+00 0.000000e+00
      vertex   -1.763356e+00 -2.427051e+00 4.000000e-01
      vertex   -1.500000e+00 -2.598076e+00 4.000000e-01
    endloop
  endfacet
  facet normal 3.652079e-01 6.093126e-01 -7.038191e-01
    outer loop
      vertex   -1.888939e+00 -2.826997e+00 0.000000e+00
      vertex   -1.500000e+00 -2.598076e+00 4.000000e-01
      vertex   -1.602749e+00 -2.998532e+00 0.000000e+00
    endloop
  endfacet
  facet normal 3.196360e-01 6.273209e-01 -7.101418e-01
    outer loop
      vertex   -1.602749e+00 -2.998532e+00 0.000000e+00
      vertex   -1.500000e+00 -2.598076e+00 4.000000e-01
      vertex   -1.220210e+00 -2.740636e+00 4.000000e-01
    endloop
  endfacet
  facet normal 3.035799e-01 6.418658e-01 -7.041644e-01
    outer loop
      vertex   -1.602749e+00 -2.998532e+00 0.000000e+00
      vertex   -1.220210e+00 -2.740636e+00 4.000000e-01
      vertex   -1.301124e+00 -3.141190e+00 0.000000e+00
    endloop
  endfacet
  facet normal 2.524729e-01 6.577143e-01 -7.096966e-01
    outer loop
      vertex   -1.301124e+00 -3.141190e+00 0.000000e+00
      vertex   -1.220210e+00 -2.740636e+00 4.000000e-01
      vertex   -9.270510e-01 -2.853170e+00 4.000000e-01
    endloop
  endfacet
  facet normal 2.390506e-01 6.681018e-01 -7.046239e-01
    outer loop
      vertex   -1.301124e+00 -3.141190e+00 0.000000e+00
      vertex   -9.270510e-01 -2.853170e+00 4.000000e-01
      vertex   -9.869679e-01 -3.253597e+00 0.000000e+00
    endloop
  endfacet
  facet normal 1.824894e-01 6.810595e-01 -7.091231e-01
    outer loop
      vertex   -9.869679e-01 -3.253597e+00 0.000000e+00
      vertex   -9.270510e-01 -2.853170e+00 4.000000e-01
      vertex   -6.237351e-01 -2.934443e+00 4.000000e-01
    endloop
  endfacet
  facet normal 1.722757e-01 6.877632e-01 -7.051970e-01
    outer loop
      vertex   -9.869679e-01 -3.253597e+00 0.000000e+00
      vertex   -6.237351e-01 -2.934443e+00 4.000000e-01
      vertex   -6.633071e-01 -3.334670e+00 0.000000e+00
    endloop
  endfacet
  facet normal 1.104100e-01 6.971015e-01 -7.084202e-01
    outer loop
      vertex   -6.633071e-01 -3.334670e+00 0.000000e+00
      vertex   -6.237351e-01 -2.934443e+00 4.000000e-01
      vertex   -3.135854e-01 -2.983566e+00 4.000000e-01
    endloop
  endfacet
  facet normal 1.039334e-01 7.006620e-01 -7.058829e-01
    outer loop
      vertex   -6.633071e-01 -3.334670e+00 0.000000e+00
      vertex   -3.135854e-01 -2.983566e+00 4.000000e-01
      vertex   -3.332583e-01 -3.383628e+00 0.000000e+00
    endloop
  endfacet
  facet normal 3.698197e-02 7.056580e-01 -7.075869e-01
    outer loop
      vertex   -3.332583e-01 -3.383628e+00 0.000000e+00
      vertex   -3.135854e-01 -2.983566e+00 4.000000e-01
      vertex   1.836970e-16 -3.000000e+00 4.000000e-01
    endloop
  endfacet
  facet normal 3.471699e-02 7.066805e-01 -7.066805e-01
    outer loop
      vertex   -3.332583e-01 -3.383628e+00 0.000000e+00
      vertex   1.836970e-16 -3.000000e+00 4.000000e-01
      vertex   2.081900e-16 -3.400000e+00 0.000000e+00
    endloop
  endfacet
  facet normal -3.471699e-02 7.066805e-01 -7.066805e-01
    outer loop
      vertex   2.081900e-16 -3.400000e+00 0.000000e+00
      vertex   1.836970e-16 -3.000000e+00 4.000000e-01
      vertex   3.332583e-01 -3.383628e+00 0.000000e+00
    endloop
  endfacet
  facet normal -3.698197e-02 7.056580e-01 -7.075869e-01
    outer loop
      vertex   3.332583e-01 -3.383628e+00 0.000000e+00
      vertex   1.836970e-16 -3.000000e+00 4.000000e-01
      vertex   3.135854e-01 -2.983566e+00 4.000000e-01
    endloop
  endfacet
  facet normal -1.039334e-01 7.006620e-01 -7.058829e-01
    outer loop
      vertex   3.332583e-01 -3.383628e+00 0.000000e+00
      vertex   3.135854e-01 -2.983566e+00 4.000000e-01
      vertex   6.633071e-01 -3.334670e+00 0.000000e+00
    endloop
  endfacet
  facet normal -1.104100e-01 6.971015e-01 -7.084202e-01
    outer loop
      vertex   6.633071e-01 -3.334670e+00 0.000000e+00
      vertex   3.135854e-01 -2.983566e+00 4.000000e-01
      vertex   6.237351e-01 -2.934443e+00 4.000000e-01
    endloop
  endfacet
  facet normal -1.722757e-01 6.877632e-01 -7.051970e-01
    outer loop
      vertex   6.633071e-01 -3.334670e+00 0.000000e+00
      vertex   6.237351e-01 -2.934443e+00 4.000000e-01
      vertex   9.869679e-01 -3.253597e+00 0.000000e+00
    endloop
  endfacet
  facet normal -1.824894e-01 6.810595e-01 -7.091231e-01
    outer loop
      vertex   9.869679e-01 -3.253597e+00 0.000000e+00
      vertex   6.237351e-01 -2.934443e+00 4.000000e-01
      vertex   9.270510e-01 -2.853170e+00 4.000000e-01
    endloop
  endfacet
  facet normal -2.390506e-01 6.681018e-01 -7.046239e-01
    outer loop
      vertex   9.869679e-01 -3.253597e+00 0.000000e+00
      vertex   9.270510e-01 -2.853170e+00 4.000000e-01
      vertex   1.301124e+00 -3.141190e+00 0.000000e+00
    endloop
  endfacet
  facet normal -2.524729e-01 6.577143e-01 -7.096966e-01
    outer loop
      vertex   1.301124e+00 -3.141190e+00 0.000000e+00
      vertex   9.270510e-01 -2.853170e+00 4.000000e-01
      vertex   1.220210e+00 -2.740636e+00 4.000000e-01
    endloop
  endfacet
  facet normal -3.035799e-01 6.418658e-01 -7.041644e-01
    outer loop
      vertex   1.301124e+00 -3.141190e+00 0.000000e+00
      vertex   1.220210e+00 -2.740636e+00 4.000000e-01
      vertex   1.602749e+00 -2.998532e+00 0.000000e+00
    endloop
  endfacet
  facet normal -3.196360e-01 6.273209e-01 -7.101418e-01
    outer loop
      vertex   1.602749e+00 -2.998532e+00 0.000000e+00
      vertex   1.220210e+00 -2.740636e+00 4.000000e-01
      vertex   1.500000e+00 -2.598076e+00 4.000000e-01
    endloop
  endfacet
  facet normal -3.652079e-01 6.093126e-01 -7.038191e-01
    outer loop
      vertex   1.602749e+00 -2.998532e+00 0.000000e+00
      vertex   1.500000e+00 -2.598076e+00 4.000000e-01
      vertex   1.888939e+00 -2.826997e+00 0.000000e+00
    endloop
  endfacet
  facet normal -3.832834e-01 5.902046e-01 -7.104592e-01
    outer loop
      vertex   1.888939e+00 -2.826997e+00 0.000000e+00
      vertex   1.500000e+00 -2.598076e+00 4.000000e-01
      vertex   1.763356e+00 -2.427051e+00 4.000000e-01
    endloop
  endfacet
  facet normal -4.233084e-01 5.707653e-01 -7.035887e-01
    outer loop
      vertex   1.888939e+00 -2.826997e+00 0.000000e+00
      vertex   1.763356e+00 -2.427051e+00 4.000000e-01
      vertex   2.156937e+00 -2.628236e+00 0.000000e+00
    endloop
  endfacet
  facet normal -4.427560e-01 5.467581e-01 -7.106495e-01
    outer loop
      vertex   2.156937e+00 -2.628236e+00 0.000000e+00
      vertex   1.763356e+00 -2.427051e+00 4.000000e-01
      vertex   2.007392e+00 -2.229434e+00 4.000000e-01
    endloop
  endfacet
  facet normal -4.772915e-01 5.266100e-01 -7.034734e-01
    outer loop
      vertex   2.156937e+00 -2.628236e+00 0.000000e+00
      vertex   2.007392e+00 -2.229434e+00 4.000000e-01
      vertex   2.404163e+00 -2.404163e+00 0.000000e+00
    endloop
  endfacet
  facet normal -4.974370e-01 4.974370e-01 -7.107129e-01
    outer loop
      vertex   2.404163e+00 -2.404163e+00 0.000000e+00
      vertex   2.007392e+00 -2.229434e+00 4.000000e-01
      vertex   2.229434e+00 -2.007392e+00 4.000000e-01
    endloop
  endfacet
  facet normal -5.266100e-01 4.772915e-01 -7.034734e-01
    outer loop
      vertex   2.404163e+00 -2.404163e+00 0.000000e+00
      vertex   2.229434e+00 -2.007392e+00 4.000000e-01
      vertex   2.628236e+00 -2.156937e+00 0.000000e+00
    endloop
  endfacet
  facet normal -5.467581e-01 4.427560e-01 -7.106495e-01
    outer loop
      vertex   2.628236e+00 -2.156937e+00 0.000000e+00
      vertex   2.229434e+00 -2.007392e+00 4.000000e-01
      vertex   2.427051e+00 -1.763356e+00 4.000000e-01
    endloop
  endfacet
  facet normal -5.707653e-01 4.233084e-01 -7.035887e-01
    outer loop
      vertex   2.628236e+00 -2.156937e+00 0.000000e+00
      vertex   2.427051e+00 -1.763356e+00 4.000000e-01
      vertex   2.826997e+00 -1.888939e+00 0.000000e+00
    endloop
  endfacet
  facet normal -5.902046e-01 3.832834e-01 -7.104592e-01
    outer loop
      vertex   2.826997e+00 -1.888939e+00 0.000000e+00
      vertex   2.427051e+00 -1.763356e+00 4.000000e-01
      vertex   2.598076e+00 -1.500000e+00 4.000000e-01
    endloop
  endfacet
  facet normal -6.093126e-01 3.652079e-01 -7.038191e-01
    outer loop
      vertex   2.826997e+00 -1.888939e+00 0.000000e+00
      vertex   2.598076e+00 -1.500000e+00 4.000000e-01
      vertex   2.998532e+00 -1.602749e+00 0.000000e+00
    endloop
  endfacet
  facet normal -6.273209e-01 3.196360e-01 -7.101418e-01
    outer loop
      vertex   2.998532e+00 -1.602749e+00 0.000000e+00
      vertex   2.598076e+00 -1.500000e+00 4.000000e-01
      vertex   2.740636e+00 -1.220210e+00 4.000000e-01
    endloop
  endfacet
  facet normal -6.418658e-01 3.035799e-01 -7.041644e-01
    outer loop
      vertex   2.998532e+00 -1.602749e+00 0.000000e+00
      vertex   2.740636e+00 -1.220210e+00 4.000000e-01
      vertex   3.141190e+00 -1.301124e+00 0.000000e+00
    endloop
  endfacet
  facet normal -6.577143e-01 2.524729e-01 -7.096966e-01
    outer loop
      vertex   3.141190e+00 -1.301124e+00 0.000000e+00
      vertex   2.740636e+00 -1.220210e+00 4.000000e-01
      vertex   2.853170e+00 -9.270510e-01 4.000000e-01
    endloop
  endfacet
  facet normal -6.681018e-01 2.390506e-01 -7.046239e-01
    outer loop
      vertex   3.141190e+00 -1.301124e+00 0.000000e+00
      vertex   2.853170e+00 -9.270510e-01 4.000000e-01
      vertex   3.253597e+00 -9.869679e-01 0.000000e+00
    endloop
  endfacet
  facet normal -6.810595e-01 1.824894e-01 -7.091231e-01
    outer loop
      vertex   3.253597e+00 -9.869679e-01 0.000000e+00
      vertex   2.853170e+00 -9.270510e-01 4.000000e-01
      vertex   2.934443e+00 -6.237351e-01 4.000000e-01
    endloop
  endfacet
  facet normal -6.877632e-01 1.722757e-01 -7.051970e-01
    outer loop
      vertex   3.253597e+00 -9.869679e-01 0.000000e+00
      vertex   2.934443e+00 -6.237351e-01 4.000000e-01
      vertex   3.334670e+00 -6.633071e-01 0.000000e+00
    endloop
  endfacet
  facet normal -6.971015e-01 1.104100e-01 -7.084202e-01
    outer loop
      vertex   3.334670e+00 -6.633071e-01 0.000000e+00
      vertex   2.934443e+00 -6.237351e-01 4.000000e-01
      vertex   2.983566e+00 -3.135854e-01 4.000000e-01
    endloop
  endfacet
  facet normal -7.006620e-01 1.039334e-01 -7.058829e-01
    outer loop
      vertex   3.334670e+00 -6.633071e-01 0.000000e+00
      vertex   2.983566e+00 -3.135854e-01 4.000000e-01
      vertex   3.383628e+00 -3.332583e-01 0.000000e+00
    endloop
  endfacet
  facet normal -7.056580e-01 3.698197e-02 -7.075869e-01
    outer loop
      vertex   3.383628e+00 -3.332583e-01 0.000000e+00
      vertex   2.983566e+00 -3.135854e-01 4.000000e-01
      vertex   3.000000e+00 0.000000e+00 4.000000e-01
    endloop
  endfacet
  facet normal -7.066805e-01 3.471699e-02 -7.066805e-01
    outer loop
      vertex   3.383628e+00 -3.332583e-01 0.000000e+00
      vertex   3.000000e+00 0.000000e+00 4.000000e-01
      vertex   3.400000e+00 0.000000e+00 0.000000e+00
    endloop
  endfacet
  facet normal -7.066805e-01 -3.471699e-02 -7.066805e-01
    outer loop
      vertex   3.400000e+00 0.000000e+00 0.000000e+00
      vertex   3.000000e+00 0.000000e+00 4.000000e-01
      vertex   3.383628e+00 3.332583e-01 0.000000e+00
    endloop
  endfacet
  facet normal -7.056580e-01 -3.698197e-02 -7.075869e-01
    outer loop
      vertex   3.383628e+00 3.332583e-01 0.000000e+00
      vertex   3.000000e+00 0.000000e+00 4.000000e-01
      vertex   2.983566e+00 3.135854e-01 4.000000e-01
    endloop
  endfacet
  facet normal -7.006620e-01 -1.039334e-01 -7.058829e-01
    outer loop
      vertex   3.383628e+00 3.332583e-01 0.000000e+00
      vertex   2.983566e+00 3.135854e-01 4.000000e-01
      vertex   3.334670e+00 6.633071e-01 0.000000e+00
    endloop
  endfacet
  facet normal -6.971015e-01 -1.104100e-01 -7.084202e-01
    outer loop
      vertex   3.334670e+00 6.633071e-01 0.000000e+00
      vertex   2.983566e+00 3.135854e-01 4.000000e-01
      vertex   2.934443e+00 6.237351e-01 4.000000e-01
    endloop
  endfacet
  facet normal -6.877632e-01 -1.722757e-01 -7.051970e-01
    outer loop
      vertex   3.334670e+00 6.633071e-01 0.000000e+00
      vertex   2.934443e+00 6.237351e-01 4.000000e-01
      vertex   3.253597e+00 9.869679e-01 0.000000e+00
    endloop
  endfacet
  facet normal -6.810595e-01 -1.824894e-01 -7.091231e-01
    outer loop
      vertex   3.253597e+00 9.869679e-01 0.000000e+00
      vertex   2.934443e+00 6.237351e-01 4.000000e-01
      vertex   2.853170e+00 9.270510e-01 4.000000e-01
    endloop
  endfacet
  facet normal -6.681018e-01 -2.390506e-01 -7.046239e-01
    outer loop
      vertex   3.253597e+00 9.869679e-01 0.000000e+00
      vertex   2.853170e+00 9.270510e-01 4.000000e-01
      vertex   3.141190e+00 1.301124e+00 0.000000e+00
    endloop
  endfacet
  facet normal -6.577143e-01 -2.524729e-01 -7.096966e-01
    outer loop
      vertex   3.141190e+00 1.301124e+00 0.000000e+00
      vertex   2.853170e+00 9.270510e-01 4.000000e-01
      vertex   2.740636e+00 1.220210e+00 4.000000e-01
    endloop
  endfacet
  facet normal -6.418658e-01 -3.035799e-01 -7.041644e-01
    outer loop
      vertex   3.141190e+00 1.301124e+00 0.000000e+00
      vertex   2.740636e+00 1.220210e+00 4.000000e-01
      vertex   2.998532e+00 1.602749e+00 0.000000e+00
    endloop
  endfacet
  facet normal -6.273209e-01 -3.196360e-01 -7.101418e-01
    outer loop
      vertex   2.998532e+00 1.602749e+00 0.000000e+00
      vertex   2.740636e+00 1.220210e+00 4.000000e-01
      vertex   2.598076e+00 1.500000e+00 4.000000e-01
    endloop
  endfacet
  facet normal -6.093126e-01 -3.652079e-01 -7.038191e-01
    outer loop
      vertex   2.998532e+00 1.602749e+00 0.000000e+00
      vertex   2.598076e+00 1.500000e+00 4.000000e-01
      vertex   2.826997e+00 1.888939e+00 0.000000e+00
    endloop
  endfacet
  facet normal -5.902046e-01 -3.832834e-01 -7.104592e-01
    outer loop
      vertex   2.826997e+00 1.888939e+00 0.000000e+00
      vertex   2.598076e+00 1.500000e+00 4.000000e-01
      vertex   2.427051e+00 1.763356e+00 4.000000e-01
    endloop
  endfacet
  facet normal -5.707653e-01 -4.233084e-01 -7.035887e-01
    outer loop
      vertex   2.826997e+00 1.888939e+00 0.000000e+00
      vertex   2.427051e+00 1.763356e+00 4.000000e-01
      vertex   2.628236e+00 2.156937e+00 0.000000e+00
    endloop
  endfacet
  facet normal -5.467581e-01 -4.427560e-01 -7.106495e-01
    outer loop
      vertex   2.628236e+00 2.156937e+00 0.000000e+00
      vertex   2.427051e+00 1.763356e+00 4.000000e-01
      vertex   2.229434e+00 2.007392e+00 4.000000e-01
    endloop
  endfacet
  facet normal -5.266100e-01 -4.772915e-01 -7.034734e-01
    outer loop
      vertex   2.628236e+00 2.156937e+00 0.000000e+00
      vertex   2.229434e+00 2.007392e+00 4.000000e-01
      vertex   2.404163e+00 2.404163e+00 0.000000e+00
    endloop
  endfacet
  facet normal -4.974370e-01 -4.974370e-01 -7.107129e-01
    outer loop
      vertex   2.404163e+00 2.404163e+00 0.000000e+00
      vertex   2.229434e+00 2.007392e+00 4.000000e-01
      vertex   2.007392e+00 2.229434e+00 4.000000e-01
    endloop
  endfacet
  facet normal -4.772915e-01 -5.266100e-01 -7.034734e-01
    outer loop
      vertex   2.404163e+00 2.404163e+00 0.000000e+00
      vertex   2.007392e+00 2.229434e+00 4.000000e-01
      vertex   2.156937e+00 2.628236e+00 0.000000e+00
    endloop
  endfacet
  facet normal -4.427560e-01 -5.467581e-01 -7.106495e-01
    outer loop
      vertex   2.156937e+00 2.628236e+00 0.000000e+00
      vertex   2.007392e+00 2.229434e+00 4.000000e-01
      vertex   1.763356e+00 2.427051e+00 4.000000e-01
    endloop
  endfacet
  facet normal -4.233084e-01 -5.707653e-01 -7.035887e-01
    outer loop
      vertex   2.156937e+00 2.628236e+00 0.000000e+00
      vertex   1.763356e+00 2.427051e+00 4.000000e-01
      vertex   1.888939e+00 2.826997e+00 0.000000e+00
    endloop
  endfacet
  facet normal -3.832834e-01 -5.902046e-01 -7.104592e-01
    outer loop
      vertex   1.888939e+00 2.826997e+00 0.000000e+00
      vertex   1.763356e+00 2.427051e+00 4.000000e-01
      vertex   1.500000e+00 2.598076e+00 4.000000e-01
    endloop
  endfacet
  facet normal -3.652079e-01 -6.093126e-01 -7.038191e-01
    outer loop
      vertex   1.888939e+00 2.826997e+00 0.000000e+00
      vertex   1.500000e+00 2.598076e+00 4.000000e-01
      vertex   1.602749e+00 2.998532e+00 0.000000e+00
    endloop
  endfacet
  facet normal -3.196360e-01 -6.273209e-01 -7.101418e-01
    outer loop
      vertex   1.602749e+00 2.998532e+00 0.000000e+00
      vertex   1.500000e+00 2.598076e+00 4.000000e-01
      vertex   1.220210e+00 2.740636e+00 4.000000e-01
    endloop
  endfacet
  facet normal -3.035799e-01 -6.418658e-01 -7.041644e-01
    outer loop
      vertex   1.602749e+00 2.998532e+00 0.000000e+00
      vertex   1.220210e+00 2.740636e+00 4.000000e-01
      vertex   1.301124e+00 3.141190e+00 0.000000e+00
    endloop
  endfacet
  facet normal -2.524729e-01 -6.577143e-01 -7.096966e-01
    outer loop
      vertex   1.301124e+00 3.141190e+00 0.000000e+00
      vertex   1.220210e+00 2.740636e+00 4.000000e-01
      vertex   9.270510e-01 2.853170e+00 4.000000e-01
    endloop
  endfacet
  facet normal -2.390506e-01 -6.681018e-01 -7.046239e-01
    outer loop
      vertex   1.301124e+00 3.141190e+00 0.000000e+00
      vertex   9.270510e-01 2.853170e+00 4.000000e-01
      vertex   9.869679e-01 3.253597e+00 0.000000e+00
    endloop
  endfacet
  facet normal -1.824894e-01 -6.810595e-01 -7.091231e-01
    outer loop
      vertex   9.869679e-01 3.253597e+00 0.000000e+00
      vertex   9.270510e-01 2.853170e+00 4.000000e-01
      vertex   6.237351e-01 2.934443e+00 4.000000e-01
    endloop
  endfacet
  facet normal -1.722757e-01 -6.877632e-01 -7.051970e-01
    outer loop
      vertex   9.869679e-01 3.253597e+00 0.000000e+00
      vertex   6.237351e-01 2.934443e+00 4.000000e-01
      vertex   6.633071e-01 3.334670e+00 0.000000e+00
    endloop
  endfacet
  facet normal -1.104100e-01 -6.971015e-01 -7.084202e-01
    outer loop
      vertex   6.633071e-01 3.334670e+00 0.000000e+00
      vertex   6.237351e-01 2.934443e+00 4.000000e-01
      vertex   3.135854e-01 2.983566e+00 4.000000e-01
    endloop
  endfacet
  facet normal -1.039334e-01 -7.006620e-01 -7.058829e-01
    outer loop
      vertex   6.633071e-01 3.334670e+00 0.000000e+00
      vertex   3.135854e-01 2.983566e+00 4.000000e-01
      vertex   3.332583e-01 3.383628e+00 0.000000e+00
    endloop
  endfacet
  facet normal -3.698197e-02 -7.056580e-01 -7.075869e-01
    outer loop
      vertex   3.332583e-01 3.383628e+00 0.000000e+00
      vertex   3.135854e-01 2.983566e+00 4.000000e-01
      vertex   1.836970e-16 3.000000e+00 4.000000e-01
    endloop
  endfacet
  facet normal -3.471699e-02 -7.066805e-01 -7.066805e-01
    outer loop
      vertex   3.332583e-01 3.383628e+00 0.000000e+00
      vertex   1.836970e-16 3.000000e+00 4.000000e-01
      vertex   2.081900e-16 3.400000e+00 0.000000e+00
    endloop
  endfacet
  facet normal 3.471699e-02 -7.066805e-01 -7.066805e-01
    outer loop
      vertex   2.081900e-16 3.400000e+00 0.000000e+00
      vertex   1.836970e-16 3.000000e+00 4.000000e-01
      vertex   -3.332583e-01 3.383628e+00 0.000000e+00
    endloop
  endfacet
  facet normal 3.698197e-02 -7.056580e-01 -7.075869e-01
    outer loop
      vertex   -3.332583e-01 3.383628e+00 0.000000e+00
      vertex   1.836970e-16 3.000000e+00 4.000000e-01
      vertex   -3.135854e-01 2.983566e+00 4.000000e-01
    endloop
  endfacet
  facet normal 1.039334e-01 -7.006620e-01 -7.058829e-01
    outer loop
      vertex   -3.332583e-01 3.383628e+00 0.000000e+00
      vertex   -3.135854e-01 2.983566e+00 4.000000e-01
      vertex   -6.633071e-01 3.334670e+00 0.000000e+00
    endloop
  endfacet
  facet normal 1.104100e-01 -6.971015e-01 -7.084202e-01
    outer loop
      vertex   -6.633071e-01 3.334670e+00 0.000000e+00
      vertex   -3.135854e-01 2.983566e+00 4.000000e-01
      vertex   -6.237351e-01 2.934443e+00 4.000000e-01
    endloop
  endfacet
  facet normal 1.722757e-01 -6.877632e-01 -7.051970e-01
    outer loop
      vertex   -6.633071e-01 3.334670e+00 0.000000e+00
      vertex   -6.237351e-01 2.934443e+00 4.000000e-01
      vertex   -9.869679e-01 3.253597e+00 0.000000e+00
    endloop
  endfacet
  facet normal 1.824894e-01 -6.810595e-01 -7.091231e-01
    outer loop
      vertex   -9.869679e-01 3.253597e+00 0.000000e+00
      vertex   -6.237351e-01 2.934443e+00 4.000000e-01
      vertex   -9.270510e-01 2.853170e+00 4.000000e-01
    endloop
  endfacet
  facet normal 2.390506e-01 -6.681018e-01 -7.046239e-01
    outer loop
      vertex   -9.869679e-01 3.253597e+00 0.000000e+00
      vertex   -9.270510e-01 2.853170e+00 4.000000e-01
      vertex   -1.301124e+00 3.141190e+00 0.000000e+00
    endloop
  endfacet
  facet normal 2.524729e-01 -6.577143e-01 -7.096966e-01
    outer loop
      vertex   -1.301124e+00 3.141190e+00 0.000000e+00
      vertex   -9.270510e-01 2.853170e+00 4.000000e-01
      vertex   -1.220210e+00 2.740636e+00 4.000000e-01
    endloop
  endfacet
  facet normal 3.035799e-01 -6.418658e-01 -7.041644e-01
    outer loop
      vertex   -1.301124e+00 3.141190e+00 0.000000e+00
      vertex   -1.220210e+00 2.740636e+00 4.000000e-01
      vertex   -1.602749e+00 2.998532e+00 0.000000e+00
    endloop
  endfacet
  facet normal 3.196360e-01 -6.273209e-01 -7.101418e-01
    outer loop
      vertex   -1.602749e+00 2.998532e+00 0.000000e+00
      vertex   -1.220210e+00 2.740636e+00 4.000000e-01
      vertex   -1.500000e+00 2.598076e+00 4.000000e-01
    endloop
  endfacet
  facet normal 3.652079e-01 -6.093126e-01 -7.038191e-01
    outer loop
      vertex   -1.602749e+00 2.998532e+00 0.000000e+00
      vertex   -1.500000e+00 2.598076e+00 4.000000e-01
      vertex   -1.888939e+00 2.826997e+00 0.000000e+00
    endloop
  endfacet
  facet normal 3.832834e-01 -5.902046e-01 -7.104592e-01
    outer loop
      vertex   -1.888939e+00 2.826997e+00 0.000000e+00
      vertex   -1.500000e+00 2.598076e+00 4.000000e-01
      vertex   -1.763356e+00 2.427051e+00 4.000000e-01
    endloop
  endfacet
  facet normal 4.233084e-01 -5.707653e-01 -7.035887e-01
    outer loop
      vertex   -1.888939e+00 2.826997e+00 0.000000e+00
      vertex   -1.763356e+00 2.427051e+00 4.000000e-01
      vertex   -2.156937e+00 2.628236e+00 0.000000e+00
    endloop
  endfacet
  facet normal 4.427560e-01 -5.467581e-01 -7.106495e-01
    outer loop
      vertex   -2.156937e+00 2.628236e+00 0.000000e+00
      vertex   -1.763356e+00 2.427051e+00 4.000000e-01
      vertex   -2.007392e+00 2.229434e+00 4.000000e-01
    endloop
  endfacet
  facet normal 4.772915e-01 -5.266100e-01 -7.034734e-01
    outer loop
      vertex   -2.156937e+00 2.628236e+00 0.000000e+00
      vertex   -2.007392e+00 2.229434e+00 4.000000e-01
      vertex   -2.404163e+00 2.404163e+00 0.000000e+00
    endloop
  endfacet
  facet normal 4.974370e-01 -4.974370e-01 -7.107129e-01
    outer loop
      vertex   -2.404163e+00 2.404163e+00 0.000000e+00
      vertex   -2.007392e+00 2.229434e+00 4.000000e-01
      vertex   -2.229434e+00 2.007392e+00 4.000000e-01
    endloop
  endfacet
  facet normal 5.266100e-01 -4.772915e-01 -7.034734e-01
    outer loop
      vertex   -2.404163e+00 2.404163e+00 0.000000e+00
      vertex   -2.229434e+00 2.007392e+00 4.000000e-01
      vertex   -2.628236e+00 2.156937e+00 0.000000e+00
    endloop
  endfacet
  facet normal 5.467581e-01 -4.427560e-01 -7.106495e-01
    outer loop
      vertex   -2.628236e+00 2.156937e+00 0.000000e+00
      vertex   -2.229434e+00 2.007392e+00 4.000000e-01
      vertex   -2.427051e+00 1.763356e+00 4.000000e-01
    endloop
  endfacet
  facet normal 5.707653e-01 -4.233084e-01 -7.035887e-01
    outer loop
      vertex   -2.628236e+00 2.156937e+00 0.000000e+00
      vertex   -2.427051e+00 1.763356e+00 4.000000e-01
      vertex   -2.826997e+00 1.888939e+00 0.000000e+00
    endloop
  endfacet
  facet normal 5.902046e-01 -3.832834e-01 -7.104592e-01
    outer loop
      vertex   -2.826997e+00 1.888939e+00 0.000000e+00
      vertex   -2.427051e+00 1.763356e+00 4.000000e-01
      vertex   -2.598076e+00 1.500000e+00 4.000000e-01
    endloop
  endfacet
  facet normal 6.093126e-01 -3.652079e-01 -7.038191e-01
    outer loop
      vertex   -2.826997e+00 1.888939e+00 0.000000e+00
      vertex   -2.598076e+00 1.500000e+00 4.000000e-01
      vertex   -2.998532e+00 1.602749e+00 0.000000e+00
    endloop
  endfacet
  facet normal 6.273209e-01 -3.196360e-01 -7.101418e-01
    outer loop
      vertex   -2.998532e+00 1.602749e+00 0.000000e+00
      vertex   -2.598076e+00 1.500000e+00 4.000000e-01
      vertex   -2.740636e+00 1.220210e+00 4.000000e-01
    endloop
  endfacet
  facet normal 6.418658e-01 -3.035799e-01 -7.041644e-01
    outer loop
      vertex   -2.998532e+00 1.602749e+00 0.000000e+00
      vertex   -2.740636e+00 1.220210e+00 4.000000e-01
      vertex   -3.141190e+00 1.301124e+00 0.000000e+00
    endloop
  endfacet
  facet normal 6.577143e-01 -2.524729e-01 -7.096966e-01
    outer loop
      vertex   -3.141190e+00 1.301124e+00 0.000000e+00
      vertex   -2.740636e+00 1.220210e+00 4.000000e-01
      vertex   -2.853170e+00 9.270510e-01 4.000000e-01
    endloop
  endfacet
  facet normal 6.681018e-01 -2.390506e-01 -7.046239e-01
    outer loop
      vertex   -3.141190e+00 1.301124e+00 0.000000e+00
      vertex   -2.853170e+00 9.270510e-01 4.000000e-01
      vertex   -3.253597e+00 9.869679e-01 0.000000e+00
    endloop
  endfacet
  facet normal 6.810595e-01 -1.824894e-01 -7.091231e-01
    outer loop
      vertex   -3.253597e+00 9.869679e-01 0.000000e+00
      vertex   -2.853170e+00 9.270510e-01 4.000000e-01
      vertex   -2.934443e+00 6.237351e-01 4.000000e-01
    endloop
  endfacet
  facet normal 6.877632e-01 -1.722757e-01 -7.051970e-01
    outer loop
      vertex   -3.253597e+00 9.869679e-01 0.000000e+00
      vertex   -2.934443e+00 6.237351e-01 4.000000e-01
      vertex   -3.334670e+00 6.633071e-01 0.000000e+00
    endloop
  endfacet
  facet normal 6.971015e-01 -1.104100e-01 -7.084202e-01
    outer loop
      vertex   -3.334670e+00 6.633071e-01 0.000000e+00
      vertex   -2.934443e+00 6.237351e-01 4.000000e-01
      vertex   -2.983566e+00 3.135854e-01 4.000000e-01
    endloop
  endfacet
  facet normal 7.006620e-01 -1.039334e-01 -7.058829e-01
    outer loop
      vertex   -3.334670e+00 6.633071e-01 0.000000e+00
      vertex   -2.983566e+00 3.135854e-01 4.000000e-01
      vertex   -3.383628e+00 3.332583e-01 0.000000e+00
    endloop
  endfacet
  facet normal 7.056580e-01 -3.698197e-02 -7.075869e-01
    outer loop
      vertex   -3.383628e+00 3.332583e-01 0.000000e+00
      vertex   -2.983566e+00 3.135854e-01 4.000000e-01
      vertex   -3.000000e+00 -3.673940e-16 4.000000e-01
    endloop
  endfacet
  facet normal 6.079049e-01 -7.940087e-01 -1.341036e-03
    outer loop
      vertex   -1.942697e+00 2.286029e+00 2.600000e+00
      vertex   -1.763356e+00 2.427051e+00 4.000000e-01
      vertex   -1.700000e+00 2.471841e+00 2.600000e+00
    endloop
  endfacet
  facet normal 5.446385e-01 -8.386698e-01 1.390181e-03
    outer loop
      vertex   -1.700000e+00 2.471841e+00 2.600000e+00
      vertex   -1.763356e+00 2.427051e+00 4.000000e-01
      vertex   -1.500000e+00 2.598076e+00 4.000000e-01
    endloop
  endfacet
  facet normal 5.337482e-01 -8.456435e-01 0.000000e+00
    outer loop
      vertex   -1.700000e+00 2.471841e+00 2.600000e+00
      vertex   -1.500000e+00 2.598076e+00 4.000000e-01
      vertex   -1.700000e+00 2.471841e+00 2.800000e+00
    endloop
  endfacet
  facet normal 5.246039e-01 -8.513458e-01 -1.061954e-03
    outer loop
      vertex   -1.700000e+00 2.471841e+00 2.800000e+00
      vertex   -1.500000e+00 2.598076e+00 4.000000e-01
      vertex   -1.443659e+00 2.629800e+00 2.800000e+00
    endloop
  endfacet
  facet normal 4.539902e-01 -8.910060e-01 1.119972e-03
    outer loop
      vertex   -1.443659e+00 2.629800e+00 2.800000e+00
      vertex   -1.500000e+00 2.598076e+00 4.000000e-01
      vertex   -1.220210e+00 2.740636e+00 4.000000e-01
    endloop
  endfacet
  facet normal 4.366223e-01 -8.996445e-01 -8.959844e-04
    outer loop
      vertex   -1.443659e+00 2.629800e+00 2.800000e+00
      vertex   -1.220210e+00 2.740636e+00 4.000000e-01
      vertex   -1.172775e+00 2.761268e+00 2.800000e+00
    endloop
  endfacet
  facet normal 3.583678e-01 -9.335800e-01 9.423958e-04
    outer loop
      vertex   -1.172775e+00 2.761268e+00 2.800000e+00
      vertex   -1.220210e+00 2.740636e+00 4.000000e-01
      vertex   -9.270510e-01 2.853170e+00 4.000000e-01
    endloop
  endfacet
  facet normal 3.442424e-01 -9.388805e-01 -7.068008e-04
    outer loop
      vertex   -1.172775e+00 2.761268e+00 2.800000e+00
      vertex   -9.270510e-01 2.853170e+00 4.000000e-01
      vertex   -8.900775e-01 2.864919e+00 2.800000e+00
    endloop
  endfacet
  facet normal 2.588190e-01 -9.659256e-01 7.416062e-04
    outer loop
      vertex   -8.900775e-01 2.864919e+00 2.800000e+00
      vertex   -9.270510e-01 2.853170e+00 4.000000e-01
      vertex   -6.237351e-01 2.934443e+00 4.000000e-01
    endloop
  endfacet
  facet normal 2.483948e-01 -9.686588e-01 -4.944061e-04
    outer loop
      vertex   -8.900775e-01 2.864919e+00 2.800000e+00
      vertex   -6.237351e-01 2.934443e+00 4.000000e-01
      vertex   -5.984135e-01 2.939711e+00 2.800000e+00
    endloop
  endfacet
  facet normal 1.564344e-01 -9.876882e-01 5.176076e-04
    outer loop
      vertex   -5.984135e-01 2.939711e+00 2.800000e+00
      vertex   -6.237351e-01 2.934443e+00 4.000000e-01
      vertex   -3.135854e-01 2.983566e+00 4.000000e-01
    endloop
  endfacet
  facet normal 1.500449e-01 -9.886792e-01 -2.588044e-04
    outer loop
      vertex   -5.984135e-01 2.939711e+00 2.800000e+00
      vertex   -3.135854e-01 2.983566e+00 4.000000e-01
      vertex   -3.007214e-01 2.984890e+00 2.800000e+00
    endloop
  endfacet
  facet normal 5.233595e-02 -9.986295e-01 2.704039e-04
    outer loop
      vertex   -3.007214e-01 2.984890e+00 2.800000e+00
      vertex   -3.135854e-01 2.983566e+00 4.000000e-01
      vertex   1.836970e-16 3.000000e+00 4.000000e-01
    endloop
  endfacet
  facet normal 5.018347e-02 -9.987400e-01 0.000000e+00
    outer loop
      vertex   -3.007214e-01 2.984890e+00 2.800000e+00
      vertex   1.836970e-16 3.000000e+00 4.000000e-01
      vertex   1.836970e-16 3.000000e+00 2.800000e+00
    endloop
  endfacet
  facet normal -5.018347e-02 -9.987400e-01 -0.000000e+00
    outer loop
      vertex   1.836970e-16 3.000000e+00 2.800000e+00
      vertex   1.836970e-16 3.000000e+00 4.000000e-01
      vertex   3.007214e-01 2.984890e+00 2.800000e+00
    endloop
  endfacet
  facet normal -5.233595e-02 -9.986295e-01 2.704039e-04
    outer loop
      vertex   3.007214e-01 2.984890e+00 2.800000e+00
      vertex   1.836970e-16 3.000000e+00 4.000000e-01
      vertex   3.135854e-01 2.983566e+00 4.000000e-01
    endloop
  endfacet
  facet normal -1.500449e-01 -9.886792e-01 -2.588044e-04
    outer loop
      vertex   3.007214e-01 2.984890e+00 2.800000e+00
      vertex   3.135854e-01 2.983566e+00 4.000000e-01
      vertex   5.984135e-01 2.939711e+00 2.800000e+00
    endloop
  endfacet
  facet normal -1.564344e-01 -9.876882e-01 5.176076e-04
    outer loop
      vertex   5.984135e-01 2.939711e+00 2.800000e+00
      vertex   3.135854e-01 2.983566e+00 4.000000e-01
      vertex   6.237351e-01 2.934443e+00 4.000000e-01
    endloop
  endfacet
  facet normal -2.483948e-01 -9.686588e-01 -4.944061e-04
    outer loop
      vertex   5.984135e-01 2.939711e+00 2.800000e+00
      vertex   6.237351e-01 2.934443e+00 4.000000e-01
      vertex   8.900775e-01 2.864919e+00 2.800000e+00
    endloop
  endfacet
  facet normal -2.588190e-01 -9.659256e-01 7.416062e-04
    outer loop
      vertex   8.900775e-01 2.864919e+00 2.800000e+00
      vertex   6.237351e-01 2.934443e+00 4.000000e-01
      vertex   9.270510e-01 2.853170e+00 4.000000e-01
    endloop
  endfacet
  facet normal -3.442424e-01 -9.388805e-01 -7.068008e-04
    outer loop
      vertex   8.900775e-01 2.864919e+00 2.800000e+00
      vertex   9.270510e-01 2.853170e+00 4.000000e-01
      vertex   1.172775e+00 2.761268e+00 2.800000e+00
    endloop
  endfacet
  facet normal -3.583678e-01 -9.335800e-01 9.423958e-04
    outer loop
      vertex   1.172775e+00 2.761268e+00 2.800000e+00
      vertex   9.270510e-01 2.853170e+00 4.000000e-01
      vertex   1.220210e+00 2.740636e+00 4.000000e-01
    endloop
  endfacet
  facet normal -4.366223e-01 -8.996445e-01 -8.959844e-04
    outer loop
      vertex   1.172775e+00 2.761268e+00 2.800000e+00
      vertex   1.220210e+00 2.740636e+00 4.000000e-01
      vertex   1.443659e+00 2.629800e+00 2.800000e+00
    endloop
  endfacet
  facet normal -4.539902e-01 -8.910060e-01 1.119972e-03
    outer loop
      vertex   1.443659e+00 2.629800e+00 2.800000e+00
      vertex   1.220210e+00 2.740636e+00 4.000000e-01
      vertex   1.500000e+00 2.598076e+00 4.000000e-01
    endloop
  endfacet
  facet normal -5.246039e-01 -8.513458e-01 -1.061954e-03
    outer loop
      vertex   1.443659e+00 2.629800e+00 2.800000e+00
      vertex   1.500000e+00 2.598076e+00 4.000000e-01
      vertex   1.700000e+00 2.471841e+00 2.800000e+00
    endloop
  endfacet
  facet normal -5.337482e-01 -8.456435e-01 -0.000000e+00
    outer loop
      vertex   1.700000e+00 2.471841e+00 2.800000e+00
      vertex   1.500000e+00 2.598076e+00 4.000000e-01
      vertex   1.700000e+00 2.471841e+00 2.600000e+00
    endloop
  endfacet
  facet normal -5.446385e-01 -8.386698e-01 1.390181e-03
    outer loop
      vertex   1.700000e+00 2.471841e+00 2.600000e+00
      vertex   1.500000e+00 2.598076e+00 4.000000e-01
      vertex   1.763356e+00 2.427051e+00 4.000000e-01
    endloop
  endfacet
  facet normal -6.079049e-01 -7.940087e-01 -1.341036e-03
    outer loop
      vertex   1.700000e+00 2.471841e+00 2.600000e+00
      vertex   1.763356e+00 2.427051e+00 4.000000e-01
      vertex   1.942697e+00 2.286029e+00 2.600000e+00
    endloop
  endfacet
  facet normal -6.293197e-01 -7.771451e-01 1.485638e-03
    outer loop
      vertex   1.942697e+00 2.286029e+00 2.600000e+00
      vertex   1.763356e+00 2.427051e+00 4.000000e-01
      vertex   2.007392e+00 2.229434e+00 4.000000e-01
    endloop
  endfacet
  facet normal -6.855433e-01 -7.280304e-01 -1.431191e-03
    outer loop
      vertex   1.942697e+00 2.286029e+00 2.600000e+00
      vertex   2.007392e+00 2.229434e+00 4.000000e-01
      vertex   2.165227e+00 2.076486e+00 2.600000e+00
    endloop
  endfacet
  facet normal -7.071059e-01 -7.071059e-01 1.570490e-03
    outer loop
      vertex   2.165227e+00 2.076486e+00 2.600000e+00
      vertex   2.007392e+00 2.229434e+00 4.000000e-01
      vertex   2.229434e+00 2.007392e+00 4.000000e-01
    endloop
  endfacet
  facet normal -7.560652e-01 -6.544946e-01 -1.510741e-03
    outer loop
      vertex   2.165227e+00 2.076486e+00 2.600000e+00
      vertex   2.229434e+00 2.007392e+00 4.000000e-01
      vertex   2.365279e+00 1.845387e+00 2.600000e+00
    endloop
  endfacet
  facet normal -7.771449e-01 -6.293195e-01 1.644738e-03
    outer loop
      vertex   2.365279e+00 1.845387e+00 2.600000e+00
      vertex   2.229434e+00 2.007392e+00 4.000000e-01
      vertex   2.427051e+00 1.763356e+00 4.000000e-01
    endloop
  endfacet
  facet normal -8.187384e-01 -5.741645e-01 -1.579685e-03
    outer loop
      vertex   2.365279e+00 1.845387e+00 2.600000e+00
      vertex   2.427051e+00 1.763356e+00 4.000000e-01
      vertex   2.540779e+00 1.595131e+00 2.600000e+00
    endloop
  endfacet
  facet normal -8.386693e-01 -5.446382e-01 1.708379e-03
    outer loop
      vertex   2.540779e+00 1.595131e+00 2.600000e+00
      vertex   2.427051e+00 1.763356e+00 4.000000e-01
      vertex   2.598076e+00 1.500000e+00 4.000000e-01
    endloop
  endfacet
  facet normal -8.729124e-01 -4.878742e-01 -1.638024e-03
    outer loop
      vertex   2.540779e+00 1.595131e+00 2.600000e+00
      vertex   2.598076e+00 1.500000e+00 4.000000e-01
      vertex   2.689902e+00 1.328317e+00 2.600000e+00
    endloop
  endfacet
  facet normal -8.910051e-01 -4.539898e-01 1.761414e-03
    outer loop
      vertex   2.689902e+00 1.328317e+00 2.600000e+00
      vertex   2.598076e+00 1.500000e+00 4.000000e-01
      vertex   2.740636e+00 1.220210e+00 4.000000e-01
    endloop
  endfacet
  facet normal -9.180248e-01 -3.965193e-01 -1.685756e-03
    outer loop
      vertex   2.689902e+00 1.328317e+00 2.600000e+00
      vertex   2.740636e+00 1.220210e+00 4.000000e-01
      vertex   2.811102e+00 1.047713e+00 2.600000e+00
    endloop
  endfacet
  facet normal -9.335789e-01 -3.583674e-01 1.803843e-03
    outer loop
      vertex   2.811102e+00 1.047713e+00 2.600000e+00
      vertex   2.740636e+00 1.220210e+00 4.000000e-01
      vertex   2.853170e+00 9.270510e-01 4.000000e-01
    endloop
  endfacet
  facet normal -9.536074e-01 -3.010482e-01 -1.722881e-03
    outer loop
      vertex   2.811102e+00 1.047713e+00 2.600000e+00
      vertex   2.853170e+00 9.270510e-01 4.000000e-01
      vertex   2.903121e+00 7.562333e-01 2.600000e+00
    endloop
  endfacet
  facet normal -9.659242e-01 -2.588186e-01 1.835665e-03
    outer loop
      vertex   2.903121e+00 7.562333e-01 2.600000e+00
      vertex   2.853170e+00 9.270510e-01 4.000000e-01
      vertex   2.934443e+00 6.237351e-01 4.000000e-01
    endloop
  endfacet
  facet normal -9.792906e-01 -2.024520e-01 -1.749399e-03
    outer loop
      vertex   2.903121e+00 7.562333e-01 2.600000e+00
      vertex   2.934443e+00 6.237351e-01 4.000000e-01
      vertex   2.965002e+00 4.569031e-01 2.600000e+00
    endloop
  endfacet
  facet normal -9.876866e-01 -1.564342e-01 1.856880e-03
    outer loop
      vertex   2.965002e+00 4.569031e-01 2.600000e+00
      vertex   2.934443e+00 6.237351e-01 4.000000e-01
      vertex   2.983566e+00 3.135854e-01 4.000000e-01
    endloop
  endfacet
  facet normal -9.948080e-01 -1.017541e-01 -1.765311e-03
    outer loop
      vertex   2.965002e+00 4.569031e-01 2.600000e+00
      vertex   2.983566e+00 3.135854e-01 4.000000e-01
      vertex   2.996105e+00 1.528299e-01 2.600000e+00
    endloop
  endfacet
  facet normal -9.986278e-01 -5.233586e-02 1.867487e-03
    outer loop
      vertex   2.996105e+00 1.528299e-01 2.600000e+00
      vertex   2.983566e+00 3.135854e-01 4.000000e-01
      vertex   3.000000e+00 0.000000e+00 4.000000e-01
    endloop
  endfacet
  facet normal -9.999984e-01 -0.000000e+00 -1.770614e-03
    outer loop
      vertex   2.996105e+00 1.528299e-01 2.600000e+00
      vertex   3.000000e+00 0.000000e+00 4.000000e-01
      vertex   2.996105e+00 -1.528299e-01 2.600000e+00
    endloop
  endfacet
  facet normal -9.986278e-01 5.233586e-02 1.867487e-03
    outer loop
      vertex   2.996105e+00 -1.528299e-01 2.600000e+00
      vertex   3.000000e+00 0.000000e+00 4.000000e-01
      vertex   2.983566e+00 -3.135854e-01 4.000000e-01
    endloop
  endfacet
  facet normal -9.948080e-01 1.017541e-01 -1.765311e-03
    outer loop
      vertex   2.996105e+00 -1.528299e-01 2.600000e+00
      vertex   2.983566e+00 -3.135854e-01 4.000000e-01
      vertex   2.965002e+00 -4.569031e-01 2.600000e+00
    endloop
  endfacet
  facet normal -9.876866e-01 1.564342e-01 1.856880e-03
    outer loop
      vertex   2.965002e+00 -4.569031e-01 2.600000e+00
      vertex   2.983566e+00 -3.135854e-01 4.000000e-01
      vertex   2.934443e+00 -6.237351e-01 4.000000e-01
    endloop
  endfacet
  facet normal -9.792906e-01 2.024520e-01 -1.749399e-03
    outer loop
      vertex   2.965002e+00 -4.569031e-01 2.600000e+00
      vertex   2.934443e+00 -6.237351e-01 4.000000e-01
      vertex   2.903121e+00 -7.562333e-01 2.600000e+00
    endloop
  endfacet
  facet normal -9.659242e-01 2.588186e-01 1.835665e-03
    outer loop
      vertex   2.903121e+00 -7.562333e-01 2.600000e+00
      vertex   2.934443e+00 -6.237351e-01 4.000000e-01
      vertex   2.853170e+00 -9.270510e-01 4.000000e-01
    endloop
  endfacet
  facet normal -9.536074e-01 3.010482e-01 -1.722881e-03
    outer loop
      vertex   2.903121e+00 -7.562333e-01 2.600000e+00
      vertex   2.853170e+00 -9.270510e-01 4.000000e-01
      vertex   2.811102e+00 -1.047713e+00 2.600000e+00
    endloop
  endfacet
  facet normal -9.335789e-01 3.583674e-01 1.803843e-03
    outer loop
      vertex   2.811102e+00 -1.047713e+00 2.600000e+00
      vertex   2.853170e+00 -9.270510e-01 4.000000e-01
      vertex   2.740636e+00 -1.220210e+00 4.000000e-01
    endloop
  endfacet
  facet normal -9.180248e-01 3.965193e-01 -1.685756e-03
    outer loop
      vertex   2.811102e+00 -1.047713e+00 2.600000e+00
      vertex   2.740636e+00 -1.220210e+00 4.000000e-01
      vertex   2.689902e+00 -1.328317e+00 2.600000e+00
    endloop
  endfacet
  facet normal -8.910051e-01 4.539898e-01 1.761414e-03
    outer loop
      vertex   2.689902e+00 -1.328317e+00 2.600000e+00
      vertex   2.740636e+00 -1.220210e+00 4.000000e-01
      vertex   2.598076e+00 -1.500000e+00 4.000000e-01
    endloop
  endfacet
  facet normal -8.729124e-01 4.878742e-01 -1.638024e-03
    outer loop
      vertex   2.689902e+00 -1.328317e+00 2.600000e+00
      vertex   2.598076e+00 -1.500000e+00 4.000000e-01
      vertex   2.540779e+00 -1.595131e+00 2.600000e+00
    endloop
  endfacet
  facet normal -8.386693e-01 5.446382e-01 1.708379e-03
    outer loop
      vertex   2.540779e+00 -1.595131e+00 2.600000e+00
      vertex   2.598076e+00 -1.500000e+00 4.000000e-01
      vertex   2.427051e+00 -1.763356e+00 4.000000e-01
    endloop
  endfacet
  facet normal -8.187384e-01 5.741645e-01 -1.579685e-03
    outer loop
      vertex   2.540779e+00 -1.595131e+00 2.600000e+00
      vertex   2.427051e+00 -1.763356e+00 4.000000e-01
      vertex   2.365279e+00 -1.845387e+00 2.600000e+00
    endloop
  endfacet
  facet normal -7.771449e-01 6.293195e-01 1.644738e-03
    outer loop
      vertex   2.365279e+00 -1.845387e+00 2.600000e+00
      vertex   2.427051e+00 -1.763356e+00 4.000000e-01
      vertex   2.229434e+00 -2.007392e+00 4.000000e-01
    endloop
  endfacet
  facet normal -7.560652e-01 6.544946e-01 -1.510741e-03
    outer loop
      vertex   2.365279e+00 -1.845387e+00 2.600000e+00
      vertex   2.229434e+00 -2.007392e+00 4.000000e-01
      vertex   2.165227e+00 -2.076486e+00 2.600000e+00
    endloop
  endfacet
  facet normal -7.071059e-01 7.071059e-01 1.570490e-03
    outer loop
      vertex   2.165227e+00 -2.076486e+00 2.600000e+00
      vertex   2.229434e+00 -2.007392e+00 4.000000e-01
      vertex   2.007392e+00 -2.229434e+00 4.000000e-01
    endloop
  endfacet
  facet normal -6.855433e-01 7.280304e-01 -1.431191e-03
    outer loop
      vertex   2.165227e+00 -2.076486e+00 2.600000e+00
      vertex   2.007392e+00 -2.229434e+00 4.000000e-01
      vertex   1.942697e+00 -2.286029e+00 2.600000e+00
    endloop
  endfacet
  facet normal -6.293197e-01 7.771451e-01 1.485638e-03
    outer loop
      vertex   1.942697e+00 -2.286029e+00 2.600000e+00
      vertex   2.007392e+00 -2.229434e+00 4.000000e-01
      vertex   1.763356e+00 -2.427051e+00 4.000000e-01
    endloop
  endfacet
  facet normal -6.079049e-01 7.940087e-01 -1.341036e-03
    outer loop
      vertex   1.942697e+00 -2.286029e+00 2.600000e+00
      vertex   1.763356e+00 -2.427051e+00 4.000000e-01
      vertex   1.700000e+00 -2.471841e+00 2.600000e+00
    endloop
  endfacet
  facet normal -5.446385e-01 8.386698e-01 1.390181e-03
    outer loop
      vertex   1.700000e+00 -2.471841e+00 2.600000e+00
      vertex   1.763356e+00 -2.427051e+00 4.000000e-01
      vertex   1.500000e+00 -2.598076e+00 4.000000e-01
    endloop
  endfacet
  facet normal -5.337482e-01 8.456435e-01 0.000000e+00
    outer loop
      vertex   1.700000e+00 -2.471841e+00 2.600000e+00
      vertex   1.500000e+00 -2.598076e+00 4.000000e-01
      vertex   1.700000e+00 -2.471841e+00 2.800000e+00
    endloop
  endfacet
  facet normal -5.246039e-01 8.513458e-01 -1.061954e-03
    outer loop
      vertex   1.700000e+00 -2.471841e+00 2.800000e+00
      vertex   1.500000e+00 -2.598076e+00 4.000000e-01
      vertex   1.443659e+00 -2.629800e+00 2.800000e+00
    endloop
  endfacet
  facet normal -4.539902e-01 8.910060e-01 1.119972e-03
    outer loop
      vertex   1.443659e+00 -2.629800e+00 2.800000e+00
      vertex   1.500000e+00 -2.598076e+00 4.000000e-01
      vertex   1.220210e+00 -2.740636e+00 4.000000e-01
    endloop
  endfacet
  facet normal -4.366223e-01 8.996445e-01 -8.959844e-04
    outer loop
      vertex   1.443659e+00 -2.629800e+00 2.800000e+00
      vertex   1.220210e+00 -2.740636e+00 4.000000e-01
      vertex   1.172775e+00 -2.761268e+00 2.800000e+00
    endloop
  endfacet
  facet normal -3.583678e-01 9.335800e-01 9.423958e-04
    outer loop
      vertex   1.172775e+00 -2.761268e+00 2.800000e+00
      vertex   1.220210e+00 -2.740636e+00 4.000000e-01
      vertex   9.270510e-01 -2.853170e+00 4.000000e-01
    endloop
  endfacet
  facet normal -3.442424e-01 9.388805e-01 -7.068008e-04
    outer loop
      vertex   1.172775e+00 -2.761268e+00 2.800000e+00
      vertex   9.270510e-01 -2.853170e+00 4.000000e-01
      vertex   8.900775e-01 -2.864919e+00 2.800000e+00
    endloop
  endfacet
  facet normal -2.588190e-01 9.659256e-01 7.416062e-04
    outer loop
      vertex   8.900775e-01 -2.864919e+00 2.800000e+00
      vertex   9.270510e-01 -2.853170e+00 4.000000e-01
      vertex   6.237351e-01 -2.934443e+00 4.000000e-01
    endloop
  endfacet
  facet normal -2.483948e-01 9.686588e-01 -4.944061e-04
    outer loop
      vertex   8.900775e-01 -2.864919e+00 2.800000e+00
      vertex   6.237351e-01 -2.934443e+00 4.000000e-01
      vertex   5.984135e-01 -2.939711e+00 2.800000e+00
    endloop
  endfacet
  facet normal -1.564344e-01 9.876882e-01 5.176076e-04
    outer loop
      vertex   5.984135e-01 -2.939711e+00 2.800000e+00
      vertex   6.237351e-01 -2.934443e+00 4.000000e-01
      vertex   3.135854e-01 -2.983566e+00 4.000000e-01
    endloop
  endfacet
  facet normal -1.500449e-01 9.886792e-01 -2.588044e-04
    outer loop
      vertex   5.984135e-01 -2.939711e+00 2.800000e+00
      vertex   3.135854e-01 -2.983566e+00 4.000000e-01
      vertex   3.007214e-01 -2.984890e+00 2.800000e+00
    endloop
  endfacet
  facet normal -5.233595e-02 9.986295e-01 2.704039e-04
    outer loop
      vertex   3.007214e-01 -2.984890e+00 2.800000e+00
      vertex   3.135854e-01 -2.983566e+00 4.000000e-01
      vertex   1.836970e-16 -3.000000e+00 4.000000e-01
    endloop
  endfacet
  facet normal -5.018347e-02 9.987400e-01 0.000000e+00
    outer loop
      vertex   3.007214e-01 -2.984890e+00 2.800000e+00
      vertex   1.836970e-16 -3.000000e+00 4.000000e-01
      vertex   1.836970e-16 -3.000000e+00 2.800000e+00
    endloop
  endfacet
  facet normal 5.018347e-02 9.987400e-01 0.000000e+00
    outer loop
      vertex   1.836970e-16 -3.000000e+00 2.800000e+00
      vertex   1.836970e-16 -3.000000e+00 4.000000e-01
      vertex   -3.007214e-01 -2.984890e+00 2.800000e+00
    endloop
  endfacet
  facet normal 5.233595e-02 9.986295e-01 2.704039e-04
    outer loop
      vertex   -3.007214e-01 -2.984890e+00 2.800000e+00
      vertex   1.836970e-16 -3.000000e+00 4.000000e-01
      vertex   -3.135854e-01 -2.983566e+00 4.000000e-01
    endloop
  endfacet
  facet normal 1.500449e-01 9.886792e-01 -2.588044e-04
    outer loop
      vertex   -3.007214e-01 -2.984890e+00 2.800000e+00
      vertex   -3.135854e-01 -2.983566e+00 4.000000e-01
      vertex   -5.984135e-01 -2.939711e+00 2.800000e+00
    endloop
  endfacet
  facet normal 1.564344e-01 9.876882e-01 5.176076e-04
    outer loop
      vertex   -5.984135e-01 -2.939711e+00 2.800000e+00
      vertex   -3.135854e-01 -2.983566e+00 4.000000e-01
      vertex   -6.237351e-01 -2.934443e+00 4.000000e-01
    endloop
  endfacet
  facet normal 2.483948e-01 9.686588e-01 -4.944061e-04
    outer loop
      vertex   -5.984135e-01 -2.939711e+00 2.800000e+00
      vertex   -6.237351e-01 -2.934443e+00 4.000000e-01
      vertex   -8.900775e-01 -2.864919e+00 2.800000e+00
    endloop
  endfacet
  facet normal 2.588190e-01 9.659256e-01 7.416062e-04
    outer loop
      vertex   -8.900775e-01 -2.864919e+00 2.800000e+00
      vertex   -6.237351e-01 -2.934443e+00 4.000000e-01
      vertex   -9.270510e-01 -2.853170e+00 4.000000e-01
    endloop
  endfacet
  facet normal 3.442424e-01 9.388805e-01 -7.068008e-04
    outer loop
      vertex   -8.900775e-01 -2.864919e+00 2.800000e+00
      vertex   -9.270510e-01 -2.853170e+00 4.000000e-01
      vertex   -1.172775e+00 -2.761268e+00 2.800000e+00
    endloop
  endfacet
  facet normal 3.583678e-01 9.335800e-01 9.423958e-04
    outer loop
      vertex   -1.172775e+00 -2.761268e+00 2.800000e+00
      vertex   -9.270510e-01 -2.853170e+00 4.000000e-01
      vertex   -1.220210e+00 -2.740636e+00 4.000000e-01
    endloop
  endfacet
  facet normal 4.366223e-01 8.996445e-01 -8.959844e-04
    outer loop
      vertex   -1.172775e+00 -2.761268e+00 2.800000e+00
      vertex   -1.220210e+00 -2.740636e+00 4.000000e-01
      vertex   -1.443659e+00 -2.629800e+00 2.800000e+00
    endloop
  endfacet
  facet normal 4.539902e-01 8.910060e-01 1.119972e-03
    outer loop
      vertex   -1.443659e+00 -2.629800e+00 2.800000e+00
      vertex   -1.220210e+00 -2.740636e+00 4.000000e-01
      vertex   -1.500000e+00 -2.598076e+00 4.000000e-01
    endloop
  endfacet
  facet normal 5.246039e-01 8.513458e-01 -1.061954e-03
    outer loop
      vertex   -1.443659e+00 -2.629800e+00 2.800000e+00
      vertex   -1.500000e+00 -2.598076e+00 4.000000e-01
      vertex   -1.700000e+00 -2.471841e+00 2.800000e+00
    endloop
  endfacet
  facet normal 5.337482e-01 8.456435e-01 0.000000e+00
    outer loop
      vertex   -1.700000e+00 -2.471841e+00 2.800000e+00
      vertex   -1.500000e+00 -2.598076e+00 4.000000e-01
      vertex   -1.700000e+00 -2.471841e+00 2.600000e+00
    endloop
  endfacet
  facet normal 5.446385e-01 8.386698e-01 1.390181e-03
    outer loop
      vertex   -1.700000e+00 -2.471841e+00 2.600000e+00
      vertex   -1.500000e+00 -2.598076e+00 4.000000e-01
      vertex   -1.763356e+00 -2.427051e+00 4.000000e-01
    endloop
  endfacet
  facet normal 6.079049e-01 7.940087e-01 -1.341036e-03
    outer loop
      vertex   -1.700000e+00 -2.471841e+00 2.600000e+00
      vertex   -1.763356e+00 -2.427051e+00 4.000000e-01
      vertex   -1.942697e+00 -2.286029e+00 2.600000e+00
    endloop
  endfacet
  facet normal 6.293197e-01 7.771451e-01 1.485638e-03
    outer loop
      vertex   -1.942697e+00 -2.286029e+00 2.600000e+00
      vertex   -1.763356e+00 -2.427051e+00 4.000000e-01
      vertex   -2.007392e+00 -2.229434e+00 4.000000e-01
    endloop
  endfacet
  facet normal 6.855433e-01 7.280304e-01 -1.431191e-03
    outer loop
      vertex   -1.942697e+00 -2.286029e+00 2.600000e+00
      vertex   -2.007392e+00 -2.229434e+00 4.000000e-01
      vertex   -2.165227e+00 -2.076486e+00 2.600000e+00
    endloop
  endfacet
  facet normal 7.071059e-01 7.071059e-01 1.570490e-03
    outer loop
      vertex   -2.165227e+00 -2.076486e+00 2.600000e+00
      vertex   -2.007392e+00 -2.229434e+00 4.000000e-01
      vertex   -2.229434e+00 -2.007392e+00 4.000000e-01
    endloop
  endfacet
  facet normal 7.560652e-01 6.544946e-01 -1.510741e-03
    outer loop
      vertex   -2.165227e+00 -2.076486e+00 2.600000e+00
      vertex   -2.229434e+00 -2.007392e+00 4.000000e-01
      vertex   -2.365279e+00 -1.845387e+00 2.600000e+00
    endloop
  endfacet
  facet normal 7.771449e-01 6.293195e-01 1.644738e-03
    outer loop
      vertex   -2.365279e+00 -1.845387e+00 2.600000e+00
      vertex   -2.229434e+00 -2.007392e+00 4.000000e-01
      vertex   -2.427051e+00 -1.763356e+00 4.000000e-01
    endloop
  endfacet
  facet normal 8.187384e-01 5.741645e-01 -1.579685e-03
    outer loop
      vertex   -2.365279e+00 -1.845387e+00 2.600000e+00
      vertex   -2.427051e+00 -1.763356e+00 4.000000e-01
      vertex   -2.540779e+00 -1.595131e+00 2.600000e+00
    endloop
  endfacet
  facet normal 8.386693e-01 5.446382e-01 1.708379e-03
    outer loop
      vertex   -2.540779e+00 -1.595131e+00 2.600000e+00
      vertex   -2.427051e+00 -1.763356e+00 4.000000e-01
      vertex   -2.598076e+00 -1.500000e+00 4.000000e-01
    endloop
  endfacet
  facet normal 8.729124e-01 4.878742e-01 -1.638024e-03
    outer loop
      vertex   -2.540779e+00 -1.595131e+00 2.600000e+00
      vertex   -2.598076e+00 -1.500000e+00 4.000000e-01
      vertex   -2.689902e+00 -1.328317e+00 2.600000e+00
    endloop
  endfacet
  facet normal 8.910051e-01 4.539898e-01 1.761414e-03
    outer loop
      vertex   -2.689902e+00 -1.328317e+00 2.600000e+00
      vertex   -2.598076e+00 -1.500000e+00 4.000000e-01
      vertex   -2.740636e+00 -1.220210e+00 4.000000e-01
    endloop
  endfacet
  facet normal 9.180248e-01 3.965193e-01 -1.685756e-03
    outer loop
      vertex   -2.689902e+00 -1.328317e+00 2.600000e+00
      vertex   -2.740636e+00 -1.220210e+00 4.000000e-01
      vertex   -2.811102e+00 -1.047713e+00 2.600000e+00
    endloop
  endfacet
  facet normal 9.335789e-01 3.583674e-01 1.803843e-03
    outer loop
      vertex   -2.811102e+00 -1.047713e+00 2.600000e+00
      vertex   -2.740636e+00 -1.220210e+00 4.000000e-01
      vertex   -2.853170e+00 -9.270510e-01 4.000000e-01
    endloop
  endfacet
  facet normal 9.536074e-01 3.010482e-01 -1.722881e-03
    outer loop
      vertex   -2.811102e+00 -1.047713e+00 2.600000e+00
      vertex   -2.853170e+00 -9.270510e-01 4.000000e-01
      vertex   -2.903121e+00 -7.562333e-01 2.600000e+00
    endloop
  endfacet
  facet normal 9.659242e-01 2.588186e-01 1.835665e-03
    outer loop
      vertex   -2.903121e+00 -7.562333e-01 2.600000e+00
      vertex   -2.853170e+00 -9.270510e-01 4.000000e-01
      vertex   -2.934443e+00 -6.237351e-01 4.000000e-01
    endloop
  endfacet
  facet normal 9.792906e-01 2.024520e-01 -1.749399e-03
    outer loop
      vertex   -2.903121e+00 -7.562333e-01 2.600000e+00
      vertex   -2.934443e+00 -6.237351e-01 4.000000e-01
      vertex   -2.965002e+00 -4.569031e-01 2.600000e+00
    endloop
  endfacet
  facet normal 9.876866e-01 1.564342e-01 1.856880e-03
    outer loop
      vertex   -2.965002e+00 -4.569031e-01 2.600000e+00
      vertex   -2.934443e+00 -6.237351e-01 4.000000e-01
      vertex   -2.983566e+00 -3.135854e-01 4.000000e-01
    endloop
  endfacet
  facet normal 9.948080e-01 1.017541e-01 -1.765311e-03
    outer loop
      vertex   -2.965002e+00 -4.569031e-01 2.600000e+00
      vertex   -2.983566e+00 -3.135854e-01 4.000000e-01
      vertex   -2.996105e+00 -1.528299e-01 2.600000e+00
    endloop
  endfacet
  facet normal 9.986278e-01 5.233586e-02 1.867487e-03
    outer loop
      vertex   -2.996105e+00 -1.528299e-01 2.600000e+00
      vertex   -2.983566e+00 -3.135854e-01 4.000000e-01
      vertex   -3.000000e+00 -3.673940e-16 4.000000e-01
    endloop
  endfacet
  facet normal 9.999984e-01 0.000000e+00 -1.770614e-03
    outer loop
      vertex   -2.996105e+00 -1.528299e-01 2.600000e+00
      vertex   -3.000000e+00 -3.673940e-16 4.000000e-01
      vertex   -2.996105e+00 1.528299e-01 2.600000e+00
    endloop
  endfacet
  facet normal 9.986278e-01 -5.233586e-02 1.867487e-03
    outer loop
      vertex   -2.996105e+00 1.528299e-01 2.600000e+00
      vertex   -3.000000e+00 -3.673940e-16 4.000000e-01
      vertex   -2.983566e+00 3.135854e-01 4.000000e-01
    endloop
  endfacet
  facet normal 9.948080e-01 -1.017541e-01 -1.765311e-03
    outer loop
      vertex   -2.996105e+00 1.528299e-01 2.600000e+00
      vertex   -2.983566e+00 3.135854e-01 4.000000e-01
      vertex   -2.965002e+00 4.569031e-01 2.600000e+00
    endloop
  endfacet
  facet normal 9.876866e-01 -1.564342e-01 1.856880e-03
    outer loop
      vertex   -2.965002e+00 4.569031e-01 2.600000e+00
      vertex   -2.983566e+00 3.135854e-01 4.000000e-01
      vertex   -2.934443e+00 6.237351e-01 4.000000e-01
    endloop
  endfacet
  facet normal 9.792906e-01 -2.024520e-01 -1.749399e-03
    outer loop
      vertex   -2.965002e+00 4.569031e-01 2.600000e+00
      vertex   -2.934443e+00 6.237351e-01 4.000000e-01
      vertex   -2.903121e+00 7.562333e-01 2.600000e+00
    endloop
  endfacet
  facet normal 9.659242e-01 -2.588186e-01 1.835665e-03
    outer loop
      vertex   -2.903121e+00 7.562333e-01 2.600000e+00
      vertex   -2.934443e+00 6.237351e-01 4.000000e-01
      vertex   -2.853170e+00 9.270510e-01 4.000000e-01
    endloop
  endfacet
  facet normal 9.536074e-01 -3.010482e-01 -1.722881e-03
    outer loop
      vertex   -2.903121e+00 7.562333e-01 2.600000e+00
      vertex   -2.853170e+00 9.270510e-01 4.000000e-01
      vertex   -2.811102e+00 1.047713e+00 2.600000e+00
    endloop
  endfacet
  facet normal 9.335789e-01 -3.583674e-01 1.803843e-03
    outer loop
      vertex   -2.811102e+00 1.047713e+00 2.600000e+00
      vertex   -2.853170e+00 9.270510e-01 4.000000e-01
      vertex   -2.740636e+00 1.220210e+00 4.000000e-01
    endloop
  endfacet
  facet normal 9.180248e-01 -3.965193e-01 -1.685756e-03
    outer loop
      vertex   -2.811102e+00 1.047713e+00 2.600000e+00
      vertex   -2.740636e+00 1.220210e+00 4.000000e-01
      vertex   -2.689902e+00 1.328317e+00 2.600000e+00
    endloop
  endfacet
  facet normal 8.910051e-01 -4.539898e-01 1.761414e-03
    outer loop
      vertex   -2.689902e+00 1.328317e+00 2.600000e+00
      vertex   -2.740636e+00 1.220210e+00 4.000000e-01
      vertex   -2.598076e+00 1.500000e+00 4.000000e-01
    endloop
  endfacet
  facet normal 8.729124e-01 -4.878742e-01 -1.638024e-03
    outer loop
      vertex   -2.689902e+00 1.328317e+00 2.600000e+00
      vertex   -2.598076e+00 1.500000e+00 4.000000e-01
      vertex   -2.540779e+00 1.595131e+00 2.600000e+00
    endloop
  endfacet
  facet normal 8.386693e-01 -5.446382e-01 1.708379e-03
    outer loop
      vertex   -2.540779e+00 1.595131e+00 2.600000e+00
      vertex   -2.598076e+00 1.500000e+00 4.000000e-01
      vertex   -2.427051e+00 1.763356e+00 4.000000e-01
    endloop
  endfacet
  facet normal 8.187384e-01 -5.741645e-01 -1.579685e-03
    outer loop
      vertex   -2.540779e+00 1.595131e+00 2.600000e+00
      vertex   -2.427051e+00 1.763356e+00 4.000000e-01
      vertex   -2.365279e+00 1.845387e+00 2.600000e+00
    endloop
  endfacet
  facet normal 7.771449e-01 -6.293195e-01 1.644738e-03
    outer loop
      vertex   -2.365279e+00 1.845387e+00 2.600000e+00
      vertex   -2.427051e+00 1.763356e+00 4.000000e-01
      vertex   -2.229434e+00 2.007392e+00 4.000000e-01
    endloop
  endfacet
  facet normal 7.560652e-01 -6.544946e-01 -1.510741e-03
    outer loop
      vertex   -2.365279e+00 1.845387e+00 2.600000e+00
      vertex   -2.229434e+00 2.007392e+00 4.000000e-01
      vertex   -2.165227e+00 2.076486e+00 2.600000e+00
    endloop
  endfacet
  facet normal 7.071059e-01 -7.071059e-01 1.570490e-03
    outer loop
      vertex   -2.165227e+00 2.076486e+00 2.600000e+00
      vertex   -2.229434e+00 2.007392e+00 4.000000e-01
      vertex   -2.007392e+00 2.229434e+00 4.000000e-01
    endloop
  endfacet
  facet normal 6.855433e-01 -7.280304e-01 -1.431191e-03
    outer loop
      vertex   -2.165227e+00 2.076486e+00 2.600000e+00
      vertex   -2.007392e+00 2.229434e+00 4.000000e-01
      vertex   -1.942697e+00 2.286029e+00 2.600000e+00
    endloop
  endfacet
  facet normal 6.293197e-01 -7.771451e-01 1.485638e-03
    outer loop
      vertex   -1.942697e+00 2.286029e+00 2.600000e+00
      vertex   -2.007392e+00 2.229434e+00 4.000000e-01
      vertex   -1.763356e+00 2.427051e+00 4.000000e-01
    endloop
  endfacet
  facet normal 7.071068e-01 1.752613e-17 -7.071068e-01
    outer loop
      vertex   9.600000e+00 -5.834315e+00 0.000000e+00
      vertex   9.600000e+00 6.583431e+01 0.000000e+00
      vertex   1.000000e+01 -6.000000e+00 4.000000e-01
    endloop
  endfacet
  facet normal 7.071068e-01 0.000000e+00 -7.071068e-01
    outer loop
      vertex   1.000000e+01 -6.000000e+00 4.000000e-01
      vertex   9.600000e+00 6.583431e+01 0.000000e+00
      vertex   1.000000e+01 6.600000e+01 4.000000e-01
    endloop
  endfacet
  facet normal -7.071068e-01 -0.000000e+00 -7.071068e-01
    outer loop
      vertex   -1.000000e+01 6.600000e+01 4.000000e-01
      vertex   -9.600000e+00 6.583431e+01 0.000000e+00
      vertex   -1.000000e+01 -6.000000e+00 4.000000e-01
    endloop
  endfacet
  facet normal -7.071068e-01 -1.779998e-17 -7.071068e-01
    outer loop
      vertex   -1.000000e+01 -6.000000e+00 4.000000e-01
      vertex   -9.600000e+00 6.583431e+01 0.000000e+00
      vertex   -9.600000e+00 -5.834315e+00 0.000000e+00
    endloop
  endfacet
  facet normal 0.000000e+00 7.071068e-01 -7.071068e-01
    outer loop
      vertex   5.834315e+00 6.960000e+01 0.000000e+00
      vertex   -5.834315e+00 6.960000e+01 0.000000e+00
      vertex   6.000000e+00 7.000000e+01 4.000000e-01
    endloop
  endfacet
  facet normal 0.000000e+00 7.071068e-01 -7.071068e-01
    outer loop
      vertex   6.000000e+00 7.000000e+01 4.000000e-01
      vertex   -5.834315e+00 6.960000e+01 0.000000e+00
      vertex   -6.000000e+00 7.000000e+01 4.000000e-01
    endloop
  endfacet
  facet normal -5.000000e-01 5.000000e-01 -7.071068e-01
    outer loop
      vertex   -1.000000e+01 6.600000e+01 4.000000e-01
      vertex   -6.000000e+00 7.000000e+01 4.000000e-01
      vertex   -9.600000e+00 6.583431e+01 0.000000e+00
    endloop
  endfacet
  facet normal -5.000000e-01 5.000000e-01 -7.071068e-01
    outer loop
      vertex   -9.600000e+00 6.583431e+01 0.000000e+00
      vertex   -6.000000e+00 7.000000e+01 4.000000e-01
      vertex   -5.834315e+00 6.960000e+01 0.000000e+00
    endloop
  endfacet
  facet normal 5.000000e-01 5.000000e-01 -7.071068e-01
    outer loop
      vertex   5.834315e+00 6.960000e+01 0.000000e+00
      vertex   6.000000e+00 7.000000e+01 4.000000e-01
      vertex   9.600000e+00 6.583431e+01 0.000000e+00
    endloop
  endfacet
  facet normal 5.000000e-01 5.000000e-01 -7.071068e-01
    outer loop
      vertex   9.600000e+00 6.583431e+01 0.000000e+00
      vertex   6.000000e+00 7.000000e+01 4.000000e-01
      vertex   1.000000e+01 6.600000e+01 4.000000e-01
    endloop
  endfacet
  facet normal -5.000000e-01 -5.000000e-01 -7.071068e-01
    outer loop
      vertex   -1.000000e+01 -6.000000e+00 4.000000e-01
      vertex   -9.600000e+00 -5.834315e+00 0.000000e+00
      vertex   -6.000000e+00 -1.000000e+01 4.000000e-01
    endloop
  endfacet
  facet normal -5.000000e-01 -5.000000e-01 -7.071068e-01
    outer loop
      vertex   -6.000000e+00 -1.000000e+01 4.000000e-01
      vertex   -9.600000e+00 -5.834315e+00 0.000000e+00
      vertex   -5.834315e+00 -9.600000e+00 0.000000e+00
    endloop
  endfacet
  facet normal -0.000000e+00 -7.071068e-01 -7.071068e-01
    outer loop
      vertex   6.000000e+00 -1.000000e+01 4.000000e-01
      vertex   -6.000000e+00 -1.000000e+01 4.000000e-01
      vertex   5.834315e+00 -9.600000e+00 0.000000e+00
    endloop
  endfacet
  facet normal -1.076454e-16 -7.071068e-01 -7.071068e-01
    outer loop
      vertex   5.834315e+00 -9.600000e+00 0.000000e+00
      vertex   -6.000000e+00 -1.000000e+01 4.000000e-01
      vertex   -5.834315e+00 -9.600000e+00 0.000000e+00
    endloop
  endfacet
  facet normal 5.000000e-01 -5.000000e-01 -7.071068e-01
    outer loop
      vertex   1.000000e+01 -6.000000e+00 4.000000e-01
      vertex   6.000000e+00 -1.000000e+01 4.000000e-01
      vertex   9.600000e+00 -5.834315e+00 0.000000e+00
    endloop
  endfacet
  facet normal 5.000000e-01 -5.000000e-01 -7.071068e-01
    outer loop
      vertex   9.600000e+00 -5.834315e+00 0.000000e+00
      vertex   6.000000e+00 -1.000000e+01 4.000000e-01
      vertex   5.834315e+00 -9.600000e+00 0.000000e+00
    endloop
  endfacet
  facet normal 7.071068e-01 -7.071068e-01 0.000000e+00
    outer loop
      vertex   1.000000e+01 -6.000000e+00 4.000000e-01
      vertex   1.000000e+01 -6.000000e+00 7.600000e+00
      vertex   6.000000e+00 -1.000000e+01 4.000000e-01
    endloop
  endfacet
  facet normal 7.071068e-01 -7.071068e-01 0.000000e+00
    outer loop
      vertex   6.000000e+00 -1.000000e+01 4.000000e-01
      vertex   1.000000e+01 -6.000000e+00 7.600000e+00
      vertex   6.000000e+00 -1.000000e+01 7.600000e+00
    endloop
  endfacet
  facet normal 1.000000e+00 0.000000e+00 0.000000e+00
    outer loop
      vertex   1.000000e+01 -6.000000e+00 4.000000e-01
      vertex   1.000000e+01 6.600000e+01 4.000000e-01
      vertex   1.000000e+01 -6.000000e+00 7.600000e+00
    endloop
  endfacet
  facet normal 1.000000e+00 -0.000000e+00 0.000000e+00
    outer loop
      vertex   1.000000e+01 -6.000000e+00 7.600000e+00
      vertex   1.000000e+01 6.600000e+01 4.000000e-01
      vertex   1.000000e+01 6.600000e+01 7.600000e+00
    endloop
  endfacet
  facet normal 7.071068e-01 7.071068e-01 -0.000000e+00
    outer loop
      vertex   6.000000e+00 7.000000e+01 4.000000e-01
      vertex   6.000000e+00 7.000000e+01 7.600000e+00
      vertex   1.000000e+01 6.600000e+01 4.000000e-01
    endloop
  endfacet
  facet normal 7.071068e-01 7.071068e-01 -0.000000e+00
    outer loop
      vertex   1.000000e+01 6.600000e+01 4.000000e-01
      vertex   6.000000e+00 7.000000e+01 7.600000e+00
      vertex   1.000000e+01 6.600000e+01 7.600000e+00
    endloop
  endfacet
  facet normal 0.000000e+00 1.000000e+00 -0.000000e+00
    outer loop
      vertex   6.000000e+00 7.000000e+01 4.000000e-01
      vertex   -6.000000e+00 7.000000e+01 4.000000e-01
      vertex   6.000000e+00 7.000000e+01 7.600000e+00
    endloop
  endfacet
  facet normal 0.000000e+00 1.000000e+00 0.000000e+00
    outer loop
      vertex   6.000000e+00 7.000000e+01 7.600000e+00
      vertex   -6.000000e+00 7.000000e+01 4.000000e-01
      vertex   -6.000000e+00 7.000000e+01 7.600000e+00
    endloop
  endfacet
  facet normal 0.000000e+00 -7.071068e-01 7.071068e-01
    outer loop
      vertex   3.165685e+00 6.740000e+01 8.000000e+00
      vertex   -3.165685e+00 6.740000e+01 8.000000e+00
      vertex   3.000000e+00 6.700000e+01 7.600000e+00
    endloop
  endfacet
  facet normal 0.000000e+00 -7.071068e-01 7.071068e-01
    outer loop
      vertex   3.000000e+00 6.700000e+01 7.600000e+00
      vertex   -3.165685e+00 6.740000e+01 8.000000e+00
      vertex   -3.000000e+00 6.700000e+01 7.600000e+00
    endloop
  endfacet
  facet normal 5.000000e-01 -5.000000e-01 7.071068e-01
    outer loop
      vertex   -7.400000e+00 6.316569e+01 8.000000e+00
      vertex   -7.000000e+00 6.300000e+01 7.600000e+00
      vertex   -3.165685e+00 6.740000e+01 8.000000e+00
    endloop
  endfacet
  facet normal 5.000000e-01 -5.000000e-01 7.071068e-01
    outer loop
      vertex   -3.165685e+00 6.740000e+01 8.000000e+00
      vertex   -7.000000e+00 6.300000e+01 7.600000e+00
      vertex   -3.000000e+00 6.700000e+01 7.600000e+00
    endloop
  endfacet
  facet normal 7.071068e-01 0.000000e+00 7.071068e-01
    outer loop
      vertex   -7.400000e+00 6.316569e+01 8.000000e+00
      vertex   -7.400000e+00 1.683431e+01 8.000000e+00
      vertex   -7.000000e+00 6.300000e+01 7.600000e+00
    endloop
  endfacet
  facet normal 7.071068e-01 0.000000e+00 7.071068e-01
    outer loop
      vertex   -7.000000e+00 6.300000e+01 7.600000e+00
      vertex   -7.400000e+00 1.683431e+01 8.000000e+00
      vertex   -7.000000e+00 1.700000e+01 7.600000e+00
    endloop
  endfacet
  facet normal 5.000000e-01 5.000000e-01 7.071068e-01
    outer loop
      vertex   -3.000000e+00 1.300000e+01 7.600000e+00
      vertex   -7.000000e+00 1.700000e+01 7.600000e+00
      vertex   -3.165685e+00 1.260000e+01 8.000000e+00
    endloop
  endfacet
  facet normal 5.000000e-01 5.000000e-01 7.071068e-01
    outer loop
      vertex   -3.165685e+00 1.260000e+01 8.000000e+00
      vertex   -7.000000e+00 1.700000e+01 7.600000e+00
      vertex   -7.400000e+00 1.683431e+01 8.000000e+00
    endloop
  endfacet
  facet normal 0.000000e+00 7.071068e-01 7.071068e-01
    outer loop
      vertex   3.000000e+00 1.300000e+01 7.600000e+00
      vertex   -3.000000e+00 1.300000e+01 7.600000e+00
      vertex   3.165685e+00 1.260000e+01 8.000000e+00
    endloop
  endfacet
  facet normal 1.983889e-16 7.071068e-01 7.071068e-01
    outer loop
      vertex   3.165685e+00 1.260000e+01 8.000000e+00
      vertex   -3.000000e+00 1.300000e+01 7.600000e+00
      vertex   -3.165685e+00 1.260000e+01 8.000000e+00
    endloop
  endfacet
  facet normal -5.000000e-01 5.000000e-01 7.071068e-01
    outer loop
      vertex   3.000000e+00 1.300000e+01 7.600000e+00
      vertex   3.165685e+00 1.260000e+01 8.000000e+00
      vertex   7.000000e+00 1.700000e+01 7.600000e+00
    endloop
  endfacet
  facet normal -5.000000e-01 5.000000e-01 7.071068e-01
    outer loop
      vertex   7.000000e+00 1.700000e+01 7.600000e+00
      vertex   3.165685e+00 1.260000e+01 8.000000e+00
      vertex   7.400000e+00 1.683431e+01 8.000000e+00
    endloop
  endfacet
  facet normal -7.071068e-01 0.000000e+00 7.071068e-01
    outer loop
      vertex   7.000000e+00 1.700000e+01 7.600000e+00
      vertex   7.400000e+00 1.683431e+01 8.000000e+00
      vertex   7.000000e+00 6.300000e+01 7.600000e+00
    endloop
  endfacet
  facet normal -7.071068e-01 0.000000e+00 7.071068e-01
    outer loop
      vertex   7.000000e+00 6.300000e+01 7.600000e+00
      vertex   7.400000e+00 1.683431e+01 8.000000e+00
      vertex   7.400000e+00 6.316569e+01 8.000000e+00
    endloop
  endfacet
  facet normal -5.000000e-01 -5.000000e-01 7.071068e-01
    outer loop
      vertex   3.000000e+00 6.700000e+01 7.600000e+00
      vertex   7.000000e+00 6.300000e+01 7.600000e+00
      vertex   3.165685e+00 6.740000e+01 8.000000e+00
    endloop
  endfacet
  facet normal -5.000000e-01 -5.000000e-01 7.071068e-01
    outer loop
      vertex   3.165685e+00 6.740000e+01 8.000000e+00
      vertex   7.000000e+00 6.300000e+01 7.600000e+00
      vertex   7.400000e+00 6.316569e+01 8.000000e+00
    endloop
  endfacet
  facet normal 0.000000e+00 -1.000000e+00 0.000000e+00
    outer loop
      vertex   -3.000000e+00 6.700000e+01 4.000000e-01
      vertex   3.000000e+00 6.700000e+01 4.000000e-01
      vertex   -3.000000e+00 6.700000e+01 7.600000e+00
    endloop
  endfacet
  facet normal 0.000000e+00 -1.000000e+00 0.000000e+00
    outer loop
      vertex   -3.000000e+00 6.700000e+01 7.600000e+00
      vertex   3.000000e+00 6.700000e+01 4.000000e-01
      vertex   3.000000e+00 6.700000e+01 7.600000e+00
    endloop
  endfacet
  facet normal 0.000000e+00 0.000000e+00 1.000000e+00
    outer loop
      vertex   -9.600000e+00 -5.834315e+00 8.000000e+00
      vertex   -9.000000e+00 4.500000e+00 8.000000e+00
      vertex   -9.600000e+00 6.583431e+01 8.000000e+00
    endloop
  endfacet
  facet normal 0.000000e+00 0.000000e+00 1.000000e+00
    outer loop
      vertex   -9.600000e+00 6.583431e+01 8.000000e+00
      vertex   -9.000000e+00 4.500000e+00 8.000000e+00
      vertex   -7.400000e+00 1.683431e+01 8.000000e+00
    endloop
  endfacet
  facet normal 0.000000e+00 0.000000e+00 1.000000e+00
    outer loop
      vertex   -9.600000e+00 6.583431e+01 8.000000e+00
      vertex   -7.400000e+00 1.683431e+01 8.000000e+00
      vertex   -7.400000e+00 6.316569e+01 8.000000e+00
    endloop
  endfacet
  facet normal 0.000000e+00 0.000000e+00 1.000000e+00
    outer loop
      vertex   -9.000000e+00 4.500000e+00 8.000000e+00
      vertex   -9.600000e+00 -5.834315e+00 8.000000e+00
      vertex   -9.000000e+00 -4.500000e+00 8.000000e+00
    endloop
  endfacet
  facet normal 0.000000e+00 0.000000e+00 1.000000e+00
    outer loop
      vertex   -9.000000e+00 -4.500000e+00 8.000000e+00
      vertex   -9.600000e+00 -5.834315e+00 8.000000e+00
      vertex   -5.834315e+00 -9.600000e+00 8.000000e+00
    endloop
  endfacet
  facet normal 0.000000e+00 0.000000e+00 1.000000e+00
    outer loop
      vertex   -9.000000e+00 -4.500000e+00 8.000000e+00
      vertex   -5.834315e+00 -9.600000e+00 8.000000e+00
      vertex   5.834315e+00 -9.600000e+00 8.000000e+00
    endloop
  endfacet
  facet normal -0.000000e+00 0.000000e+00 1.000000e+00
    outer loop
      vertex   -9.000000e+00 -4.500000e+00 8.000000e+00
      vertex   5.834315e+00 -9.600000e+00 8.000000e+00
      vertex   9.000000e+00 -4.500000e+00 8.000000e+00
    endloop
  endfacet
  facet normal 0.000000e+00 0.000000e+00 1.000000e+00
    outer loop
      vertex   9.000000e+00 -4.500000e+00 8.000000e+00
      vertex   5.834315e+00 -9.600000e+00 8.000000e+00
      vertex   9.600000e+00 -5.834315e+00 8.000000e+00
    endloop
  endfacet
  facet normal -0.000000e+00 0.000000e+00 1.000000e+00
    outer loop
      vertex   9.000000e+00 -4.500000e+00 8.000000e+00
      vertex   9.600000e+00 -5.834315e+00 8.000000e+00
      vertex   9.000000e+00 4.500000e+00 8.000000e+00
    endloop
  endfacet
  facet normal -0.000000e+00 0.000000e+00 1.000000e+00
    outer loop
      vertex   9.000000e+00 4.500000e+00 8.000000e+00
      vertex   9.600000e+00 -5.834315e+00 8.000000e+00
      vertex   9.600000e+00 6.583431e+01 8.000000e+00
    endloop
  endfacet
  facet normal 0.000000e+00 -0.000000e+00 1.000000e+00
    outer loop
      vertex   9.000000e+00 4.500000e+00 8.000000e+00
      vertex   9.600000e+00 6.583431e+01 8.000000e+00
      vertex   7.400000e+00 1.683431e+01 8.000000e+00
    endloop
  endfacet
  facet normal 0.000000e+00 0.000000e+00 1.000000e+00
    outer loop
      vertex   7.400000e+00 1.683431e+01 8.000000e+00
      vertex   9.600000e+00 6.583431e+01 8.000000e+00
      vertex   7.400000e+00 6.316569e+01 8.000000e+00
    endloop
  endfacet
  facet normal 0.000000e+00 -0.000000e+00 1.000000e+00
    outer loop
      vertex   7.400000e+00 6.316569e+01 8.000000e+00
      vertex   9.600000e+00 6.583431e+01 8.000000e+00
      vertex   5.834315e+00 6.960000e+01 8.000000e+00
    endloop
  endfacet
  facet normal 0.000000e+00 0.000000e+00 1.000000e+00
    outer loop
      vertex   7.400000e+00 6.316569e+01 8.000000e+00
      vertex   5.834315e+00 6.960000e+01 8.000000e+00
      vertex   3.165685e+00 6.740000e+01 8.000000e+00
    endloop
  endfacet
  facet normal 0.000000e+00 -0.000000e+00 1.000000e+00
    outer loop
      vertex   3.165685e+00 6.740000e+01 8.000000e+00
      vertex   5.834315e+00 6.960000e+01 8.000000e+00
      vertex   -5.834315e+00 6.960000e+01 8.000000e+00
    endloop
  endfacet
  facet normal 0.000000e+00 0.000000e+00 1.000000e+00
    outer loop
      vertex   3.165685e+00 6.740000e+01 8.000000e+00
      vertex   -5.834315e+00 6.960000e+01 8.000000e+00
      vertex   -3.165685e+00 6.740000e+01 8.000000e+00
    endloop
  endfacet
  facet normal 0.000000e+00 0.000000e+00 1.000000e+00
    outer loop
      vertex   -3.165685e+00 6.740000e+01 8.000000e+00
      vertex   -5.834315e+00 6.960000e+01 8.000000e+00
      vertex   -7.400000e+00 6.316569e+01 8.000000e+00
    endloop
  endfacet
  facet normal 0.000000e+00 -0.000000e+00 1.000000e+00
    outer loop
      vertex   -7.400000e+00 6.316569e+01 8.000000e+00
      vertex   -5.834315e+00 6.960000e+01 8.000000e+00
      vertex   -9.600000e+00 6.583431e+01 8.000000e+00
    endloop
  endfacet
  facet normal 0.000000e+00 0.000000e+00 1.000000e+00
    outer loop
      vertex   -7.400000e+00 1.683431e+01 8.000000e+00
      vertex   -9.000000e+00 4.500000e+00 8.000000e+00
      vertex   -3.165685e+00 1.260000e+01 8.000000e+00
    endloop
  endfacet
  facet normal 0.000000e+00 0.000000e+00 1.000000e+00
    outer loop
      vertex   -3.165685e+00 1.260000e+01 8.000000e+00
      vertex   -9.000000e+00 4.500000e+00 8.000000e+00
      vertex   9.000000e+00 4.500000e+00 8.000000e+00
    endloop
  endfacet
  facet normal 0.000000e+00 0.000000e+00 1.000000e+00
    outer loop
      vertex   -3.165685e+00 1.260000e+01 8.000000e+00
      vertex   9.000000e+00 4.500000e+00 8.000000e+00
      vertex   3.165685e+00 1.260000e+01 8.000000e+00
    endloop
  endfacet
  facet normal -0.000000e+00 0.000000e+00 1.000000e+00
    outer loop
      vertex   3.165685e+00 1.260000e+01 8.000000e+00
      vertex   9.000000e+00 4.500000e+00 8.000000e+00
      vertex   7.400000e+00 1.683431e+01 8.000000e+00
    endloop
  endfacet
  facet normal -7.071068e-01 1.752613e-17 7.071068e-01
    outer loop
      vertex   -9.600000e+00 -5.834315e+00 8.000000e+00
      vertex   -9.600000e+00 6.583431e+01 8.000000e+00
      vertex   -1.000000e+01 -6.000000e+00 7.600000e+00
    endloop
  endfacet
  facet normal -7.071068e-01 0.000000e+00 7.071068e-01
    outer loop
      vertex   -1.000000e+01 -6.000000e+00 7.600000e+00
      vertex   -9.600000e+00 6.583431e+01 8.000000e+00
      vertex   -1.000000e+01 6.600000e+01 7.600000e+00
    endloop
  endfacet
  facet normal -5.000000e-01 5.000000e-01 7.071068e-01
    outer loop
      vertex   -5.834315e+00 6.960000e+01 8.000000e+00
      vertex   -6.000000e+00 7.000000e+01 7.600000e+00
      vertex   -9.600000e+00 6.583431e+01 8.000000e+00
    endloop
  endfacet
  facet normal -5.000000e-01 5.000000e-01 7.071068e-01
    outer loop
      vertex   -9.600000e+00 6.583431e+01 8.000000e+00
      vertex   -6.000000e+00 7.000000e+01 7.600000e+00
      vertex   -1.000000e+01 6.600000e+01 7.600000e+00
    endloop
  endfacet
  facet normal -0.000000e+00 7.071068e-01 7.071068e-01
    outer loop
      vertex   -5.834315e+00 6.960000e+01 8.000000e+00
      vertex   5.834315e+00 6.960000e+01 8.000000e+00
      vertex   -6.000000e+00 7.000000e+01 7.600000e+00
    endloop
  endfacet
  facet normal -0.000000e+00 7.071068e-01 7.071068e-01
    outer loop
      vertex   -6.000000e+00 7.000000e+01 7.600000e+00
      vertex   5.834315e+00 6.960000e+01 8.000000e+00
      vertex   6.000000e+00 7.000000e+01 7.600000e+00
    endloop
  endfacet
  facet normal 5.000000e-01 5.000000e-01 7.071068e-01
    outer loop
      vertex   5.834315e+00 6.960000e+01 8.000000e+00
      vertex   9.600000e+00 6.583431e+01 8.000000e+00
      vertex   6.000000e+00 7.000000e+01 7.600000e+00
    endloop
  endfacet
  facet normal 5.000000e-01 5.000000e-01 7.071068e-01
    outer loop
      vertex   6.000000e+00 7.000000e+01 7.600000e+00
      vertex   9.600000e+00 6.583431e+01 8.000000e+00
      vertex   1.000000e+01 6.600000e+01 7.600000e+00
    endloop
  endfacet
  facet normal 7.071068e-01 1.752613e-17 7.071068e-01
    outer loop
      vertex   9.600000e+00 -5.834315e+00 8.000000e+00
      vertex   1.000000e+01 -6.000000e+00 7.600000e+00
      vertex   9.600000e+00 6.583431e+01 8.000000e+00
    endloop
  endfacet
  facet normal 7.071068e-01 0.000000e+00 7.071068e-01
    outer loop
      vertex   9.600000e+00 6.583431e+01 8.000000e+00
      vertex   1.000000e+01 -6.000000e+00 7.600000e+00
      vertex   1.000000e+01 6.600000e+01 7.600000e+00
    endloop
  endfacet
  facet normal 5.000000e-01 -5.000000e-01 7.071068e-01
    outer loop
      vertex   1.000000e+01 -6.000000e+00 7.600000e+00
      vertex   9.600000e+00 -5.834315e+00 8.000000e+00
      vertex   6.000000e+00 -1.000000e+01 7.600000e+00
    endloop
  endfacet
  facet normal 5.000000e-01 -5.000000e-01 7.071068e-01
    outer loop
      vertex   6.000000e+00 -1.000000e+01 7.600000e+00
      vertex   9.600000e+00 -5.834315e+00 8.000000e+00
      vertex   5.834315e+00 -9.600000e+00 8.000000e+00
    endloop
  endfacet
  facet normal 0.000000e+00 -7.071068e-01 7.071068e-01
    outer loop
      vertex   -6.000000e+00 -1.000000e+01 7.600000e+00
      vertex   6.000000e+00 -1.000000e+01 7.600000e+00
      vertex   -5.834315e+00 -9.600000e+00 8.000000e+00
    endloop
  endfacet
  facet normal 1.076454e-16 -7.071068e-01 7.071068e-01
    outer loop
      vertex   -5.834315e+00 -9.600000e+00 8.000000e+00
      vertex   6.000000e+00 -1.000000e+01 7.600000e+00
      vertex   5.834315e+00 -9.600000e+00 8.000000e+00
    endloop
  endfacet
  facet normal -5.000000e-01 -5.000000e-01 7.071068e-01
    outer loop
      vertex   -1.000000e+01 -6.000000e+00 7.600000e+00
      vertex   -6.000000e+00 -1.000000e+01 7.600000e+00
      vertex   -9.600000e+00 -5.834315e+00 8.000000e+00
    endloop
  endfacet
  facet normal -5.000000e-01 -5.000000e-01 7.071068e-01
    outer loop
      vertex   -9.600000e+00 -5.834315e+00 8.000000e+00
      vertex   -6.000000e+00 -1.000000e+01 7.600000e+00
      vertex   -5.834315e+00 -9.600000e+00 8.000000e+00
    endloop
  endfacet
  facet normal 0.000000e+00 -1.000000e+00 0.000000e+00
    outer loop
      vertex   -6.000000e+00 -1.000000e+01 4.000000e-01
      vertex   6.000000e+00 -1.000000e+01 4.000000e-01
      vertex   -6.000000e+00 -1.000000e+01 7.600000e+00
    endloop
  endfacet
  facet normal 0.000000e+00 -1.000000e+00 0.000000e+00
    outer loop
      vertex   -6.000000e+00 -1.000000e+01 7.600000e+00
      vertex   6.000000e+00 -1.000000e+01 4.000000e-01
      vertex   6.000000e+00 -1.000000e+01 7.600000e+00
    endloop
  endfacet
  facet normal -7.071068e-01 -7.071068e-01 0.000000e+00
    outer loop
      vertex   -6.000000e+00 -1.000000e+01 4.000000e-01
      vertex   -6.000000e+00 -1.000000e+01 7.600000e+00
      vertex   -1.000000e+01 -6.000000e+00 4.000000e-01
    endloop
  endfacet
  facet normal -7.071068e-01 -7.071068e-01 0.000000e+00
    outer loop
      vertex   -1.000000e+01 -6.000000e+00 4.000000e-01
      vertex   -6.000000e+00 -1.000000e+01 7.600000e+00
      vertex   -1.000000e+01 -6.000000e+00 7.600000e+00
    endloop
  endfacet
  facet normal -1.000000e+00 0.000000e+00 0.000000e+00
    outer loop
      vertex   -1.000000e+01 6.600000e+01 4.000000e-01
      vertex   -1.000000e+01 -6.000000e+00 4.000000e-01
      vertex   -1.000000e+01 6.600000e+01 7.600000e+00
    endloop
  endfacet
  facet normal -1.000000e+00 -0.000000e+00 0.000000e+00
    outer loop
      vertex   -1.000000e+01 6.600000e+01 7.600000e+00
      vertex   -1.000000e+01 -6.000000e+00 4.000000e-01
      vertex   -1.000000e+01 -6.000000e+00 7.600000e+00
    endloop
  endfacet
  facet normal 7.071068e-01 7.071068e-01 -0.000000e+00
    outer loop
      vertex   -7.000000e+00 1.700000e+01 4.000000e-01
      vertex   -7.000000e+00 1.700000e+01 7.600000e+00
      vertex   -3.000000e+00 1.300000e+01 4.000000e-01
    endloop
  endfacet
  facet normal 7.071068e-01 7.071068e-01 -0.000000e+00
    outer loop
      vertex   -3.000000e+00 1.300000e+01 4.000000e-01
      vertex   -7.000000e+00 1.700000e+01 7.600000e+00
      vertex   -3.000000e+00 1.300000e+01 7.600000e+00
    endloop
  endfacet
  facet normal 1.000000e+00 0.000000e+00 0.000000e+00
    outer loop
      vertex   -7.000000e+00 1.700000e+01 4.000000e-01
      vertex   -7.000000e+00 6.300000e+01 4.000000e-01
      vertex   -7.000000e+00 1.700000e+01 7.600000e+00
    endloop
  endfacet
  facet normal 1.000000e+00 -0.000000e+00 0.000000e+00
    outer loop
      vertex   -7.000000e+00 1.700000e+01 7.600000e+00
      vertex   -7.000000e+00 6.300000e+01 4.000000e-01
      vertex   -7.000000e+00 6.300000e+01 7.600000e+00
    endloop
  endfacet
  facet normal 7.071068e-01 -7.071068e-01 0.000000e+00
    outer loop
      vertex   -3.000000e+00 6.700000e+01 4.000000e-01
      vertex   -3.000000e+00 6.700000e+01 7.600000e+00
      vertex   -7.000000e+00 6.300000e+01 4.000000e-01
    endloop
  endfacet
  facet normal 7.071068e-01 -7.071068e-01 0.000000e+00
    outer loop
      vertex   -7.000000e+00 6.300000e+01 4.000000e-01
      vertex   -3.000000e+00 6.700000e+01 7.600000e+00
      vertex   -7.000000e+00 6.300000e+01 7.600000e+00
    endloop
  endfacet
  facet normal -7.071068e-01 7.071068e-01 0.000000e+00
    outer loop
      vertex   -1.000000e+01 6.600000e+01 4.000000e-01
      vertex   -1.000000e+01 6.600000e+01 7.600000e+00
      vertex   -6.000000e+00 7.000000e+01 4.000000e-01
    endloop
  endfacet
  facet normal -7.071068e-01 7.071068e-01 0.000000e+00
    outer loop
      vertex   -6.000000e+00 7.000000e+01 4.000000e-01
      vertex   -1.000000e+01 6.600000e+01 7.600000e+00
      vertex   -6.000000e+00 7.000000e+01 7.600000e+00
    endloop
  endfacet
  facet normal 2.750996e-16 3.593185e-16 -1.000000e+00
    outer loop
      vertex   1.700000e+00 2.471841e+00 2.600000e+00
      vertex   1.942697e+00 2.286029e+00 2.600000e+00
      vertex   1.700000e+00 -2.471841e+00 2.600000e+00
    endloop
  endfacet
  facet normal -2.974602e-16 3.885245e-16 -1.000000e+00
    outer loop
      vertex   1.700000e+00 -2.471841e+00 2.600000e+00
      vertex   1.942697e+00 2.286029e+00 2.600000e+00
      vertex   1.942697e+00 -2.286029e+00 2.600000e+00
    endloop
  endfacet
  facet normal -3.658506e-16 3.885245e-16 -1.000000e+00
    outer loop
      vertex   1.942697e+00 -2.286029e+00 2.600000e+00
      vertex   1.942697e+00 2.286029e+00 2.600000e+00
      vertex   2.165227e+00 -2.076486e+00 2.600000e+00
    endloop
  endfacet
  facet normal 4.027695e-16 4.277315e-16 -1.000000e+00
    outer loop
      vertex   2.165227e+00 -2.076486e+00 2.600000e+00
      vertex   1.942697e+00 2.286029e+00 2.600000e+00
      vertex   2.165227e+00 2.076486e+00 2.600000e+00
    endloop
  endfacet
  facet normal -4.941109e-16 4.277315e-16 -1.000000e+00
    outer loop
      vertex   2.165227e+00 -2.076486e+00 2.600000e+00
      vertex   2.165227e+00 2.076486e+00 2.600000e+00
      vertex   2.365279e+00 -1.845387e+00 2.600000e+00
    endloop
  endfacet
  facet normal 5.559887e-16 4.812966e-16 -1.000000e+00
    outer loop
      vertex   2.365279e+00 -1.845387e+00 2.600000e+00
      vertex   2.165227e+00 2.076486e+00 2.600000e+00
      vertex   2.365279e+00 1.845387e+00 2.600000e+00
    endloop
  endfacet
  facet normal 1.844122e-15 4.812966e-16 -1.000000e+00
    outer loop
      vertex   2.365279e+00 -1.845387e+00 2.600000e+00
      vertex   2.365279e+00 1.845387e+00 2.600000e+00
      vertex   2.540779e+00 -1.595131e+00 2.600000e+00
    endloop
  endfacet
  facet normal -2.133442e-15 2.784029e-16 -1.000000e+00
    outer loop
      vertex   2.540779e+00 -1.595131e+00 2.600000e+00
      vertex   2.365279e+00 1.845387e+00 2.600000e+00
      vertex   2.540779e+00 1.595131e+00 2.600000e+00
    endloop
  endfacet
  facet normal -4.981230e-16 2.784029e-16 -1.000000e+00
    outer loop
      vertex   2.540779e+00 -1.595131e+00 2.600000e+00
      vertex   2.540779e+00 1.595131e+00 2.600000e+00
      vertex   2.689902e+00 -1.328317e+00 2.600000e+00
    endloop
  endfacet
  facet normal 5.981793e-16 3.343248e-16 -1.000000e+00
    outer loop
      vertex   2.689902e+00 -1.328317e+00 2.600000e+00
      vertex   2.540779e+00 1.595131e+00 2.600000e+00
      vertex   2.689902e+00 1.328317e+00 2.600000e+00
    endloop
  endfacet
  facet normal -7.740316e-16 3.343248e-16 -1.000000e+00
    outer loop
      vertex   2.689902e+00 -1.328317e+00 2.600000e+00
      vertex   2.689902e+00 1.328317e+00 2.600000e+00
      vertex   2.811102e+00 -1.047713e+00 2.600000e+00
    endloop
  endfacet
  facet normal 9.813365e-16 4.238653e-16 -1.000000e+00
    outer loop
      vertex   2.811102e+00 -1.047713e+00 2.600000e+00
      vertex   2.689902e+00 1.328317e+00 2.600000e+00
      vertex   2.811102e+00 1.047713e+00 2.600000e+00
    endloop
  endfacet
  facet normal -1.342646e-15 4.238653e-16 -1.000000e+00
    outer loop
      vertex   2.811102e+00 -1.047713e+00 2.600000e+00
      vertex   2.811102e+00 1.047713e+00 2.600000e+00
      vertex   2.903121e+00 -7.562333e-01 2.600000e+00
    endloop
  endfacet
  facet normal 1.860150e-15 5.872384e-16 -1.000000e+00
    outer loop
      vertex   2.903121e+00 -7.562333e-01 2.600000e+00
      vertex   2.811102e+00 1.047713e+00 2.600000e+00
      vertex   2.903121e+00 7.562333e-01 2.600000e+00
    endloop
  endfacet
  facet normal 4.335884e-15 5.872384e-16 -1.000000e+00
    outer loop
      vertex   2.903121e+00 -7.562333e-01 2.600000e+00
      vertex   2.903121e+00 7.562333e-01 2.600000e+00
      vertex   2.965002e+00 -4.569031e-01 2.600000e+00
    endloop
  endfacet
  facet normal -7.176444e-15 3.487590e-30 -1.000000e+00
    outer loop
      vertex   2.965002e+00 -4.569031e-01 2.600000e+00
      vertex   2.903121e+00 7.562333e-01 2.600000e+00
      vertex   2.965002e+00 4.569031e-01 2.600000e+00
    endloop
  endfacet
  facet normal 0.000000e+00 0.000000e+00 -1.000000e+00
    outer loop
      vertex   2.965002e+00 -4.569031e-01 2.600000e+00
      vertex   2.965002e+00 4.569031e-01 2.600000e+00
      vertex   2.996105e+00 -1.528299e-01 2.600000e+00
    endloop
  endfacet
  facet normal 0.000000e+00 0.000000e+00 -1.000000e+00
    outer loop
      vertex   2.996105e+00 -1.528299e-01 2.600000e+00
      vertex   2.965002e+00 4.569031e-01 2.600000e+00
      vertex   2.996105e+00 1.528299e-01 2.600000e+00
    endloop
  endfacet
  facet normal 0.000000e+00 0.000000e+00 -1.000000e+00
    outer loop
      vertex   1.700000e+00 1.700000e+00 2.800000e+00
      vertex   -1.700000e+00 1.700000e+00 2.800000e+00
      vertex   1.700000e+00 2.471841e+00 2.800000e+00
    endloop
  endfacet
  facet normal -0.000000e+00 0.000000e+00 -1.000000e+00
    outer loop
      vertex   1.700000e+00 2.471841e+00 2.800000e+00
      vertex   -1.700000e+00 1.700000e+00 2.800000e+00
      vertex   -1.700000e+00 2.471841e+00 2.800000e+00
    endloop
  endfacet
  facet normal 0.000000e+00 0.000000e+00 -1.000000e+00
    outer loop
      vertex   1.700000e+00 2.471841e+00 2.800000e+00
      vertex   -1.700000e+00 2.471841e+00 2.800000e+00
      vertex   1.443659e+00 2.629800e+00 2.800000e+00
    endloop
  endfacet
  facet normal 0.000000e+00 0.000000e+00 -1.000000e+00
    outer loop
      vertex   1.443659e+00 2.629800e+00 2.800000e+00
      vertex   -1.700000e+00 2.471841e+00 2.800000e+00
      vertex   -1.443659e+00 2.629800e+00 2.800000e+00
    endloop
  endfacet
  facet normal -0.000000e+00 0.000000e+00 -1.000000e+00
    outer loop
      vertex   1.443659e+00 2.629800e+00 2.800000e+00
      vertex   -1.443659e+00 2.629800e+00 2.800000e+00
      vertex   1.172775e+00 2.761268e+00 2.800000e+00
    endloop
  endfacet
  facet normal -0.000000e+00 0.000000e+00 -1.000000e+00
    outer loop
      vertex   1.172775e+00 2.761268e+00 2.800000e+00
      vertex   -1.443659e+00 2.629800e+00 2.800000e+00
      vertex   -1.172775e+00 2.761268e+00 2.800000e+00
    endloop
  endfacet
  facet normal 1.622368e-30 8.568875e-15 -1.000000e+00
    outer loop
      vertex   1.172775e+00 2.761268e+00 2.800000e+00
      vertex   -1.172775e+00 2.761268e+00 2.800000e+00
      vertex   8.900775e-01 2.864919e+00 2.800000e+00
    endloop
  endfacet
  facet normal 2.137648e-30 8.568875e-15 -1.000000e+00
    outer loop
      vertex   8.900775e-01 2.864919e+00 2.800000e+00
      vertex   -1.172775e+00 2.761268e+00 2.800000e+00
      vertex   -8.900775e-01 2.864919e+00 2.800000e+00
    endloop
  endfacet
  facet normal 0.000000e+00 0.000000e+00 -1.000000e+00
    outer loop
      vertex   8.900775e-01 2.864919e+00 2.800000e+00
      vertex   -8.900775e-01 2.864919e+00 2.800000e+00
      vertex   5.984135e-01 2.939711e+00 2.800000e+00
    endloop
  endfacet
  facet normal -0.000000e+00 0.000000e+00 -1.000000e+00
    outer loop
      vertex   5.984135e-01 2.939711e+00 2.800000e+00
      vertex   -8.900775e-01 2.864919e+00 2.800000e+00
      vertex   -5.984135e-01 2.939711e+00 2.800000e+00
    endloop
  endfacet
  facet normal 0.000000e+00 0.000000e+00 -1.000000e+00
    outer loop
      vertex   5.984135e-01 2.939711e+00 2.800000e+00
      vertex   -5.984135e-01 2.939711e+00 2.800000e+00
      vertex   3.007214e-01 2.984890e+00 2.800000e+00
    endloop
  endfacet
  facet normal -0.000000e+00 0.000000e+00 -1.000000e+00
    outer loop
      vertex   3.007214e-01 2.984890e+00 2.800000e+00
      vertex   -5.984135e-01 2.939711e+00 2.800000e+00
      vertex   -3.007214e-01 2.984890e+00 2.800000e+00
    endloop
  endfacet
  facet normal 0.000000e+00 0.000000e+00 -1.000000e+00
    outer loop
      vertex   3.007214e-01 2.984890e+00 2.800000e+00
      vertex   -3.007214e-01 2.984890e+00 2.800000e+00
      vertex   1.836970e-16 3.000000e+00 2.800000e+00
    endloop
  endfacet
  facet normal 0.000000e+00 0.000000e+00 -1.000000e+00
    outer loop
      vertex   -1.700000e+00 -1.700000e+00 2.800000e+00
      vertex   1.700000e+00 -1.700000e+00 2.800000e+00
      vertex   -1.700000e+00 -2.471841e+00 2.800000e+00
    endloop
  endfacet
  facet normal 0.000000e+00 0.000000e+00 -1.000000e+00
    outer loop
      vertex   -1.700000e+00 -2.471841e+00 2.800000e+00
      vertex   1.700000e+00 -1.700000e+00 2.800000e+00
      vertex   1.700000e+00 -2.471841e+00 2.800000e+00
    endloop
  endfacet
  facet normal 0.000000e+00 0.000000e+00 -1.000000e+00
    outer loop
      vertex   -1.700000e+00 -2.471841e+00 2.800000e+00
      vertex   1.700000e+00 -2.471841e+00 2.800000e+00
      vertex   -1.443659e+00 -2.629800e+00 2.800000e+00
    endloop
  endfacet
  facet normal 0.000000e+00 0.000000e+00 -1.000000e+00
    outer loop
      vertex   -1.443659e+00 -2.629800e+00 2.800000e+00
      vertex   1.700000e+00 -2.471841e+00 2.800000e+00
      vertex   1.443659e+00 -2.629800e+00 2.800000e+00
    endloop
  endfacet
  facet normal 0.000000e+00 0.000000e+00 -1.000000e+00
    outer loop
      vertex   -1.443659e+00 -2.629800e+00 2.800000e+00
      vertex   1.443659e+00 -2.629800e+00 2.800000e+00
      vertex   -1.172775e+00 -2.761268e+00 2.800000e+00
    endloop
  endfacet
  facet normal 0.000000e+00 0.000000e+00 -1.000000e+00
    outer loop
      vertex   -1.172775e+00 -2.761268e+00 2.800000e+00
      vertex   1.443659e+00 -2.629800e+00 2.800000e+00
      vertex   1.172775e+00 -2.761268e+00 2.800000e+00
    endloop
  endfacet
  facet normal 0.000000e+00 8.568875e-15 -1.000000e+00
    outer loop
      vertex   -1.172775e+00 -2.761268e+00 2.800000e+00
      vertex   1.172775e+00 -2.761268e+00 2.800000e+00
      vertex   -8.900775e-01 -2.864919e+00 2.800000e+00
    endloop
  endfacet
  facet normal 0.000000e+00 8.568875e-15 -1.000000e+00
    outer loop
      vertex   -8.900775e-01 -2.864919e+00 2.800000e+00
      vertex   1.172775e+00 -2.761268e+00 2.800000e+00
      vertex   8.900775e-01 -2.864919e+00 2.800000e+00
    endloop
  endfacet
  facet normal 0.000000e+00 0.000000e+00 -1.000000e+00
    outer loop
      vertex   -8.900775e-01 -2.864919e+00 2.800000e+00
      vertex   8.900775e-01 -2.864919e+00 2.800000e+00
      vertex   -5.984135e-01 -2.939711e+00 2.800000e+00
    endloop
  endfacet
  facet normal 0.000000e+00 0.000000e+00 -1.000000e+00
    outer loop
      vertex   -5.984135e-01 -2.939711e+00 2.800000e+00
      vertex   8.900775e-01 -2.864919e+00 2.800000e+00
      vertex   5.984135e-01 -2.939711e+00 2.800000e+00
    endloop
  endfacet
  facet normal 0.000000e+00 0.000000e+00 -1.000000e+00
    outer loop
      vertex   -5.984135e-01 -2.939711e+00 2.800000e+00
      vertex   5.984135e-01 -2.939711e+00 2.800000e+00
      vertex   -3.007214e-01 -2.984890e+00 2.800000e+00
    endloop
  endfacet
  facet normal 0.000000e+00 0.000000e+00 -1.000000e+00
    outer loop
      vertex   -3.007214e-01 -2.984890e+00 2.800000e+00
      vertex   5.984135e-01 -2.939711e+00 2.800000e+00
      vertex   3.007214e-01 -2.984890e+00 2.800000e+00
    endloop
  endfacet
  facet normal 0.000000e+00 0.000000e+00 -1.000000e+00
    outer loop
      vertex   -3.007214e-01 -2.984890e+00 2.800000e+00
      vertex   3.007214e-01 -2.984890e+00 2.800000e+00
      vertex   1.836970e-16 -3.000000e+00 2.800000e+00
    endloop
  endfacet
  facet normal -2.750996e-16 3.593185e-16 -1.000000e+00
    outer loop
      vertex   -1.700000e+00 2.471841e+00 2.600000e+00
      vertex   -1.700000e+00 -2.471841e+00 2.600000e+00
      vertex   -1.942697e+00 2.286029e+00 2.600000e+00
    endloop
  endfacet
  facet normal 2.974602e-16 3.885245e-16 -1.000000e+00
    outer loop
      vertex   -1.942697e+00 2.286029e+00 2.600000e+00
      vertex   -1.700000e+00 -2.471841e+00 2.600000e+00
      vertex   -1.942697e+00 -2.286029e+00 2.600000e+00
    endloop
  endfacet
  facet normal 3.658506e-16 3.885245e-16 -1.000000e+00
    outer loop
      vertex   -1.942697e+00 2.286029e+00 2.600000e+00
      vertex   -1.942697e+00 -2.286029e+00 2.600000e+00
      vertex   -2.165227e+00 -2.076486e+00 2.600000e+00
    endloop
  endfacet
  facet normal -4.027695e-16 4.277315e-16 -1.000000e+00
    outer loop
      vertex   -1.942697e+00 2.286029e+00 2.600000e+00
      vertex   -2.165227e+00 -2.076486e+00 2.600000e+00
      vertex   -2.165227e+00 2.076486e+00 2.600000e+00
    endloop
  endfacet
  facet normal 4.941109e-16 4.277315e-16 -1.000000e+00
    outer loop
      vertex   -2.165227e+00 2.076486e+00 2.600000e+00
      vertex   -2.165227e+00 -2.076486e+00 2.600000e+00
      vertex   -2.365279e+00 -1.845387e+00 2.600000e+00
    endloop
  endfacet
  facet normal -5.559887e-16 4.812966e-16 -1.000000e+00
    outer loop
      vertex   -2.165227e+00 2.076486e+00 2.600000e+00
      vertex   -2.365279e+00 -1.845387e+00 2.600000e+00
      vertex   -2.365279e+00 1.845387e+00 2.600000e+00
    endloop
  endfacet
  facet normal -1.844122e-15 4.812966e-16 -1.000000e+00
    outer loop
      vertex   -2.365279e+00 1.845387e+00 2.600000e+00
      vertex   -2.365279e+00 -1.845387e+00 2.600000e+00
      vertex   -2.540779e+00 -1.595131e+00 2.600000e+00
    endloop
  endfacet
  facet normal 2.133442e-15 2.784029e-16 -1.000000e+00
    outer loop
      vertex   -2.365279e+00 1.845387e+00 2.600000e+00
      vertex   -2.540779e+00 -1.595131e+00 2.600000e+00
      vertex   -2.540779e+00 1.595131e+00 2.600000e+00
    endloop
  endfacet
  facet normal 4.981230e-16 2.784029e-16 -1.000000e+00
    outer loop
      vertex   -2.540779e+00 1.595131e+00 2.600000e+00
      vertex   -2.540779e+00 -1.595131e+00 2.600000e+00
      vertex   -2.689902e+00 -1.328317e+00 2.600000e+00
    endloop
  endfacet
  facet normal -5.981793e-16 3.343248e-16 -1.000000e+00
    outer loop
      vertex   -2.540779e+00 1.595131e+00 2.600000e+00
      vertex   -2.689902e+00 -1.328317e+00 2.600000e+00
      vertex   -2.689902e+00 1.328317e+00 2.600000e+00
    endloop
  endfacet
  facet normal 7.740316e-16 3.343248e-16 -1.000000e+00
    outer loop
      vertex   -2.689902e+00 1.328317e+00 2.600000e+00
      vertex   -2.689902e+00 -1.328317e+00 2.600000e+00
      vertex   -2.811102e+00 -1.047713e+00 2.600000e+00
    endloop
  endfacet
  facet normal -9.813365e-16 4.238653e-16 -1.000000e+00
    outer loop
      vertex   -2.689902e+00 1.328317e+00 2.600000e+00
      vertex   -2.811102e+00 -1.047713e+00 2.600000e+00
      vertex   -2.811102e+00 1.047713e+00 2.600000e+00
    endloop
  endfacet
  facet normal 1.342646e-15 4.238653e-16 -1.000000e+00
    outer loop
      vertex   -2.811102e+00 1.047713e+00 2.600000e+00
      vertex   -2.811102e+00 -1.047713e+00 2.600000e+00
      vertex   -2.903121e+00 -7.562333e-01 2.600000e+00
    endloop
  endfacet
  facet normal -1.860150e-15 5.872384e-16 -1.000000e+00
    outer loop
      vertex   -2.811102e+00 1.047713e+00 2.600000e+00
      vertex   -2.903121e+00 -7.562333e-01 2.600000e+00
      vertex   -2.903121e+00 7.562333e-01 2.600000e+00
    endloop
  endfacet
  facet normal -4.335884e-15 5.872384e-16 -1.000000e+00
    outer loop
      vertex   -2.903121e+00 7.562333e-01 2.600000e+00
      vertex   -2.903121e+00 -7.562333e-01 2.600000e+00
      vertex   -2.965002e+00 -4.569031e-01 2.600000e+00
    endloop
  endfacet
  facet normal 7.176444e-15 -3.487590e-30 -1.000000e+00
    outer loop
      vertex   -2.903121e+00 7.562333e-01 2.600000e+00
      vertex   -2.965002e+00 -4.569031e-01 2.600000e+00
      vertex   -2.965002e+00 4.569031e-01 2.600000e+00
    endloop
  endfacet
  facet normal 0.000000e+00 0.000000e+00 -1.000000e+00
    outer loop
      vertex   -2.965002e+00 4.569031e-01 2.600000e+00
      vertex   -2.965002e+00 -4.569031e-01 2.600000e+00
      vertex   -2.996105e+00 -1.528299e-01 2.600000e+00
    endloop
  endfacet
  facet normal 0.000000e+00 0.000000e+00 -1.000000e+00
    outer loop
      vertex   -2.965002e+00 4.569031e-01 2.600000e+00
      vertex   -2.996105e+00 -1.528299e-01 2.600000e+00
      vertex   -2.996105e+00 1.528299e-01 2.600000e+00
    endloop
  endfacet
  facet normal -1.306145e-16 1.000000e+00 0.000000e+00
    outer loop
      vertex   1.700000e+00 -1.700000e+00 3.000000e+00
      vertex   1.700000e+00 -1.700000e+00 2.800000e+00
      vertex   0.000000e+00 -1.700000e+00 3.000000e+00
    endloop
  endfacet
  facet normal 0.000000e+00 1.000000e+00 1.110223e-15
    outer loop
      vertex   0.000000e+00 -1.700000e+00 3.000000e+00
      vertex   1.700000e+00 -1.700000e+00 2.800000e+00
      vertex   -1.700000e+00 -1.700000e+00 2.800000e+00
    endloop
  endfacet
  facet normal 1.306145e-16 1.000000e+00 0.000000e+00
    outer loop
      vertex   0.000000e+00 -1.700000e+00 3.000000e+00
      vertex   -1.700000e+00 -1.700000e+00 2.800000e+00
      vertex   -1.700000e+00 -1.700000e+00 3.000000e+00
    endloop
  endfacet
  facet normal -1.000000e+00 3.918434e-16 0.000000e+00
    outer loop
      vertex   1.700000e+00 -1.700000e+00 3.000000e+00
      vertex   1.700000e+00 -1.387779e-16 3.000000e+00
      vertex   1.700000e+00 -1.700000e+00 2.800000e+00
    endloop
  endfacet
  facet normal -1.000000e+00 1.959217e-16 1.665335e-15
    outer loop
      vertex   1.700000e+00 -1.700000e+00 2.800000e+00
      vertex   1.700000e+00 -1.387779e-16 3.000000e+00
      vertex   1.700000e+00 1.700000e+00 2.800000e+00
    endloop
  endfacet
  facet normal -1.000000e+00 1.959217e-16 -7.561025e-16
    outer loop
      vertex   1.700000e+00 -1.700000e+00 2.800000e+00
      vertex   1.700000e+00 1.700000e+00 2.800000e+00
      vertex   1.700000e+00 -2.471841e+00 2.600000e+00
    endloop
  endfacet
  facet normal -1.000000e+00 1.347444e-16 5.200067e-16
    outer loop
      vertex   1.700000e+00 -2.471841e+00 2.600000e+00
      vertex   1.700000e+00 1.700000e+00 2.800000e+00
      vertex   1.700000e+00 2.471841e+00 2.600000e+00
    endloop
  endfacet
  facet normal -1.000000e+00 0.000000e+00 0.000000e+00
    outer loop
      vertex   1.700000e+00 2.471841e+00 2.600000e+00
      vertex   1.700000e+00 1.700000e+00 2.800000e+00
      vertex   1.700000e+00 2.471841e+00 2.800000e+00
    endloop
  endfacet
  facet normal -1.000000e+00 0.000000e+00 0.000000e+00
    outer loop
      vertex   1.700000e+00 -1.387779e-16 3.000000e+00
      vertex   1.700000e+00 1.700000e+00 3.000000e+00
      vertex   1.700000e+00 1.700000e+00 2.800000e+00
    endloop
  endfacet
  facet normal -1.000000e+00 0.000000e+00 0.000000e+00
    outer loop
      vertex   1.700000e+00 -2.471841e+00 2.600000e+00
      vertex   1.700000e+00 -2.471841e+00 2.800000e+00
      vertex   1.700000e+00 -1.700000e+00 2.800000e+00
    endloop
  endfacet
  facet normal 1.306145e-16 -1.000000e+00 -1.110223e-15
    outer loop
      vertex   -1.700000e+00 1.700000e+00 3.000000e+00
      vertex   -1.700000e+00 1.700000e+00 2.800000e+00
      vertex   0.000000e+00 1.700000e+00 3.000000e+00
    endloop
  endfacet
  facet normal 0.000000e+00 -1.000000e+00 -0.000000e+00
    outer loop
      vertex   0.000000e+00 1.700000e+00 3.000000e+00
      vertex   -1.700000e+00 1.700000e+00 2.800000e+00
      vertex   1.700000e+00 1.700000e+00 2.800000e+00
    endloop
  endfacet
  facet normal -1.306145e-16 -1.000000e+00 -1.110223e-15
    outer loop
      vertex   0.000000e+00 1.700000e+00 3.000000e+00
      vertex   1.700000e+00 1.700000e+00 2.800000e+00
      vertex   1.700000e+00 1.700000e+00 3.000000e+00
    endloop
  endfacet
  facet normal 1.000000e+00 -3.918434e-16 -4.350336e-31
    outer loop
      vertex   -1.700000e+00 1.700000e+00 3.000000e+00
      vertex   -1.700000e+00 -2.081900e-16 3.000000e+00
      vertex   -1.700000e+00 1.700000e+00 2.800000e+00
    endloop
  endfacet
  facet normal 1.000000e+00 -1.959217e-16 1.665335e-15
    outer loop
      vertex   -1.700000e+00 1.700000e+00 2.800000e+00
      vertex   -1.700000e+00 -2.081900e-16 3.000000e+00
      vertex   -1.700000e+00 -1.700000e+00 2.800000e+00
    endloop
  endfacet
  facet normal 1.000000e+00 -1.959217e-16 -7.561025e-16
    outer loop
      vertex   -1.700000e+00 1.700000e+00 2.800000e+00
      vertex   -1.700000e+00 -1.700000e+00 2.800000e+00
      vertex   -1.700000e+00 2.471841e+00 2.600000e+00
    endloop
  endfacet
  facet normal 1.000000e+00 -1.347444e-16 5.200067e-16
    outer loop
      vertex   -1.700000e+00 2.471841e+00 2.600000e+00
      vertex   -1.700000e+00 -1.700000e+00 2.800000e+00
      vertex   -1.700000e+00 -2.471841e+00 2.600000e+00
    endloop
  endfacet
  facet normal 1.000000e+00 0.000000e+00 0.000000e+00
    outer loop
      vertex   -1.700000e+00 -2.471841e+00 2.600000e+00
      vertex   -1.700000e+00 -1.700000e+00 2.800000e+00
      vertex   -1.700000e+00 -2.471841e+00 2.800000e+00
    endloop
  endfacet
  facet normal 1.000000e+00 0.000000e+00 0.000000e+00
    outer loop
      vertex   -1.700000e+00 -2.081900e-16 3.000000e+00
      vertex   -1.700000e+00 -1.700000e+00 3.000000e+00
      vertex   -1.700000e+00 -1.700000e+00 2.800000e+00
    endloop
  endfacet
  facet normal 1.000000e+00 0.000000e+00 -0.000000e+00
    outer loop
      vertex   -1.700000e+00 2.471841e+00 2.600000e+00
      vertex   -1.700000e+00 2.471841e+00 2.800000e+00
      vertex   -1.700000e+00 1.700000e+00 2.800000e+00
    endloop
  endfacet
  facet normal 2.391350e-14 1.567374e-15 -1.000000e+00
    outer loop
      vertex   1.700000e+00 -1.387779e-16 3.000000e+00
      vertex   1.685456e+00 2.218945e-01 3.000000e+00
      vertex   1.700000e+00 1.700000e+00 3.000000e+00
    endloop
  endfacet
  facet normal 8.635466e-15 1.717701e-15 -1.000000e+00
    outer loop
      vertex   1.700000e+00 1.700000e+00 3.000000e+00
      vertex   1.685456e+00 2.218945e-01 3.000000e+00
      vertex   1.642074e+00 4.399924e-01 3.000000e+00
    endloop
  endfacet
  facet normal 5.486635e-15 1.862462e-15 -1.000000e+00
    outer loop
      vertex   1.700000e+00 1.700000e+00 3.000000e+00
      vertex   1.642074e+00 4.399924e-01 3.000000e+00
      vertex   1.570595e+00 6.505618e-01 3.000000e+00
    endloop
  endfacet
  facet normal 4.118735e-15 2.031136e-15 -1.000000e+00
    outer loop
      vertex   1.570595e+00 6.505618e-01 3.000000e+00
      vertex   1.472243e+00 8.500000e-01 3.000000e+00
      vertex   1.700000e+00 1.700000e+00 3.000000e+00
    endloop
  endfacet
  facet normal 3.348632e-15 2.237484e-15 -1.000000e+00
    outer loop
      vertex   1.700000e+00 1.700000e+00 3.000000e+00
      vertex   1.472243e+00 8.500000e-01 3.000000e+00
      vertex   1.348701e+00 1.034894e+00 3.000000e+00
    endloop
  endfacet
  facet normal 2.851047e-15 2.500301e-15 -1.000000e+00
    outer loop
      vertex   1.700000e+00 1.700000e+00 3.000000e+00
      vertex   1.348701e+00 1.034894e+00 3.000000e+00
      vertex   1.202082e+00 1.202082e+00 3.000000e+00
    endloop
  endfacet
  facet normal 2.500301e-15 2.851047e-15 -1.000000e+00
    outer loop
      vertex   1.202082e+00 1.202082e+00 3.000000e+00
      vertex   1.034894e+00 1.348701e+00 3.000000e+00
      vertex   1.700000e+00 1.700000e+00 3.000000e+00
    endloop
  endfacet
  facet normal 2.237484e-15 3.348632e-15 -1.000000e+00
    outer loop
      vertex   1.700000e+00 1.700000e+00 3.000000e+00
      vertex   1.034894e+00 1.348701e+00 3.000000e+00
      vertex   8.500000e-01 1.472243e+00 3.000000e+00
    endloop
  endfacet
  facet normal 2.031136e-15 4.118735e-15 -1.000000e+00
    outer loop
      vertex   1.700000e+00 1.700000e+00 3.000000e+00
      vertex   8.500000e-01 1.472243e+00 3.000000e+00
      vertex   6.505618e-01 1.570595e+00 3.000000e+00
    endloop
  endfacet
  facet normal 1.862462e-15 5.486635e-15 -1.000000e+00
    outer loop
      vertex   6.505618e-01 1.570595e+00 3.000000e+00
      vertex   4.399924e-01 1.642074e+00 3.000000e+00
      vertex   1.700000e+00 1.700000e+00 3.000000e+00
    endloop
  endfacet
  facet normal 1.717701e-15 8.635466e-15 -1.000000e+00
    outer loop
      vertex   1.700000e+00 1.700000e+00 3.000000e+00
      vertex   4.399924e-01 1.642074e+00 3.000000e+00
      vertex   2.218945e-01 1.685456e+00 3.000000e+00
    endloop
  endfacet
  facet normal 1.567374e-15 2.391350e-14 -1.000000e+00
    outer loop
      vertex   1.700000e+00 1.700000e+00 3.000000e+00
      vertex   2.218945e-01 1.685456e+00 3.000000e+00
      vertex   0.000000e+00 1.700000e+00 3.000000e+00
    endloop
  endfacet
  facet normal 7.836868e-16 -1.195675e-14 -1.000000e+00
    outer loop
      vertex   0.000000e+00 -1.700000e+00 3.000000e+00
      vertex   2.218945e-01 -1.685456e+00 3.000000e+00
      vertex   1.700000e+00 -1.700000e+00 3.000000e+00
    endloop
  endfacet
  facet normal 8.588505e-16 -4.317733e-15 -1.000000e+00
    outer loop
      vertex   1.700000e+00 -1.700000e+00 3.000000e+00
      vertex   2.218945e-01 -1.685456e+00 3.000000e+00
      vertex   4.399924e-01 -1.642074e+00 3.000000e+00
    endloop
  endfacet
  facet normal 9.312308e-16 -2.743318e-15 -1.000000e+00
    outer loop
      vertex   1.700000e+00 -1.700000e+00 3.000000e+00
      vertex   4.399924e-01 -1.642074e+00 3.000000e+00
      vertex   6.505618e-01 -1.570595e+00 3.000000e+00
    endloop
  endfacet
  facet normal 1.015568e-15 -2.059368e-15 -1.000000e+00
    outer loop
      vertex   6.505618e-01 -1.570595e+00 3.000000e+00
      vertex   8.500000e-01 -1.472243e+00 3.000000e+00
      vertex   1.700000e+00 -1.700000e+00 3.000000e+00
    endloop
  endfacet
  facet normal 1.118742e-15 -1.674316e-15 -1.000000e+00
    outer loop
      vertex   1.700000e+00 -1.700000e+00 3.000000e+00
      vertex   8.500000e-01 -1.472243e+00 3.000000e+00
      vertex   1.034894e+00 -1.348701e+00 3.000000e+00
    endloop
  endfacet
  facet normal 1.250151e-15 -1.425524e-15 -1.000000e+00
    outer loop
      vertex   1.700000e+00 -1.700000e+00 3.000000e+00
      vertex   1.034894e+00 -1.348701e+00 3.000000e+00
      vertex   1.202082e+00 -1.202082e+00 3.000000e+00
    endloop
  endfacet
  facet normal 1.425524e-15 -1.250151e-15 -1.000000e+00
    outer loop
      vertex   1.202082e+00 -1.202082e+00 3.000000e+00
      vertex   1.348701e+00 -1.034894e+00 3.000000e+00
      vertex   1.700000e+00 -1.700000e+00 3.000000e+00
    endloop
  endfacet
  facet normal 1.674316e-15 -1.118742e-15 -1.000000e+00
    outer loop
      vertex   1.700000e+00 -1.700000e+00 3.000000e+00
      vertex   1.348701e+00 -1.034894e+00 3.000000e+00
      vertex   1.472243e+00 -8.500000e-01 3.000000e+00
    endloop
  endfacet
  facet normal 2.059368e-15 -1.015568e-15 -1.000000e+00
    outer loop
      vertex   1.700000e+00 -1.700000e+00 3.000000e+00
      vertex   1.472243e+00 -8.500000e-01 3.000000e+00
      vertex   1.570595e+00 -6.505618e-01 3.000000e+00
    endloop
  endfacet
  facet normal 2.743318e-15 -9.312308e-16 -1.000000e+00
    outer loop
      vertex   1.570595e+00 -6.505618e-01 3.000000e+00
      vertex   1.642074e+00 -4.399924e-01 3.000000e+00
      vertex   1.700000e+00 -1.700000e+00 3.000000e+00
    endloop
  endfacet
  facet normal 4.317733e-15 -8.588505e-16 -1.000000e+00
    outer loop
      vertex   1.700000e+00 -1.700000e+00 3.000000e+00
      vertex   1.642074e+00 -4.399924e-01 3.000000e+00
      vertex   1.685456e+00 -2.218945e-01 3.000000e+00
    endloop
  endfacet
  facet normal 1.195675e-14 -7.836868e-16 -1.000000e+00
    outer loop
      vertex   1.700000e+00 -1.700000e+00 3.000000e+00
      vertex   1.685456e+00 -2.218945e-01 3.000000e+00
      vertex   1.700000e+00 -1.387779e-16 3.000000e+00
    endloop
  endfacet
  facet normal -7.836868e-16 -1.195675e-14 -1.000000e+00
    outer loop
      vertex   0.000000e+00 -1.700000e+00 3.000000e+00
      vertex   -1.700000e+00 -1.700000e+00 3.000000e+00
      vertex   -2.218945e-01 -1.685456e+00 3.000000e+00
    endloop
  endfacet
  facet normal -8.588505e-16 -4.317733e-15 -1.000000e+00
    outer loop
      vertex   -2.218945e-01 -1.685456e+00 3.000000e+00
      vertex   -1.700000e+00 -1.700000e+00 3.000000e+00
      vertex   -4.399924e-01 -1.642074e+00 3.000000e+00
    endloop
  endfacet
  facet normal -9.312308e-16 -2.743318e-15 -1.000000e+00
    outer loop
      vertex   -4.399924e-01 -1.642074e+00 3.000000e+00
      vertex   -1.700000e+00 -1.700000e+00 3.000000e+00
      vertex   -6.505618e-01 -1.570595e+00 3.000000e+00
    endloop
  endfacet
  facet normal -1.015568e-15 -2.059368e-15 -1.000000e+00
    outer loop
      vertex   -6.505618e-01 -1.570595e+00 3.000000e+00
      vertex   -1.700000e+00 -1.700000e+00 3.000000e+00
      vertex   -8.500000e-01 -1.472243e+00 3.000000e+00
    endloop
  endfacet
  facet normal -1.118742e-15 -1.674316e-15 -1.000000e+00
    outer loop
      vertex   -8.500000e-01 -1.472243e+00 3.000000e+00
      vertex   -1.700000e+00 -1.700000e+00 3.000000e+00
      vertex   -1.034894e+00 -1.348701e+00 3.000000e+00
    endloop
  endfacet
  facet normal -1.250151e-15 -1.425524e-15 -1.000000e+00
    outer loop
      vertex   -1.034894e+00 -1.348701e+00 3.000000e+00
      vertex   -1.700000e+00 -1.700000e+00 3.000000e+00
      vertex   -1.202082e+00 -1.202082e+00 3.000000e+00
    endloop
  endfacet
  facet normal -1.425524e-15 -1.250151e-15 -1.000000e+00
    outer loop
      vertex   -1.202082e+00 -1.202082e+00 3.000000e+00
      vertex   -1.700000e+00 -1.700000e+00 3.000000e+00
      vertex   -1.348701e+00 -1.034894e+00 3.000000e+00
    endloop
  endfacet
  facet normal -1.674316e-15 -1.118742e-15 -1.000000e+00
    outer loop
      vertex   -1.348701e+00 -1.034894e+00 3.000000e+00
      vertex   -1.700000e+00 -1.700000e+00 3.000000e+00
      vertex   -1.472243e+00 -8.500000e-01 3.000000e+00
    endloop
  endfacet
  facet normal -2.059368e-15 -1.015568e-15 -1.000000e+00
    outer loop
      vertex   -1.472243e+00 -8.500000e-01 3.000000e+00
      vertex   -1.700000e+00 -1.700000e+00 3.000000e+00
      vertex   -1.570595e+00 -6.505618e-01 3.000000e+00
    endloop
  endfacet
  facet normal -2.743318e-15 -9.312308e-16 -1.000000e+00
    outer loop
      vertex   -1.570595e+00 -6.505618e-01 3.000000e+00
      vertex   -1.700000e+00 -1.700000e+00 3.000000e+00
      vertex   -1.642074e+00 -4.399924e-01 3.000000e+00
    endloop
  endfacet
  facet normal -4.317733e-15 -8.588505e-16 -1.000000e+00
    outer loop
      vertex   -1.642074e+00 -4.399924e-01 3.000000e+00
      vertex   -1.700000e+00 -1.700000e+00 3.000000e+00
      vertex   -1.685456e+00 -2.218945e-01 3.000000e+00
    endloop
  endfacet
  facet normal -1.195675e-14 -7.836868e-16 -1.000000e+00
    outer loop
      vertex   -1.685456e+00 -2.218945e-01 3.000000e+00
      vertex   -1.700000e+00 -1.700000e+00 3.000000e+00
      vertex   -1.700000e+00 -2.081900e-16 3.000000e+00
    endloop
  endfacet
  facet normal -2.391350e-14 1.567374e-15 -1.000000e+00
    outer loop
      vertex   -1.700000e+00 -2.081900e-16 3.000000e+00
      vertex   -1.700000e+00 1.700000e+00 3.000000e+00
      vertex   -1.685456e+00 2.218945e-01 3.000000e+00
    endloop
  endfacet
  facet normal -8.635466e-15 1.717701e-15 -1.000000e+00
    outer loop
      vertex   -1.685456e+00 2.218945e-01 3.000000e+00
      vertex   -1.700000e+00 1.700000e+00 3.000000e+00
      vertex   -1.642074e+00 4.399924e-01 3.000000e+00
    endloop
  endfacet
  facet normal -5.486635e-15 1.862462e-15 -1.000000e+00
    outer loop
      vertex   -1.642074e+00 4.399924e-01 3.000000e+00
      vertex   -1.700000e+00 1.700000e+00 3.000000e+00
      vertex   -1.570595e+00 6.505618e-01 3.000000e+00
    endloop
  endfacet
  facet normal -4.118735e-15 2.031136e-15 -1.000000e+00
    outer loop
      vertex   -1.570595e+00 6.505618e-01 3.000000e+00
      vertex   -1.700000e+00 1.700000e+00 3.000000e+00
      vertex   -1.472243e+00 8.500000e-01 3.000000e+00
    endloop
  endfacet
  facet normal -3.348632e-15 2.237484e-15 -1.000000e+00
    outer loop
      vertex   -1.472243e+00 8.500000e-01 3.000000e+00
      vertex   -1.700000e+00 1.700000e+00 3.000000e+00
      vertex   -1.348701e+00 1.034894e+00 3.000000e+00
    endloop
  endfacet
  facet normal -2.851047e-15 2.500301e-15 -1.000000e+00
    outer loop
      vertex   -1.348701e+00 1.034894e+00 3.000000e+00
      vertex   -1.700000e+00 1.700000e+00 3.000000e+00
      vertex   -1.202082e+00 1.202082e+00 3.000000e+00
    endloop
  endfacet
  facet normal -2.500301e-15 2.851047e-15 -1.000000e+00
    outer loop
      vertex   -1.202082e+00 1.202082e+00 3.000000e+00
      vertex   -1.700000e+00 1.700000e+00 3.000000e+00
      vertex   -1.034894e+00 1.348701e+00 3.000000e+00
    endloop
  endfacet
  facet normal -2.237484e-15 3.348632e-15 -1.000000e+00
    outer loop
      vertex   -1.034894e+00 1.348701e+00 3.000000e+00
      vertex   -1.700000e+00 1.700000e+00 3.000000e+00
      vertex   -8.500000e-01 1.472243e+00 3.000000e+00
    endloop
  endfacet
  facet normal -2.031136e-15 4.118735e-15 -1.000000e+00
    outer loop
      vertex   -8.500000e-01 1.472243e+00 3.000000e+00
      vertex   -1.700000e+00 1.700000e+00 3.000000e+00
      vertex   -6.505618e-01 1.570595e+00 3.000000e+00
    endloop
  endfacet
  facet normal -1.862462e-15 5.486635e-15 -1.000000e+00
    outer loop
      vertex   -6.505618e-01 1.570595e+00 3.000000e+00
      vertex   -1.700000e+00 1.700000e+00 3.000000e+00
      vertex   -4.399924e-01 1.642074e+00 3.000000e+00
    endloop
  endfacet
  facet normal -1.717701e-15 8.635466e-15 -1.000000e+00
    outer loop
      vertex   -4.399924e-01 1.642074e+00 3.000000e+00
      vertex   -1.700000e+00 1.700000e+00 3.000000e+00
      vertex   -2.218945e-01 1.685456e+00 3.000000e+00
    endloop
  endfacet
  facet normal -1.567374e-15 2.391350e-14 -1.000000e+00
    outer loop
      vertex   -2.218945e-01 1.685456e+00 3.000000e+00
      vertex   -1.700000e+00 1.700000e+00 3.000000e+00
      vertex   0.000000e+00 1.700000e+00 3.000000e+00
    endloop
  endfacet
  facet normal 9.978589e-01 6.540313e-02 0.000000e+00
    outer loop
      vertex   -1.685456e+00 -2.218945e-01 3.000000e+00
      vertex   -1.700000e+00 -2.081900e-16 3.000000e+00
      vertex   -1.700000e+00 -2.081900e-16 5.900000e+00
    endloop
  endfacet
  facet normal 9.978589e-01 -6.540313e-02 0.000000e+00
    outer loop
      vertex   -1.700000e+00 -2.081900e-16 5.900000e+00
      vertex   -1.700000e+00 -2.081900e-16 3.000000e+00
      vertex   -1.685456e+00 2.218945e-01 3.000000e+00
    endloop
  endfacet
  facet normal 9.975640e-01 -6.975647e-02 -3.345765e-04
    outer loop
      vertex   -1.700000e+00 -2.081900e-16 5.900000e+00
      vertex   -1.685456e+00 2.218945e-01 3.000000e+00
      vertex   -1.683456e+00 2.365943e-01 5.900000e+00
    endloop
  endfacet
  facet normal 9.807852e-01 -1.950903e-01 3.123001e-04
    outer loop
      vertex   -1.683456e+00 2.365943e-01 5.900000e+00
      vertex   -1.685456e+00 2.218945e-01 3.000000e+00
      vertex   -1.642074e+00 4.399924e-01 3.000000e+00
    endloop
  endfacet
  facet normal 9.781474e-01 -2.079117e-01 -6.245942e-04
    outer loop
      vertex   -1.683456e+00 2.365943e-01 5.900000e+00
      vertex   -1.642074e+00 4.399924e-01 3.000000e+00
      vertex   -1.634145e+00 4.685835e-01 5.900000e+00
    endloop
  endfacet
  facet normal 9.469300e-01 -3.214394e-01 5.800301e-04
    outer loop
      vertex   -1.634145e+00 4.685835e-01 5.900000e+00
      vertex   -1.642074e+00 4.399924e-01 3.000000e+00
      vertex   -1.570595e+00 6.505618e-01 3.000000e+00
    endloop
  endfacet
  facet normal 9.396923e-01 -3.420200e-01 -8.700311e-04
    outer loop
      vertex   -1.634145e+00 4.685835e-01 5.900000e+00
      vertex   -1.570595e+00 6.505618e-01 3.000000e+00
      vertex   -1.553027e+00 6.914523e-01 5.900000e+00
    endloop
  endfacet
  facet normal 8.968725e-01 -4.422885e-01 8.031694e-04
    outer loop
      vertex   -1.553027e+00 6.914523e-01 5.900000e+00
      vertex   -1.570595e+00 6.505618e-01 3.000000e+00
      vertex   -1.472243e+00 8.500000e-01 3.000000e+00
    endloop
  endfacet
  facet normal 8.829471e-01 -4.694713e-01 -1.070869e-03
    outer loop
      vertex   -1.553027e+00 6.914523e-01 5.900000e+00
      vertex   -1.472243e+00 8.500000e-01 3.000000e+00
      vertex   -1.441682e+00 9.008627e-01 5.900000e+00
    endloop
  endfacet
  facet normal 8.314692e-01 -5.555700e-01 9.817012e-04
    outer loop
      vertex   -1.441682e+00 9.008627e-01 5.900000e+00
      vertex   -1.472243e+00 8.500000e-01 3.000000e+00
      vertex   -1.348701e+00 1.034894e+00 3.000000e+00
    endloop
  endfacet
  facet normal 8.090164e-01 -5.877848e-01 -1.227091e-03
    outer loop
      vertex   -1.441682e+00 9.008627e-01 5.900000e+00
      vertex   -1.348701e+00 1.034894e+00 3.000000e+00
      vertex   -1.302276e+00 1.092739e+00 5.900000e+00
    endloop
  endfacet
  facet normal 7.518393e-01 -6.593454e-01 1.115612e-03
    outer loop
      vertex   -1.302276e+00 1.092739e+00 5.900000e+00
      vertex   -1.348701e+00 1.034894e+00 3.000000e+00
      vertex   -1.202082e+00 1.202082e+00 3.000000e+00
    endloop
  endfacet
  facet normal 7.193392e-01 -6.946577e-01 -1.338687e-03
    outer loop
      vertex   -1.302276e+00 1.092739e+00 5.900000e+00
      vertex   -1.202082e+00 1.202082e+00 3.000000e+00
      vertex   -1.137522e+00 1.263346e+00 5.900000e+00
    endloop
  endfacet
  facet normal 6.593453e-01 -7.518393e-01 1.204891e-03
    outer loop
      vertex   -1.137522e+00 1.263346e+00 5.900000e+00
      vertex   -1.202082e+00 1.202082e+00 3.000000e+00
      vertex   -1.034894e+00 1.348701e+00 3.000000e+00
    endloop
  endfacet
  facet normal 6.156609e-01 -7.880100e-01 -1.405648e-03
    outer loop
      vertex   -1.137522e+00 1.263346e+00 5.900000e+00
      vertex   -1.034894e+00 1.348701e+00 3.000000e+00
      vertex   -9.506279e-01 1.409364e+00 5.900000e+00
    endloop
  endfacet
  facet normal 5.555698e-01 -8.314690e-01 1.249533e-03
    outer loop
      vertex   -9.506279e-01 1.409364e+00 5.900000e+00
      vertex   -1.034894e+00 1.348701e+00 3.000000e+00
      vertex   -8.500000e-01 1.472243e+00 3.000000e+00
    endloop
  endfacet
  facet normal 4.999995e-01 -8.660245e-01 -1.427969e-03
    outer loop
      vertex   -9.506279e-01 1.409364e+00 5.900000e+00
      vertex   -8.500000e-01 1.472243e+00 3.000000e+00
      vertex   -7.452309e-01 1.527950e+00 5.900000e+00
    endloop
  endfacet
  facet normal 4.422883e-01 -8.968720e-01 1.249533e-03
    outer loop
      vertex   -7.452309e-01 1.527950e+00 5.900000e+00
      vertex   -8.500000e-01 1.472243e+00 3.000000e+00
      vertex   -6.505618e-01 1.570595e+00 3.000000e+00
    endloop
  endfacet
  facet normal 3.746062e-01 -9.271829e-01 -1.405648e-03
    outer loop
      vertex   -7.452309e-01 1.527950e+00 5.900000e+00
      vertex   -6.505618e-01 1.570595e+00 3.000000e+00
      vertex   -5.253289e-01 1.616796e+00 5.900000e+00
    endloop
  endfacet
  facet normal 3.214392e-01 -9.469294e-01 1.204891e-03
    outer loop
      vertex   -5.253289e-01 1.616796e+00 5.900000e+00
      vertex   -6.505618e-01 1.570595e+00 3.000000e+00
      vertex   -4.399924e-01 1.642074e+00 3.000000e+00
    endloop
  endfacet
  facet normal 2.419217e-01 -9.702949e-01 -1.338687e-03
    outer loop
      vertex   -5.253289e-01 1.616796e+00 5.900000e+00
      vertex   -4.399924e-01 1.642074e+00 3.000000e+00
      vertex   -2.952019e-01 1.674173e+00 5.900000e+00
    endloop
  endfacet
  facet normal 1.950902e-01 -9.807847e-01 1.115612e-03
    outer loop
      vertex   -2.952019e-01 1.674173e+00 5.900000e+00
      vertex   -4.399924e-01 1.642074e+00 3.000000e+00
      vertex   -2.218945e-01 1.685456e+00 3.000000e+00
    endloop
  endfacet
  facet normal 1.045284e-01 -9.945211e-01 -1.227091e-03
    outer loop
      vertex   -2.952019e-01 1.674173e+00 5.900000e+00
      vertex   -2.218945e-01 1.685456e+00 3.000000e+00
      vertex   -5.932914e-02 1.698964e+00 5.900000e+00
    endloop
  endfacet
  facet normal 6.540310e-02 -9.978584e-01 9.817012e-04
    outer loop
      vertex   -5.932914e-02 1.698964e+00 5.900000e+00
      vertex   -2.218945e-01 1.685456e+00 3.000000e+00
      vertex   0.000000e+00 1.700000e+00 3.000000e+00
    endloop
  endfacet
  facet normal -3.489948e-02 -9.993903e-01 -1.070869e-03
    outer loop
      vertex   -5.932914e-02 1.698964e+00 5.900000e+00
      vertex   0.000000e+00 1.700000e+00 3.000000e+00
      vertex   1.776984e-01 1.690687e+00 5.900000e+00
    endloop
  endfacet
  facet normal -6.540311e-02 -9.978586e-01 8.031694e-04
    outer loop
      vertex   1.776984e-01 1.690687e+00 5.900000e+00
      vertex   0.000000e+00 1.700000e+00 3.000000e+00
      vertex   2.218945e-01 1.685456e+00 3.000000e+00
    endloop
  endfacet
  facet normal -1.736481e-01 -9.848074e-01 -8.700311e-04
    outer loop
      vertex   1.776984e-01 1.690687e+00 5.900000e+00
      vertex   2.218945e-01 1.685456e+00 3.000000e+00
      vertex   4.112672e-01 1.649503e+00 5.900000e+00
    endloop
  endfacet
  facet normal -1.950903e-01 -9.807851e-01 5.800301e-04
    outer loop
      vertex   4.112672e-01 1.649503e+00 5.900000e+00
      vertex   2.218945e-01 1.685456e+00 3.000000e+00
      vertex   4.399924e-01 1.642074e+00 3.000000e+00
    endloop
  endfacet
  facet normal -3.090169e-01 -9.510563e-01 -6.245942e-04
    outer loop
      vertex   4.112672e-01 1.649503e+00 5.900000e+00
      vertex   4.399924e-01 1.642074e+00 3.000000e+00
      vertex   6.368312e-01 1.576213e+00 5.900000e+00
    endloop
  endfacet
  facet normal -3.214394e-01 -9.469301e-01 3.123001e-04
    outer loop
      vertex   6.368312e-01 1.576213e+00 5.900000e+00
      vertex   4.399924e-01 1.642074e+00 3.000000e+00
      vertex   6.505618e-01 1.570595e+00 3.000000e+00
    endloop
  endfacet
  facet normal -4.383711e-01 -8.987940e-01 -3.345765e-04
    outer loop
      vertex   6.368312e-01 1.576213e+00 5.900000e+00
      vertex   6.505618e-01 1.570595e+00 3.000000e+00
      vertex   8.500000e-01 1.472243e+00 5.900000e+00
    endloop
  endfacet
  facet normal -4.422887e-01 -8.968727e-01 -0.000000e+00
    outer loop
      vertex   8.500000e-01 1.472243e+00 5.900000e+00
      vertex   6.505618e-01 1.570595e+00 3.000000e+00
      vertex   8.500000e-01 1.472243e+00 3.000000e+00
    endloop
  endfacet
  facet normal -5.555702e-01 -8.314696e-01 -0.000000e+00
    outer loop
      vertex   8.500000e-01 1.472243e+00 5.900000e+00
      vertex   8.500000e-01 1.472243e+00 3.000000e+00
      vertex   1.034894e+00 1.348701e+00 3.000000e+00
    endloop
  endfacet
  facet normal -5.591929e-01 -8.290375e-01 -3.345765e-04
    outer loop
      vertex   8.500000e-01 1.472243e+00 5.900000e+00
      vertex   1.034894e+00 1.348701e+00 3.000000e+00
      vertex   1.046625e+00 1.339618e+00 5.900000e+00
    endloop
  endfacet
  facet normal -6.593458e-01 -7.518398e-01 3.123001e-04
    outer loop
      vertex   1.046625e+00 1.339618e+00 5.900000e+00
      vertex   1.034894e+00 1.348701e+00 3.000000e+00
      vertex   1.202082e+00 1.202082e+00 3.000000e+00
    endloop
  endfacet
  facet normal -6.691305e-01 -7.431447e-01 -6.245942e-04
    outer loop
      vertex   1.046625e+00 1.339618e+00 5.900000e+00
      vertex   1.202082e+00 1.202082e+00 3.000000e+00
      vertex   1.222878e+00 1.180919e+00 5.900000e+00
    endloop
  endfacet
  facet normal -7.518397e-01 -6.593457e-01 5.800301e-04
    outer loop
      vertex   1.222878e+00 1.180919e+00 5.900000e+00
      vertex   1.202082e+00 1.202082e+00 3.000000e+00
      vertex   1.348701e+00 1.034894e+00 3.000000e+00
    endloop
  endfacet
  facet normal -7.660442e-01 -6.427874e-01 -8.700311e-04
    outer loop
      vertex   1.222878e+00 1.180919e+00 5.900000e+00
      vertex   1.348701e+00 1.034894e+00 3.000000e+00
      vertex   1.375329e+00 9.992349e-01 5.900000e+00
    endloop
  endfacet
  facet normal -8.314693e-01 -5.555701e-01 8.031694e-04
    outer loop
      vertex   1.375329e+00 9.992349e-01 5.900000e+00
      vertex   1.348701e+00 1.034894e+00 3.000000e+00
      vertex   1.472243e+00 8.500000e-01 3.000000e+00
    endloop
  endfacet
  facet normal -8.480476e-01 -5.299190e-01 -1.070869e-03
    outer loop
      vertex   1.375329e+00 9.992349e-01 5.900000e+00
      vertex   1.472243e+00 8.500000e-01 3.000000e+00
      vertex   1.501011e+00 7.981017e-01 5.900000e+00
    endloop
  endfacet
  facet normal -8.968723e-01 -4.422885e-01 9.817012e-04
    outer loop
      vertex   1.501011e+00 7.981017e-01 5.900000e+00
      vertex   1.472243e+00 8.500000e-01 3.000000e+00
      vertex   1.570595e+00 6.505618e-01 3.000000e+00
    endloop
  endfacet
  facet normal -9.135448e-01 -4.067363e-01 -1.227091e-03
    outer loop
      vertex   1.501011e+00 7.981017e-01 5.900000e+00
      vertex   1.570595e+00 6.505618e-01 3.000000e+00
      vertex   1.597477e+00 5.814342e-01 5.900000e+00
    endloop
  endfacet
  facet normal -9.469295e-01 -3.214393e-01 1.115612e-03
    outer loop
      vertex   1.597477e+00 5.814342e-01 5.900000e+00
      vertex   1.570595e+00 6.505618e-01 3.000000e+00
      vertex   1.642074e+00 4.399924e-01 3.000000e+00
    endloop
  endfacet
  facet normal -9.612608e-01 -2.756371e-01 -1.338687e-03
    outer loop
      vertex   1.597477e+00 5.814342e-01 5.900000e+00
      vertex   1.642074e+00 4.399924e-01 3.000000e+00
      vertex   1.662851e+00 3.534499e-01 5.900000e+00
    endloop
  endfacet
  facet normal -9.807846e-01 -1.950902e-01 1.204891e-03
    outer loop
      vertex   1.662851e+00 3.534499e-01 5.900000e+00
      vertex   1.642074e+00 4.399924e-01 3.000000e+00
      vertex   1.685456e+00 2.218945e-01 3.000000e+00
    endloop
  endfacet
  facet normal -9.902671e-01 -1.391730e-01 -1.405648e-03
    outer loop
      vertex   1.662851e+00 3.534499e-01 5.900000e+00
      vertex   1.685456e+00 2.218945e-01 3.000000e+00
      vertex   1.695859e+00 1.185860e-01 5.900000e+00
    endloop
  endfacet
  facet normal -9.978581e-01 -6.540308e-02 1.249533e-03
    outer loop
      vertex   1.695859e+00 1.185860e-01 5.900000e+00
      vertex   1.685456e+00 2.218945e-01 3.000000e+00
      vertex   1.700000e+00 -1.387779e-16 3.000000e+00
    endloop
  endfacet
  facet normal -9.999990e-01 -0.000000e+00 -1.427969e-03
    outer loop
      vertex   1.695859e+00 1.185860e-01 5.900000e+00
      vertex   1.700000e+00 -1.387779e-16 3.000000e+00
      vertex   1.695859e+00 -1.185860e-01 5.900000e+00
    endloop
  endfacet
  facet normal -9.978581e-01 6.540308e-02 1.249533e-03
    outer loop
      vertex   1.695859e+00 -1.185860e-01 5.900000e+00
      vertex   1.700000e+00 -1.387779e-16 3.000000e+00
      vertex   1.685456e+00 -2.218945e-01 3.000000e+00
    endloop
  endfacet
  facet normal -9.902671e-01 1.391730e-01 -1.405648e-03
    outer loop
      vertex   1.695859e+00 -1.185860e-01 5.900000e+00
      vertex   1.685456e+00 -2.218945e-01 3.000000e+00
      vertex   1.662851e+00 -3.534499e-01 5.900000e+00
    endloop
  endfacet
  facet normal -9.807846e-01 1.950902e-01 1.204891e-03
    outer loop
      vertex   1.662851e+00 -3.534499e-01 5.900000e+00
      vertex   1.685456e+00 -2.218945e-01 3.000000e+00
      vertex   1.642074e+00 -4.399924e-01 3.000000e+00
    endloop
  endfacet
  facet normal -9.612608e-01 2.756371e-01 -1.338687e-03
    outer loop
      vertex   1.662851e+00 -3.534499e-01 5.900000e+00
      vertex   1.642074e+00 -4.399924e-01 3.000000e+00
      vertex   1.597477e+00 -5.814342e-01 5.900000e+00
    endloop
  endfacet
  facet normal -9.469295e-01 3.214393e-01 1.115612e-03
    outer loop
      vertex   1.597477e+00 -5.814342e-01 5.900000e+00
      vertex   1.642074e+00 -4.399924e-01 3.000000e+00
      vertex   1.570595e+00 -6.505618e-01 3.000000e+00
    endloop
  endfacet
  facet normal -9.135448e-01 4.067363e-01 -1.227091e-03
    outer loop
      vertex   1.597477e+00 -5.814342e-01 5.900000e+00
      vertex   1.570595e+00 -6.505618e-01 3.000000e+00
      vertex   1.501011e+00 -7.981017e-01 5.900000e+00
    endloop
  endfacet
  facet normal -8.968723e-01 4.422885e-01 9.817012e-04
    outer loop
      vertex   1.501011e+00 -7.981017e-01 5.900000e+00
      vertex   1.570595e+00 -6.505618e-01 3.000000e+00
      vertex   1.472243e+00 -8.500000e-01 3.000000e+00
    endloop
  endfacet
  facet normal -8.480476e-01 5.299190e-01 -1.070869e-03
    outer loop
      vertex   1.501011e+00 -7.981017e-01 5.900000e+00
      vertex   1.472243e+00 -8.500000e-01 3.000000e+00
      vertex   1.375329e+00 -9.992349e-01 5.900000e+00
    endloop
  endfacet
  facet normal -8.314693e-01 5.555701e-01 8.031694e-04
    outer loop
      vertex   1.375329e+00 -9.992349e-01 5.900000e+00
      vertex   1.472243e+00 -8.500000e-01 3.000000e+00
      vertex   1.348701e+00 -1.034894e+00 3.000000e+00
    endloop
  endfacet
  facet normal -7.660442e-01 6.427874e-01 -8.700311e-04
    outer loop
      vertex   1.375329e+00 -9.992349e-01 5.900000e+00
      vertex   1.348701e+00 -1.034894e+00 3.000000e+00
      vertex   1.222878e+00 -1.180919e+00 5.900000e+00
    endloop
  endfacet
  facet normal -7.518397e-01 6.593457e-01 5.800301e-04
    outer loop
      vertex   1.222878e+00 -1.180919e+00 5.900000e+00
      vertex   1.348701e+00 -1.034894e+00 3.000000e+00
      vertex   1.202082e+00 -1.202082e+00 3.000000e+00
    endloop
  endfacet
  facet normal -6.691305e-01 7.431447e-01 -6.245942e-04
    outer loop
      vertex   1.222878e+00 -1.180919e+00 5.900000e+00
      vertex   1.202082e+00 -1.202082e+00 3.000000e+00
      vertex   1.046625e+00 -1.339618e+00 5.900000e+00
    endloop
  endfacet
  facet normal -6.593458e-01 7.518398e-01 3.123001e-04
    outer loop
      vertex   1.046625e+00 -1.339618e+00 5.900000e+00
      vertex   1.202082e+00 -1.202082e+00 3.000000e+00
      vertex   1.034894e+00 -1.348701e+00 3.000000e+00
    endloop
  endfacet
  facet normal -5.591929e-01 8.290375e-01 -3.345765e-04
    outer loop
      vertex   1.046625e+00 -1.339618e+00 5.900000e+00
      vertex   1.034894e+00 -1.348701e+00 3.000000e+00
      vertex   8.500000e-01 -1.472243e+00 5.900000e+00
    endloop
  endfacet
  facet normal -5.555702e-01 8.314696e-01 8.507681e-17
    outer loop
      vertex   8.500000e-01 -1.472243e+00 5.900000e+00
      vertex   1.034894e+00 -1.348701e+00 3.000000e+00
      vertex   8.500000e-01 -1.472243e+00 3.000000e+00
    endloop
  endfacet
  facet normal -4.422887e-01 8.968727e-01 6.772953e-17
    outer loop
      vertex   8.500000e-01 -1.472243e+00 5.900000e+00
      vertex   8.500000e-01 -1.472243e+00 3.000000e+00
      vertex   6.505618e-01 -1.570595e+00 3.000000e+00
    endloop
  endfacet
  facet normal -4.383711e-01 8.987940e-01 -3.345765e-04
    outer loop
      vertex   8.500000e-01 -1.472243e+00 5.900000e+00
      vertex   6.505618e-01 -1.570595e+00 3.000000e+00
      vertex   6.368312e-01 -1.576213e+00 5.900000e+00
    endloop
  endfacet
  facet normal -3.214394e-01 9.469301e-01 3.123001e-04
    outer loop
      vertex   6.368312e-01 -1.576213e+00 5.900000e+00
      vertex   6.505618e-01 -1.570595e+00 3.000000e+00
      vertex   4.399924e-01 -1.642074e+00 3.000000e+00
    endloop
  endfacet
  facet normal -3.090169e-01 9.510563e-01 -6.245942e-04
    outer loop
      vertex   6.368312e-01 -1.576213e+00 5.900000e+00
      vertex   4.399924e-01 -1.642074e+00 3.000000e+00
      vertex   4.112672e-01 -1.649503e+00 5.900000e+00
    endloop
  endfacet
  facet normal -1.950903e-01 9.807851e-01 5.800301e-04
    outer loop
      vertex   4.112672e-01 -1.649503e+00 5.900000e+00
      vertex   4.399924e-01 -1.642074e+00 3.000000e+00
      vertex   2.218945e-01 -1.685456e+00 3.000000e+00
    endloop
  endfacet
  facet normal -1.736481e-01 9.848074e-01 -8.700311e-04
    outer loop
      vertex   4.112672e-01 -1.649503e+00 5.900000e+00
      vertex   2.218945e-01 -1.685456e+00 3.000000e+00
      vertex   1.776984e-01 -1.690687e+00 5.900000e+00
    endloop
  endfacet
  facet normal -6.540311e-02 9.978586e-01 8.031694e-04
    outer loop
      vertex   1.776984e-01 -1.690687e+00 5.900000e+00
      vertex   2.218945e-01 -1.685456e+00 3.000000e+00
      vertex   0.000000e+00 -1.700000e+00 3.000000e+00
    endloop
  endfacet
  facet normal -3.489948e-02 9.993903e-01 -1.070869e-03
    outer loop
      vertex   1.776984e-01 -1.690687e+00 5.900000e+00
      vertex   0.000000e+00 -1.700000e+00 3.000000e+00
      vertex   -5.932914e-02 -1.698964e+00 5.900000e+00
    endloop
  endfacet
  facet normal 6.540310e-02 9.978584e-01 9.817012e-04
    outer loop
      vertex   -5.932914e-02 -1.698964e+00 5.900000e+00
      vertex   0.000000e+00 -1.700000e+00 3.000000e+00
      vertex   -2.218945e-01 -1.685456e+00 3.000000e+00
    endloop
  endfacet
  facet normal 1.045284e-01 9.945211e-01 -1.227091e-03
    outer loop
      vertex   -5.932914e-02 -1.698964e+00 5.900000e+00
      vertex   -2.218945e-01 -1.685456e+00 3.000000e+00
      vertex   -2.952019e-01 -1.674173e+00 5.900000e+00
    endloop
  endfacet
  facet normal 1.950902e-01 9.807847e-01 1.115612e-03
    outer loop
      vertex   -2.952019e-01 -1.674173e+00 5.900000e+00
      vertex   -2.218945e-01 -1.685456e+00 3.000000e+00
      vertex   -4.399924e-01 -1.642074e+00 3.000000e+00
    endloop
  endfacet
  facet normal 2.419217e-01 9.702949e-01 -1.338687e-03
    outer loop
      vertex   -2.952019e-01 -1.674173e+00 5.900000e+00
      vertex   -4.399924e-01 -1.642074e+00 3.000000e+00
      vertex   -5.253289e-01 -1.616796e+00 5.900000e+00
    endloop
  endfacet
  facet normal 3.214392e-01 9.469294e-01 1.204891e-03
    outer loop
      vertex   -5.253289e-01 -1.616796e+00 5.900000e+00
      vertex   -4.399924e-01 -1.642074e+00 3.000000e+00
      vertex   -6.505618e-01 -1.570595e+00 3.000000e+00
    endloop
  endfacet
  facet normal 3.746062e-01 9.271829e-01 -1.405648e-03
    outer loop
      vertex   -5.253289e-01 -1.616796e+00 5.900000e+00
      vertex   -6.505618e-01 -1.570595e+00 3.000000e+00
      vertex   -7.452309e-01 -1.527950e+00 5.900000e+00
    endloop
  endfacet
  facet normal 4.422883e-01 8.968720e-01 1.249533e-03
    outer loop
      vertex   -7.452309e-01 -1.527950e+00 5.900000e+00
      vertex   -6.505618e-01 -1.570595e+00 3.000000e+00
      vertex   -8.500000e-01 -1.472243e+00 3.000000e+00
    endloop
  endfacet
  facet normal 4.999995e-01 8.660245e-01 -1.427969e-03
    outer loop
      vertex   -7.452309e-01 -1.527950e+00 5.900000e+00
      vertex   -8.500000e-01 -1.472243e+00 3.000000e+00
      vertex   -9.506279e-01 -1.409364e+00 5.900000e+00
    endloop
  endfacet
  facet normal 5.555698e-01 8.314690e-01 1.249533e-03
    outer loop
      vertex   -9.506279e-01 -1.409364e+00 5.900000e+00
      vertex   -8.500000e-01 -1.472243e+00 3.000000e+00
      vertex   -1.034894e+00 -1.348701e+00 3.000000e+00
    endloop
  endfacet
  facet normal 6.156609e-01 7.880100e-01 -1.405648e-03
    outer loop
      vertex   -9.506279e-01 -1.409364e+00 5.900000e+00
      vertex   -1.034894e+00 -1.348701e+00 3.000000e+00
      vertex   -1.137522e+00 -1.263346e+00 5.900000e+00
    endloop
  endfacet
  facet normal 6.593453e-01 7.518393e-01 1.204891e-03
    outer loop
      vertex   -1.137522e+00 -1.263346e+00 5.900000e+00
      vertex   -1.034894e+00 -1.348701e+00 3.000000e+00
      vertex   -1.202082e+00 -1.202082e+00 3.000000e+00
    endloop
  endfacet
  facet normal 7.193392e-01 6.946577e-01 -1.338687e-03
    outer loop
      vertex   -1.137522e+00 -1.263346e+00 5.900000e+00
      vertex   -1.202082e+00 -1.202082e+00 3.000000e+00
      vertex   -1.302276e+00 -1.092739e+00 5.900000e+00
    endloop
  endfacet
  facet normal 7.518393e-01 6.593454e-01 1.115612e-03
    outer loop
      vertex   -1.302276e+00 -1.092739e+00 5.900000e+00
      vertex   -1.202082e+00 -1.202082e+00 3.000000e+00
      vertex   -1.348701e+00 -1.034894e+00 3.000000e+00
    endloop
  endfacet
  facet normal 8.090164e-01 5.877848e-01 -1.227091e-03
    outer loop
      vertex   -1.302276e+00 -1.092739e+00 5.900000e+00
      vertex   -1.348701e+00 -1.034894e+00 3.000000e+00
      vertex   -1.441682e+00 -9.008627e-01 5.900000e+00
    endloop
  endfacet
  facet normal 8.314692e-01 5.555700e-01 9.817012e-04
    outer loop
      vertex   -1.441682e+00 -9.008627e-01 5.900000e+00
      vertex   -1.348701e+00 -1.034894e+00 3.000000e+00
      vertex   -1.472243e+00 -8.500000e-01 3.000000e+00
    endloop
  endfacet
  facet normal 8.829471e-01 4.694713e-01 -1.070869e-03
    outer loop
      vertex   -1.441682e+00 -9.008627e-01 5.900000e+00
      vertex   -1.472243e+00 -8.500000e-01 3.000000e+00
      vertex   -1.553027e+00 -6.914523e-01 5.900000e+00
    endloop
  endfacet
  facet normal 8.968725e-01 4.422885e-01 8.031694e-04
    outer loop
      vertex   -1.553027e+00 -6.914523e-01 5.900000e+00
      vertex   -1.472243e+00 -8.500000e-01 3.000000e+00
      vertex   -1.570595e+00 -6.505618e-01 3.000000e+00
    endloop
  endfacet
  facet normal 9.396923e-01 3.420200e-01 -8.700311e-04
    outer loop
      vertex   -1.553027e+00 -6.914523e-01 5.900000e+00
      vertex   -1.570595e+00 -6.505618e-01 3.000000e+00
      vertex   -1.634145e+00 -4.685835e-01 5.900000e+00
    endloop
  endfacet
  facet normal 9.469300e-01 3.214394e-01 5.800301e-04
    outer loop
      vertex   -1.634145e+00 -4.685835e-01 5.900000e+00
      vertex   -1.570595e+00 -6.505618e-01 3.000000e+00
      vertex   -1.642074e+00 -4.399924e-01 3.000000e+00
    endloop
  endfacet
  facet normal 9.781474e-01 2.079117e-01 -6.245942e-04
    outer loop
      vertex   -1.634145e+00 -4.685835e-01 5.900000e+00
      vertex   -1.642074e+00 -4.399924e-01 3.000000e+00
      vertex   -1.683456e+00 -2.365943e-01 5.900000e+00
    endloop
  endfacet
  facet normal 9.807852e-01 1.950903e-01 3.123001e-04
    outer loop
      vertex   -1.683456e+00 -2.365943e-01 5.900000e+00
      vertex   -1.642074e+00 -4.399924e-01 3.000000e+00
      vertex   -1.685456e+00 -2.218945e-01 3.000000e+00
    endloop
  endfacet
  facet normal 9.975640e-01 6.975647e-02 -3.345765e-04
    outer loop
      vertex   -1.683456e+00 -2.365943e-01 5.900000e+00
      vertex   -1.685456e+00 -2.218945e-01 3.000000e+00
      vertex   -1.700000e+00 -2.081900e-16 5.900000e+00
    endloop
  endfacet
  facet normal 9.975641e-01 6.975647e-02 0.000000e+00
    outer loop
      vertex   -1.683456e+00 -2.365943e-01 8.800000e+00
      vertex   -1.683456e+00 -2.365943e-01 5.900000e+00
      vertex   -1.700000e+00 2.081900e-16 8.800000e+00
    endloop
  endfacet
  facet normal 9.975641e-01 6.975647e-02 -1.001558e-17
    outer loop
      vertex   -1.700000e+00 2.081900e-16 8.800000e+00
      vertex   -1.683456e+00 -2.365943e-01 5.900000e+00
      vertex   -1.700000e+00 -2.081900e-16 5.900000e+00
    endloop
  endfacet
  facet normal 9.975641e-01 -6.975647e-02 1.001558e-17
    outer loop
      vertex   -1.700000e+00 2.081900e-16 8.800000e+00
      vertex   -1.700000e+00 -2.081900e-16 5.900000e+00
      vertex   -1.683456e+00 2.365943e-01 8.800000e+00
    endloop
  endfacet
  facet normal 9.975641e-01 -6.975647e-02 0.000000e+00
    outer loop
      vertex   -1.683456e+00 2.365943e-01 8.800000e+00
      vertex   -1.700000e+00 -2.081900e-16 5.900000e+00
      vertex   -1.683456e+00 2.365943e-01 5.900000e+00
    endloop
  endfacet
  facet normal 9.781476e-01 -2.079117e-01 0.000000e+00
    outer loop
      vertex   -1.683456e+00 2.365943e-01 8.800000e+00
      vertex   -1.683456e+00 2.365943e-01 5.900000e+00
      vertex   -1.634145e+00 4.685835e-01 8.800000e+00
    endloop
  endfacet
  facet normal 9.781476e-01 -2.079117e-01 -1.020303e-16
    outer loop
      vertex   -1.634145e+00 4.685835e-01 8.800000e+00
      vertex   -1.683456e+00 2.365943e-01 5.900000e+00
      vertex   -1.634145e+00 4.685835e-01 5.900000e+00
    endloop
  endfacet
  facet normal 9.396926e-01 -3.420201e-01 -6.533661e-17
    outer loop
      vertex   -1.634145e+00 4.685835e-01 8.800000e+00
      vertex   -1.634145e+00 4.685835e-01 5.900000e+00
      vertex   -1.553027e+00 6.914523e-01 8.800000e+00
    endloop
  endfacet
  facet normal 9.396926e-01 -3.420201e-01 -6.533661e-17
    outer loop
      vertex   -1.553027e+00 6.914523e-01 8.800000e+00
      vertex   -1.634145e+00 4.685835e-01 5.900000e+00
      vertex   -1.553027e+00 6.914523e-01 5.900000e+00
    endloop
  endfacet
  facet normal 8.829476e-01 -4.694716e-01 -2.737125e-17
    outer loop
      vertex   -1.553027e+00 6.914523e-01 8.800000e+00
      vertex   -1.553027e+00 6.914523e-01 5.900000e+00
      vertex   -1.441682e+00 9.008627e-01 8.800000e+00
    endloop
  endfacet
  facet normal 8.829476e-01 -4.694716e-01 0.000000e+00
    outer loop
      vertex   -1.441682e+00 9.008627e-01 8.800000e+00
      vertex   -1.553027e+00 6.914523e-01 5.900000e+00
      vertex   -1.441682e+00 9.008627e-01 5.900000e+00
    endloop
  endfacet
  facet normal 8.090170e-01 -5.877853e-01 0.000000e+00
    outer loop
      vertex   -1.441682e+00 9.008627e-01 8.800000e+00
      vertex   -1.441682e+00 9.008627e-01 5.900000e+00
      vertex   -1.302276e+00 1.092739e+00 8.800000e+00
    endloop
  endfacet
  facet normal 8.090170e-01 -5.877853e-01 0.000000e+00
    outer loop
      vertex   -1.302276e+00 1.092739e+00 8.800000e+00
      vertex   -1.441682e+00 9.008627e-01 5.900000e+00
      vertex   -1.302276e+00 1.092739e+00 5.900000e+00
    endloop
  endfacet
  facet normal 7.193398e-01 -6.946584e-01 0.000000e+00
    outer loop
      vertex   -1.302276e+00 1.092739e+00 8.800000e+00
      vertex   -1.302276e+00 1.092739e+00 5.900000e+00
      vertex   -1.137522e+00 1.263346e+00 8.800000e+00
    endloop
  endfacet
  facet normal 7.193398e-01 -6.946584e-01 0.000000e+00
    outer loop
      vertex   -1.137522e+00 1.263346e+00 8.800000e+00
      vertex   -1.302276e+00 1.092739e+00 5.900000e+00
      vertex   -1.137522e+00 1.263346e+00 5.900000e+00
    endloop
  endfacet
  facet normal 6.156615e-01 -7.880108e-01 0.000000e+00
    outer loop
      vertex   -1.137522e+00 1.263346e+00 8.800000e+00
      vertex   -1.137522e+00 1.263346e+00 5.900000e+00
      vertex   -9.506279e-01 1.409364e+00 8.800000e+00
    endloop
  endfacet
  facet normal 6.156615e-01 -7.880108e-01 -8.108255e-17
    outer loop
      vertex   -9.506279e-01 1.409364e+00 8.800000e+00
      vertex   -1.137522e+00 1.263346e+00 5.900000e+00
      vertex   -9.506279e-01 1.409364e+00 5.900000e+00
    endloop
  endfacet
  facet normal 5.000000e-01 -8.660254e-01 -4.854160e-17
    outer loop
      vertex   -9.506279e-01 1.409364e+00 8.800000e+00
      vertex   -9.506279e-01 1.409364e+00 5.900000e+00
      vertex   -7.452309e-01 1.527950e+00 8.800000e+00
    endloop
  endfacet
  facet normal 5.000000e-01 -8.660254e-01 0.000000e+00
    outer loop
      vertex   -7.452309e-01 1.527950e+00 8.800000e+00
      vertex   -9.506279e-01 1.409364e+00 5.900000e+00
      vertex   -7.452309e-01 1.527950e+00 5.900000e+00
    endloop
  endfacet
  facet normal 3.746066e-01 -9.271839e-01 0.000000e+00
    outer loop
      vertex   -7.452309e-01 1.527950e+00 8.800000e+00
      vertex   -7.452309e-01 1.527950e+00 5.900000e+00
      vertex   -5.253289e-01 1.616796e+00 8.800000e+00
    endloop
  endfacet
  facet normal 3.746066e-01 -9.271839e-01 0.000000e+00
    outer loop
      vertex   -5.253289e-01 1.616796e+00 8.800000e+00
      vertex   -7.452309e-01 1.527950e+00 5.900000e+00
      vertex   -5.253289e-01 1.616796e+00 5.900000e+00
    endloop
  endfacet
  facet normal 2.419219e-01 -9.702957e-01 0.000000e+00
    outer loop
      vertex   -5.253289e-01 1.616796e+00 8.800000e+00
      vertex   -5.253289e-01 1.616796e+00 5.900000e+00
      vertex   -2.952019e-01 1.674173e+00 8.800000e+00
    endloop
  endfacet
  facet normal 2.419219e-01 -9.702957e-01 -1.161698e-16
    outer loop
      vertex   -2.952019e-01 1.674173e+00 8.800000e+00
      vertex   -5.253289e-01 1.616796e+00 5.900000e+00
      vertex   -2.952019e-01 1.674173e+00 5.900000e+00
    endloop
  endfacet
  facet normal 1.045285e-01 -9.945219e-01 -1.382893e-16
    outer loop
      vertex   -2.952019e-01 1.674173e+00 8.800000e+00
      vertex   -2.952019e-01 1.674173e+00 5.900000e+00
      vertex   -5.932914e-02 1.698964e+00 8.800000e+00
    endloop
  endfacet
  facet normal 1.045285e-01 -9.945219e-01 -1.350581e-17
    outer loop
      vertex   -5.932914e-02 1.698964e+00 8.800000e+00
      vertex   -2.952019e-01 1.674173e+00 5.900000e+00
      vertex   -5.932914e-02 1.698964e+00 5.900000e+00
    endloop
  endfacet
  facet normal -3.489950e-02 -9.993908e-01 4.509259e-18
    outer loop
      vertex   -5.932914e-02 1.698964e+00 8.800000e+00
      vertex   -5.932914e-02 1.698964e+00 5.900000e+00
      vertex   1.776984e-01 1.690687e+00 8.800000e+00
    endloop
  endfacet
  facet normal -3.489950e-02 -9.993908e-01 4.676269e-18
    outer loop
      vertex   1.776984e-01 1.690687e+00 8.800000e+00
      vertex   -5.932914e-02 1.698964e+00 5.900000e+00
      vertex   1.776984e-01 1.690687e+00 5.900000e+00
    endloop
  endfacet
  facet normal -1.736482e-01 -9.848078e-01 2.326754e-17
    outer loop
      vertex   1.776984e-01 1.690687e+00 8.800000e+00
      vertex   1.776984e-01 1.690687e+00 5.900000e+00
      vertex   4.112672e-01 1.649503e+00 8.800000e+00
    endloop
  endfacet
  facet normal -1.736482e-01 -9.848078e-01 2.326754e-17
    outer loop
      vertex   4.112672e-01 1.649503e+00 8.800000e+00
      vertex   1.776984e-01 1.690687e+00 5.900000e+00
      vertex   4.112672e-01 1.649503e+00 5.900000e+00
    endloop
  endfacet
  facet normal -3.090170e-01 -9.510565e-01 4.140594e-17
    outer loop
      vertex   4.112672e-01 1.649503e+00 8.800000e+00
      vertex   4.112672e-01 1.649503e+00 5.900000e+00
      vertex   6.368312e-01 1.576213e+00 8.800000e+00
    endloop
  endfacet
  facet normal -3.090170e-01 -9.510565e-01 -0.000000e+00
    outer loop
      vertex   6.368312e-01 1.576213e+00 8.800000e+00
      vertex   4.112672e-01 1.649503e+00 5.900000e+00
      vertex   6.368312e-01 1.576213e+00 5.900000e+00
    endloop
  endfacet
  facet normal -4.383711e-01 -8.987940e-01 -0.000000e+00
    outer loop
      vertex   6.368312e-01 1.576213e+00 8.800000e+00
      vertex   6.368312e-01 1.576213e+00 5.900000e+00
      vertex   8.500000e-01 1.472243e+00 8.800000e+00
    endloop
  endfacet
  facet normal -4.383711e-01 -8.987940e-01 -0.000000e+00
    outer loop
      vertex   8.500000e-01 1.472243e+00 8.800000e+00
      vertex   6.368312e-01 1.576213e+00 5.900000e+00
      vertex   8.500000e-01 1.472243e+00 5.900000e+00
    endloop
  endfacet
  facet normal -5.591929e-01 -8.290376e-01 -0.000000e+00
    outer loop
      vertex   8.500000e-01 1.472243e+00 8.800000e+00
      vertex   8.500000e-01 1.472243e+00 5.900000e+00
      vertex   1.046625e+00 1.339618e+00 8.800000e+00
    endloop
  endfacet
  facet normal -5.591929e-01 -8.290376e-01 -2.066123e-17
    outer loop
      vertex   1.046625e+00 1.339618e+00 8.800000e+00
      vertex   8.500000e-01 1.472243e+00 5.900000e+00
      vertex   1.046625e+00 1.339618e+00 5.900000e+00
    endloop
  endfacet
  facet normal -6.691306e-01 -7.431448e-01 -5.667054e-18
    outer loop
      vertex   1.046625e+00 1.339618e+00 8.800000e+00
      vertex   1.046625e+00 1.339618e+00 5.900000e+00
      vertex   1.222878e+00 1.180919e+00 8.800000e+00
    endloop
  endfacet
  facet normal -6.691306e-01 -7.431448e-01 -5.667054e-18
    outer loop
      vertex   1.222878e+00 1.180919e+00 8.800000e+00
      vertex   1.046625e+00 1.339618e+00 5.900000e+00
      vertex   1.222878e+00 1.180919e+00 5.900000e+00
    endloop
  endfacet
  facet normal -7.660444e-01 -6.427876e-01 9.437419e-18
    outer loop
      vertex   1.222878e+00 1.180919e+00 8.800000e+00
      vertex   1.222878e+00 1.180919e+00 5.900000e+00
      vertex   1.375329e+00 9.992349e-01 8.800000e+00
    endloop
  endfacet
  facet normal -7.660444e-01 -6.427876e-01 -0.000000e+00
    outer loop
      vertex   1.375329e+00 9.992349e-01 8.800000e+00
      vertex   1.222878e+00 1.180919e+00 5.900000e+00
      vertex   1.375329e+00 9.992349e-01 5.900000e+00
    endloop
  endfacet
  facet normal -8.480481e-01 -5.299193e-01 -0.000000e+00
    outer loop
      vertex   1.375329e+00 9.992349e-01 8.800000e+00
      vertex   1.375329e+00 9.992349e-01 5.900000e+00
      vertex   1.501011e+00 7.981017e-01 8.800000e+00
    endloop
  endfacet
  facet normal -8.480481e-01 -5.299193e-01 -6.086158e-17
    outer loop
      vertex   1.501011e+00 7.981017e-01 8.800000e+00
      vertex   1.375329e+00 9.992349e-01 5.900000e+00
      vertex   1.501011e+00 7.981017e-01 5.900000e+00
    endloop
  endfacet
  facet normal -9.135455e-01 -4.067366e-01 -4.671397e-17
    outer loop
      vertex   1.501011e+00 7.981017e-01 8.800000e+00
      vertex   1.501011e+00 7.981017e-01 5.900000e+00
      vertex   1.597477e+00 5.814342e-01 8.800000e+00
    endloop
  endfacet
  facet normal -9.135455e-01 -4.067366e-01 -0.000000e+00
    outer loop
      vertex   1.597477e+00 5.814342e-01 8.800000e+00
      vertex   1.501011e+00 7.981017e-01 5.900000e+00
      vertex   1.597477e+00 5.814342e-01 5.900000e+00
    endloop
  endfacet
  facet normal -9.612617e-01 -2.756374e-01 -0.000000e+00
    outer loop
      vertex   1.597477e+00 5.814342e-01 8.800000e+00
      vertex   1.597477e+00 5.814342e-01 5.900000e+00
      vertex   1.662851e+00 3.534499e-01 8.800000e+00
    endloop
  endfacet
  facet normal -9.612617e-01 -2.756374e-01 3.666771e-17
    outer loop
      vertex   1.662851e+00 3.534499e-01 8.800000e+00
      vertex   1.597477e+00 5.814342e-01 5.900000e+00
      vertex   1.662851e+00 3.534499e-01 5.900000e+00
    endloop
  endfacet
  facet normal -9.902681e-01 -1.391731e-01 5.717382e-17
    outer loop
      vertex   1.662851e+00 3.534499e-01 8.800000e+00
      vertex   1.662851e+00 3.534499e-01 5.900000e+00
      vertex   1.695859e+00 1.185860e-01 8.800000e+00
    endloop
  endfacet
  facet normal -9.902681e-01 -1.391731e-01 -0.000000e+00
    outer loop
      vertex   1.695859e+00 1.185860e-01 8.800000e+00
      vertex   1.662851e+00 3.534499e-01 5.900000e+00
      vertex   1.695859e+00 1.185860e-01 5.900000e+00
    endloop
  endfacet
  facet normal -1.000000e+00 -0.000000e+00 -0.000000e+00
    outer loop
      vertex   1.695859e+00 1.185860e-01 8.800000e+00
      vertex   1.695859e+00 1.185860e-01 5.900000e+00
      vertex   1.695859e+00 -1.185860e-01 8.800000e+00
    endloop
  endfacet
  facet normal -1.000000e+00 0.000000e+00 0.000000e+00
    outer loop
      vertex   1.695859e+00 -1.185860e-01 8.800000e+00
      vertex   1.695859e+00 1.185860e-01 5.900000e+00
      vertex   1.695859e+00 -1.185860e-01 5.900000e+00
    endloop
  endfacet
  facet normal -9.902681e-01 1.391731e-01 0.000000e+00
    outer loop
      vertex   1.695859e+00 -1.185860e-01 8.800000e+00
      vertex   1.695859e+00 -1.185860e-01 5.900000e+00
      vertex   1.662851e+00 -3.534499e-01 8.800000e+00
    endloop
  endfacet
  facet normal -9.902681e-01 1.391731e-01 1.864814e-17
    outer loop
      vertex   1.662851e+00 -3.534499e-01 8.800000e+00
      vertex   1.695859e+00 -1.185860e-01 5.900000e+00
      vertex   1.662851e+00 -3.534499e-01 5.900000e+00
    endloop
  endfacet
  facet normal -9.612617e-01 2.756374e-01 3.693332e-17
    outer loop
      vertex   1.662851e+00 -3.534499e-01 8.800000e+00
      vertex   1.662851e+00 -3.534499e-01 5.900000e+00
      vertex   1.597477e+00 -5.814342e-01 8.800000e+00
    endloop
  endfacet
  facet normal -9.612617e-01 2.756374e-01 0.000000e+00
    outer loop
      vertex   1.597477e+00 -5.814342e-01 8.800000e+00
      vertex   1.662851e+00 -3.534499e-01 5.900000e+00
      vertex   1.597477e+00 -5.814342e-01 5.900000e+00
    endloop
  endfacet
  facet normal -9.135455e-01 4.067366e-01 0.000000e+00
    outer loop
      vertex   1.597477e+00 -5.814342e-01 8.800000e+00
      vertex   1.597477e+00 -5.814342e-01 5.900000e+00
      vertex   1.501011e+00 -7.981017e-01 8.800000e+00
    endloop
  endfacet
  facet normal -9.135455e-01 4.067366e-01 -2.323356e-17
    outer loop
      vertex   1.501011e+00 -7.981017e-01 8.800000e+00
      vertex   1.597477e+00 -5.814342e-01 5.900000e+00
      vertex   1.501011e+00 -7.981017e-01 5.900000e+00
    endloop
  endfacet
  facet normal -8.480481e-01 5.299193e-01 -4.071012e-18
    outer loop
      vertex   1.501011e+00 -7.981017e-01 8.800000e+00
      vertex   1.501011e+00 -7.981017e-01 5.900000e+00
      vertex   1.375329e+00 -9.992349e-01 8.800000e+00
    endloop
  endfacet
  facet normal -8.480481e-01 5.299193e-01 0.000000e+00
    outer loop
      vertex   1.375329e+00 -9.992349e-01 8.800000e+00
      vertex   1.501011e+00 -7.981017e-01 5.900000e+00
      vertex   1.375329e+00 -9.992349e-01 5.900000e+00
    endloop
  endfacet
  facet normal -7.660444e-01 6.427876e-01 0.000000e+00
    outer loop
      vertex   1.375329e+00 -9.992349e-01 8.800000e+00
      vertex   1.375329e+00 -9.992349e-01 5.900000e+00
      vertex   1.222878e+00 -1.180919e+00 8.800000e+00
    endloop
  endfacet
  facet normal -7.660444e-01 6.427876e-01 -9.437419e-18
    outer loop
      vertex   1.222878e+00 -1.180919e+00 8.800000e+00
      vertex   1.375329e+00 -9.992349e-01 5.900000e+00
      vertex   1.222878e+00 -1.180919e+00 5.900000e+00
    endloop
  endfacet
  facet normal -6.691306e-01 7.431448e-01 5.667054e-18
    outer loop
      vertex   1.222878e+00 -1.180919e+00 8.800000e+00
      vertex   1.222878e+00 -1.180919e+00 5.900000e+00
      vertex   1.046625e+00 -1.339618e+00 8.800000e+00
    endloop
  endfacet
  facet normal -6.691306e-01 7.431448e-01 1.133411e-17
    outer loop
      vertex   1.046625e+00 -1.339618e+00 8.800000e+00
      vertex   1.222878e+00 -1.180919e+00 5.900000e+00
      vertex   1.046625e+00 -1.339618e+00 5.900000e+00
    endloop
  endfacet
  facet normal -5.591929e-01 8.290376e-01 4.132245e-17
    outer loop
      vertex   1.046625e+00 -1.339618e+00 8.800000e+00
      vertex   1.046625e+00 -1.339618e+00 5.900000e+00
      vertex   8.500000e-01 -1.472243e+00 8.800000e+00
    endloop
  endfacet
  facet normal -5.591929e-01 8.290376e-01 0.000000e+00
    outer loop
      vertex   8.500000e-01 -1.472243e+00 8.800000e+00
      vertex   1.046625e+00 -1.339618e+00 5.900000e+00
      vertex   8.500000e-01 -1.472243e+00 5.900000e+00
    endloop
  endfacet
  facet normal -4.383711e-01 8.987940e-01 0.000000e+00
    outer loop
      vertex   8.500000e-01 -1.472243e+00 8.800000e+00
      vertex   8.500000e-01 -1.472243e+00 5.900000e+00
      vertex   6.368312e-01 -1.576213e+00 8.800000e+00
    endloop
  endfacet
  facet normal -4.383711e-01 8.987940e-01 0.000000e+00
    outer loop
      vertex   6.368312e-01 -1.576213e+00 8.800000e+00
      vertex   8.500000e-01 -1.472243e+00 5.900000e+00
      vertex   6.368312e-01 -1.576213e+00 5.900000e+00
    endloop
  endfacet
  facet normal -3.090170e-01 9.510565e-01 0.000000e+00
    outer loop
      vertex   6.368312e-01 -1.576213e+00 8.800000e+00
      vertex   6.368312e-01 -1.576213e+00 5.900000e+00
      vertex   4.112672e-01 -1.649503e+00 8.800000e+00
    endloop
  endfacet
  facet normal -3.090170e-01 9.510565e-01 0.000000e+00
    outer loop
      vertex   4.112672e-01 -1.649503e+00 8.800000e+00
      vertex   6.368312e-01 -1.576213e+00 5.900000e+00
      vertex   4.112672e-01 -1.649503e+00 5.900000e+00
    endloop
  endfacet
  facet normal -1.736482e-01 9.848078e-01 0.000000e+00
    outer loop
      vertex   4.112672e-01 -1.649503e+00 8.800000e+00
      vertex   4.112672e-01 -1.649503e+00 5.900000e+00
      vertex   1.776984e-01 -1.690687e+00 8.800000e+00
    endloop
  endfacet
  facet normal -1.736482e-01 9.848078e-01 5.379830e-17
    outer loop
      vertex   1.776984e-01 -1.690687e+00 8.800000e+00
      vertex   4.112672e-01 -1.649503e+00 5.900000e+00
      vertex   1.776984e-01 -1.690687e+00 5.900000e+00
    endloop
  endfacet
  facet normal -3.489950e-02 9.993908e-01 7.217821e-17
    outer loop
      vertex   1.776984e-01 -1.690687e+00 8.800000e+00
      vertex   1.776984e-01 -1.690687e+00 5.900000e+00
      vertex   -5.932914e-02 -1.698964e+00 8.800000e+00
    endloop
  endfacet
  facet normal -3.489950e-02 9.993908e-01 -4.592764e-18
    outer loop
      vertex   -5.932914e-02 -1.698964e+00 8.800000e+00
      vertex   1.776984e-01 -1.690687e+00 5.900000e+00
      vertex   -5.932914e-02 -1.698964e+00 5.900000e+00
    endloop
  endfacet
  facet normal 1.045285e-01 9.945219e-01 1.375592e-17
    outer loop
      vertex   -5.932914e-02 -1.698964e+00 8.800000e+00
      vertex   -5.932914e-02 -1.698964e+00 5.900000e+00
      vertex   -2.952019e-01 -1.674173e+00 8.800000e+00
    endloop
  endfacet
  facet normal 1.045285e-01 9.945219e-01 0.000000e+00
    outer loop
      vertex   -2.952019e-01 -1.674173e+00 8.800000e+00
      vertex   -5.932914e-02 -1.698964e+00 5.900000e+00
      vertex   -2.952019e-01 -1.674173e+00 5.900000e+00
    endloop
  endfacet
  facet normal 2.419219e-01 9.702957e-01 0.000000e+00
    outer loop
      vertex   -2.952019e-01 -1.674173e+00 8.800000e+00
      vertex   -2.952019e-01 -1.674173e+00 5.900000e+00
      vertex   -5.253289e-01 -1.616796e+00 8.800000e+00
    endloop
  endfacet
  facet normal 2.419219e-01 9.702957e-01 0.000000e+00
    outer loop
      vertex   -5.253289e-01 -1.616796e+00 8.800000e+00
      vertex   -2.952019e-01 -1.674173e+00 5.900000e+00
      vertex   -5.253289e-01 -1.616796e+00 5.900000e+00
    endloop
  endfacet
  facet normal 3.746066e-01 9.271839e-01 0.000000e+00
    outer loop
      vertex   -5.253289e-01 -1.616796e+00 8.800000e+00
      vertex   -5.253289e-01 -1.616796e+00 5.900000e+00
      vertex   -7.452309e-01 -1.527950e+00 8.800000e+00
    endloop
  endfacet
  facet normal 3.746066e-01 9.271839e-01 0.000000e+00
    outer loop
      vertex   -7.452309e-01 -1.527950e+00 8.800000e+00
      vertex   -5.253289e-01 -1.616796e+00 5.900000e+00
      vertex   -7.452309e-01 -1.527950e+00 5.900000e+00
    endloop
  endfacet
  facet normal 5.000000e-01 8.660254e-01 0.000000e+00
    outer loop
      vertex   -7.452309e-01 -1.527950e+00 8.800000e+00
      vertex   -7.452309e-01 -1.527950e+00 5.900000e+00
      vertex   -9.506279e-01 -1.409364e+00 8.800000e+00
    endloop
  endfacet
  facet normal 5.000000e-01 8.660254e-01 0.000000e+00
    outer loop
      vertex   -9.506279e-01 -1.409364e+00 8.800000e+00
      vertex   -7.452309e-01 -1.527950e+00 5.900000e+00
      vertex   -9.506279e-01 -1.409364e+00 5.900000e+00
    endloop
  endfacet
  facet normal 6.156615e-01 7.880108e-01 0.000000e+00
    outer loop
      vertex   -9.506279e-01 -1.409364e+00 8.800000e+00
      vertex   -9.506279e-01 -1.409364e+00 5.900000e+00
      vertex   -1.137522e+00 -1.263346e+00 8.800000e+00
    endloop
  endfacet
  facet normal 6.156615e-01 7.880108e-01 0.000000e+00
    outer loop
      vertex   -1.137522e+00 -1.263346e+00 8.800000e+00
      vertex   -9.506279e-01 -1.409364e+00 5.900000e+00
      vertex   -1.137522e+00 -1.263346e+00 5.900000e+00
    endloop
  endfacet
  facet normal 7.193398e-01 6.946584e-01 0.000000e+00
    outer loop
      vertex   -1.137522e+00 -1.263346e+00 8.800000e+00
      vertex   -1.137522e+00 -1.263346e+00 5.900000e+00
      vertex   -1.302276e+00 -1.092739e+00 8.800000e+00
    endloop
  endfacet
  facet normal 7.193398e-01 6.946584e-01 0.000000e+00
    outer loop
      vertex   -1.302276e+00 -1.092739e+00 8.800000e+00
      vertex   -1.137522e+00 -1.263346e+00 5.900000e+00
      vertex   -1.302276e+00 -1.092739e+00 5.900000e+00
    endloop
  endfacet
  facet normal 8.090170e-01 5.877853e-01 0.000000e+00
    outer loop
      vertex   -1.302276e+00 -1.092739e+00 8.800000e+00
      vertex   -1.302276e+00 -1.092739e+00 5.900000e+00
      vertex   -1.441682e+00 -9.008627e-01 8.800000e+00
    endloop
  endfacet
  facet normal 8.090170e-01 5.877853e-01 0.000000e+00
    outer loop
      vertex   -1.441682e+00 -9.008627e-01 8.800000e+00
      vertex   -1.302276e+00 -1.092739e+00 5.900000e+00
      vertex   -1.441682e+00 -9.008627e-01 5.900000e+00
    endloop
  endfacet
  facet normal 8.829476e-01 4.694716e-01 0.000000e+00
    outer loop
      vertex   -1.441682e+00 -9.008627e-01 8.800000e+00
      vertex   -1.441682e+00 -9.008627e-01 5.900000e+00
      vertex   -1.553027e+00 -6.914523e-01 8.800000e+00
    endloop
  endfacet
  facet normal 8.829476e-01 4.694716e-01 0.000000e+00
    outer loop
      vertex   -1.553027e+00 -6.914523e-01 8.800000e+00
      vertex   -1.441682e+00 -9.008627e-01 5.900000e+00
      vertex   -1.553027e+00 -6.914523e-01 5.900000e+00
    endloop
  endfacet
  facet normal 9.396926e-01 3.420201e-01 0.000000e+00
    outer loop
      vertex   -1.553027e+00 -6.914523e-01 8.800000e+00
      vertex   -1.553027e+00 -6.914523e-01 5.900000e+00
      vertex   -1.634145e+00 -4.685835e-01 8.800000e+00
    endloop
  endfacet
  facet normal 9.396926e-01 3.420201e-01 0.000000e+00
    outer loop
      vertex   -1.634145e+00 -4.685835e-01 8.800000e+00
      vertex   -1.553027e+00 -6.914523e-01 5.900000e+00
      vertex   -1.634145e+00 -4.685835e-01 5.900000e+00
    endloop
  endfacet
  facet normal 9.781476e-01 2.079117e-01 0.000000e+00
    outer loop
      vertex   -1.634145e+00 -4.685835e-01 8.800000e+00
      vertex   -1.634145e+00 -4.685835e-01 5.900000e+00
      vertex   -1.683456e+00 -2.365943e-01 8.800000e+00
    endloop
  endfacet
  facet normal 9.781476e-01 2.079117e-01 0.000000e+00
    outer loop
      vertex   -1.683456e+00 -2.365943e-01 8.800000e+00
      vertex   -1.634145e+00 -4.685835e-01 5.900000e+00
      vertex   -1.683456e+00 -2.365943e-01 5.900000e+00
    endloop
  endfacet
  facet normal -7.071068e-01 -1.697397e-16 7.071068e-01
    outer loop
      vertex   -8.200000e+00 -3.700000e+00 8.800000e+00
      vertex   -8.200000e+00 3.700000e+00 8.800000e+00
      vertex   -9.000000e+00 -4.500000e+00 8.000000e+00
    endloop
  endfacet
  facet normal -7.071068e-01 0.000000e+00 7.071068e-01
    outer loop
      vertex   -9.000000e+00 -4.500000e+00 8.000000e+00
      vertex   -8.200000e+00 3.700000e+00 8.800000e+00
      vertex   -9.000000e+00 4.500000e+00 8.000000e+00
    endloop
  endfacet
  facet normal -3.829494e-17 7.071068e-01 7.071068e-01
    outer loop
      vertex   -8.200000e+00 3.700000e+00 8.800000e+00
      vertex   8.200000e+00 3.700000e+00 8.800000e+00
      vertex   -9.000000e+00 4.500000e+00 8.000000e+00
    endloop
  endfacet
  facet normal -0.000000e+00 7.071068e-01 7.071068e-01
    outer loop
      vertex   -9.000000e+00 4.500000e+00 8.000000e+00
      vertex   8.200000e+00 3.700000e+00 8.800000e+00
      vertex   9.000000e+00 4.500000e+00 8.000000e+00
    endloop
  endfacet
  facet normal 7.071068e-01 -0.000000e+00 7.071068e-01
    outer loop
      vertex   8.200000e+00 -3.700000e+00 8.800000e+00
      vertex   9.000000e+00 -4.500000e+00 8.000000e+00
      vertex   8.200000e+00 3.700000e+00 8.800000e+00
    endloop
  endfacet
  facet normal 7.071068e-01 0.000000e+00 7.071068e-01
    outer loop
      vertex   8.200000e+00 3.700000e+00 8.800000e+00
      vertex   9.000000e+00 -4.500000e+00 8.000000e+00
      vertex   9.000000e+00 4.500000e+00 8.000000e+00
    endloop
  endfacet
  facet normal 0.000000e+00 -7.071068e-01 7.071068e-01
    outer loop
      vertex   -9.000000e+00 -4.500000e+00 8.000000e+00
      vertex   9.000000e+00 -4.500000e+00 8.000000e+00
      vertex   -8.200000e+00 -3.700000e+00 8.800000e+00
    endloop
  endfacet
  facet normal 0.000000e+00 -7.071068e-01 7.071068e-01
    outer loop
      vertex   -8.200000e+00 -3.700000e+00 8.800000e+00
      vertex   9.000000e+00 -4.500000e+00 8.000000e+00
      vertex   8.200000e+00 -3.700000e+00 8.800000e+00
    endloop
  endfacet
  facet normal 0.000000e+00 0.000000e+00 1.000000e+00
    outer loop
      vertex   -1.683456e+00 2.365943e-01 8.800000e+00
      vertex   -8.200000e+00 3.700000e+00 8.800000e+00
      vertex   -1.700000e+00 2.081900e-16 8.800000e+00
    endloop
  endfacet
  facet normal 0.000000e+00 0.000000e+00 1.000000e+00
    outer loop
      vertex   -1.700000e+00 2.081900e-16 8.800000e+00
      vertex   -8.200000e+00 3.700000e+00 8.800000e+00
      vertex   -8.200000e+00 -3.700000e+00 8.800000e+00
    endloop
  endfacet
  facet normal 0.000000e+00 0.000000e+00 1.000000e+00
    outer loop
      vertex   -1.700000e+00 2.081900e-16 8.800000e+00
      vertex   -8.200000e+00 -3.700000e+00 8.800000e+00
      vertex   -1.683456e+00 -2.365943e-01 8.800000e+00
    endloop
  endfacet
  facet normal 0.000000e+00 0.000000e+00 1.000000e+00
    outer loop
      vertex   -1.683456e+00 -2.365943e-01 8.800000e+00
      vertex   -8.200000e+00 -3.700000e+00 8.800000e+00
      vertex   -1.634145e+00 -4.685835e-01 8.800000e+00
    endloop
  endfacet
  facet normal 0.000000e+00 0.000000e+00 1.000000e+00
    outer loop
      vertex   -1.634145e+00 -4.685835e-01 8.800000e+00
      vertex   -8.200000e+00 -3.700000e+00 8.800000e+00
      vertex   -1.553027e+00 -6.914523e-01 8.800000e+00
    endloop
  endfacet
  facet normal 0.000000e+00 0.000000e+00 1.000000e+00
    outer loop
      vertex   -1.553027e+00 -6.914523e-01 8.800000e+00
      vertex   -8.200000e+00 -3.700000e+00 8.800000e+00
      vertex   -1.441682e+00 -9.008627e-01 8.800000e+00
    endloop
  endfacet
  facet normal 0.000000e+00 0.000000e+00 1.000000e+00
    outer loop
      vertex   -1.441682e+00 -9.008627e-01 8.800000e+00
      vertex   -8.200000e+00 -3.700000e+00 8.800000e+00
      vertex   -1.302276e+00 -1.092739e+00 8.800000e+00
    endloop
  endfacet
  facet normal 0.000000e+00 0.000000e+00 1.000000e+00
    outer loop
      vertex   -1.302276e+00 -1.092739e+00 8.800000e+00
      vertex   -8.200000e+00 -3.700000e+00 8.800000e+00
      vertex   -1.137522e+00 -1.263346e+00 8.800000e+00
    endloop
  endfacet
  facet normal 0.000000e+00 0.000000e+00 1.000000e+00
    outer loop
      vertex   -1.137522e+00 -1.263346e+00 8.800000e+00
      vertex   -8.200000e+00 -3.700000e+00 8.800000e+00
      vertex   -9.506279e-01 -1.409364e+00 8.800000e+00
    endloop
  endfacet
  facet normal 0.000000e+00 0.000000e+00 1.000000e+00
    outer loop
      vertex   -9.506279e-01 -1.409364e+00 8.800000e+00
      vertex   -8.200000e+00 -3.700000e+00 8.800000e+00
      vertex   -7.452309e-01 -1.527950e+00 8.800000e+00
    endloop
  endfacet
  facet normal 0.000000e+00 0.000000e+00 1.000000e+00
    outer loop
      vertex   -7.452309e-01 -1.527950e+00 8.800000e+00
      vertex   -8.200000e+00 -3.700000e+00 8.800000e+00
      vertex   -5.253289e-01 -1.616796e+00 8.800000e+00
    endloop
  endfacet
  facet normal 0.000000e+00 0.000000e+00 1.000000e+00
    outer loop
      vertex   -5.253289e-01 -1.616796e+00 8.800000e+00
      vertex   -8.200000e+00 -3.700000e+00 8.800000e+00
      vertex   -2.952019e-01 -1.674173e+00 8.800000e+00
    endloop
  endfacet
  facet normal 0.000000e+00 0.000000e+00 1.000000e+00
    outer loop
      vertex   -2.952019e-01 -1.674173e+00 8.800000e+00
      vertex   -8.200000e+00 -3.700000e+00 8.800000e+00
      vertex   -5.932914e-02 -1.698964e+00 8.800000e+00
    endloop
  endfacet
  facet normal 0.000000e+00 0.000000e+00 1.000000e+00
    outer loop
      vertex   -5.932914e-02 -1.698964e+00 8.800000e+00
      vertex   -8.200000e+00 -3.700000e+00 8.800000e+00
      vertex   8.200000e+00 -3.700000e+00 8.800000e+00
    endloop
  endfacet
  facet normal -0.000000e+00 0.000000e+00 1.000000e+00
    outer loop
      vertex   -5.932914e-02 -1.698964e+00 8.800000e+00
      vertex   8.200000e+00 -3.700000e+00 8.800000e+00
      vertex   1.776984e-01 -1.690687e+00 8.800000e+00
    endloop
  endfacet
  facet normal -0.000000e+00 0.000000e+00 1.000000e+00
    outer loop
      vertex   1.776984e-01 -1.690687e+00 8.800000e+00
      vertex   8.200000e+00 -3.700000e+00 8.800000e+00
      vertex   4.112672e-01 -1.649503e+00 8.800000e+00
    endloop
  endfacet
  facet normal -0.000000e+00 0.000000e+00 1.000000e+00
    outer loop
      vertex   4.112672e-01 -1.649503e+00 8.800000e+00
      vertex   8.200000e+00 -3.700000e+00 8.800000e+00
      vertex   6.368312e-01 -1.576213e+00 8.800000e+00
    endloop
  endfacet
  facet normal -0.000000e+00 0.000000e+00 1.000000e+00
    outer loop
      vertex   6.368312e-01 -1.576213e+00 8.800000e+00
      vertex   8.200000e+00 -3.700000e+00 8.800000e+00
      vertex   8.500000e-01 -1.472243e+00 8.800000e+00
    endloop
  endfacet
  facet normal -0.000000e+00 0.000000e+00 1.000000e+00
    outer loop
      vertex   8.500000e-01 -1.472243e+00 8.800000e+00
      vertex   8.200000e+00 -3.700000e+00 8.800000e+00
      vertex   1.046625e+00 -1.339618e+00 8.800000e+00
    endloop
  endfacet
  facet normal -0.000000e+00 0.000000e+00 1.000000e+00
    outer loop
      vertex   1.046625e+00 -1.339618e+00 8.800000e+00
      vertex   8.200000e+00 -3.700000e+00 8.800000e+00
      vertex   1.222878e+00 -1.180919e+00 8.800000e+00
    endloop
  endfacet
  facet normal -0.000000e+00 0.000000e+00 1.000000e+00
    outer loop
      vertex   1.222878e+00 -1.180919e+00 8.800000e+00
      vertex   8.200000e+00 -3.700000e+00 8.800000e+00
      vertex   1.375329e+00 -9.992349e-01 8.800000e+00
    endloop
  endfacet
  facet normal -0.000000e+00 0.000000e+00 1.000000e+00
    outer loop
      vertex   1.375329e+00 -9.992349e-01 8.800000e+00
      vertex   8.200000e+00 -3.700000e+00 8.800000e+00
      vertex   1.501011e+00 -7.981017e-01 8.800000e+00
    endloop
  endfacet
  facet normal -0.000000e+00 0.000000e+00 1.000000e+00
    outer loop
      vertex   1.501011e+00 -7.981017e-01 8.800000e+00
      vertex   8.200000e+00 -3.700000e+00 8.800000e+00
      vertex   1.597477e+00 -5.814342e-01 8.800000e+00
    endloop
  endfacet
  facet normal -0.000000e+00 0.000000e+00 1.000000e+00
    outer loop
      vertex   1.597477e+00 -5.814342e-01 8.800000e+00
      vertex   8.200000e+00 -3.700000e+00 8.800000e+00
      vertex   1.662851e+00 -3.534499e-01 8.800000e+00
    endloop
  endfacet
  facet normal -0.000000e+00 0.000000e+00 1.000000e+00
    outer loop
      vertex   1.662851e+00 -3.534499e-01 8.800000e+00
      vertex   8.200000e+00 -3.700000e+00 8.800000e+00
      vertex   1.695859e+00 -1.185860e-01 8.800000e+00
    endloop
  endfacet
  facet normal -0.000000e+00 0.000000e+00 1.000000e+00
    outer loop
      vertex   1.695859e+00 -1.185860e-01 8.800000e+00
      vertex   8.200000e+00 -3.700000e+00 8.800000e+00
      vertex   1.695859e+00 1.185860e-01 8.800000e+00
    endloop
  endfacet
  facet normal -0.000000e+00 0.000000e+00 1.000000e+00
    outer loop
      vertex   1.695859e+00 1.185860e-01 8.800000e+00
      vertex   8.200000e+00 -3.700000e+00 8.800000e+00
      vertex   8.200000e+00 3.700000e+00 8.800000e+00
    endloop
  endfacet
  facet normal 0.000000e+00 -0.000000e+00 1.000000e+00
    outer loop
      vertex   1.695859e+00 1.185860e-01 8.800000e+00
      vertex   8.200000e+00 3.700000e+00 8.800000e+00
      vertex   1.662851e+00 3.534499e-01 8.800000e+00
    endloop
  endfacet
  facet normal 0.000000e+00 -0.000000e+00 1.000000e+00
    outer loop
      vertex   1.662851e+00 3.534499e-01 8.800000e+00
      vertex   8.200000e+00 3.700000e+00 8.800000e+00
      vertex   1.597477e+00 5.814342e-01 8.800000e+00
    endloop
  endfacet
  facet normal 0.000000e+00 -0.000000e+00 1.000000e+00
    outer loop
      vertex   1.597477e+00 5.814342e-01 8.800000e+00
      vertex   8.200000e+00 3.700000e+00 8.800000e+00
      vertex   1.501011e+00 7.981017e-01 8.800000e+00
    endloop
  endfacet
  facet normal 0.000000e+00 -0.000000e+00 1.000000e+00
    outer loop
      vertex   1.501011e+00 7.981017e-01 8.800000e+00
      vertex   8.200000e+00 3.700000e+00 8.800000e+00
      vertex   1.375329e+00 9.992349e-01 8.800000e+00
    endloop
  endfacet
  facet normal 0.000000e+00 -0.000000e+00 1.000000e+00
    outer loop
      vertex   1.375329e+00 9.992349e-01 8.800000e+00
      vertex   8.200000e+00 3.700000e+00 8.800000e+00
      vertex   1.222878e+00 1.180919e+00 8.800000e+00
    endloop
  endfacet
  facet normal 0.000000e+00 -0.000000e+00 1.000000e+00
    outer loop
      vertex   1.222878e+00 1.180919e+00 8.800000e+00
      vertex   8.200000e+00 3.700000e+00 8.800000e+00
      vertex   1.046625e+00 1.339618e+00 8.800000e+00
    endloop
  endfacet
  facet normal 0.000000e+00 -0.000000e+00 1.000000e+00
    outer loop
      vertex   1.046625e+00 1.339618e+00 8.800000e+00
      vertex   8.200000e+00 3.700000e+00 8.800000e+00
      vertex   8.500000e-01 1.472243e+00 8.800000e+00
    endloop
  endfacet
  facet normal 0.000000e+00 -0.000000e+00 1.000000e+00
    outer loop
      vertex   8.500000e-01 1.472243e+00 8.800000e+00
      vertex   8.200000e+00 3.700000e+00 8.800000e+00
      vertex   6.368312e-01 1.576213e+00 8.800000e+00
    endloop
  endfacet
  facet normal 0.000000e+00 -0.000000e+00 1.000000e+00
    outer loop
      vertex   6.368312e-01 1.576213e+00 8.800000e+00
      vertex   8.200000e+00 3.700000e+00 8.800000e+00
      vertex   4.112672e-01 1.649503e+00 8.800000e+00
    endloop
  endfacet
  facet normal 0.000000e+00 -0.000000e+00 1.000000e+00
    outer loop
      vertex   4.112672e-01 1.649503e+00 8.800000e+00
      vertex   8.200000e+00 3.700000e+00 8.800000e+00
      vertex   1.776984e-01 1.690687e+00 8.800000e+00
    endloop
  endfacet
  facet normal 0.000000e+00 -0.000000e+00 1.000000e+00
    outer loop
      vertex   1.776984e-01 1.690687e+00 8.800000e+00
      vertex   8.200000e+00 3.700000e+00 8.800000e+00
      vertex   -5.932914e-02 1.698964e+00 8.800000e+00
    endloop
  endfacet
  facet normal 0.000000e+00 -0.000000e+00 1.000000e+00
    outer loop
      vertex   -5.932914e-02 1.698964e+00 8.800000e+00
      vertex   8.200000e+00 3.700000e+00 8.800000e+00
      vertex   -8.200000e+00 3.700000e+00 8.800000e+00
    endloop
  endfacet
  facet normal 0.000000e+00 0.000000e+00 1.000000e+00
    outer loop
      vertex   -5.932914e-02 1.698964e+00 8.800000e+00
      vertex   -8.200000e+00 3.700000e+00 8.800000e+00
      vertex   -2.952019e-01 1.674173e+00 8.800000e+00
    endloop
  endfacet
  facet normal 0.000000e+00 0.000000e+00 1.000000e+00
    outer loop
      vertex   -2.952019e-01 1.674173e+00 8.800000e+00
      vertex   -8.200000e+00 3.700000e+00 8.800000e+00
      vertex   -5.253289e-01 1.616796e+00 8.800000e+00
    endloop
  endfacet
  facet normal 0.000000e+00 0.000000e+00 1.000000e+00
    outer loop
      vertex   -5.253289e-01 1.616796e+00 8.800000e+00
      vertex   -8.200000e+00 3.700000e+00 8.800000e+00
      vertex   -7.452309e-01 1.527950e+00 8.800000e+00
    endloop
  endfacet
  facet normal 0.000000e+00 0.000000e+00 1.000000e+00
    outer loop
      vertex   -7.452309e-01 1.527950e+00 8.800000e+00
      vertex   -8.200000e+00 3.700000e+00 8.800000e+00
      vertex   -9.506279e-01 1.409364e+00 8.800000e+00
    endloop
  endfacet
  facet normal 0.000000e+00 0.000000e+00 1.000000e+00
    outer loop
      vertex   -9.506279e-01 1.409364e+00 8.800000e+00
      vertex   -8.200000e+00 3.700000e+00 8.800000e+00
      vertex   -1.137522e+00 1.263346e+00 8.800000e+00
    endloop
  endfacet
  facet normal 0.000000e+00 0.000000e+00 1.000000e+00
    outer loop
      vertex   -1.137522e+00 1.263346e+00 8.800000e+00
      vertex   -8.200000e+00 3.700000e+00 8.800000e+00
      vertex   -1.302276e+00 1.092739e+00 8.800000e+00
    endloop
  endfacet
  facet normal 0.000000e+00 0.000000e+00 1.000000e+00
    outer loop
      vertex   -1.302276e+00 1.092739e+00 8.800000e+00
      vertex   -8.200000e+00 3.700000e+00 8.800000e+00
      vertex   -1.441682e+00 9.008627e-01 8.800000e+00
    endloop
  endfacet
  facet normal 0.000000e+00 0.000000e+00 1.000000e+00
    outer loop
      vertex   -1.441682e+00 9.008627e-01 8.800000e+00
      vertex   -8.200000e+00 3.700000e+00 8.800000e+00
      vertex   -1.553027e+00 6.914523e-01 8.800000e+00
    endloop
  endfacet
  facet normal 0.000000e+00 0.000000e+00 1.000000e+00
    outer loop
      vertex   -1.553027e+00 6.914523e-01 8.800000e+00
      vertex   -8.200000e+00 3.700000e+00 8.800000e+00
      vertex   -1.634145e+00 4.685835e-01 8.800000e+00
    endloop
  endfacet
  facet normal 0.000000e+00 0.000000e+00 1.000000e+00
    outer loop
      vertex   -1.634145e+00 4.685835e-01 8.800000e+00
      vertex   -8.200000e+00 3.700000e+00 8.800000e+00
      vertex   -1.683456e+00 2.365943e-01 8.800000e+00
    endloop
  endfacet
endsolid
