solid ASCII
  facet normal 7.071068e-01 9.361700e-17 -7.071068e-01
    outer loop
      vertex   9.600000e+00 -2.683431e+01 0.000000e+00
      vertex   9.600000e+00 2.683431e+01 0.000000e+00
      vertex   1.000000e+01 -2.700000e+01 4.000000e-01
    endloop
  endfacet
  facet normal 7.071068e-01 0.000000e+00 -7.071068e-01
    outer loop
      vertex   1.000000e+01 -2.700000e+01 4.000000e-01
      vertex   9.600000e+00 2.683431e+01 0.000000e+00
      vertex   1.000000e+01 2.700000e+01 4.000000e-01
    endloop
  endfacet
  facet normal 5.000000e-01 5.000000e-01 -7.071068e-01
    outer loop
      vertex   6.834315e+00 2.960000e+01 0.000000e+00
      vertex   7.000000e+00 3.000000e+01 4.000000e-01
      vertex   9.600000e+00 2.683431e+01 0.000000e+00
    endloop
  endfacet
  facet normal 5.000000e-01 5.000000e-01 -7.071068e-01
    outer loop
      vertex   9.600000e+00 2.683431e+01 0.000000e+00
      vertex   7.000000e+00 3.000000e+01 4.000000e-01
      vertex   1.000000e+01 2.700000e+01 4.000000e-01
    endloop
  endfacet
  facet normal 0.000000e+00 7.071068e-01 -7.071068e-01
    outer loop
      vertex   6.834315e+00 2.960000e+01 0.000000e+00
      vertex   -6.834315e+00 2.960000e+01 0.000000e+00
      vertex   7.000000e+00 3.000000e+01 4.000000e-01
    endloop
  endfacet
  facet normal 0.000000e+00 7.071068e-01 -7.071068e-01
    outer loop
      vertex   7.000000e+00 3.000000e+01 4.000000e-01
      vertex   -6.834315e+00 2.960000e+01 0.000000e+00
      vertex   -7.000000e+00 3.000000e+01 4.000000e-01
    endloop
  endfacet
  facet normal -5.000000e-01 5.000000e-01 -7.071068e-01
    outer loop
      vertex   -1.000000e+01 2.700000e+01 4.000000e-01
      vertex   -7.000000e+00 3.000000e+01 4.000000e-01
      vertex   -9.600000e+00 2.683431e+01 0.000000e+00
    endloop
  endfacet
  facet normal -5.000000e-01 5.000000e-01 -7.071068e-01
    outer loop
      vertex   -9.600000e+00 2.683431e+01 0.000000e+00
      vertex   -7.000000e+00 3.000000e+01 4.000000e-01
      vertex   -6.834315e+00 2.960000e+01 0.000000e+00
    endloop
  endfacet
  facet normal -7.071068e-01 -1.860850e-16 -7.071068e-01
    outer loop
      vertex   -1.000000e+01 2.700000e+01 4.000000e-01
      vertex   -9.600000e+00 2.683431e+01 0.000000e+00
      vertex   -1.000000e+01 -2.700000e+01 4.000000e-01
    endloop
  endfacet
  facet normal -7.071068e-01 -2.815824e-16 -7.071068e-01
    outer loop
      vertex   -1.000000e+01 -2.700000e+01 4.000000e-01
      vertex   -9.600000e+00 2.683431e+01 0.000000e+00
      vertex   -9.600000e+00 -2.683431e+01 0.000000e+00
    endloop
  endfacet
  facet normal -5.000000e-01 -5.000000e-01 -7.071068e-01
    outer loop
      vertex   -1.000000e+01 -2.700000e+01 4.000000e-01
      vertex   -9.600000e+00 -2.683431e+01 0.000000e+00
      vertex   -7.000000e+00 -3.000000e+01 4.000000e-01
    endloop
  endfacet
  facet normal -5.000000e-01 -5.000000e-01 -7.071068e-01
    outer loop
      vertex   -7.000000e+00 -3.000000e+01 4.000000e-01
      vertex   -9.600000e+00 -2.683431e+01 0.000000e+00
      vertex   -6.834315e+00 -2.960000e+01 0.000000e+00
    endloop
  endfacet
  facet normal 1.794391e-16 -7.071068e-01 -7.071068e-01
    outer loop
      vertex   7.000000e+00 -3.000000e+01 4.000000e-01
      vertex   -7.000000e+00 -3.000000e+01 4.000000e-01
      vertex   6.834315e+00 -2.960000e+01 0.000000e+00
    endloop
  endfacet
  facet normal 1.837893e-16 -7.071068e-01 -7.071068e-01
    outer loop
      vertex   6.834315e+00 -2.960000e+01 0.000000e+00
      vertex   -7.000000e+00 -3.000000e+01 4.000000e-01
      vertex   -6.834315e+00 -2.960000e+01 0.000000e+00
    endloop
  endfacet
  facet normal 5.000000e-01 -5.000000e-01 -7.071068e-01
    outer loop
      vertex   1.000000e+01 -2.700000e+01 4.000000e-01
      vertex   7.000000e+00 -3.000000e+01 4.000000e-01
      vertex   9.600000e+00 -2.683431e+01 0.000000e+00
    endloop
  endfacet
  facet normal 5.000000e-01 -5.000000e-01 -7.071068e-01
    outer loop
      vertex   9.600000e+00 -2.683431e+01 0.000000e+00
      vertex   7.000000e+00 -3.000000e+01 4.000000e-01
      vertex   6.834315e+00 -2.960000e+01 0.000000e+00
    endloop
  endfacet
  facet normal -7.071068e-01 -7.071068e-01 0.000000e+00
    outer loop
      vertex   -7.000000e+00 -3.000000e+01 4.000000e-01
      vertex   -7.000000e+00 -3.000000e+01 5.600000e+00
      vertex   -1.000000e+01 -2.700000e+01 4.000000e-01
    endloop
  endfacet
  facet normal -7.071068e-01 -7.071068e-01 0.000000e+00
    outer loop
      vertex   -1.000000e+01 -2.700000e+01 4.000000e-01
      vertex   -7.000000e+00 -3.000000e+01 5.600000e+00
      vertex   -1.000000e+01 -2.700000e+01 5.600000e+00
    endloop
  endfacet
  facet normal 2.537653e-16 -1.000000e+00 0.000000e+00
    outer loop
      vertex   -7.000000e+00 -3.000000e+01 4.000000e-01
      vertex   7.000000e+00 -3.000000e+01 4.000000e-01
      vertex   -7.000000e+00 -3.000000e+01 5.600000e+00
    endloop
  endfacet
  facet normal 2.537653e-16 -1.000000e+00 0.000000e+00
    outer loop
      vertex   -7.000000e+00 -3.000000e+01 5.600000e+00
      vertex   7.000000e+00 -3.000000e+01 4.000000e-01
      vertex   7.000000e+00 -3.000000e+01 5.600000e+00
    endloop
  endfacet
  facet normal 7.071068e-01 -7.071068e-01 0.000000e+00
    outer loop
      vertex   1.000000e+01 -2.700000e+01 4.000000e-01
      vertex   1.000000e+01 -2.700000e+01 5.600000e+00
      vertex   7.000000e+00 -3.000000e+01 4.000000e-01
    endloop
  endfacet
  facet normal 7.071068e-01 -7.071068e-01 0.000000e+00
    outer loop
      vertex   7.000000e+00 -3.000000e+01 4.000000e-01
      vertex   1.000000e+01 -2.700000e+01 5.600000e+00
      vertex   7.000000e+00 -3.000000e+01 5.600000e+00
    endloop
  endfacet
  facet normal 1.000000e+00 0.000000e+00 0.000000e+00
    outer loop
      vertex   1.000000e+01 -2.700000e+01 4.000000e-01
      vertex   1.000000e+01 2.700000e+01 4.000000e-01
      vertex   1.000000e+01 -2.700000e+01 5.600000e+00
    endloop
  endfacet
  facet normal 1.000000e+00 -0.000000e+00 0.000000e+00
    outer loop
      vertex   1.000000e+01 -2.700000e+01 5.600000e+00
      vertex   1.000000e+01 2.700000e+01 4.000000e-01
      vertex   1.000000e+01 2.700000e+01 5.600000e+00
    endloop
  endfacet
  facet normal 0.000000e+00 -0.000000e+00 -1.000000e+00
    outer loop
      vertex   -1.600000e+00 2.100000e+01 0.000000e+00
      vertex   1.600000e+00 1.300000e+01 0.000000e+00
      vertex   -1.600000e+00 1.300000e+01 0.000000e+00
    endloop
  endfacet
  facet normal 0.000000e+00 0.000000e+00 -1.000000e+00
    outer loop
      vertex   -1.600000e+00 1.300000e+01 0.000000e+00
      vertex   1.600000e+00 1.300000e+01 0.000000e+00
      vertex   1.612249e+00 1.271166e+01 0.000000e+00
    endloop
  endfacet
  facet normal 0.000000e+00 -0.000000e+00 -1.000000e+00
    outer loop
      vertex   -1.600000e+00 1.300000e+01 0.000000e+00
      vertex   1.612249e+00 1.271166e+01 0.000000e+00
      vertex   -1.612249e+00 1.271166e+01 0.000000e+00
    endloop
  endfacet
  facet normal 0.000000e+00 0.000000e+00 -1.000000e+00
    outer loop
      vertex   -1.612249e+00 1.271166e+01 0.000000e+00
      vertex   1.612249e+00 1.271166e+01 0.000000e+00
      vertex   1.648906e+00 1.242540e+01 0.000000e+00
    endloop
  endfacet
  facet normal 0.000000e+00 -0.000000e+00 -1.000000e+00
    outer loop
      vertex   -1.612249e+00 1.271166e+01 0.000000e+00
      vertex   1.648906e+00 1.242540e+01 0.000000e+00
      vertex   -1.648906e+00 1.242540e+01 0.000000e+00
    endloop
  endfacet
  facet normal 0.000000e+00 0.000000e+00 -1.000000e+00
    outer loop
      vertex   -1.648906e+00 1.242540e+01 0.000000e+00
      vertex   1.648906e+00 1.242540e+01 0.000000e+00
      vertex   1.709708e+00 1.214327e+01 0.000000e+00
    endloop
  endfacet
  facet normal 0.000000e+00 -0.000000e+00 -1.000000e+00
    outer loop
      vertex   -1.648906e+00 1.242540e+01 0.000000e+00
      vertex   1.709708e+00 1.214327e+01 0.000000e+00
      vertex   -1.709708e+00 1.214327e+01 0.000000e+00
    endloop
  endfacet
  facet normal 0.000000e+00 0.000000e+00 -1.000000e+00
    outer loop
      vertex   -1.709708e+00 1.214327e+01 0.000000e+00
      vertex   1.709708e+00 1.214327e+01 0.000000e+00
      vertex   1.794217e+00 1.186732e+01 0.000000e+00
    endloop
  endfacet
  facet normal 0.000000e+00 -0.000000e+00 -1.000000e+00
    outer loop
      vertex   -1.709708e+00 1.214327e+01 0.000000e+00
      vertex   1.794217e+00 1.186732e+01 0.000000e+00
      vertex   -1.794217e+00 1.186732e+01 0.000000e+00
    endloop
  endfacet
  facet normal 0.000000e+00 0.000000e+00 -1.000000e+00
    outer loop
      vertex   -1.794217e+00 1.186732e+01 0.000000e+00
      vertex   1.794217e+00 1.186732e+01 0.000000e+00
      vertex   1.901824e+00 1.159953e+01 0.000000e+00
    endloop
  endfacet
  facet normal 0.000000e+00 -0.000000e+00 -1.000000e+00
    outer loop
      vertex   -1.794217e+00 1.186732e+01 0.000000e+00
      vertex   1.901824e+00 1.159953e+01 0.000000e+00
      vertex   -1.901823e+00 1.159954e+01 0.000000e+00
    endloop
  endfacet
  facet normal 0.000000e+00 -0.000000e+00 -1.000000e+00
    outer loop
      vertex   -1.901823e+00 1.159954e+01 0.000000e+00
      vertex   1.901824e+00 1.159953e+01 0.000000e+00
      vertex   -2.031752e+00 1.134184e+01 0.000000e+00
    endloop
  endfacet
  facet normal 0.000000e+00 0.000000e+00 -1.000000e+00
    outer loop
      vertex   -2.031752e+00 1.134184e+01 0.000000e+00
      vertex   1.901824e+00 1.159953e+01 0.000000e+00
      vertex   2.031753e+00 1.134183e+01 0.000000e+00
    endloop
  endfacet
  facet normal 0.000000e+00 -0.000000e+00 -1.000000e+00
    outer loop
      vertex   -2.031752e+00 1.134184e+01 0.000000e+00
      vertex   2.031753e+00 1.134183e+01 0.000000e+00
      vertex   -2.183067e+00 1.109609e+01 0.000000e+00
    endloop
  endfacet
  facet normal 0.000000e+00 0.000000e+00 -1.000000e+00
    outer loop
      vertex   -2.183067e+00 1.109609e+01 0.000000e+00
      vertex   2.031753e+00 1.134183e+01 0.000000e+00
      vertex   2.183069e+00 1.109608e+01 0.000000e+00
    endloop
  endfacet
  facet normal 0.000000e+00 0.000000e+00 -1.000000e+00
    outer loop
      vertex   -2.183067e+00 1.109609e+01 0.000000e+00
      vertex   2.183069e+00 1.109608e+01 0.000000e+00
      vertex   2.198662e+00 -1.807321e+01 0.000000e+00
    endloop
  endfacet
  facet normal 0.000000e+00 0.000000e+00 -1.000000e+00
    outer loop
      vertex   2.198662e+00 -1.807321e+01 0.000000e+00
      vertex   2.183069e+00 1.109608e+01 0.000000e+00
      vertex   2.354681e+00 1.086405e+01 0.000000e+00
    endloop
  endfacet
  facet normal 0.000000e+00 0.000000e+00 -1.000000e+00
    outer loop
      vertex   2.198662e+00 -1.807321e+01 0.000000e+00
      vertex   2.354681e+00 1.086405e+01 0.000000e+00
      vertex   2.374668e+00 -1.783953e+01 0.000000e+00
    endloop
  endfacet
  facet normal 0.000000e+00 0.000000e+00 -1.000000e+00
    outer loop
      vertex   2.374668e+00 -1.783953e+01 0.000000e+00
      vertex   2.354681e+00 1.086405e+01 0.000000e+00
      vertex   2.545352e+00 1.064741e+01 0.000000e+00
    endloop
  endfacet
  facet normal 0.000000e+00 0.000000e+00 -1.000000e+00
    outer loop
      vertex   2.374668e+00 -1.783953e+01 0.000000e+00
      vertex   2.545352e+00 1.064741e+01 0.000000e+00
      vertex   2.570110e+00 -1.762184e+01 0.000000e+00
    endloop
  endfacet
  facet normal 0.000000e+00 0.000000e+00 -1.000000e+00
    outer loop
      vertex   2.570110e+00 -1.762184e+01 0.000000e+00
      vertex   2.545352e+00 1.064741e+01 0.000000e+00
      vertex   2.753709e+00 1.044771e+01 0.000000e+00
    endloop
  endfacet
  facet normal 0.000000e+00 0.000000e+00 -1.000000e+00
    outer loop
      vertex   2.570110e+00 -1.762184e+01 0.000000e+00
      vertex   2.753709e+00 1.044771e+01 0.000000e+00
      vertex   2.783543e+00 -1.742176e+01 0.000000e+00
    endloop
  endfacet
  facet normal 0.000000e+00 0.000000e+00 -1.000000e+00
    outer loop
      vertex   2.783543e+00 -1.742176e+01 0.000000e+00
      vertex   2.753709e+00 1.044771e+01 0.000000e+00
      vertex   2.978251e+00 1.026641e+01 0.000000e+00
    endloop
  endfacet
  facet normal 0.000000e+00 0.000000e+00 -1.000000e+00
    outer loop
      vertex   2.783543e+00 -1.742176e+01 0.000000e+00
      vertex   2.978251e+00 1.026641e+01 0.000000e+00
      vertex   3.013386e+00 -1.724077e+01 0.000000e+00
    endloop
  endfacet
  facet normal 0.000000e+00 0.000000e+00 -1.000000e+00
    outer loop
      vertex   3.013386e+00 -1.724077e+01 0.000000e+00
      vertex   2.978251e+00 1.026641e+01 0.000000e+00
      vertex   3.217359e+00 1.010480e+01 0.000000e+00
    endloop
  endfacet
  facet normal 0.000000e+00 0.000000e+00 -1.000000e+00
    outer loop
      vertex   3.013386e+00 -1.724077e+01 0.000000e+00
      vertex   3.217359e+00 1.010480e+01 0.000000e+00
      vertex   3.257937e+00 -1.708020e+01 0.000000e+00
    endloop
  endfacet
  facet normal 0.000000e+00 0.000000e+00 -1.000000e+00
    outer loop
      vertex   3.257937e+00 -1.708020e+01 0.000000e+00
      vertex   3.217359e+00 1.010480e+01 0.000000e+00
      vertex   3.469312e+00 9.964050e+00 0.000000e+00
    endloop
  endfacet
  facet normal 0.000000e+00 0.000000e+00 -1.000000e+00
    outer loop
      vertex   3.257937e+00 -1.708020e+01 0.000000e+00
      vertex   3.469312e+00 9.964050e+00 0.000000e+00
      vertex   3.515386e+00 -1.694126e+01 0.000000e+00
    endloop
  endfacet
  facet normal 0.000000e+00 0.000000e+00 -1.000000e+00
    outer loop
      vertex   3.515386e+00 -1.694126e+01 0.000000e+00
      vertex   3.469312e+00 9.964050e+00 0.000000e+00
      vertex   3.732293e+00 9.845175e+00 0.000000e+00
    endloop
  endfacet
  facet normal 0.000000e+00 0.000000e+00 -1.000000e+00
    outer loop
      vertex   3.515386e+00 -1.694126e+01 0.000000e+00
      vertex   3.732293e+00 9.845175e+00 0.000000e+00
      vertex   3.783826e+00 -1.682495e+01 0.000000e+00
    endloop
  endfacet
  facet normal 0.000000e+00 0.000000e+00 -1.000000e+00
    outer loop
      vertex   3.783826e+00 -1.682495e+01 0.000000e+00
      vertex   3.732293e+00 9.845175e+00 0.000000e+00
      vertex   4.004408e+00 9.749031e+00 0.000000e+00
    endloop
  endfacet
  facet normal 0.000000e+00 0.000000e+00 -1.000000e+00
    outer loop
      vertex   3.783826e+00 -1.682495e+01 0.000000e+00
      vertex   4.004408e+00 9.749031e+00 0.000000e+00
      vertex   4.061270e+00 -1.673216e+01 0.000000e+00
    endloop
  endfacet
  facet normal 0.000000e+00 0.000000e+00 -1.000000e+00
    outer loop
      vertex   4.061270e+00 -1.673216e+01 0.000000e+00
      vertex   4.004408e+00 9.749031e+00 0.000000e+00
      vertex   4.283696e+00 9.676311e+00 0.000000e+00
    endloop
  endfacet
  facet normal 0.000000e+00 0.000000e+00 -1.000000e+00
    outer loop
      vertex   4.061270e+00 -1.673216e+01 0.000000e+00
      vertex   4.283696e+00 9.676311e+00 0.000000e+00
      vertex   4.345665e+00 -1.666356e+01 0.000000e+00
    endloop
  endfacet
  facet normal 0.000000e+00 0.000000e+00 -1.000000e+00
    outer loop
      vertex   4.345665e+00 -1.666356e+01 0.000000e+00
      vertex   4.283696e+00 9.676311e+00 0.000000e+00
      vertex   4.568145e+00 9.627538e+00 0.000000e+00
    endloop
  endfacet
  facet normal 0.000000e+00 0.000000e+00 -1.000000e+00
    outer loop
      vertex   4.345665e+00 -1.666356e+01 0.000000e+00
      vertex   4.568145e+00 9.627538e+00 0.000000e+00
      vertex   4.634903e+00 -1.661966e+01 0.000000e+00
    endloop
  endfacet
  facet normal 0.000000e+00 0.000000e+00 -1.000000e+00
    outer loop
      vertex   4.634903e+00 -1.661966e+01 0.000000e+00
      vertex   4.568145e+00 9.627538e+00 0.000000e+00
      vertex   4.855706e+00 9.603063e+00 0.000000e+00
    endloop
  endfacet
  facet normal 0.000000e+00 0.000000e+00 -1.000000e+00
    outer loop
      vertex   4.634903e+00 -1.661966e+01 0.000000e+00
      vertex   4.855706e+00 9.603063e+00 0.000000e+00
      vertex   4.926845e+00 -1.660079e+01 0.000000e+00
    endloop
  endfacet
  facet normal 0.000000e+00 0.000000e+00 -1.000000e+00
    outer loop
      vertex   4.926845e+00 -1.660079e+01 0.000000e+00
      vertex   4.855706e+00 9.603063e+00 0.000000e+00
      vertex   5.144307e+00 9.603064e+00 0.000000e+00
    endloop
  endfacet
  facet normal 0.000000e+00 0.000000e+00 -1.000000e+00
    outer loop
      vertex   4.926845e+00 -1.660079e+01 0.000000e+00
      vertex   5.144307e+00 9.603064e+00 0.000000e+00
      vertex   5.219329e+00 -1.660708e+01 0.000000e+00
    endloop
  endfacet
  facet normal 0.000000e+00 0.000000e+00 -1.000000e+00
    outer loop
      vertex   5.219329e+00 -1.660708e+01 0.000000e+00
      vertex   5.144307e+00 9.603064e+00 0.000000e+00
      vertex   5.431868e+00 9.627539e+00 0.000000e+00
    endloop
  endfacet
  facet normal 0.000000e+00 0.000000e+00 -1.000000e+00
    outer loop
      vertex   5.219329e+00 -1.660708e+01 0.000000e+00
      vertex   5.431868e+00 9.627539e+00 0.000000e+00
      vertex   5.510188e+00 -1.663850e+01 0.000000e+00
    endloop
  endfacet
  facet normal 0.000000e+00 0.000000e+00 -1.000000e+00
    outer loop
      vertex   5.510188e+00 -1.663850e+01 0.000000e+00
      vertex   5.431868e+00 9.627539e+00 0.000000e+00
      vertex   5.716317e+00 9.676314e+00 0.000000e+00
    endloop
  endfacet
  facet normal 0.000000e+00 0.000000e+00 -1.000000e+00
    outer loop
      vertex   5.510188e+00 -1.663850e+01 0.000000e+00
      vertex   5.716317e+00 9.676314e+00 0.000000e+00
      vertex   5.797271e+00 -1.669480e+01 0.000000e+00
    endloop
  endfacet
  facet normal 0.000000e+00 0.000000e+00 -1.000000e+00
    outer loop
      vertex   5.797271e+00 -1.669480e+01 0.000000e+00
      vertex   5.716317e+00 9.676314e+00 0.000000e+00
      vertex   5.995605e+00 9.749035e+00 0.000000e+00
    endloop
  endfacet
  facet normal 0.000000e+00 0.000000e+00 -1.000000e+00
    outer loop
      vertex   5.797271e+00 -1.669480e+01 0.000000e+00
      vertex   5.995605e+00 9.749035e+00 0.000000e+00
      vertex   6.078450e+00 -1.677557e+01 0.000000e+00
    endloop
  endfacet
  facet normal 0.000000e+00 0.000000e+00 -1.000000e+00
    outer loop
      vertex   6.078450e+00 -1.677557e+01 0.000000e+00
      vertex   5.995605e+00 9.749035e+00 0.000000e+00
      vertex   6.267719e+00 9.845180e+00 0.000000e+00
    endloop
  endfacet
  facet normal 0.000000e+00 0.000000e+00 -1.000000e+00
    outer loop
      vertex   6.078450e+00 -1.677557e+01 0.000000e+00
      vertex   6.267719e+00 9.845180e+00 0.000000e+00
      vertex   6.351646e+00 -1.688022e+01 0.000000e+00
    endloop
  endfacet
  facet normal 0.000000e+00 0.000000e+00 -1.000000e+00
    outer loop
      vertex   6.351646e+00 -1.688022e+01 0.000000e+00
      vertex   6.267719e+00 9.845180e+00 0.000000e+00
      vertex   6.530700e+00 9.964056e+00 0.000000e+00
    endloop
  endfacet
  facet normal 0.000000e+00 0.000000e+00 -1.000000e+00
    outer loop
      vertex   6.351646e+00 -1.688022e+01 0.000000e+00
      vertex   6.530700e+00 9.964056e+00 0.000000e+00
      vertex   6.614834e+00 -1.700796e+01 0.000000e+00
    endloop
  endfacet
  facet normal 0.000000e+00 0.000000e+00 -1.000000e+00
    outer loop
      vertex   6.614834e+00 -1.700796e+01 0.000000e+00
      vertex   6.530700e+00 9.964056e+00 0.000000e+00
      vertex   6.782652e+00 1.010481e+01 0.000000e+00
    endloop
  endfacet
  facet normal 0.000000e+00 0.000000e+00 -1.000000e+00
    outer loop
      vertex   6.614834e+00 -1.700796e+01 0.000000e+00
      vertex   6.782652e+00 1.010481e+01 0.000000e+00
      vertex   6.866066e+00 -1.715785e+01 0.000000e+00
    endloop
  endfacet
  facet normal 0.000000e+00 0.000000e+00 -1.000000e+00
    outer loop
      vertex   6.866066e+00 -1.715785e+01 0.000000e+00
      vertex   6.782652e+00 1.010481e+01 0.000000e+00
      vertex   7.021760e+00 1.026642e+01 0.000000e+00
    endloop
  endfacet
  facet normal 0.000000e+00 0.000000e+00 -1.000000e+00
    outer loop
      vertex   6.866066e+00 -1.715785e+01 0.000000e+00
      vertex   7.021760e+00 1.026642e+01 0.000000e+00
      vertex   7.103483e+00 -1.732879e+01 0.000000e+00
    endloop
  endfacet
  facet normal 0.000000e+00 0.000000e+00 -1.000000e+00
    outer loop
      vertex   7.103483e+00 -1.732879e+01 0.000000e+00
      vertex   7.021760e+00 1.026642e+01 0.000000e+00
      vertex   7.246301e+00 1.044772e+01 0.000000e+00
    endloop
  endfacet
  facet normal 0.000000e+00 0.000000e+00 -1.000000e+00
    outer loop
      vertex   7.103483e+00 -1.732879e+01 0.000000e+00
      vertex   7.246301e+00 1.044772e+01 0.000000e+00
      vertex   7.325326e+00 -1.751950e+01 0.000000e+00
    endloop
  endfacet
  facet normal 0.000000e+00 0.000000e+00 -1.000000e+00
    outer loop
      vertex   7.325326e+00 -1.751950e+01 0.000000e+00
      vertex   7.246301e+00 1.044772e+01 0.000000e+00
      vertex   7.454657e+00 1.064741e+01 0.000000e+00
    endloop
  endfacet
  facet normal 0.000000e+00 0.000000e+00 -1.000000e+00
    outer loop
      vertex   7.325326e+00 -1.751950e+01 0.000000e+00
      vertex   7.454657e+00 1.064741e+01 0.000000e+00
      vertex   7.529953e+00 -1.772858e+01 0.000000e+00
    endloop
  endfacet
  facet normal 0.000000e+00 0.000000e+00 -1.000000e+00
    outer loop
      vertex   7.529953e+00 -1.772858e+01 0.000000e+00
      vertex   7.454657e+00 1.064741e+01 0.000000e+00
      vertex   7.645328e+00 1.086406e+01 0.000000e+00
    endloop
  endfacet
  facet normal 0.000000e+00 0.000000e+00 -1.000000e+00
    outer loop
      vertex   7.529953e+00 -1.772858e+01 0.000000e+00
      vertex   7.645328e+00 1.086406e+01 0.000000e+00
      vertex   7.715850e+00 -1.795448e+01 0.000000e+00
    endloop
  endfacet
  facet normal 0.000000e+00 0.000000e+00 -1.000000e+00
    outer loop
      vertex   7.715850e+00 -1.795448e+01 0.000000e+00
      vertex   7.645328e+00 1.086406e+01 0.000000e+00
      vertex   7.816938e+00 1.109609e+01 0.000000e+00
    endloop
  endfacet
  facet normal 0.000000e+00 0.000000e+00 -1.000000e+00
    outer loop
      vertex   7.715850e+00 -1.795448e+01 0.000000e+00
      vertex   7.816938e+00 1.109609e+01 0.000000e+00
      vertex   7.881639e+00 -1.819552e+01 0.000000e+00
    endloop
  endfacet
  facet normal 0.000000e+00 0.000000e+00 -1.000000e+00
    outer loop
      vertex   7.881639e+00 -1.819552e+01 0.000000e+00
      vertex   7.816938e+00 1.109609e+01 0.000000e+00
      vertex   7.968253e+00 1.134185e+01 0.000000e+00
    endloop
  endfacet
  facet normal 0.000000e+00 0.000000e+00 -1.000000e+00
    outer loop
      vertex   7.881639e+00 -1.819552e+01 0.000000e+00
      vertex   7.968253e+00 1.134185e+01 0.000000e+00
      vertex   8.026094e+00 -1.844992e+01 0.000000e+00
    endloop
  endfacet
  facet normal 0.000000e+00 0.000000e+00 -1.000000e+00
    outer loop
      vertex   8.026094e+00 -1.844992e+01 0.000000e+00
      vertex   7.968253e+00 1.134185e+01 0.000000e+00
      vertex   8.098181e+00 1.159955e+01 0.000000e+00
    endloop
  endfacet
  facet normal 0.000000e+00 0.000000e+00 -1.000000e+00
    outer loop
      vertex   8.026094e+00 -1.844992e+01 0.000000e+00
      vertex   8.098181e+00 1.159955e+01 0.000000e+00
      vertex   8.148144e+00 -1.871579e+01 0.000000e+00
    endloop
  endfacet
  facet normal 0.000000e+00 0.000000e+00 -1.000000e+00
    outer loop
      vertex   8.148144e+00 -1.871579e+01 0.000000e+00
      vertex   8.098181e+00 1.159955e+01 0.000000e+00
      vertex   8.205787e+00 1.186734e+01 0.000000e+00
    endloop
  endfacet
  facet normal 0.000000e+00 0.000000e+00 -1.000000e+00
    outer loop
      vertex   8.148144e+00 -1.871579e+01 0.000000e+00
      vertex   8.205787e+00 1.186734e+01 0.000000e+00
      vertex   8.246887e+00 -1.899118e+01 0.000000e+00
    endloop
  endfacet
  facet normal 0.000000e+00 0.000000e+00 -1.000000e+00
    outer loop
      vertex   8.246887e+00 -1.899118e+01 0.000000e+00
      vertex   8.205787e+00 1.186734e+01 0.000000e+00
      vertex   8.290295e+00 1.214329e+01 0.000000e+00
    endloop
  endfacet
  facet normal 0.000000e+00 0.000000e+00 -1.000000e+00
    outer loop
      vertex   8.246887e+00 -1.899118e+01 0.000000e+00
      vertex   8.290295e+00 1.214329e+01 0.000000e+00
      vertex   8.321591e+00 -1.927403e+01 0.000000e+00
    endloop
  endfacet
  facet normal 0.000000e+00 0.000000e+00 -1.000000e+00
    outer loop
      vertex   8.321591e+00 -1.927403e+01 0.000000e+00
      vertex   8.290295e+00 1.214329e+01 0.000000e+00
      vertex   8.351096e+00 1.242541e+01 0.000000e+00
    endloop
  endfacet
  facet normal 0.000000e+00 0.000000e+00 -1.000000e+00
    outer loop
      vertex   8.321591e+00 -1.927403e+01 0.000000e+00
      vertex   8.351096e+00 1.242541e+01 0.000000e+00
      vertex   8.371703e+00 -1.956226e+01 0.000000e+00
    endloop
  endfacet
  facet normal 0.000000e+00 0.000000e+00 -1.000000e+00
    outer loop
      vertex   8.371703e+00 -1.956226e+01 0.000000e+00
      vertex   8.351096e+00 1.242541e+01 0.000000e+00
      vertex   9.600000e+00 -2.683431e+01 0.000000e+00
    endloop
  endfacet
  facet normal 0.000000e+00 0.000000e+00 -1.000000e+00
    outer loop
      vertex   8.371703e+00 -1.956226e+01 0.000000e+00
      vertex   9.600000e+00 -2.683431e+01 0.000000e+00
      vertex   8.396852e+00 -1.985372e+01 0.000000e+00
    endloop
  endfacet
  facet normal 0.000000e+00 0.000000e+00 -1.000000e+00
    outer loop
      vertex   8.396852e+00 -1.985372e+01 0.000000e+00
      vertex   9.600000e+00 -2.683431e+01 0.000000e+00
      vertex   8.396852e+00 -2.014628e+01 0.000000e+00
    endloop
  endfacet
  facet normal 0.000000e+00 -0.000000e+00 -1.000000e+00
    outer loop
      vertex   8.396852e+00 -2.014628e+01 0.000000e+00
      vertex   9.600000e+00 -2.683431e+01 0.000000e+00
      vertex   8.371703e+00 -2.043774e+01 0.000000e+00
    endloop
  endfacet
  facet normal 0.000000e+00 -0.000000e+00 -1.000000e+00
    outer loop
      vertex   8.371703e+00 -2.043774e+01 0.000000e+00
      vertex   9.600000e+00 -2.683431e+01 0.000000e+00
      vertex   8.321591e+00 -2.072597e+01 0.000000e+00
    endloop
  endfacet
  facet normal 0.000000e+00 -0.000000e+00 -1.000000e+00
    outer loop
      vertex   8.321591e+00 -2.072597e+01 0.000000e+00
      vertex   9.600000e+00 -2.683431e+01 0.000000e+00
      vertex   8.246887e+00 -2.100882e+01 0.000000e+00
    endloop
  endfacet
  facet normal 0.000000e+00 -0.000000e+00 -1.000000e+00
    outer loop
      vertex   8.246887e+00 -2.100882e+01 0.000000e+00
      vertex   9.600000e+00 -2.683431e+01 0.000000e+00
      vertex   8.148144e+00 -2.128421e+01 0.000000e+00
    endloop
  endfacet
  facet normal 0.000000e+00 -0.000000e+00 -1.000000e+00
    outer loop
      vertex   8.148144e+00 -2.128421e+01 0.000000e+00
      vertex   9.600000e+00 -2.683431e+01 0.000000e+00
      vertex   8.026094e+00 -2.155008e+01 0.000000e+00
    endloop
  endfacet
  facet normal 0.000000e+00 -0.000000e+00 -1.000000e+00
    outer loop
      vertex   8.026094e+00 -2.155008e+01 0.000000e+00
      vertex   9.600000e+00 -2.683431e+01 0.000000e+00
      vertex   7.881639e+00 -2.180448e+01 0.000000e+00
    endloop
  endfacet
  facet normal 0.000000e+00 -0.000000e+00 -1.000000e+00
    outer loop
      vertex   7.881639e+00 -2.180448e+01 0.000000e+00
      vertex   9.600000e+00 -2.683431e+01 0.000000e+00
      vertex   7.715850e+00 -2.204552e+01 0.000000e+00
    endloop
  endfacet
  facet normal 0.000000e+00 -0.000000e+00 -1.000000e+00
    outer loop
      vertex   7.715850e+00 -2.204552e+01 0.000000e+00
      vertex   9.600000e+00 -2.683431e+01 0.000000e+00
      vertex   7.529953e+00 -2.227142e+01 0.000000e+00
    endloop
  endfacet
  facet normal 0.000000e+00 -0.000000e+00 -1.000000e+00
    outer loop
      vertex   7.529953e+00 -2.227142e+01 0.000000e+00
      vertex   9.600000e+00 -2.683431e+01 0.000000e+00
      vertex   6.834315e+00 -2.960000e+01 0.000000e+00
    endloop
  endfacet
  facet normal 0.000000e+00 0.000000e+00 -1.000000e+00
    outer loop
      vertex   7.529953e+00 -2.227142e+01 0.000000e+00
      vertex   6.834315e+00 -2.960000e+01 0.000000e+00
      vertex   7.325326e+00 -2.248050e+01 0.000000e+00
    endloop
  endfacet
  facet normal 0.000000e+00 0.000000e+00 -1.000000e+00
    outer loop
      vertex   7.325326e+00 -2.248050e+01 0.000000e+00
      vertex   6.834315e+00 -2.960000e+01 0.000000e+00
      vertex   7.103483e+00 -2.267121e+01 0.000000e+00
    endloop
  endfacet
  facet normal 0.000000e+00 0.000000e+00 -1.000000e+00
    outer loop
      vertex   7.103483e+00 -2.267121e+01 0.000000e+00
      vertex   6.834315e+00 -2.960000e+01 0.000000e+00
      vertex   6.866066e+00 -2.284215e+01 0.000000e+00
    endloop
  endfacet
  facet normal 0.000000e+00 0.000000e+00 -1.000000e+00
    outer loop
      vertex   6.866066e+00 -2.284215e+01 0.000000e+00
      vertex   6.834315e+00 -2.960000e+01 0.000000e+00
      vertex   6.614834e+00 -2.299204e+01 0.000000e+00
    endloop
  endfacet
  facet normal 0.000000e+00 -0.000000e+00 -1.000000e+00
    outer loop
      vertex   6.614834e+00 -2.299204e+01 0.000000e+00
      vertex   6.834315e+00 -2.960000e+01 0.000000e+00
      vertex   6.351646e+00 -2.311978e+01 0.000000e+00
    endloop
  endfacet
  facet normal 0.000000e+00 -0.000000e+00 -1.000000e+00
    outer loop
      vertex   6.351646e+00 -2.311978e+01 0.000000e+00
      vertex   6.834315e+00 -2.960000e+01 0.000000e+00
      vertex   6.078450e+00 -2.322443e+01 0.000000e+00
    endloop
  endfacet
  facet normal 0.000000e+00 -0.000000e+00 -1.000000e+00
    outer loop
      vertex   6.078450e+00 -2.322443e+01 0.000000e+00
      vertex   6.834315e+00 -2.960000e+01 0.000000e+00
      vertex   5.797271e+00 -2.330520e+01 0.000000e+00
    endloop
  endfacet
  facet normal 0.000000e+00 -0.000000e+00 -1.000000e+00
    outer loop
      vertex   5.797271e+00 -2.330520e+01 0.000000e+00
      vertex   6.834315e+00 -2.960000e+01 0.000000e+00
      vertex   5.510188e+00 -2.336150e+01 0.000000e+00
    endloop
  endfacet
  facet normal 0.000000e+00 -0.000000e+00 -1.000000e+00
    outer loop
      vertex   5.510188e+00 -2.336150e+01 0.000000e+00
      vertex   6.834315e+00 -2.960000e+01 0.000000e+00
      vertex   5.219329e+00 -2.339292e+01 0.000000e+00
    endloop
  endfacet
  facet normal 0.000000e+00 -0.000000e+00 -1.000000e+00
    outer loop
      vertex   5.219329e+00 -2.339292e+01 0.000000e+00
      vertex   6.834315e+00 -2.960000e+01 0.000000e+00
      vertex   4.926845e+00 -2.339921e+01 0.000000e+00
    endloop
  endfacet
  facet normal -0.000000e+00 -0.000000e+00 -1.000000e+00
    outer loop
      vertex   4.926845e+00 -2.339921e+01 0.000000e+00
      vertex   6.834315e+00 -2.960000e+01 0.000000e+00
      vertex   4.634903e+00 -2.338034e+01 0.000000e+00
    endloop
  endfacet
  facet normal -0.000000e+00 -0.000000e+00 -1.000000e+00
    outer loop
      vertex   4.634903e+00 -2.338034e+01 0.000000e+00
      vertex   6.834315e+00 -2.960000e+01 0.000000e+00
      vertex   4.345665e+00 -2.333644e+01 0.000000e+00
    endloop
  endfacet
  facet normal -0.000000e+00 -0.000000e+00 -1.000000e+00
    outer loop
      vertex   4.345665e+00 -2.333644e+01 0.000000e+00
      vertex   6.834315e+00 -2.960000e+01 0.000000e+00
      vertex   4.061270e+00 -2.326784e+01 0.000000e+00
    endloop
  endfacet
  facet normal -0.000000e+00 -0.000000e+00 -1.000000e+00
    outer loop
      vertex   4.061270e+00 -2.326784e+01 0.000000e+00
      vertex   6.834315e+00 -2.960000e+01 0.000000e+00
      vertex   3.783826e+00 -2.317505e+01 0.000000e+00
    endloop
  endfacet
  facet normal -0.000000e+00 -0.000000e+00 -1.000000e+00
    outer loop
      vertex   3.783826e+00 -2.317505e+01 0.000000e+00
      vertex   6.834315e+00 -2.960000e+01 0.000000e+00
      vertex   3.515386e+00 -2.305874e+01 0.000000e+00
    endloop
  endfacet
  facet normal -0.000000e+00 -0.000000e+00 -1.000000e+00
    outer loop
      vertex   3.515386e+00 -2.305874e+01 0.000000e+00
      vertex   6.834315e+00 -2.960000e+01 0.000000e+00
      vertex   3.257937e+00 -2.291980e+01 0.000000e+00
    endloop
  endfacet
  facet normal -0.000000e+00 -0.000000e+00 -1.000000e+00
    outer loop
      vertex   3.257937e+00 -2.291980e+01 0.000000e+00
      vertex   6.834315e+00 -2.960000e+01 0.000000e+00
      vertex   3.013386e+00 -2.275923e+01 0.000000e+00
    endloop
  endfacet
  facet normal -0.000000e+00 -0.000000e+00 -1.000000e+00
    outer loop
      vertex   3.013386e+00 -2.275923e+01 0.000000e+00
      vertex   6.834315e+00 -2.960000e+01 0.000000e+00
      vertex   2.783543e+00 -2.257824e+01 0.000000e+00
    endloop
  endfacet
  facet normal 0.000000e+00 -0.000000e+00 -1.000000e+00
    outer loop
      vertex   2.783543e+00 -2.257824e+01 0.000000e+00
      vertex   6.834315e+00 -2.960000e+01 0.000000e+00
      vertex   -6.834315e+00 -2.960000e+01 0.000000e+00
    endloop
  endfacet
  facet normal -0.000000e+00 0.000000e+00 -1.000000e+00
    outer loop
      vertex   2.783543e+00 -2.257824e+01 0.000000e+00
      vertex   -6.834315e+00 -2.960000e+01 0.000000e+00
      vertex   -2.674674e+00 -2.248050e+01 0.000000e+00
    endloop
  endfacet
  facet normal 0.000000e+00 0.000000e+00 -1.000000e+00
    outer loop
      vertex   -2.674674e+00 -2.248050e+01 0.000000e+00
      vertex   -6.834315e+00 -2.960000e+01 0.000000e+00
      vertex   -2.896517e+00 -2.267121e+01 0.000000e+00
    endloop
  endfacet
  facet normal 0.000000e+00 0.000000e+00 -1.000000e+00
    outer loop
      vertex   -2.896517e+00 -2.267121e+01 0.000000e+00
      vertex   -6.834315e+00 -2.960000e+01 0.000000e+00
      vertex   -3.133934e+00 -2.284215e+01 0.000000e+00
    endloop
  endfacet
  facet normal 0.000000e+00 0.000000e+00 -1.000000e+00
    outer loop
      vertex   -3.133934e+00 -2.284215e+01 0.000000e+00
      vertex   -6.834315e+00 -2.960000e+01 0.000000e+00
      vertex   -3.385166e+00 -2.299204e+01 0.000000e+00
    endloop
  endfacet
  facet normal 0.000000e+00 0.000000e+00 -1.000000e+00
    outer loop
      vertex   -3.385166e+00 -2.299204e+01 0.000000e+00
      vertex   -6.834315e+00 -2.960000e+01 0.000000e+00
      vertex   -3.648354e+00 -2.311978e+01 0.000000e+00
    endloop
  endfacet
  facet normal 0.000000e+00 0.000000e+00 -1.000000e+00
    outer loop
      vertex   -3.648354e+00 -2.311978e+01 0.000000e+00
      vertex   -6.834315e+00 -2.960000e+01 0.000000e+00
      vertex   -3.921550e+00 -2.322443e+01 0.000000e+00
    endloop
  endfacet
  facet normal 0.000000e+00 0.000000e+00 -1.000000e+00
    outer loop
      vertex   -3.921550e+00 -2.322443e+01 0.000000e+00
      vertex   -6.834315e+00 -2.960000e+01 0.000000e+00
      vertex   -4.202729e+00 -2.330520e+01 0.000000e+00
    endloop
  endfacet
  facet normal 0.000000e+00 0.000000e+00 -1.000000e+00
    outer loop
      vertex   -4.202729e+00 -2.330520e+01 0.000000e+00
      vertex   -6.834315e+00 -2.960000e+01 0.000000e+00
      vertex   -4.489812e+00 -2.336150e+01 0.000000e+00
    endloop
  endfacet
  facet normal 0.000000e+00 0.000000e+00 -1.000000e+00
    outer loop
      vertex   -4.489812e+00 -2.336150e+01 0.000000e+00
      vertex   -6.834315e+00 -2.960000e+01 0.000000e+00
      vertex   -4.780671e+00 -2.339292e+01 0.000000e+00
    endloop
  endfacet
  facet normal 0.000000e+00 0.000000e+00 -1.000000e+00
    outer loop
      vertex   -4.780671e+00 -2.339292e+01 0.000000e+00
      vertex   -6.834315e+00 -2.960000e+01 0.000000e+00
      vertex   -5.073155e+00 -2.339921e+01 0.000000e+00
    endloop
  endfacet
  facet normal -0.000000e+00 0.000000e+00 -1.000000e+00
    outer loop
      vertex   -5.073155e+00 -2.339921e+01 0.000000e+00
      vertex   -6.834315e+00 -2.960000e+01 0.000000e+00
      vertex   -5.365097e+00 -2.338034e+01 0.000000e+00
    endloop
  endfacet
  facet normal -0.000000e+00 0.000000e+00 -1.000000e+00
    outer loop
      vertex   -5.365097e+00 -2.338034e+01 0.000000e+00
      vertex   -6.834315e+00 -2.960000e+01 0.000000e+00
      vertex   -5.654335e+00 -2.333644e+01 0.000000e+00
    endloop
  endfacet
  facet normal -0.000000e+00 0.000000e+00 -1.000000e+00
    outer loop
      vertex   -5.654335e+00 -2.333644e+01 0.000000e+00
      vertex   -6.834315e+00 -2.960000e+01 0.000000e+00
      vertex   -5.938730e+00 -2.326784e+01 0.000000e+00
    endloop
  endfacet
  facet normal -0.000000e+00 0.000000e+00 -1.000000e+00
    outer loop
      vertex   -5.938730e+00 -2.326784e+01 0.000000e+00
      vertex   -6.834315e+00 -2.960000e+01 0.000000e+00
      vertex   -6.216174e+00 -2.317505e+01 0.000000e+00
    endloop
  endfacet
  facet normal -0.000000e+00 0.000000e+00 -1.000000e+00
    outer loop
      vertex   -6.216174e+00 -2.317505e+01 0.000000e+00
      vertex   -6.834315e+00 -2.960000e+01 0.000000e+00
      vertex   -6.484614e+00 -2.305874e+01 0.000000e+00
    endloop
  endfacet
  facet normal -0.000000e+00 0.000000e+00 -1.000000e+00
    outer loop
      vertex   -6.484614e+00 -2.305874e+01 0.000000e+00
      vertex   -6.834315e+00 -2.960000e+01 0.000000e+00
      vertex   -6.742063e+00 -2.291980e+01 0.000000e+00
    endloop
  endfacet
  facet normal -0.000000e+00 0.000000e+00 -1.000000e+00
    outer loop
      vertex   -6.742063e+00 -2.291980e+01 0.000000e+00
      vertex   -6.834315e+00 -2.960000e+01 0.000000e+00
      vertex   -6.986614e+00 -2.275923e+01 0.000000e+00
    endloop
  endfacet
  facet normal -0.000000e+00 -0.000000e+00 -1.000000e+00
    outer loop
      vertex   -6.986614e+00 -2.275923e+01 0.000000e+00
      vertex   -6.834315e+00 -2.960000e+01 0.000000e+00
      vertex   -7.216457e+00 -2.257824e+01 0.000000e+00
    endloop
  endfacet
  facet normal -0.000000e+00 -0.000000e+00 -1.000000e+00
    outer loop
      vertex   -7.216457e+00 -2.257824e+01 0.000000e+00
      vertex   -6.834315e+00 -2.960000e+01 0.000000e+00
      vertex   -7.429890e+00 -2.237816e+01 0.000000e+00
    endloop
  endfacet
  facet normal -0.000000e+00 -0.000000e+00 -1.000000e+00
    outer loop
      vertex   -7.429890e+00 -2.237816e+01 0.000000e+00
      vertex   -6.834315e+00 -2.960000e+01 0.000000e+00
      vertex   -7.625332e+00 -2.216047e+01 0.000000e+00
    endloop
  endfacet
  facet normal 0.000000e+00 -0.000000e+00 -1.000000e+00
    outer loop
      vertex   -7.625332e+00 -2.216047e+01 0.000000e+00
      vertex   -6.834315e+00 -2.960000e+01 0.000000e+00
      vertex   -9.600000e+00 -2.683431e+01 0.000000e+00
    endloop
  endfacet
  facet normal -0.000000e+00 0.000000e+00 -1.000000e+00
    outer loop
      vertex   -7.625332e+00 -2.216047e+01 0.000000e+00
      vertex   -9.600000e+00 -2.683431e+01 0.000000e+00
      vertex   -7.801338e+00 -2.192679e+01 0.000000e+00
    endloop
  endfacet
  facet normal -0.000000e+00 0.000000e+00 -1.000000e+00
    outer loop
      vertex   -7.801338e+00 -2.192679e+01 0.000000e+00
      vertex   -9.600000e+00 -2.683431e+01 0.000000e+00
      vertex   -7.956604e+00 -2.167884e+01 0.000000e+00
    endloop
  endfacet
  facet normal -0.000000e+00 0.000000e+00 -1.000000e+00
    outer loop
      vertex   -7.956604e+00 -2.167884e+01 0.000000e+00
      vertex   -9.600000e+00 -2.683431e+01 0.000000e+00
      vertex   -8.089980e+00 -2.141846e+01 0.000000e+00
    endloop
  endfacet
  facet normal -0.000000e+00 0.000000e+00 -1.000000e+00
    outer loop
      vertex   -8.089980e+00 -2.141846e+01 0.000000e+00
      vertex   -9.600000e+00 -2.683431e+01 0.000000e+00
      vertex   -8.200479e+00 -2.114758e+01 0.000000e+00
    endloop
  endfacet
  facet normal -0.000000e+00 0.000000e+00 -1.000000e+00
    outer loop
      vertex   -8.200479e+00 -2.114758e+01 0.000000e+00
      vertex   -9.600000e+00 -2.683431e+01 0.000000e+00
      vertex   -8.287283e+00 -2.086820e+01 0.000000e+00
    endloop
  endfacet
  facet normal -0.000000e+00 0.000000e+00 -1.000000e+00
    outer loop
      vertex   -8.287283e+00 -2.086820e+01 0.000000e+00
      vertex   -9.600000e+00 -2.683431e+01 0.000000e+00
      vertex   -8.349748e+00 -2.058240e+01 0.000000e+00
    endloop
  endfacet
  facet normal -0.000000e+00 0.000000e+00 -1.000000e+00
    outer loop
      vertex   -8.349748e+00 -2.058240e+01 0.000000e+00
      vertex   -9.600000e+00 -2.683431e+01 0.000000e+00
      vertex   -8.387414e+00 -2.029228e+01 0.000000e+00
    endloop
  endfacet
  facet normal -0.000000e+00 0.000000e+00 -1.000000e+00
    outer loop
      vertex   -8.387414e+00 -2.029228e+01 0.000000e+00
      vertex   -9.600000e+00 -2.683431e+01 0.000000e+00
      vertex   -8.400000e+00 -2.000000e+01 0.000000e+00
    endloop
  endfacet
  facet normal -0.000000e+00 0.000000e+00 -1.000000e+00
    outer loop
      vertex   -8.400000e+00 -2.000000e+01 0.000000e+00
      vertex   -9.600000e+00 -2.683431e+01 0.000000e+00
      vertex   -8.387414e+00 -1.970772e+01 0.000000e+00
    endloop
  endfacet
  facet normal -0.000000e+00 0.000000e+00 -1.000000e+00
    outer loop
      vertex   -8.387414e+00 -1.970772e+01 0.000000e+00
      vertex   -9.600000e+00 -2.683431e+01 0.000000e+00
      vertex   -8.349748e+00 -1.941760e+01 0.000000e+00
    endloop
  endfacet
  facet normal -0.000000e+00 0.000000e+00 -1.000000e+00
    outer loop
      vertex   -8.349748e+00 -1.941760e+01 0.000000e+00
      vertex   -9.600000e+00 -2.683431e+01 0.000000e+00
      vertex   -8.351094e+00 1.242540e+01 0.000000e+00
    endloop
  endfacet
  facet normal 0.000000e+00 0.000000e+00 -1.000000e+00
    outer loop
      vertex   -8.349748e+00 -1.941760e+01 0.000000e+00
      vertex   -8.351094e+00 1.242540e+01 0.000000e+00
      vertex   -8.290292e+00 1.214327e+01 0.000000e+00
    endloop
  endfacet
  facet normal 0.000000e+00 0.000000e+00 -1.000000e+00
    outer loop
      vertex   1.600000e+00 1.300000e+01 0.000000e+00
      vertex   -1.600000e+00 2.100000e+01 0.000000e+00
      vertex   1.600000e+00 2.100002e+01 0.000000e+00
    endloop
  endfacet
  facet normal -0.000000e+00 0.000000e+00 -1.000000e+00
    outer loop
      vertex   1.600000e+00 2.100002e+01 0.000000e+00
      vertex   -1.600000e+00 2.100000e+01 0.000000e+00
      vertex   -1.612249e+00 2.128834e+01 0.000000e+00
    endloop
  endfacet
  facet normal 0.000000e+00 0.000000e+00 -1.000000e+00
    outer loop
      vertex   1.600000e+00 2.100002e+01 0.000000e+00
      vertex   -1.612249e+00 2.128834e+01 0.000000e+00
      vertex   1.612250e+00 2.128836e+01 0.000000e+00
    endloop
  endfacet
  facet normal -0.000000e+00 0.000000e+00 -1.000000e+00
    outer loop
      vertex   1.612250e+00 2.128836e+01 0.000000e+00
      vertex   -1.612249e+00 2.128834e+01 0.000000e+00
      vertex   -1.648906e+00 2.157460e+01 0.000000e+00
    endloop
  endfacet
  facet normal 0.000000e+00 0.000000e+00 -1.000000e+00
    outer loop
      vertex   1.612250e+00 2.128836e+01 0.000000e+00
      vertex   -1.648906e+00 2.157460e+01 0.000000e+00
      vertex   1.648908e+00 2.157462e+01 0.000000e+00
    endloop
  endfacet
  facet normal -0.000000e+00 0.000000e+00 -1.000000e+00
    outer loop
      vertex   1.648908e+00 2.157462e+01 0.000000e+00
      vertex   -1.648906e+00 2.157460e+01 0.000000e+00
      vertex   -1.709708e+00 2.185673e+01 0.000000e+00
    endloop
  endfacet
  facet normal 0.000000e+00 0.000000e+00 -1.000000e+00
    outer loop
      vertex   1.648908e+00 2.157462e+01 0.000000e+00
      vertex   -1.709708e+00 2.185673e+01 0.000000e+00
      vertex   1.709712e+00 2.185674e+01 0.000000e+00
    endloop
  endfacet
  facet normal -0.000000e+00 0.000000e+00 -1.000000e+00
    outer loop
      vertex   1.709712e+00 2.185674e+01 0.000000e+00
      vertex   -1.709708e+00 2.185673e+01 0.000000e+00
      vertex   -1.794217e+00 2.213268e+01 0.000000e+00
    endloop
  endfacet
  facet normal 0.000000e+00 0.000000e+00 -1.000000e+00
    outer loop
      vertex   1.709712e+00 2.185674e+01 0.000000e+00
      vertex   -1.794217e+00 2.213268e+01 0.000000e+00
      vertex   1.794221e+00 2.213269e+01 0.000000e+00
    endloop
  endfacet
  facet normal -0.000000e+00 0.000000e+00 -1.000000e+00
    outer loop
      vertex   1.794221e+00 2.213269e+01 0.000000e+00
      vertex   -1.794217e+00 2.213268e+01 0.000000e+00
      vertex   -1.901823e+00 2.240046e+01 0.000000e+00
    endloop
  endfacet
  facet normal 0.000000e+00 0.000000e+00 -1.000000e+00
    outer loop
      vertex   1.794221e+00 2.213269e+01 0.000000e+00
      vertex   -1.901823e+00 2.240046e+01 0.000000e+00
      vertex   1.901828e+00 2.240048e+01 0.000000e+00
    endloop
  endfacet
  facet normal -0.000000e+00 0.000000e+00 -1.000000e+00
    outer loop
      vertex   1.901828e+00 2.240048e+01 0.000000e+00
      vertex   -1.901823e+00 2.240046e+01 0.000000e+00
      vertex   -2.031752e+00 2.265816e+01 0.000000e+00
    endloop
  endfacet
  facet normal 0.000000e+00 0.000000e+00 -1.000000e+00
    outer loop
      vertex   1.901828e+00 2.240048e+01 0.000000e+00
      vertex   -2.031752e+00 2.265816e+01 0.000000e+00
      vertex   2.031757e+00 2.265817e+01 0.000000e+00
    endloop
  endfacet
  facet normal -0.000000e+00 0.000000e+00 -1.000000e+00
    outer loop
      vertex   2.031757e+00 2.265817e+01 0.000000e+00
      vertex   -2.031752e+00 2.265816e+01 0.000000e+00
      vertex   -2.183067e+00 2.290391e+01 0.000000e+00
    endloop
  endfacet
  facet normal 0.000000e+00 0.000000e+00 -1.000000e+00
    outer loop
      vertex   2.031757e+00 2.265817e+01 0.000000e+00
      vertex   -2.183067e+00 2.290391e+01 0.000000e+00
      vertex   2.183073e+00 2.290392e+01 0.000000e+00
    endloop
  endfacet
  facet normal -0.000000e+00 0.000000e+00 -1.000000e+00
    outer loop
      vertex   2.183073e+00 2.290392e+01 0.000000e+00
      vertex   -2.183067e+00 2.290391e+01 0.000000e+00
      vertex   -2.354678e+00 2.313595e+01 0.000000e+00
    endloop
  endfacet
  facet normal 0.000000e+00 0.000000e+00 -1.000000e+00
    outer loop
      vertex   2.183073e+00 2.290392e+01 0.000000e+00
      vertex   -2.354678e+00 2.313595e+01 0.000000e+00
      vertex   2.354684e+00 2.313596e+01 0.000000e+00
    endloop
  endfacet
  facet normal -0.000000e+00 0.000000e+00 -1.000000e+00
    outer loop
      vertex   2.354684e+00 2.313596e+01 0.000000e+00
      vertex   -2.354678e+00 2.313595e+01 0.000000e+00
      vertex   -2.545349e+00 2.335259e+01 0.000000e+00
    endloop
  endfacet
  facet normal 0.000000e+00 0.000000e+00 -1.000000e+00
    outer loop
      vertex   2.354684e+00 2.313596e+01 0.000000e+00
      vertex   -2.545349e+00 2.335259e+01 0.000000e+00
      vertex   2.545355e+00 2.335260e+01 0.000000e+00
    endloop
  endfacet
  facet normal -0.000000e+00 0.000000e+00 -1.000000e+00
    outer loop
      vertex   2.545355e+00 2.335260e+01 0.000000e+00
      vertex   -2.545349e+00 2.335259e+01 0.000000e+00
      vertex   -2.753706e+00 2.355229e+01 0.000000e+00
    endloop
  endfacet
  facet normal 0.000000e+00 0.000000e+00 -1.000000e+00
    outer loop
      vertex   2.545355e+00 2.335260e+01 0.000000e+00
      vertex   -2.753706e+00 2.355229e+01 0.000000e+00
      vertex   2.753711e+00 2.355229e+01 0.000000e+00
    endloop
  endfacet
  facet normal -0.000000e+00 0.000000e+00 -1.000000e+00
    outer loop
      vertex   2.753711e+00 2.355229e+01 0.000000e+00
      vertex   -2.753706e+00 2.355229e+01 0.000000e+00
      vertex   -6.834315e+00 2.960000e+01 0.000000e+00
    endloop
  endfacet
  facet normal 0.000000e+00 0.000000e+00 -1.000000e+00
    outer loop
      vertex   2.753711e+00 2.355229e+01 0.000000e+00
      vertex   -6.834315e+00 2.960000e+01 0.000000e+00
      vertex   6.834315e+00 2.960000e+01 0.000000e+00
    endloop
  endfacet
  facet normal 0.000000e+00 0.000000e+00 -1.000000e+00
    outer loop
      vertex   -2.753706e+00 2.355229e+01 0.000000e+00
      vertex   -2.978247e+00 2.373359e+01 0.000000e+00
      vertex   -6.834315e+00 2.960000e+01 0.000000e+00
    endloop
  endfacet
  facet normal 0.000000e+00 0.000000e+00 -1.000000e+00
    outer loop
      vertex   -6.834315e+00 2.960000e+01 0.000000e+00
      vertex   -2.978247e+00 2.373359e+01 0.000000e+00
      vertex   -3.217355e+00 2.389520e+01 0.000000e+00
    endloop
  endfacet
  facet normal 0.000000e+00 0.000000e+00 -1.000000e+00
    outer loop
      vertex   -6.834315e+00 2.960000e+01 0.000000e+00
      vertex   -3.217355e+00 2.389520e+01 0.000000e+00
      vertex   -3.469307e+00 2.403595e+01 0.000000e+00
    endloop
  endfacet
  facet normal 0.000000e+00 0.000000e+00 -1.000000e+00
    outer loop
      vertex   -3.469307e+00 2.403595e+01 0.000000e+00
      vertex   -3.732288e+00 2.415482e+01 0.000000e+00
      vertex   -6.834315e+00 2.960000e+01 0.000000e+00
    endloop
  endfacet
  facet normal 0.000000e+00 0.000000e+00 -1.000000e+00
    outer loop
      vertex   -6.834315e+00 2.960000e+01 0.000000e+00
      vertex   -3.732288e+00 2.415482e+01 0.000000e+00
      vertex   -4.004403e+00 2.425097e+01 0.000000e+00
    endloop
  endfacet
  facet normal 0.000000e+00 0.000000e+00 -1.000000e+00
    outer loop
      vertex   -6.834315e+00 2.960000e+01 0.000000e+00
      vertex   -4.004403e+00 2.425097e+01 0.000000e+00
      vertex   -4.283690e+00 2.432369e+01 0.000000e+00
    endloop
  endfacet
  facet normal 0.000000e+00 0.000000e+00 -1.000000e+00
    outer loop
      vertex   -4.283690e+00 2.432369e+01 0.000000e+00
      vertex   -4.568139e+00 2.437246e+01 0.000000e+00
      vertex   -6.834315e+00 2.960000e+01 0.000000e+00
    endloop
  endfacet
  facet normal 0.000000e+00 0.000000e+00 -1.000000e+00
    outer loop
      vertex   -6.834315e+00 2.960000e+01 0.000000e+00
      vertex   -4.568139e+00 2.437246e+01 0.000000e+00
      vertex   -4.855700e+00 2.439694e+01 0.000000e+00
    endloop
  endfacet
  facet normal 0.000000e+00 0.000000e+00 -1.000000e+00
    outer loop
      vertex   -6.834315e+00 2.960000e+01 0.000000e+00
      vertex   -4.855700e+00 2.439694e+01 0.000000e+00
      vertex   -5.144300e+00 2.439694e+01 0.000000e+00
    endloop
  endfacet
  facet normal -0.000000e+00 0.000000e+00 -1.000000e+00
    outer loop
      vertex   -5.144300e+00 2.439694e+01 0.000000e+00
      vertex   -5.431861e+00 2.437246e+01 0.000000e+00
      vertex   -6.834315e+00 2.960000e+01 0.000000e+00
    endloop
  endfacet
  facet normal 0.000000e+00 0.000000e+00 -1.000000e+00
    outer loop
      vertex   -6.834315e+00 2.960000e+01 0.000000e+00
      vertex   -5.431861e+00 2.437246e+01 0.000000e+00
      vertex   -5.716310e+00 2.432369e+01 0.000000e+00
    endloop
  endfacet
  facet normal 0.000000e+00 0.000000e+00 -1.000000e+00
    outer loop
      vertex   -6.834315e+00 2.960000e+01 0.000000e+00
      vertex   -5.716310e+00 2.432369e+01 0.000000e+00
      vertex   -5.995597e+00 2.425097e+01 0.000000e+00
    endloop
  endfacet
  facet normal -0.000000e+00 0.000000e+00 -1.000000e+00
    outer loop
      vertex   -5.995597e+00 2.425097e+01 0.000000e+00
      vertex   -6.267712e+00 2.415482e+01 0.000000e+00
      vertex   -6.834315e+00 2.960000e+01 0.000000e+00
    endloop
  endfacet
  facet normal 0.000000e+00 0.000000e+00 -1.000000e+00
    outer loop
      vertex   -6.834315e+00 2.960000e+01 0.000000e+00
      vertex   -6.267712e+00 2.415482e+01 0.000000e+00
      vertex   -6.530693e+00 2.403595e+01 0.000000e+00
    endloop
  endfacet
  facet normal 0.000000e+00 0.000000e+00 -1.000000e+00
    outer loop
      vertex   -6.834315e+00 2.960000e+01 0.000000e+00
      vertex   -6.530693e+00 2.403595e+01 0.000000e+00
      vertex   -6.782645e+00 2.389520e+01 0.000000e+00
    endloop
  endfacet
  facet normal -0.000000e+00 0.000000e+00 -1.000000e+00
    outer loop
      vertex   -6.782645e+00 2.389520e+01 0.000000e+00
      vertex   -7.021753e+00 2.373359e+01 0.000000e+00
      vertex   -6.834315e+00 2.960000e+01 0.000000e+00
    endloop
  endfacet
  facet normal 0.000000e+00 0.000000e+00 -1.000000e+00
    outer loop
      vertex   -6.834315e+00 2.960000e+01 0.000000e+00
      vertex   -7.021753e+00 2.373359e+01 0.000000e+00
      vertex   -7.246294e+00 2.355229e+01 0.000000e+00
    endloop
  endfacet
  facet normal 0.000000e+00 0.000000e+00 -1.000000e+00
    outer loop
      vertex   -6.834315e+00 2.960000e+01 0.000000e+00
      vertex   -7.246294e+00 2.355229e+01 0.000000e+00
      vertex   -7.454651e+00 2.335259e+01 0.000000e+00
    endloop
  endfacet
  facet normal -0.000000e+00 0.000000e+00 -1.000000e+00
    outer loop
      vertex   -7.454651e+00 2.335259e+01 0.000000e+00
      vertex   -7.645322e+00 2.313595e+01 0.000000e+00
      vertex   -6.834315e+00 2.960000e+01 0.000000e+00
    endloop
  endfacet
  facet normal 0.000000e+00 0.000000e+00 -1.000000e+00
    outer loop
      vertex   -6.834315e+00 2.960000e+01 0.000000e+00
      vertex   -7.645322e+00 2.313595e+01 0.000000e+00
      vertex   -9.600000e+00 2.683431e+01 0.000000e+00
    endloop
  endfacet
  facet normal 0.000000e+00 0.000000e+00 -1.000000e+00
    outer loop
      vertex   -9.600000e+00 2.683431e+01 0.000000e+00
      vertex   -7.645322e+00 2.313595e+01 0.000000e+00
      vertex   -7.816933e+00 2.290391e+01 0.000000e+00
    endloop
  endfacet
  facet normal 0.000000e+00 0.000000e+00 -1.000000e+00
    outer loop
      vertex   -9.600000e+00 2.683431e+01 0.000000e+00
      vertex   -7.816933e+00 2.290391e+01 0.000000e+00
      vertex   -7.968248e+00 2.265816e+01 0.000000e+00
    endloop
  endfacet
  facet normal -0.000000e+00 0.000000e+00 -1.000000e+00
    outer loop
      vertex   -7.968248e+00 2.265816e+01 0.000000e+00
      vertex   -8.098177e+00 2.240046e+01 0.000000e+00
      vertex   -9.600000e+00 2.683431e+01 0.000000e+00
    endloop
  endfacet
  facet normal 0.000000e+00 0.000000e+00 -1.000000e+00
    outer loop
      vertex   -9.600000e+00 2.683431e+01 0.000000e+00
      vertex   -8.098177e+00 2.240046e+01 0.000000e+00
      vertex   -8.205783e+00 2.213268e+01 0.000000e+00
    endloop
  endfacet
  facet normal 0.000000e+00 0.000000e+00 -1.000000e+00
    outer loop
      vertex   -9.600000e+00 2.683431e+01 0.000000e+00
      vertex   -8.205783e+00 2.213268e+01 0.000000e+00
      vertex   -8.290292e+00 2.185673e+01 0.000000e+00
    endloop
  endfacet
  facet normal -0.000000e+00 0.000000e+00 -1.000000e+00
    outer loop
      vertex   -8.290292e+00 2.185673e+01 0.000000e+00
      vertex   -8.351094e+00 2.157460e+01 0.000000e+00
      vertex   -9.600000e+00 2.683431e+01 0.000000e+00
    endloop
  endfacet
  facet normal 0.000000e+00 0.000000e+00 -1.000000e+00
    outer loop
      vertex   -9.600000e+00 2.683431e+01 0.000000e+00
      vertex   -8.351094e+00 2.157460e+01 0.000000e+00
      vertex   -8.387751e+00 2.128834e+01 0.000000e+00
    endloop
  endfacet
  facet normal 0.000000e+00 0.000000e+00 -1.000000e+00
    outer loop
      vertex   -9.600000e+00 2.683431e+01 0.000000e+00
      vertex   -8.387751e+00 2.128834e+01 0.000000e+00
      vertex   -8.400000e+00 2.100000e+01 0.000000e+00
    endloop
  endfacet
  facet normal -0.000000e+00 -0.000000e+00 -1.000000e+00
    outer loop
      vertex   -8.400000e+00 2.100000e+01 0.000000e+00
      vertex   -8.400000e+00 1.300000e+01 0.000000e+00
      vertex   -9.600000e+00 2.683431e+01 0.000000e+00
    endloop
  endfacet
  facet normal 0.000000e+00 0.000000e+00 -1.000000e+00
    outer loop
      vertex   -9.600000e+00 2.683431e+01 0.000000e+00
      vertex   -8.400000e+00 1.300000e+01 0.000000e+00
      vertex   -8.387751e+00 1.271166e+01 0.000000e+00
    endloop
  endfacet
  facet normal 0.000000e+00 0.000000e+00 -1.000000e+00
    outer loop
      vertex   -9.600000e+00 2.683431e+01 0.000000e+00
      vertex   -8.387751e+00 1.271166e+01 0.000000e+00
      vertex   -9.600000e+00 -2.683431e+01 0.000000e+00
    endloop
  endfacet
  facet normal 0.000000e+00 0.000000e+00 -1.000000e+00
    outer loop
      vertex   -9.600000e+00 -2.683431e+01 0.000000e+00
      vertex   -8.387751e+00 1.271166e+01 0.000000e+00
      vertex   -8.351094e+00 1.242540e+01 0.000000e+00
    endloop
  endfacet
  facet normal 0.000000e+00 0.000000e+00 -1.000000e+00
    outer loop
      vertex   -8.349748e+00 -1.941760e+01 0.000000e+00
      vertex   -8.290292e+00 1.214327e+01 0.000000e+00
      vertex   -8.287283e+00 -1.913180e+01 0.000000e+00
    endloop
  endfacet
  facet normal 0.000000e+00 0.000000e+00 -1.000000e+00
    outer loop
      vertex   -8.287283e+00 -1.913180e+01 0.000000e+00
      vertex   -8.290292e+00 1.214327e+01 0.000000e+00
      vertex   -8.205783e+00 1.186732e+01 0.000000e+00
    endloop
  endfacet
  facet normal 0.000000e+00 0.000000e+00 -1.000000e+00
    outer loop
      vertex   -8.287283e+00 -1.913180e+01 0.000000e+00
      vertex   -8.205783e+00 1.186732e+01 0.000000e+00
      vertex   -8.200479e+00 -1.885242e+01 0.000000e+00
    endloop
  endfacet
  facet normal 0.000000e+00 0.000000e+00 -1.000000e+00
    outer loop
      vertex   -8.200479e+00 -1.885242e+01 0.000000e+00
      vertex   -8.205783e+00 1.186732e+01 0.000000e+00
      vertex   -8.098177e+00 1.159954e+01 0.000000e+00
    endloop
  endfacet
  facet normal 0.000000e+00 0.000000e+00 -1.000000e+00
    outer loop
      vertex   -8.200479e+00 -1.885242e+01 0.000000e+00
      vertex   -8.098177e+00 1.159954e+01 0.000000e+00
      vertex   -8.089980e+00 -1.858154e+01 0.000000e+00
    endloop
  endfacet
  facet normal 0.000000e+00 0.000000e+00 -1.000000e+00
    outer loop
      vertex   -8.089980e+00 -1.858154e+01 0.000000e+00
      vertex   -8.098177e+00 1.159954e+01 0.000000e+00
      vertex   -7.968248e+00 1.134184e+01 0.000000e+00
    endloop
  endfacet
  facet normal 0.000000e+00 0.000000e+00 -1.000000e+00
    outer loop
      vertex   -8.089980e+00 -1.858154e+01 0.000000e+00
      vertex   -7.968248e+00 1.134184e+01 0.000000e+00
      vertex   -7.956604e+00 -1.832116e+01 0.000000e+00
    endloop
  endfacet
  facet normal 0.000000e+00 0.000000e+00 -1.000000e+00
    outer loop
      vertex   -7.956604e+00 -1.832116e+01 0.000000e+00
      vertex   -7.968248e+00 1.134184e+01 0.000000e+00
      vertex   -7.816933e+00 1.109609e+01 0.000000e+00
    endloop
  endfacet
  facet normal 0.000000e+00 0.000000e+00 -1.000000e+00
    outer loop
      vertex   -7.956604e+00 -1.832116e+01 0.000000e+00
      vertex   -7.816933e+00 1.109609e+01 0.000000e+00
      vertex   -7.801338e+00 -1.807321e+01 0.000000e+00
    endloop
  endfacet
  facet normal 0.000000e+00 0.000000e+00 -1.000000e+00
    outer loop
      vertex   -7.801338e+00 -1.807321e+01 0.000000e+00
      vertex   -7.816933e+00 1.109609e+01 0.000000e+00
      vertex   -7.645322e+00 1.086405e+01 0.000000e+00
    endloop
  endfacet
  facet normal 0.000000e+00 0.000000e+00 -1.000000e+00
    outer loop
      vertex   -7.801338e+00 -1.807321e+01 0.000000e+00
      vertex   -7.645322e+00 1.086405e+01 0.000000e+00
      vertex   -7.625332e+00 -1.783953e+01 0.000000e+00
    endloop
  endfacet
  facet normal 0.000000e+00 0.000000e+00 -1.000000e+00
    outer loop
      vertex   -7.625332e+00 -1.783953e+01 0.000000e+00
      vertex   -7.645322e+00 1.086405e+01 0.000000e+00
      vertex   -7.454651e+00 1.064741e+01 0.000000e+00
    endloop
  endfacet
  facet normal 0.000000e+00 0.000000e+00 -1.000000e+00
    outer loop
      vertex   -7.625332e+00 -1.783953e+01 0.000000e+00
      vertex   -7.454651e+00 1.064741e+01 0.000000e+00
      vertex   -7.429890e+00 -1.762184e+01 0.000000e+00
    endloop
  endfacet
  facet normal 0.000000e+00 0.000000e+00 -1.000000e+00
    outer loop
      vertex   -7.429890e+00 -1.762184e+01 0.000000e+00
      vertex   -7.454651e+00 1.064741e+01 0.000000e+00
      vertex   -7.246294e+00 1.044771e+01 0.000000e+00
    endloop
  endfacet
  facet normal 0.000000e+00 0.000000e+00 -1.000000e+00
    outer loop
      vertex   -7.429890e+00 -1.762184e+01 0.000000e+00
      vertex   -7.246294e+00 1.044771e+01 0.000000e+00
      vertex   -7.216457e+00 -1.742176e+01 0.000000e+00
    endloop
  endfacet
  facet normal 0.000000e+00 0.000000e+00 -1.000000e+00
    outer loop
      vertex   -7.216457e+00 -1.742176e+01 0.000000e+00
      vertex   -7.246294e+00 1.044771e+01 0.000000e+00
      vertex   -7.021753e+00 1.026641e+01 0.000000e+00
    endloop
  endfacet
  facet normal 0.000000e+00 0.000000e+00 -1.000000e+00
    outer loop
      vertex   -7.216457e+00 -1.742176e+01 0.000000e+00
      vertex   -7.021753e+00 1.026641e+01 0.000000e+00
      vertex   -6.986614e+00 -1.724077e+01 0.000000e+00
    endloop
  endfacet
  facet normal 0.000000e+00 0.000000e+00 -1.000000e+00
    outer loop
      vertex   -6.986614e+00 -1.724077e+01 0.000000e+00
      vertex   -7.021753e+00 1.026641e+01 0.000000e+00
      vertex   -6.782645e+00 1.010480e+01 0.000000e+00
    endloop
  endfacet
  facet normal 0.000000e+00 0.000000e+00 -1.000000e+00
    outer loop
      vertex   -6.986614e+00 -1.724077e+01 0.000000e+00
      vertex   -6.782645e+00 1.010480e+01 0.000000e+00
      vertex   -6.742063e+00 -1.708020e+01 0.000000e+00
    endloop
  endfacet
  facet normal 0.000000e+00 0.000000e+00 -1.000000e+00
    outer loop
      vertex   -6.742063e+00 -1.708020e+01 0.000000e+00
      vertex   -6.782645e+00 1.010480e+01 0.000000e+00
      vertex   -6.530693e+00 9.964052e+00 0.000000e+00
    endloop
  endfacet
  facet normal 0.000000e+00 0.000000e+00 -1.000000e+00
    outer loop
      vertex   -6.742063e+00 -1.708020e+01 0.000000e+00
      vertex   -6.530693e+00 9.964052e+00 0.000000e+00
      vertex   -6.484614e+00 -1.694126e+01 0.000000e+00
    endloop
  endfacet
  facet normal 0.000000e+00 0.000000e+00 -1.000000e+00
    outer loop
      vertex   -6.484614e+00 -1.694126e+01 0.000000e+00
      vertex   -6.530693e+00 9.964052e+00 0.000000e+00
      vertex   -6.267712e+00 9.845177e+00 0.000000e+00
    endloop
  endfacet
  facet normal 0.000000e+00 0.000000e+00 -1.000000e+00
    outer loop
      vertex   -6.484614e+00 -1.694126e+01 0.000000e+00
      vertex   -6.267712e+00 9.845177e+00 0.000000e+00
      vertex   -6.216174e+00 -1.682495e+01 0.000000e+00
    endloop
  endfacet
  facet normal 0.000000e+00 0.000000e+00 -1.000000e+00
    outer loop
      vertex   -6.216174e+00 -1.682495e+01 0.000000e+00
      vertex   -6.267712e+00 9.845177e+00 0.000000e+00
      vertex   -5.995597e+00 9.749033e+00 0.000000e+00
    endloop
  endfacet
  facet normal 0.000000e+00 0.000000e+00 -1.000000e+00
    outer loop
      vertex   -6.216174e+00 -1.682495e+01 0.000000e+00
      vertex   -5.995597e+00 9.749033e+00 0.000000e+00
      vertex   -5.938730e+00 -1.673216e+01 0.000000e+00
    endloop
  endfacet
  facet normal 0.000000e+00 0.000000e+00 -1.000000e+00
    outer loop
      vertex   -5.938730e+00 -1.673216e+01 0.000000e+00
      vertex   -5.995597e+00 9.749033e+00 0.000000e+00
      vertex   -5.716310e+00 9.676312e+00 0.000000e+00
    endloop
  endfacet
  facet normal 0.000000e+00 0.000000e+00 -1.000000e+00
    outer loop
      vertex   -5.938730e+00 -1.673216e+01 0.000000e+00
      vertex   -5.716310e+00 9.676312e+00 0.000000e+00
      vertex   -5.654335e+00 -1.666356e+01 0.000000e+00
    endloop
  endfacet
  facet normal 0.000000e+00 0.000000e+00 -1.000000e+00
    outer loop
      vertex   -5.654335e+00 -1.666356e+01 0.000000e+00
      vertex   -5.716310e+00 9.676312e+00 0.000000e+00
      vertex   -5.431861e+00 9.627539e+00 0.000000e+00
    endloop
  endfacet
  facet normal 0.000000e+00 0.000000e+00 -1.000000e+00
    outer loop
      vertex   -5.654335e+00 -1.666356e+01 0.000000e+00
      vertex   -5.431861e+00 9.627539e+00 0.000000e+00
      vertex   -5.365097e+00 -1.661966e+01 0.000000e+00
    endloop
  endfacet
  facet normal 0.000000e+00 0.000000e+00 -1.000000e+00
    outer loop
      vertex   -5.365097e+00 -1.661966e+01 0.000000e+00
      vertex   -5.431861e+00 9.627539e+00 0.000000e+00
      vertex   -5.144300e+00 9.603064e+00 0.000000e+00
    endloop
  endfacet
  facet normal 0.000000e+00 0.000000e+00 -1.000000e+00
    outer loop
      vertex   -5.365097e+00 -1.661966e+01 0.000000e+00
      vertex   -5.144300e+00 9.603064e+00 0.000000e+00
      vertex   -5.073155e+00 -1.660079e+01 0.000000e+00
    endloop
  endfacet
  facet normal 0.000000e+00 0.000000e+00 -1.000000e+00
    outer loop
      vertex   -5.073155e+00 -1.660079e+01 0.000000e+00
      vertex   -5.144300e+00 9.603064e+00 0.000000e+00
      vertex   -4.855700e+00 9.603064e+00 0.000000e+00
    endloop
  endfacet
  facet normal 0.000000e+00 0.000000e+00 -1.000000e+00
    outer loop
      vertex   -5.073155e+00 -1.660079e+01 0.000000e+00
      vertex   -4.855700e+00 9.603064e+00 0.000000e+00
      vertex   -4.780671e+00 -1.660708e+01 0.000000e+00
    endloop
  endfacet
  facet normal 0.000000e+00 0.000000e+00 -1.000000e+00
    outer loop
      vertex   -4.780671e+00 -1.660708e+01 0.000000e+00
      vertex   -4.855700e+00 9.603064e+00 0.000000e+00
      vertex   -4.568139e+00 9.627539e+00 0.000000e+00
    endloop
  endfacet
  facet normal 0.000000e+00 0.000000e+00 -1.000000e+00
    outer loop
      vertex   -4.780671e+00 -1.660708e+01 0.000000e+00
      vertex   -4.568139e+00 9.627539e+00 0.000000e+00
      vertex   -4.489812e+00 -1.663850e+01 0.000000e+00
    endloop
  endfacet
  facet normal 0.000000e+00 0.000000e+00 -1.000000e+00
    outer loop
      vertex   -4.489812e+00 -1.663850e+01 0.000000e+00
      vertex   -4.568139e+00 9.627539e+00 0.000000e+00
      vertex   -4.283690e+00 9.676312e+00 0.000000e+00
    endloop
  endfacet
  facet normal 0.000000e+00 0.000000e+00 -1.000000e+00
    outer loop
      vertex   -4.489812e+00 -1.663850e+01 0.000000e+00
      vertex   -4.283690e+00 9.676312e+00 0.000000e+00
      vertex   -4.202729e+00 -1.669480e+01 0.000000e+00
    endloop
  endfacet
  facet normal 0.000000e+00 0.000000e+00 -1.000000e+00
    outer loop
      vertex   -4.202729e+00 -1.669480e+01 0.000000e+00
      vertex   -4.283690e+00 9.676312e+00 0.000000e+00
      vertex   -4.004403e+00 9.749033e+00 0.000000e+00
    endloop
  endfacet
  facet normal 0.000000e+00 0.000000e+00 -1.000000e+00
    outer loop
      vertex   -4.202729e+00 -1.669480e+01 0.000000e+00
      vertex   -4.004403e+00 9.749033e+00 0.000000e+00
      vertex   -3.921550e+00 -1.677557e+01 0.000000e+00
    endloop
  endfacet
  facet normal 0.000000e+00 0.000000e+00 -1.000000e+00
    outer loop
      vertex   -3.921550e+00 -1.677557e+01 0.000000e+00
      vertex   -4.004403e+00 9.749033e+00 0.000000e+00
      vertex   -3.732288e+00 9.845177e+00 0.000000e+00
    endloop
  endfacet
  facet normal 0.000000e+00 0.000000e+00 -1.000000e+00
    outer loop
      vertex   -3.921550e+00 -1.677557e+01 0.000000e+00
      vertex   -3.732288e+00 9.845177e+00 0.000000e+00
      vertex   -3.648354e+00 -1.688022e+01 0.000000e+00
    endloop
  endfacet
  facet normal 0.000000e+00 0.000000e+00 -1.000000e+00
    outer loop
      vertex   -3.648354e+00 -1.688022e+01 0.000000e+00
      vertex   -3.732288e+00 9.845177e+00 0.000000e+00
      vertex   -3.469307e+00 9.964052e+00 0.000000e+00
    endloop
  endfacet
  facet normal 0.000000e+00 0.000000e+00 -1.000000e+00
    outer loop
      vertex   -3.648354e+00 -1.688022e+01 0.000000e+00
      vertex   -3.469307e+00 9.964052e+00 0.000000e+00
      vertex   -3.385166e+00 -1.700796e+01 0.000000e+00
    endloop
  endfacet
  facet normal 0.000000e+00 0.000000e+00 -1.000000e+00
    outer loop
      vertex   -3.385166e+00 -1.700796e+01 0.000000e+00
      vertex   -3.469307e+00 9.964052e+00 0.000000e+00
      vertex   -3.217355e+00 1.010480e+01 0.000000e+00
    endloop
  endfacet
  facet normal 0.000000e+00 0.000000e+00 -1.000000e+00
    outer loop
      vertex   -3.385166e+00 -1.700796e+01 0.000000e+00
      vertex   -3.217355e+00 1.010480e+01 0.000000e+00
      vertex   -3.133934e+00 -1.715785e+01 0.000000e+00
    endloop
  endfacet
  facet normal 0.000000e+00 0.000000e+00 -1.000000e+00
    outer loop
      vertex   -3.133934e+00 -1.715785e+01 0.000000e+00
      vertex   -3.217355e+00 1.010480e+01 0.000000e+00
      vertex   -2.978247e+00 1.026641e+01 0.000000e+00
    endloop
  endfacet
  facet normal 0.000000e+00 0.000000e+00 -1.000000e+00
    outer loop
      vertex   -3.133934e+00 -1.715785e+01 0.000000e+00
      vertex   -2.978247e+00 1.026641e+01 0.000000e+00
      vertex   -2.896517e+00 -1.732879e+01 0.000000e+00
    endloop
  endfacet
  facet normal 0.000000e+00 0.000000e+00 -1.000000e+00
    outer loop
      vertex   -2.896517e+00 -1.732879e+01 0.000000e+00
      vertex   -2.978247e+00 1.026641e+01 0.000000e+00
      vertex   -2.753706e+00 1.044771e+01 0.000000e+00
    endloop
  endfacet
  facet normal 0.000000e+00 0.000000e+00 -1.000000e+00
    outer loop
      vertex   -2.896517e+00 -1.732879e+01 0.000000e+00
      vertex   -2.753706e+00 1.044771e+01 0.000000e+00
      vertex   -2.674674e+00 -1.751950e+01 0.000000e+00
    endloop
  endfacet
  facet normal 0.000000e+00 0.000000e+00 -1.000000e+00
    outer loop
      vertex   -2.674674e+00 -1.751950e+01 0.000000e+00
      vertex   -2.753706e+00 1.044771e+01 0.000000e+00
      vertex   -2.545349e+00 1.064741e+01 0.000000e+00
    endloop
  endfacet
  facet normal 0.000000e+00 0.000000e+00 -1.000000e+00
    outer loop
      vertex   -2.674674e+00 -1.751950e+01 0.000000e+00
      vertex   -2.545349e+00 1.064741e+01 0.000000e+00
      vertex   -2.470047e+00 -1.772858e+01 0.000000e+00
    endloop
  endfacet
  facet normal 0.000000e+00 0.000000e+00 -1.000000e+00
    outer loop
      vertex   -2.470047e+00 -1.772858e+01 0.000000e+00
      vertex   -2.545349e+00 1.064741e+01 0.000000e+00
      vertex   -2.354678e+00 1.086405e+01 0.000000e+00
    endloop
  endfacet
  facet normal 0.000000e+00 0.000000e+00 -1.000000e+00
    outer loop
      vertex   -2.470047e+00 -1.772858e+01 0.000000e+00
      vertex   -2.354678e+00 1.086405e+01 0.000000e+00
      vertex   -2.284150e+00 -1.795448e+01 0.000000e+00
    endloop
  endfacet
  facet normal 0.000000e+00 0.000000e+00 -1.000000e+00
    outer loop
      vertex   -2.284150e+00 -1.795448e+01 0.000000e+00
      vertex   -2.354678e+00 1.086405e+01 0.000000e+00
      vertex   -2.183067e+00 1.109609e+01 0.000000e+00
    endloop
  endfacet
  facet normal 0.000000e+00 0.000000e+00 -1.000000e+00
    outer loop
      vertex   -2.284150e+00 -1.795448e+01 0.000000e+00
      vertex   -2.183067e+00 1.109609e+01 0.000000e+00
      vertex   2.198662e+00 -1.807321e+01 0.000000e+00
    endloop
  endfacet
  facet normal 0.000000e+00 0.000000e+00 -1.000000e+00
    outer loop
      vertex   8.387752e+00 1.271167e+01 0.000000e+00
      vertex   8.400000e+00 1.300001e+01 0.000000e+00
      vertex   9.600000e+00 2.683431e+01 0.000000e+00
    endloop
  endfacet
  facet normal 0.000000e+00 0.000000e+00 -1.000000e+00
    outer loop
      vertex   9.600000e+00 2.683431e+01 0.000000e+00
      vertex   8.400000e+00 1.300001e+01 0.000000e+00
      vertex   8.400000e+00 2.100002e+01 0.000000e+00
    endloop
  endfacet
  facet normal 0.000000e+00 0.000000e+00 -1.000000e+00
    outer loop
      vertex   9.600000e+00 2.683431e+01 0.000000e+00
      vertex   8.400000e+00 2.100002e+01 0.000000e+00
      vertex   8.387750e+00 2.128836e+01 0.000000e+00
    endloop
  endfacet
  facet normal 0.000000e+00 0.000000e+00 -1.000000e+00
    outer loop
      vertex   8.387750e+00 2.128836e+01 0.000000e+00
      vertex   8.351091e+00 2.157462e+01 0.000000e+00
      vertex   9.600000e+00 2.683431e+01 0.000000e+00
    endloop
  endfacet
  facet normal 0.000000e+00 0.000000e+00 -1.000000e+00
    outer loop
      vertex   9.600000e+00 2.683431e+01 0.000000e+00
      vertex   8.351091e+00 2.157462e+01 0.000000e+00
      vertex   8.290288e+00 2.185674e+01 0.000000e+00
    endloop
  endfacet
  facet normal 0.000000e+00 0.000000e+00 -1.000000e+00
    outer loop
      vertex   9.600000e+00 2.683431e+01 0.000000e+00
      vertex   8.290288e+00 2.185674e+01 0.000000e+00
      vertex   8.205779e+00 2.213269e+01 0.000000e+00
    endloop
  endfacet
  facet normal 0.000000e+00 0.000000e+00 -1.000000e+00
    outer loop
      vertex   8.205779e+00 2.213269e+01 0.000000e+00
      vertex   8.098171e+00 2.240048e+01 0.000000e+00
      vertex   9.600000e+00 2.683431e+01 0.000000e+00
    endloop
  endfacet
  facet normal 0.000000e+00 0.000000e+00 -1.000000e+00
    outer loop
      vertex   9.600000e+00 2.683431e+01 0.000000e+00
      vertex   8.098171e+00 2.240048e+01 0.000000e+00
      vertex   7.968242e+00 2.265817e+01 0.000000e+00
    endloop
  endfacet
  facet normal 0.000000e+00 0.000000e+00 -1.000000e+00
    outer loop
      vertex   9.600000e+00 2.683431e+01 0.000000e+00
      vertex   7.968242e+00 2.265817e+01 0.000000e+00
      vertex   7.816926e+00 2.290392e+01 0.000000e+00
    endloop
  endfacet
  facet normal 0.000000e+00 0.000000e+00 -1.000000e+00
    outer loop
      vertex   7.816926e+00 2.290392e+01 0.000000e+00
      vertex   7.645315e+00 2.313596e+01 0.000000e+00
      vertex   9.600000e+00 2.683431e+01 0.000000e+00
    endloop
  endfacet
  facet normal -0.000000e+00 0.000000e+00 -1.000000e+00
    outer loop
      vertex   9.600000e+00 2.683431e+01 0.000000e+00
      vertex   7.645315e+00 2.313596e+01 0.000000e+00
      vertex   6.834315e+00 2.960000e+01 0.000000e+00
    endloop
  endfacet
  facet normal 0.000000e+00 0.000000e+00 -1.000000e+00
    outer loop
      vertex   6.834315e+00 2.960000e+01 0.000000e+00
      vertex   7.645315e+00 2.313596e+01 0.000000e+00
      vertex   7.454644e+00 2.335260e+01 0.000000e+00
    endloop
  endfacet
  facet normal 0.000000e+00 0.000000e+00 -1.000000e+00
    outer loop
      vertex   6.834315e+00 2.960000e+01 0.000000e+00
      vertex   7.454644e+00 2.335260e+01 0.000000e+00
      vertex   7.246287e+00 2.355229e+01 0.000000e+00
    endloop
  endfacet
  facet normal 0.000000e+00 0.000000e+00 -1.000000e+00
    outer loop
      vertex   7.246287e+00 2.355229e+01 0.000000e+00
      vertex   7.021747e+00 2.373359e+01 0.000000e+00
      vertex   6.834315e+00 2.960000e+01 0.000000e+00
    endloop
  endfacet
  facet normal 0.000000e+00 -0.000000e+00 -1.000000e+00
    outer loop
      vertex   6.834315e+00 2.960000e+01 0.000000e+00
      vertex   7.021747e+00 2.373359e+01 0.000000e+00
      vertex   6.782639e+00 2.389520e+01 0.000000e+00
    endloop
  endfacet
  facet normal 0.000000e+00 0.000000e+00 -1.000000e+00
    outer loop
      vertex   6.834315e+00 2.960000e+01 0.000000e+00
      vertex   6.782639e+00 2.389520e+01 0.000000e+00
      vertex   6.530687e+00 2.403595e+01 0.000000e+00
    endloop
  endfacet
  facet normal 0.000000e+00 0.000000e+00 -1.000000e+00
    outer loop
      vertex   6.530687e+00 2.403595e+01 0.000000e+00
      vertex   6.267707e+00 2.415482e+01 0.000000e+00
      vertex   6.834315e+00 2.960000e+01 0.000000e+00
    endloop
  endfacet
  facet normal 0.000000e+00 0.000000e+00 -1.000000e+00
    outer loop
      vertex   6.834315e+00 2.960000e+01 0.000000e+00
      vertex   6.267707e+00 2.415482e+01 0.000000e+00
      vertex   5.995594e+00 2.425097e+01 0.000000e+00
    endloop
  endfacet
  facet normal 0.000000e+00 0.000000e+00 -1.000000e+00
    outer loop
      vertex   6.834315e+00 2.960000e+01 0.000000e+00
      vertex   5.995594e+00 2.425097e+01 0.000000e+00
      vertex   5.716307e+00 2.432369e+01 0.000000e+00
    endloop
  endfacet
  facet normal 0.000000e+00 0.000000e+00 -1.000000e+00
    outer loop
      vertex   5.716307e+00 2.432369e+01 0.000000e+00
      vertex   5.431858e+00 2.437246e+01 0.000000e+00
      vertex   6.834315e+00 2.960000e+01 0.000000e+00
    endloop
  endfacet
  facet normal 0.000000e+00 0.000000e+00 -1.000000e+00
    outer loop
      vertex   6.834315e+00 2.960000e+01 0.000000e+00
      vertex   5.431858e+00 2.437246e+01 0.000000e+00
      vertex   5.144299e+00 2.439694e+01 0.000000e+00
    endloop
  endfacet
  facet normal 0.000000e+00 0.000000e+00 -1.000000e+00
    outer loop
      vertex   6.834315e+00 2.960000e+01 0.000000e+00
      vertex   5.144299e+00 2.439694e+01 0.000000e+00
      vertex   4.855700e+00 2.439694e+01 0.000000e+00
    endloop
  endfacet
  facet normal -0.000000e+00 0.000000e+00 -1.000000e+00
    outer loop
      vertex   4.855700e+00 2.439694e+01 0.000000e+00
      vertex   4.568140e+00 2.437246e+01 0.000000e+00
      vertex   6.834315e+00 2.960000e+01 0.000000e+00
    endloop
  endfacet
  facet normal 0.000000e+00 0.000000e+00 -1.000000e+00
    outer loop
      vertex   6.834315e+00 2.960000e+01 0.000000e+00
      vertex   4.568140e+00 2.437246e+01 0.000000e+00
      vertex   4.283692e+00 2.432369e+01 0.000000e+00
    endloop
  endfacet
  facet normal 0.000000e+00 0.000000e+00 -1.000000e+00
    outer loop
      vertex   6.834315e+00 2.960000e+01 0.000000e+00
      vertex   4.283692e+00 2.432369e+01 0.000000e+00
      vertex   4.004405e+00 2.425097e+01 0.000000e+00
    endloop
  endfacet
  facet normal -0.000000e+00 0.000000e+00 -1.000000e+00
    outer loop
      vertex   4.004405e+00 2.425097e+01 0.000000e+00
      vertex   3.732291e+00 2.415482e+01 0.000000e+00
      vertex   6.834315e+00 2.960000e+01 0.000000e+00
    endloop
  endfacet
  facet normal 0.000000e+00 0.000000e+00 -1.000000e+00
    outer loop
      vertex   6.834315e+00 2.960000e+01 0.000000e+00
      vertex   3.732291e+00 2.415482e+01 0.000000e+00
      vertex   3.469311e+00 2.403595e+01 0.000000e+00
    endloop
  endfacet
  facet normal 0.000000e+00 0.000000e+00 -1.000000e+00
    outer loop
      vertex   6.834315e+00 2.960000e+01 0.000000e+00
      vertex   3.469311e+00 2.403595e+01 0.000000e+00
      vertex   3.217360e+00 2.389520e+01 0.000000e+00
    endloop
  endfacet
  facet normal -0.000000e+00 0.000000e+00 -1.000000e+00
    outer loop
      vertex   3.217360e+00 2.389520e+01 0.000000e+00
      vertex   2.978252e+00 2.373359e+01 0.000000e+00
      vertex   6.834315e+00 2.960000e+01 0.000000e+00
    endloop
  endfacet
  facet normal 0.000000e+00 0.000000e+00 -1.000000e+00
    outer loop
      vertex   6.834315e+00 2.960000e+01 0.000000e+00
      vertex   2.978252e+00 2.373359e+01 0.000000e+00
      vertex   2.753711e+00 2.355229e+01 0.000000e+00
    endloop
  endfacet
  facet normal 0.000000e+00 0.000000e+00 -1.000000e+00
    outer loop
      vertex   8.351096e+00 1.242541e+01 0.000000e+00
      vertex   8.387752e+00 1.271167e+01 0.000000e+00
      vertex   9.600000e+00 -2.683431e+01 0.000000e+00
    endloop
  endfacet
  facet normal 0.000000e+00 0.000000e+00 -1.000000e+00
    outer loop
      vertex   9.600000e+00 -2.683431e+01 0.000000e+00
      vertex   8.387752e+00 1.271167e+01 0.000000e+00
      vertex   9.600000e+00 2.683431e+01 0.000000e+00
    endloop
  endfacet
  facet normal 0.000000e+00 0.000000e+00 -1.000000e+00
    outer loop
      vertex   1.612586e+00 -2.029228e+01 0.000000e+00
      vertex   -1.603148e+00 -2.014628e+01 0.000000e+00
      vertex   1.600000e+00 -2.000000e+01 0.000000e+00
    endloop
  endfacet
  facet normal -0.000000e+00 0.000000e+00 -1.000000e+00
    outer loop
      vertex   1.600000e+00 -2.000000e+01 0.000000e+00
      vertex   -1.603148e+00 -2.014628e+01 0.000000e+00
      vertex   -1.603148e+00 -1.985372e+01 0.000000e+00
    endloop
  endfacet
  facet normal 0.000000e+00 0.000000e+00 -1.000000e+00
    outer loop
      vertex   1.600000e+00 -2.000000e+01 0.000000e+00
      vertex   -1.603148e+00 -1.985372e+01 0.000000e+00
      vertex   1.612586e+00 -1.970772e+01 0.000000e+00
    endloop
  endfacet
  facet normal -0.000000e+00 0.000000e+00 -1.000000e+00
    outer loop
      vertex   1.612586e+00 -1.970772e+01 0.000000e+00
      vertex   -1.603148e+00 -1.985372e+01 0.000000e+00
      vertex   -1.628297e+00 -1.956226e+01 0.000000e+00
    endloop
  endfacet
  facet normal 0.000000e+00 0.000000e+00 -1.000000e+00
    outer loop
      vertex   1.612586e+00 -1.970772e+01 0.000000e+00
      vertex   -1.628297e+00 -1.956226e+01 0.000000e+00
      vertex   1.650252e+00 -1.941760e+01 0.000000e+00
    endloop
  endfacet
  facet normal -0.000000e+00 0.000000e+00 -1.000000e+00
    outer loop
      vertex   1.650252e+00 -1.941760e+01 0.000000e+00
      vertex   -1.628297e+00 -1.956226e+01 0.000000e+00
      vertex   -1.678409e+00 -1.927403e+01 0.000000e+00
    endloop
  endfacet
  facet normal 0.000000e+00 0.000000e+00 -1.000000e+00
    outer loop
      vertex   1.650252e+00 -1.941760e+01 0.000000e+00
      vertex   -1.678409e+00 -1.927403e+01 0.000000e+00
      vertex   1.712717e+00 -1.913180e+01 0.000000e+00
    endloop
  endfacet
  facet normal -0.000000e+00 0.000000e+00 -1.000000e+00
    outer loop
      vertex   1.712717e+00 -1.913180e+01 0.000000e+00
      vertex   -1.678409e+00 -1.927403e+01 0.000000e+00
      vertex   -1.753113e+00 -1.899118e+01 0.000000e+00
    endloop
  endfacet
  facet normal 0.000000e+00 0.000000e+00 -1.000000e+00
    outer loop
      vertex   1.712717e+00 -1.913180e+01 0.000000e+00
      vertex   -1.753113e+00 -1.899118e+01 0.000000e+00
      vertex   1.799521e+00 -1.885242e+01 0.000000e+00
    endloop
  endfacet
  facet normal -0.000000e+00 0.000000e+00 -1.000000e+00
    outer loop
      vertex   1.799521e+00 -1.885242e+01 0.000000e+00
      vertex   -1.753113e+00 -1.899118e+01 0.000000e+00
      vertex   -1.851856e+00 -1.871579e+01 0.000000e+00
    endloop
  endfacet
  facet normal 0.000000e+00 0.000000e+00 -1.000000e+00
    outer loop
      vertex   1.799521e+00 -1.885242e+01 0.000000e+00
      vertex   -1.851856e+00 -1.871579e+01 0.000000e+00
      vertex   1.910020e+00 -1.858154e+01 0.000000e+00
    endloop
  endfacet
  facet normal -0.000000e+00 0.000000e+00 -1.000000e+00
    outer loop
      vertex   1.910020e+00 -1.858154e+01 0.000000e+00
      vertex   -1.851856e+00 -1.871579e+01 0.000000e+00
      vertex   -1.973906e+00 -1.844992e+01 0.000000e+00
    endloop
  endfacet
  facet normal 0.000000e+00 0.000000e+00 -1.000000e+00
    outer loop
      vertex   1.910020e+00 -1.858154e+01 0.000000e+00
      vertex   -1.973906e+00 -1.844992e+01 0.000000e+00
      vertex   2.043396e+00 -1.832116e+01 0.000000e+00
    endloop
  endfacet
  facet normal -0.000000e+00 0.000000e+00 -1.000000e+00
    outer loop
      vertex   2.043396e+00 -1.832116e+01 0.000000e+00
      vertex   -1.973906e+00 -1.844992e+01 0.000000e+00
      vertex   -2.118361e+00 -1.819552e+01 0.000000e+00
    endloop
  endfacet
  facet normal 0.000000e+00 0.000000e+00 -1.000000e+00
    outer loop
      vertex   2.043396e+00 -1.832116e+01 0.000000e+00
      vertex   -2.118361e+00 -1.819552e+01 0.000000e+00
      vertex   2.198662e+00 -1.807321e+01 0.000000e+00
    endloop
  endfacet
  facet normal -0.000000e+00 0.000000e+00 -1.000000e+00
    outer loop
      vertex   2.198662e+00 -1.807321e+01 0.000000e+00
      vertex   -2.118361e+00 -1.819552e+01 0.000000e+00
      vertex   -2.284150e+00 -1.795448e+01 0.000000e+00
    endloop
  endfacet
  facet normal 0.000000e+00 -0.000000e+00 -1.000000e+00
    outer loop
      vertex   -1.603148e+00 -2.014628e+01 0.000000e+00
      vertex   1.612586e+00 -2.029228e+01 0.000000e+00
      vertex   -1.628297e+00 -2.043774e+01 0.000000e+00
    endloop
  endfacet
  facet normal 0.000000e+00 0.000000e+00 -1.000000e+00
    outer loop
      vertex   -1.628297e+00 -2.043774e+01 0.000000e+00
      vertex   1.612586e+00 -2.029228e+01 0.000000e+00
      vertex   1.650252e+00 -2.058240e+01 0.000000e+00
    endloop
  endfacet
  facet normal 0.000000e+00 -0.000000e+00 -1.000000e+00
    outer loop
      vertex   -1.628297e+00 -2.043774e+01 0.000000e+00
      vertex   1.650252e+00 -2.058240e+01 0.000000e+00
      vertex   -1.678409e+00 -2.072597e+01 0.000000e+00
    endloop
  endfacet
  facet normal 0.000000e+00 0.000000e+00 -1.000000e+00
    outer loop
      vertex   -1.678409e+00 -2.072597e+01 0.000000e+00
      vertex   1.650252e+00 -2.058240e+01 0.000000e+00
      vertex   1.712717e+00 -2.086820e+01 0.000000e+00
    endloop
  endfacet
  facet normal 0.000000e+00 -0.000000e+00 -1.000000e+00
    outer loop
      vertex   -1.678409e+00 -2.072597e+01 0.000000e+00
      vertex   1.712717e+00 -2.086820e+01 0.000000e+00
      vertex   -1.753113e+00 -2.100882e+01 0.000000e+00
    endloop
  endfacet
  facet normal 0.000000e+00 0.000000e+00 -1.000000e+00
    outer loop
      vertex   -1.753113e+00 -2.100882e+01 0.000000e+00
      vertex   1.712717e+00 -2.086820e+01 0.000000e+00
      vertex   1.799521e+00 -2.114758e+01 0.000000e+00
    endloop
  endfacet
  facet normal 0.000000e+00 -0.000000e+00 -1.000000e+00
    outer loop
      vertex   -1.753113e+00 -2.100882e+01 0.000000e+00
      vertex   1.799521e+00 -2.114758e+01 0.000000e+00
      vertex   -1.851856e+00 -2.128421e+01 0.000000e+00
    endloop
  endfacet
  facet normal 0.000000e+00 0.000000e+00 -1.000000e+00
    outer loop
      vertex   -1.851856e+00 -2.128421e+01 0.000000e+00
      vertex   1.799521e+00 -2.114758e+01 0.000000e+00
      vertex   1.910020e+00 -2.141846e+01 0.000000e+00
    endloop
  endfacet
  facet normal 0.000000e+00 -0.000000e+00 -1.000000e+00
    outer loop
      vertex   -1.851856e+00 -2.128421e+01 0.000000e+00
      vertex   1.910020e+00 -2.141846e+01 0.000000e+00
      vertex   -1.973906e+00 -2.155008e+01 0.000000e+00
    endloop
  endfacet
  facet normal 0.000000e+00 0.000000e+00 -1.000000e+00
    outer loop
      vertex   -1.973906e+00 -2.155008e+01 0.000000e+00
      vertex   1.910020e+00 -2.141846e+01 0.000000e+00
      vertex   2.043396e+00 -2.167884e+01 0.000000e+00
    endloop
  endfacet
  facet normal 0.000000e+00 -0.000000e+00 -1.000000e+00
    outer loop
      vertex   -1.973906e+00 -2.155008e+01 0.000000e+00
      vertex   2.043396e+00 -2.167884e+01 0.000000e+00
      vertex   -2.118361e+00 -2.180448e+01 0.000000e+00
    endloop
  endfacet
  facet normal 0.000000e+00 0.000000e+00 -1.000000e+00
    outer loop
      vertex   -2.118361e+00 -2.180448e+01 0.000000e+00
      vertex   2.043396e+00 -2.167884e+01 0.000000e+00
      vertex   2.198662e+00 -2.192679e+01 0.000000e+00
    endloop
  endfacet
  facet normal 0.000000e+00 -0.000000e+00 -1.000000e+00
    outer loop
      vertex   -2.118361e+00 -2.180448e+01 0.000000e+00
      vertex   2.198662e+00 -2.192679e+01 0.000000e+00
      vertex   -2.284150e+00 -2.204552e+01 0.000000e+00
    endloop
  endfacet
  facet normal 0.000000e+00 0.000000e+00 -1.000000e+00
    outer loop
      vertex   -2.284150e+00 -2.204552e+01 0.000000e+00
      vertex   2.198662e+00 -2.192679e+01 0.000000e+00
      vertex   2.374668e+00 -2.216047e+01 0.000000e+00
    endloop
  endfacet
  facet normal 0.000000e+00 -0.000000e+00 -1.000000e+00
    outer loop
      vertex   -2.284150e+00 -2.204552e+01 0.000000e+00
      vertex   2.374668e+00 -2.216047e+01 0.000000e+00
      vertex   -2.470047e+00 -2.227142e+01 0.000000e+00
    endloop
  endfacet
  facet normal 0.000000e+00 0.000000e+00 -1.000000e+00
    outer loop
      vertex   -2.470047e+00 -2.227142e+01 0.000000e+00
      vertex   2.374668e+00 -2.216047e+01 0.000000e+00
      vertex   2.570110e+00 -2.237816e+01 0.000000e+00
    endloop
  endfacet
  facet normal 0.000000e+00 -0.000000e+00 -1.000000e+00
    outer loop
      vertex   -2.470047e+00 -2.227142e+01 0.000000e+00
      vertex   2.570110e+00 -2.237816e+01 0.000000e+00
      vertex   -2.674674e+00 -2.248050e+01 0.000000e+00
    endloop
  endfacet
  facet normal 0.000000e+00 0.000000e+00 -1.000000e+00
    outer loop
      vertex   -2.674674e+00 -2.248050e+01 0.000000e+00
      vertex   2.570110e+00 -2.237816e+01 0.000000e+00
      vertex   2.783543e+00 -2.257824e+01 0.000000e+00
    endloop
  endfacet
  facet normal -7.071068e-01 5.544389e-13 -7.071068e-01
    outer loop
      vertex   -2.000000e+00 2.100000e+01 4.000000e-01
      vertex   -1.600000e+00 2.100000e+01 0.000000e+00
      vertex   -2.000000e+00 1.300000e+01 4.000000e-01
    endloop
  endfacet
  facet normal -7.071068e-01 5.544389e-13 -7.071068e-01
    outer loop
      vertex   -2.000000e+00 1.300000e+01 4.000000e-01
      vertex   -1.600000e+00 2.100000e+01 0.000000e+00
      vertex   -1.600000e+00 1.300000e+01 0.000000e+00
    endloop
  endfacet
  facet normal 7.067880e-01 -3.002399e-02 -7.067880e-01
    outer loop
      vertex   -8.400000e+00 2.100000e+01 0.000000e+00
      vertex   -8.387751e+00 2.128834e+01 0.000000e+00
      vertex   -8.000000e+00 2.100000e+01 4.000000e-01
    endloop
  endfacet
  facet normal 7.061323e-01 -3.171244e-02 -7.073695e-01
    outer loop
      vertex   -8.000000e+00 2.100000e+01 4.000000e-01
      vertex   -8.387751e+00 2.128834e+01 0.000000e+00
      vertex   -7.987923e+00 2.126892e+01 4.000000e-01
    endloop
  endfacet
  facet normal 7.022067e-01 -8.992108e-02 -7.062719e-01
    outer loop
      vertex   -7.987923e+00 2.126892e+01 4.000000e-01
      vertex   -8.387751e+00 2.128834e+01 0.000000e+00
      vertex   -8.351094e+00 2.157460e+01 0.000000e+00
    endloop
  endfacet
  facet normal 6.999041e-01 -9.480846e-02 -7.079164e-01
    outer loop
      vertex   -7.987923e+00 2.126892e+01 4.000000e-01
      vertex   -8.351094e+00 2.157460e+01 0.000000e+00
      vertex   -7.951789e+00 2.153567e+01 4.000000e-01
    endloop
  endfacet
  facet normal 6.924941e-01 -1.492439e-01 -7.058174e-01
    outer loop
      vertex   -7.951789e+00 2.153567e+01 4.000000e-01
      vertex   -8.351094e+00 2.157460e+01 0.000000e+00
      vertex   -8.290292e+00 2.185673e+01 0.000000e+00
    endloop
  endfacet
  facet normal 6.881232e-01 -1.570596e-01 -7.083917e-01
    outer loop
      vertex   -7.951789e+00 2.153567e+01 4.000000e-01
      vertex   -8.290292e+00 2.185673e+01 0.000000e+00
      vertex   -7.891889e+00 2.179811e+01 4.000000e-01
    endloop
  endfacet
  facet normal 6.777164e-01 -2.075483e-01 -7.054249e-01
    outer loop
      vertex   -7.891889e+00 2.179811e+01 4.000000e-01
      vertex   -8.290292e+00 2.185673e+01 0.000000e+00
      vertex   -8.205783e+00 2.213268e+01 0.000000e+00
    endloop
  endfacet
  facet normal 6.708883e-01 -2.179848e-01 -7.087958e-01
    outer loop
      vertex   -7.891889e+00 2.179811e+01 4.000000e-01
      vertex   -8.205783e+00 2.213268e+01 0.000000e+00
      vertex   -7.808705e+00 2.205412e+01 4.000000e-01
    endloop
  endfacet
  facet normal 6.579784e-01 -2.643975e-01 -7.050946e-01
    outer loop
      vertex   -7.808705e+00 2.205412e+01 4.000000e-01
      vertex   -8.205783e+00 2.213268e+01 0.000000e+00
      vertex   -8.098177e+00 2.240046e+01 0.000000e+00
    endloop
  endfacet
  facet normal 6.483393e-01 -2.771135e-01 -7.091292e-01
    outer loop
      vertex   -7.808705e+00 2.205412e+01 4.000000e-01
      vertex   -8.098177e+00 2.240046e+01 0.000000e+00
      vertex   -7.702907e+00 2.230165e+01 4.000000e-01
    endloop
  endfacet
  facet normal 6.334231e-01 -3.193652e-01 -7.048269e-01
    outer loop
      vertex   -7.702907e+00 2.230165e+01 4.000000e-01
      vertex   -8.098177e+00 2.240046e+01 0.000000e+00
      vertex   -7.968248e+00 2.265816e+01 0.000000e+00
    endloop
  endfacet
  facet normal 6.206561e-01 -3.339893e-01 -7.093921e-01
    outer loop
      vertex   -7.702907e+00 2.230165e+01 4.000000e-01
      vertex   -7.968248e+00 2.265816e+01 0.000000e+00
      vertex   -7.575346e+00 2.253870e+01 4.000000e-01
    endloop
  endfacet
  facet normal 6.042305e-01 -3.720395e-01 -7.046220e-01
    outer loop
      vertex   -7.575346e+00 2.253870e+01 4.000000e-01
      vertex   -7.968248e+00 2.265816e+01 0.000000e+00
      vertex   -7.816933e+00 2.290391e+01 0.000000e+00
    endloop
  endfacet
  facet normal 5.880572e-01 -3.881732e-01 -7.095846e-01
    outer loop
      vertex   -7.575346e+00 2.253870e+01 4.000000e-01
      vertex   -7.816933e+00 2.290391e+01 0.000000e+00
      vertex   -7.427051e+00 2.276336e+01 4.000000e-01
    endloop
  endfacet
  facet normal 5.706159e-01 -4.220253e-01 -7.044800e-01
    outer loop
      vertex   -7.427051e+00 2.276336e+01 4.000000e-01
      vertex   -7.816933e+00 2.290391e+01 0.000000e+00
      vertex   -7.645322e+00 2.313595e+01 0.000000e+00
    endloop
  endfacet
  facet normal 5.507978e-01 -4.392466e-01 -7.097071e-01
    outer loop
      vertex   -7.427051e+00 2.276336e+01 4.000000e-01
      vertex   -7.645322e+00 2.313595e+01 0.000000e+00
      vertex   -7.259214e+00 2.297382e+01 4.000000e-01
    endloop
  endfacet
  facet normal 5.328288e-01 -4.689483e-01 -7.044011e-01
    outer loop
      vertex   -7.259214e+00 2.297382e+01 4.000000e-01
      vertex   -7.645322e+00 2.313595e+01 0.000000e+00
      vertex   -7.454651e+00 2.335259e+01 0.000000e+00
    endloop
  endfacet
  facet normal 5.091685e-01 -4.868149e-01 -7.097596e-01
    outer loop
      vertex   -7.259214e+00 2.297382e+01 4.000000e-01
      vertex   -7.454651e+00 2.335259e+01 0.000000e+00
      vertex   -7.073188e+00 2.316838e+01 4.000000e-01
    endloop
  endfacet
  facet normal 4.911505e-01 -5.124573e-01 -7.043854e-01
    outer loop
      vertex   -7.073188e+00 2.316838e+01 4.000000e-01
      vertex   -7.454651e+00 2.335259e+01 0.000000e+00
      vertex   -7.246294e+00 2.355229e+01 0.000000e+00
    endloop
  endfacet
  facet normal 4.634926e-01 -5.305100e-01 -7.097421e-01
    outer loop
      vertex   -7.073188e+00 2.316838e+01 4.000000e-01
      vertex   -7.246294e+00 2.355229e+01 0.000000e+00
      vertex   -6.870469e+00 2.334549e+01 4.000000e-01
    endloop
  endfacet
  facet normal 4.458922e-01 -5.522270e-01 -7.044327e-01
    outer loop
      vertex   -6.870469e+00 2.334549e+01 4.000000e-01
      vertex   -7.246294e+00 2.355229e+01 0.000000e+00
      vertex   -7.021753e+00 2.373359e+01 0.000000e+00
    endloop
  endfacet
  facet normal 4.141239e-01 -5.699927e-01 -7.096546e-01
    outer loop
      vertex   -6.870469e+00 2.334549e+01 4.000000e-01
      vertex   -7.021753e+00 2.373359e+01 0.000000e+00
      vertex   -6.652691e+00 2.350372e+01 4.000000e-01
    endloop
  endfacet
  facet normal 3.973923e-01 -5.879611e-01 -7.045432e-01
    outer loop
      vertex   -6.652691e+00 2.350372e+01 4.000000e-01
      vertex   -7.021753e+00 2.373359e+01 0.000000e+00
      vertex   -6.782645e+00 2.389520e+01 0.000000e+00
    endloop
  endfacet
  facet normal 3.614444e-01 -6.049560e-01 -7.094971e-01
    outer loop
      vertex   -6.652691e+00 2.350372e+01 4.000000e-01
      vertex   -6.782645e+00 2.389520e+01 0.000000e+00
      vertex   -6.421606e+00 2.364179e+01 4.000000e-01
    endloop
  endfacet
  facet normal 3.460141e-01 -6.193938e-01 -7.047166e-01
    outer loop
      vertex   -6.421606e+00 2.364179e+01 4.000000e-01
      vertex   -6.782645e+00 2.389520e+01 0.000000e+00
      vertex   -6.530693e+00 2.403595e+01 0.000000e+00
    endloop
  endfacet
  facet normal 3.058609e-01 -6.351267e-01 -7.092694e-01
    outer loop
      vertex   -6.421606e+00 2.364179e+01 4.000000e-01
      vertex   -6.530693e+00 2.403595e+01 0.000000e+00
      vertex   -6.179075e+00 2.375858e+01 4.000000e-01
    endloop
  endfacet
  facet normal 2.921426e-01 -6.462925e-01 -7.049529e-01
    outer loop
      vertex   -6.179075e+00 2.375858e+01 4.000000e-01
      vertex   -6.530693e+00 2.403595e+01 0.000000e+00
      vertex   -6.267712e+00 2.415482e+01 0.000000e+00
    endloop
  endfacet
  facet normal 2.478026e-01 -6.602677e-01 -7.089713e-01
    outer loop
      vertex   -6.179075e+00 2.375858e+01 4.000000e-01
      vertex   -6.267712e+00 2.415482e+01 0.000000e+00
      vertex   -5.927051e+00 2.385317e+01 4.000000e-01
    endloop
  endfacet
  facet normal 2.361817e-01 -6.684594e-01 -7.052519e-01
    outer loop
      vertex   -5.927051e+00 2.385317e+01 4.000000e-01
      vertex   -6.267712e+00 2.415482e+01 0.000000e+00
      vertex   -5.995597e+00 2.425097e+01 0.000000e+00
    endloop
  endfacet
  facet normal 1.877177e-01 -6.801797e-01 -7.086026e-01
    outer loop
      vertex   -5.927051e+00 2.385317e+01 4.000000e-01
      vertex   -5.995597e+00 2.425097e+01 0.000000e+00
      vertex   -5.667563e+00 2.392478e+01 4.000000e-01
    endloop
  endfacet
  facet normal 1.785509e-01 -6.857327e-01 -7.056134e-01
    outer loop
      vertex   -5.667563e+00 2.392478e+01 4.000000e-01
      vertex   -5.995597e+00 2.425097e+01 0.000000e+00
      vertex   -5.716310e+00 2.432369e+01 0.000000e+00
    endloop
  endfacet
  facet normal 1.260699e-01 -6.947025e-01 -7.081629e-01
    outer loop
      vertex   -5.667563e+00 2.392478e+01 4.000000e-01
      vertex   -5.716310e+00 2.432369e+01 0.000000e+00
      vertex   -5.402700e+00 2.397285e+01 4.000000e-01
    endloop
  endfacet
  facet normal 1.196822e-01 -6.979886e-01 -7.060369e-01
    outer loop
      vertex   -5.402700e+00 2.397285e+01 4.000000e-01
      vertex   -5.716310e+00 2.432369e+01 0.000000e+00
      vertex   -5.431861e+00 2.437246e+01 0.000000e+00
    endloop
  endfacet
  facet normal 6.333566e-02 -7.037169e-01 -7.076519e-01
    outer loop
      vertex   -5.402700e+00 2.397285e+01 4.000000e-01
      vertex   -5.431861e+00 2.437246e+01 0.000000e+00
      vertex   -5.134594e+00 2.399698e+01 4.000000e-01
    endloop
  endfacet
  facet normal 6.001637e-02 -7.051413e-01 -7.065223e-01
    outer loop
      vertex   -5.134594e+00 2.399698e+01 4.000000e-01
      vertex   -5.431861e+00 2.437246e+01 0.000000e+00
      vertex   -5.144300e+00 2.439694e+01 0.000000e+00
    endloop
  endfacet
  facet normal 2.436397e-13 -7.071445e-01 -7.070690e-01
    outer loop
      vertex   -5.134594e+00 2.399698e+01 4.000000e-01
      vertex   -5.144300e+00 2.439694e+01 0.000000e+00
      vertex   -4.855700e+00 2.439694e+01 0.000000e+00
    endloop
  endfacet
  facet normal 2.799835e-13 -7.071445e-01 -7.070690e-01
    outer loop
      vertex   -5.134594e+00 2.399698e+01 4.000000e-01
      vertex   -4.855700e+00 2.439694e+01 0.000000e+00
      vertex   -4.865406e+00 2.399698e+01 4.000000e-01
    endloop
  endfacet
  facet normal -6.001637e-02 -7.051413e-01 -7.065223e-01
    outer loop
      vertex   -4.865406e+00 2.399698e+01 4.000000e-01
      vertex   -4.855700e+00 2.439694e+01 0.000000e+00
      vertex   -4.568139e+00 2.437246e+01 0.000000e+00
    endloop
  endfacet
  facet normal -6.333566e-02 -7.037169e-01 -7.076519e-01
    outer loop
      vertex   -4.865406e+00 2.399698e+01 4.000000e-01
      vertex   -4.568139e+00 2.437246e+01 0.000000e+00
      vertex   -4.597300e+00 2.397285e+01 4.000000e-01
    endloop
  endfacet
  facet normal -1.196822e-01 -6.979886e-01 -7.060369e-01
    outer loop
      vertex   -4.597300e+00 2.397285e+01 4.000000e-01
      vertex   -4.568139e+00 2.437246e+01 0.000000e+00
      vertex   -4.283690e+00 2.432369e+01 0.000000e+00
    endloop
  endfacet
  facet normal -1.260699e-01 -6.947025e-01 -7.081629e-01
    outer loop
      vertex   -4.597300e+00 2.397285e+01 4.000000e-01
      vertex   -4.283690e+00 2.432369e+01 0.000000e+00
      vertex   -4.332437e+00 2.392478e+01 4.000000e-01
    endloop
  endfacet
  facet normal -1.785509e-01 -6.857327e-01 -7.056134e-01
    outer loop
      vertex   -4.332437e+00 2.392478e+01 4.000000e-01
      vertex   -4.283690e+00 2.432369e+01 0.000000e+00
      vertex   -4.004403e+00 2.425097e+01 0.000000e+00
    endloop
  endfacet
  facet normal -1.877177e-01 -6.801797e-01 -7.086026e-01
    outer loop
      vertex   -4.332437e+00 2.392478e+01 4.000000e-01
      vertex   -4.004403e+00 2.425097e+01 0.000000e+00
      vertex   -4.072949e+00 2.385317e+01 4.000000e-01
    endloop
  endfacet
  facet normal -2.361817e-01 -6.684594e-01 -7.052519e-01
    outer loop
      vertex   -4.072949e+00 2.385317e+01 4.000000e-01
      vertex   -4.004403e+00 2.425097e+01 0.000000e+00
      vertex   -3.732288e+00 2.415482e+01 0.000000e+00
    endloop
  endfacet
  facet normal -2.478026e-01 -6.602677e-01 -7.089713e-01
    outer loop
      vertex   -4.072949e+00 2.385317e+01 4.000000e-01
      vertex   -3.732288e+00 2.415482e+01 0.000000e+00
      vertex   -3.820925e+00 2.375858e+01 4.000000e-01
    endloop
  endfacet
  facet normal -2.921426e-01 -6.462925e-01 -7.049529e-01
    outer loop
      vertex   -3.820925e+00 2.375858e+01 4.000000e-01
      vertex   -3.732288e+00 2.415482e+01 0.000000e+00
      vertex   -3.469307e+00 2.403595e+01 0.000000e+00
    endloop
  endfacet
  facet normal -3.058609e-01 -6.351267e-01 -7.092694e-01
    outer loop
      vertex   -3.820925e+00 2.375858e+01 4.000000e-01
      vertex   -3.469307e+00 2.403595e+01 0.000000e+00
      vertex   -3.578394e+00 2.364179e+01 4.000000e-01
    endloop
  endfacet
  facet normal -3.460141e-01 -6.193938e-01 -7.047166e-01
    outer loop
      vertex   -3.578394e+00 2.364179e+01 4.000000e-01
      vertex   -3.469307e+00 2.403595e+01 0.000000e+00
      vertex   -3.217355e+00 2.389520e+01 0.000000e+00
    endloop
  endfacet
  facet normal -3.614444e-01 -6.049560e-01 -7.094971e-01
    outer loop
      vertex   -3.578394e+00 2.364179e+01 4.000000e-01
      vertex   -3.217355e+00 2.389520e+01 0.000000e+00
      vertex   -3.347309e+00 2.350372e+01 4.000000e-01
    endloop
  endfacet
  facet normal -3.973923e-01 -5.879611e-01 -7.045432e-01
    outer loop
      vertex   -3.347309e+00 2.350372e+01 4.000000e-01
      vertex   -3.217355e+00 2.389520e+01 0.000000e+00
      vertex   -2.978247e+00 2.373359e+01 0.000000e+00
    endloop
  endfacet
  facet normal -4.141239e-01 -5.699927e-01 -7.096546e-01
    outer loop
      vertex   -3.347309e+00 2.350372e+01 4.000000e-01
      vertex   -2.978247e+00 2.373359e+01 0.000000e+00
      vertex   -3.129531e+00 2.334549e+01 4.000000e-01
    endloop
  endfacet
  facet normal -4.458922e-01 -5.522270e-01 -7.044327e-01
    outer loop
      vertex   -3.129531e+00 2.334549e+01 4.000000e-01
      vertex   -2.978247e+00 2.373359e+01 0.000000e+00
      vertex   -2.753706e+00 2.355229e+01 0.000000e+00
    endloop
  endfacet
  facet normal -4.634926e-01 -5.305100e-01 -7.097421e-01
    outer loop
      vertex   -3.129531e+00 2.334549e+01 4.000000e-01
      vertex   -2.753706e+00 2.355229e+01 0.000000e+00
      vertex   -2.926812e+00 2.316838e+01 4.000000e-01
    endloop
  endfacet
  facet normal -4.911505e-01 -5.124573e-01 -7.043854e-01
    outer loop
      vertex   -2.926812e+00 2.316838e+01 4.000000e-01
      vertex   -2.753706e+00 2.355229e+01 0.000000e+00
      vertex   -2.545349e+00 2.335259e+01 0.000000e+00
    endloop
  endfacet
  facet normal -5.091685e-01 -4.868149e-01 -7.097596e-01
    outer loop
      vertex   -2.926812e+00 2.316838e+01 4.000000e-01
      vertex   -2.545349e+00 2.335259e+01 0.000000e+00
      vertex   -2.740786e+00 2.297382e+01 4.000000e-01
    endloop
  endfacet
  facet normal -5.328288e-01 -4.689483e-01 -7.044011e-01
    outer loop
      vertex   -2.740786e+00 2.297382e+01 4.000000e-01
      vertex   -2.545349e+00 2.335259e+01 0.000000e+00
      vertex   -2.354678e+00 2.313595e+01 0.000000e+00
    endloop
  endfacet
  facet normal -5.507978e-01 -4.392466e-01 -7.097071e-01
    outer loop
      vertex   -2.740786e+00 2.297382e+01 4.000000e-01
      vertex   -2.354678e+00 2.313595e+01 0.000000e+00
      vertex   -2.572949e+00 2.276336e+01 4.000000e-01
    endloop
  endfacet
  facet normal -5.706159e-01 -4.220253e-01 -7.044800e-01
    outer loop
      vertex   -2.572949e+00 2.276336e+01 4.000000e-01
      vertex   -2.354678e+00 2.313595e+01 0.000000e+00
      vertex   -2.183067e+00 2.290391e+01 0.000000e+00
    endloop
  endfacet
  facet normal -5.880572e-01 -3.881732e-01 -7.095846e-01
    outer loop
      vertex   -2.572949e+00 2.276336e+01 4.000000e-01
      vertex   -2.183067e+00 2.290391e+01 0.000000e+00
      vertex   -2.424654e+00 2.253870e+01 4.000000e-01
    endloop
  endfacet
  facet normal -6.042305e-01 -3.720395e-01 -7.046220e-01
    outer loop
      vertex   -2.424654e+00 2.253870e+01 4.000000e-01
      vertex   -2.183067e+00 2.290391e+01 0.000000e+00
      vertex   -2.031752e+00 2.265816e+01 0.000000e+00
    endloop
  endfacet
  facet normal -6.206561e-01 -3.339893e-01 -7.093921e-01
    outer loop
      vertex   -2.424654e+00 2.253870e+01 4.000000e-01
      vertex   -2.031752e+00 2.265816e+01 0.000000e+00
      vertex   -2.297093e+00 2.230165e+01 4.000000e-01
    endloop
  endfacet
  facet normal -6.334231e-01 -3.193652e-01 -7.048269e-01
    outer loop
      vertex   -2.297093e+00 2.230165e+01 4.000000e-01
      vertex   -2.031752e+00 2.265816e+01 0.000000e+00
      vertex   -1.901823e+00 2.240046e+01 0.000000e+00
    endloop
  endfacet
  facet normal -6.483393e-01 -2.771135e-01 -7.091292e-01
    outer loop
      vertex   -2.297093e+00 2.230165e+01 4.000000e-01
      vertex   -1.901823e+00 2.240046e+01 0.000000e+00
      vertex   -2.191295e+00 2.205412e+01 4.000000e-01
    endloop
  endfacet
  facet normal -6.579784e-01 -2.643975e-01 -7.050946e-01
    outer loop
      vertex   -2.191295e+00 2.205412e+01 4.000000e-01
      vertex   -1.901823e+00 2.240046e+01 0.000000e+00
      vertex   -1.794217e+00 2.213268e+01 0.000000e+00
    endloop
  endfacet
  facet normal -6.708883e-01 -2.179848e-01 -7.087958e-01
    outer loop
      vertex   -2.191295e+00 2.205412e+01 4.000000e-01
      vertex   -1.794217e+00 2.213268e+01 0.000000e+00
      vertex   -2.108111e+00 2.179811e+01 4.000000e-01
    endloop
  endfacet
  facet normal -6.777164e-01 -2.075483e-01 -7.054249e-01
    outer loop
      vertex   -2.108111e+00 2.179811e+01 4.000000e-01
      vertex   -1.794217e+00 2.213268e+01 0.000000e+00
      vertex   -1.709708e+00 2.185673e+01 0.000000e+00
    endloop
  endfacet
  facet normal -6.881232e-01 -1.570596e-01 -7.083917e-01
    outer loop
      vertex   -2.108111e+00 2.179811e+01 4.000000e-01
      vertex   -1.709708e+00 2.185673e+01 0.000000e+00
      vertex   -2.048211e+00 2.153567e+01 4.000000e-01
    endloop
  endfacet
  facet normal -6.924941e-01 -1.492439e-01 -7.058174e-01
    outer loop
      vertex   -2.048211e+00 2.153567e+01 4.000000e-01
      vertex   -1.709708e+00 2.185673e+01 0.000000e+00
      vertex   -1.648906e+00 2.157460e+01 0.000000e+00
    endloop
  endfacet
  facet normal -6.999041e-01 -9.480846e-02 -7.079164e-01
    outer loop
      vertex   -2.048211e+00 2.153567e+01 4.000000e-01
      vertex   -1.648906e+00 2.157460e+01 0.000000e+00
      vertex   -2.012077e+00 2.126892e+01 4.000000e-01
    endloop
  endfacet
  facet normal -7.022067e-01 -8.992108e-02 -7.062719e-01
    outer loop
      vertex   -2.012077e+00 2.126892e+01 4.000000e-01
      vertex   -1.648906e+00 2.157460e+01 0.000000e+00
      vertex   -1.612249e+00 2.128834e+01 0.000000e+00
    endloop
  endfacet
  facet normal -7.061323e-01 -3.171244e-02 -7.073695e-01
    outer loop
      vertex   -2.012077e+00 2.126892e+01 4.000000e-01
      vertex   -1.612249e+00 2.128834e+01 0.000000e+00
      vertex   -2.000000e+00 2.100000e+01 4.000000e-01
    endloop
  endfacet
  facet normal -7.067880e-01 -3.002399e-02 -7.067880e-01
    outer loop
      vertex   -2.000000e+00 2.100000e+01 4.000000e-01
      vertex   -1.612249e+00 2.128834e+01 0.000000e+00
      vertex   -1.600000e+00 2.100000e+01 0.000000e+00
    endloop
  endfacet
  facet normal 7.071068e-01 8.597041e-13 -7.071068e-01
    outer loop
      vertex   -8.000000e+00 1.300000e+01 4.000000e-01
      vertex   -8.400000e+00 1.300000e+01 0.000000e+00
      vertex   -8.000000e+00 2.100000e+01 4.000000e-01
    endloop
  endfacet
  facet normal 7.071068e-01 8.599384e-13 -7.071068e-01
    outer loop
      vertex   -8.000000e+00 2.100000e+01 4.000000e-01
      vertex   -8.400000e+00 1.300000e+01 0.000000e+00
      vertex   -8.400000e+00 2.100000e+01 0.000000e+00
    endloop
  endfacet
  facet normal -7.067880e-01 3.002399e-02 -7.067880e-01
    outer loop
      vertex   -1.600000e+00 1.300000e+01 0.000000e+00
      vertex   -1.612249e+00 1.271166e+01 0.000000e+00
      vertex   -2.000000e+00 1.300000e+01 4.000000e-01
    endloop
  endfacet
  facet normal -7.061323e-01 3.171244e-02 -7.073695e-01
    outer loop
      vertex   -2.000000e+00 1.300000e+01 4.000000e-01
      vertex   -1.612249e+00 1.271166e+01 0.000000e+00
      vertex   -2.012077e+00 1.273108e+01 4.000000e-01
    endloop
  endfacet
  facet normal -7.022067e-01 8.992108e-02 -7.062719e-01
    outer loop
      vertex   -2.012077e+00 1.273108e+01 4.000000e-01
      vertex   -1.612249e+00 1.271166e+01 0.000000e+00
      vertex   -1.648906e+00 1.242540e+01 0.000000e+00
    endloop
  endfacet
  facet normal -6.999041e-01 9.480846e-02 -7.079164e-01
    outer loop
      vertex   -2.012077e+00 1.273108e+01 4.000000e-01
      vertex   -1.648906e+00 1.242540e+01 0.000000e+00
      vertex   -2.048211e+00 1.246433e+01 4.000000e-01
    endloop
  endfacet
  facet normal -6.924941e-01 1.492439e-01 -7.058174e-01
    outer loop
      vertex   -2.048211e+00 1.246433e+01 4.000000e-01
      vertex   -1.648906e+00 1.242540e+01 0.000000e+00
      vertex   -1.709708e+00 1.214327e+01 0.000000e+00
    endloop
  endfacet
  facet normal -6.881232e-01 1.570596e-01 -7.083917e-01
    outer loop
      vertex   -2.048211e+00 1.246433e+01 4.000000e-01
      vertex   -1.709708e+00 1.214327e+01 0.000000e+00
      vertex   -2.108111e+00 1.220189e+01 4.000000e-01
    endloop
  endfacet
  facet normal -6.777164e-01 2.075483e-01 -7.054249e-01
    outer loop
      vertex   -2.108111e+00 1.220189e+01 4.000000e-01
      vertex   -1.709708e+00 1.214327e+01 0.000000e+00
      vertex   -1.794217e+00 1.186732e+01 0.000000e+00
    endloop
  endfacet
  facet normal -6.708883e-01 2.179848e-01 -7.087958e-01
    outer loop
      vertex   -2.108111e+00 1.220189e+01 4.000000e-01
      vertex   -1.794217e+00 1.186732e+01 0.000000e+00
      vertex   -2.191295e+00 1.194588e+01 4.000000e-01
    endloop
  endfacet
  facet normal -6.579784e-01 2.643975e-01 -7.050946e-01
    outer loop
      vertex   -2.191295e+00 1.194588e+01 4.000000e-01
      vertex   -1.794217e+00 1.186732e+01 0.000000e+00
      vertex   -1.901823e+00 1.159954e+01 0.000000e+00
    endloop
  endfacet
  facet normal -6.483393e-01 2.771135e-01 -7.091292e-01
    outer loop
      vertex   -2.191295e+00 1.194588e+01 4.000000e-01
      vertex   -1.901823e+00 1.159954e+01 0.000000e+00
      vertex   -2.297093e+00 1.169835e+01 4.000000e-01
    endloop
  endfacet
  facet normal -6.334231e-01 3.193652e-01 -7.048269e-01
    outer loop
      vertex   -2.297093e+00 1.169835e+01 4.000000e-01
      vertex   -1.901823e+00 1.159954e+01 0.000000e+00
      vertex   -2.031752e+00 1.134184e+01 0.000000e+00
    endloop
  endfacet
  facet normal -6.206561e-01 3.339893e-01 -7.093921e-01
    outer loop
      vertex   -2.297093e+00 1.169835e+01 4.000000e-01
      vertex   -2.031752e+00 1.134184e+01 0.000000e+00
      vertex   -2.424654e+00 1.146130e+01 4.000000e-01
    endloop
  endfacet
  facet normal -6.042305e-01 3.720395e-01 -7.046220e-01
    outer loop
      vertex   -2.424654e+00 1.146130e+01 4.000000e-01
      vertex   -2.031752e+00 1.134184e+01 0.000000e+00
      vertex   -2.183067e+00 1.109609e+01 0.000000e+00
    endloop
  endfacet
  facet normal -5.880572e-01 3.881732e-01 -7.095846e-01
    outer loop
      vertex   -2.424654e+00 1.146130e+01 4.000000e-01
      vertex   -2.183067e+00 1.109609e+01 0.000000e+00
      vertex   -2.572949e+00 1.123664e+01 4.000000e-01
    endloop
  endfacet
  facet normal -5.706159e-01 4.220253e-01 -7.044800e-01
    outer loop
      vertex   -2.572949e+00 1.123664e+01 4.000000e-01
      vertex   -2.183067e+00 1.109609e+01 0.000000e+00
      vertex   -2.354678e+00 1.086405e+01 0.000000e+00
    endloop
  endfacet
  facet normal -5.507978e-01 4.392466e-01 -7.097071e-01
    outer loop
      vertex   -2.572949e+00 1.123664e+01 4.000000e-01
      vertex   -2.354678e+00 1.086405e+01 0.000000e+00
      vertex   -2.740786e+00 1.102618e+01 4.000000e-01
    endloop
  endfacet
  facet normal -5.328288e-01 4.689483e-01 -7.044011e-01
    outer loop
      vertex   -2.740786e+00 1.102618e+01 4.000000e-01
      vertex   -2.354678e+00 1.086405e+01 0.000000e+00
      vertex   -2.545349e+00 1.064741e+01 0.000000e+00
    endloop
  endfacet
  facet normal -5.091685e-01 4.868149e-01 -7.097596e-01
    outer loop
      vertex   -2.740786e+00 1.102618e+01 4.000000e-01
      vertex   -2.545349e+00 1.064741e+01 0.000000e+00
      vertex   -2.926812e+00 1.083162e+01 4.000000e-01
    endloop
  endfacet
  facet normal -4.911505e-01 5.124573e-01 -7.043854e-01
    outer loop
      vertex   -2.926812e+00 1.083162e+01 4.000000e-01
      vertex   -2.545349e+00 1.064741e+01 0.000000e+00
      vertex   -2.753706e+00 1.044771e+01 0.000000e+00
    endloop
  endfacet
  facet normal -4.634926e-01 5.305100e-01 -7.097421e-01
    outer loop
      vertex   -2.926812e+00 1.083162e+01 4.000000e-01
      vertex   -2.753706e+00 1.044771e+01 0.000000e+00
      vertex   -3.129531e+00 1.065451e+01 4.000000e-01
    endloop
  endfacet
  facet normal -4.458922e-01 5.522270e-01 -7.044327e-01
    outer loop
      vertex   -3.129531e+00 1.065451e+01 4.000000e-01
      vertex   -2.753706e+00 1.044771e+01 0.000000e+00
      vertex   -2.978247e+00 1.026641e+01 0.000000e+00
    endloop
  endfacet
  facet normal -4.141239e-01 5.699927e-01 -7.096546e-01
    outer loop
      vertex   -3.129531e+00 1.065451e+01 4.000000e-01
      vertex   -2.978247e+00 1.026641e+01 0.000000e+00
      vertex   -3.347309e+00 1.049628e+01 4.000000e-01
    endloop
  endfacet
  facet normal -3.973923e-01 5.879611e-01 -7.045432e-01
    outer loop
      vertex   -3.347309e+00 1.049628e+01 4.000000e-01
      vertex   -2.978247e+00 1.026641e+01 0.000000e+00
      vertex   -3.217355e+00 1.010480e+01 0.000000e+00
    endloop
  endfacet
  facet normal -3.614444e-01 6.049560e-01 -7.094971e-01
    outer loop
      vertex   -3.347309e+00 1.049628e+01 4.000000e-01
      vertex   -3.217355e+00 1.010480e+01 0.000000e+00
      vertex   -3.578394e+00 1.035821e+01 4.000000e-01
    endloop
  endfacet
  facet normal -3.460141e-01 6.193938e-01 -7.047166e-01
    outer loop
      vertex   -3.578394e+00 1.035821e+01 4.000000e-01
      vertex   -3.217355e+00 1.010480e+01 0.000000e+00
      vertex   -3.469307e+00 9.964052e+00 0.000000e+00
    endloop
  endfacet
  facet normal -3.058609e-01 6.351267e-01 -7.092694e-01
    outer loop
      vertex   -3.578394e+00 1.035821e+01 4.000000e-01
      vertex   -3.469307e+00 9.964052e+00 0.000000e+00
      vertex   -3.820925e+00 1.024142e+01 4.000000e-01
    endloop
  endfacet
  facet normal -2.921426e-01 6.462925e-01 -7.049529e-01
    outer loop
      vertex   -3.820925e+00 1.024142e+01 4.000000e-01
      vertex   -3.469307e+00 9.964052e+00 0.000000e+00
      vertex   -3.732288e+00 9.845177e+00 0.000000e+00
    endloop
  endfacet
  facet normal -2.478026e-01 6.602677e-01 -7.089713e-01
    outer loop
      vertex   -3.820925e+00 1.024142e+01 4.000000e-01
      vertex   -3.732288e+00 9.845177e+00 0.000000e+00
      vertex   -4.072949e+00 1.014683e+01 4.000000e-01
    endloop
  endfacet
  facet normal -2.361817e-01 6.684594e-01 -7.052519e-01
    outer loop
      vertex   -4.072949e+00 1.014683e+01 4.000000e-01
      vertex   -3.732288e+00 9.845177e+00 0.000000e+00
      vertex   -4.004403e+00 9.749033e+00 0.000000e+00
    endloop
  endfacet
  facet normal -1.877177e-01 6.801797e-01 -7.086026e-01
    outer loop
      vertex   -4.072949e+00 1.014683e+01 4.000000e-01
      vertex   -4.004403e+00 9.749033e+00 0.000000e+00
      vertex   -4.332437e+00 1.007522e+01 4.000000e-01
    endloop
  endfacet
  facet normal -1.785509e-01 6.857327e-01 -7.056134e-01
    outer loop
      vertex   -4.332437e+00 1.007522e+01 4.000000e-01
      vertex   -4.004403e+00 9.749033e+00 0.000000e+00
      vertex   -4.283690e+00 9.676312e+00 0.000000e+00
    endloop
  endfacet
  facet normal -1.260699e-01 6.947025e-01 -7.081629e-01
    outer loop
      vertex   -4.332437e+00 1.007522e+01 4.000000e-01
      vertex   -4.283690e+00 9.676312e+00 0.000000e+00
      vertex   -4.597300e+00 1.002715e+01 4.000000e-01
    endloop
  endfacet
  facet normal -1.196822e-01 6.979886e-01 -7.060369e-01
    outer loop
      vertex   -4.597300e+00 1.002715e+01 4.000000e-01
      vertex   -4.283690e+00 9.676312e+00 0.000000e+00
      vertex   -4.568139e+00 9.627539e+00 0.000000e+00
    endloop
  endfacet
  facet normal -6.333566e-02 7.037169e-01 -7.076519e-01
    outer loop
      vertex   -4.597300e+00 1.002715e+01 4.000000e-01
      vertex   -4.568139e+00 9.627539e+00 0.000000e+00
      vertex   -4.865406e+00 1.000302e+01 4.000000e-01
    endloop
  endfacet
  facet normal -6.001637e-02 7.051413e-01 -7.065223e-01
    outer loop
      vertex   -4.865406e+00 1.000302e+01 4.000000e-01
      vertex   -4.568139e+00 9.627539e+00 0.000000e+00
      vertex   -4.855700e+00 9.603064e+00 0.000000e+00
    endloop
  endfacet
  facet normal 2.911775e-12 7.071445e-01 -7.070690e-01
    outer loop
      vertex   -4.865406e+00 1.000302e+01 4.000000e-01
      vertex   -4.855700e+00 9.603064e+00 0.000000e+00
      vertex   -5.144300e+00 9.603064e+00 0.000000e+00
    endloop
  endfacet
  facet normal 3.322470e-12 7.071445e-01 -7.070690e-01
    outer loop
      vertex   -4.865406e+00 1.000302e+01 4.000000e-01
      vertex   -5.144300e+00 9.603064e+00 0.000000e+00
      vertex   -5.134594e+00 1.000302e+01 4.000000e-01
    endloop
  endfacet
  facet normal 6.001637e-02 7.051413e-01 -7.065223e-01
    outer loop
      vertex   -5.134594e+00 1.000302e+01 4.000000e-01
      vertex   -5.144300e+00 9.603064e+00 0.000000e+00
      vertex   -5.431861e+00 9.627539e+00 0.000000e+00
    endloop
  endfacet
  facet normal 6.333566e-02 7.037169e-01 -7.076519e-01
    outer loop
      vertex   -5.134594e+00 1.000302e+01 4.000000e-01
      vertex   -5.431861e+00 9.627539e+00 0.000000e+00
      vertex   -5.402700e+00 1.002715e+01 4.000000e-01
    endloop
  endfacet
  facet normal 1.196822e-01 6.979886e-01 -7.060369e-01
    outer loop
      vertex   -5.402700e+00 1.002715e+01 4.000000e-01
      vertex   -5.431861e+00 9.627539e+00 0.000000e+00
      vertex   -5.716310e+00 9.676312e+00 0.000000e+00
    endloop
  endfacet
  facet normal 1.260699e-01 6.947025e-01 -7.081629e-01
    outer loop
      vertex   -5.402700e+00 1.002715e+01 4.000000e-01
      vertex   -5.716310e+00 9.676312e+00 0.000000e+00
      vertex   -5.667563e+00 1.007522e+01 4.000000e-01
    endloop
  endfacet
  facet normal 1.785509e-01 6.857327e-01 -7.056134e-01
    outer loop
      vertex   -5.667563e+00 1.007522e+01 4.000000e-01
      vertex   -5.716310e+00 9.676312e+00 0.000000e+00
      vertex   -5.995597e+00 9.749033e+00 0.000000e+00
    endloop
  endfacet
  facet normal 1.877177e-01 6.801797e-01 -7.086026e-01
    outer loop
      vertex   -5.667563e+00 1.007522e+01 4.000000e-01
      vertex   -5.995597e+00 9.749033e+00 0.000000e+00
      vertex   -5.927051e+00 1.014683e+01 4.000000e-01
    endloop
  endfacet
  facet normal 2.361817e-01 6.684594e-01 -7.052519e-01
    outer loop
      vertex   -5.927051e+00 1.014683e+01 4.000000e-01
      vertex   -5.995597e+00 9.749033e+00 0.000000e+00
      vertex   -6.267712e+00 9.845177e+00 0.000000e+00
    endloop
  endfacet
  facet normal 2.478026e-01 6.602677e-01 -7.089713e-01
    outer loop
      vertex   -5.927051e+00 1.014683e+01 4.000000e-01
      vertex   -6.267712e+00 9.845177e+00 0.000000e+00
      vertex   -6.179075e+00 1.024142e+01 4.000000e-01
    endloop
  endfacet
  facet normal 2.921426e-01 6.462925e-01 -7.049529e-01
    outer loop
      vertex   -6.179075e+00 1.024142e+01 4.000000e-01
      vertex   -6.267712e+00 9.845177e+00 0.000000e+00
      vertex   -6.530693e+00 9.964052e+00 0.000000e+00
    endloop
  endfacet
  facet normal 3.058609e-01 6.351267e-01 -7.092694e-01
    outer loop
      vertex   -6.179075e+00 1.024142e+01 4.000000e-01
      vertex   -6.530693e+00 9.964052e+00 0.000000e+00
      vertex   -6.421606e+00 1.035821e+01 4.000000e-01
    endloop
  endfacet
  facet normal 3.460141e-01 6.193938e-01 -7.047166e-01
    outer loop
      vertex   -6.421606e+00 1.035821e+01 4.000000e-01
      vertex   -6.530693e+00 9.964052e+00 0.000000e+00
      vertex   -6.782645e+00 1.010480e+01 0.000000e+00
    endloop
  endfacet
  facet normal 3.614444e-01 6.049560e-01 -7.094971e-01
    outer loop
      vertex   -6.421606e+00 1.035821e+01 4.000000e-01
      vertex   -6.782645e+00 1.010480e+01 0.000000e+00
      vertex   -6.652691e+00 1.049628e+01 4.000000e-01
    endloop
  endfacet
  facet normal 3.973923e-01 5.879611e-01 -7.045432e-01
    outer loop
      vertex   -6.652691e+00 1.049628e+01 4.000000e-01
      vertex   -6.782645e+00 1.010480e+01 0.000000e+00
      vertex   -7.021753e+00 1.026641e+01 0.000000e+00
    endloop
  endfacet
  facet normal 4.141239e-01 5.699927e-01 -7.096546e-01
    outer loop
      vertex   -6.652691e+00 1.049628e+01 4.000000e-01
      vertex   -7.021753e+00 1.026641e+01 0.000000e+00
      vertex   -6.870469e+00 1.065451e+01 4.000000e-01
    endloop
  endfacet
  facet normal 4.458922e-01 5.522270e-01 -7.044327e-01
    outer loop
      vertex   -6.870469e+00 1.065451e+01 4.000000e-01
      vertex   -7.021753e+00 1.026641e+01 0.000000e+00
      vertex   -7.246294e+00 1.044771e+01 0.000000e+00
    endloop
  endfacet
  facet normal 4.634926e-01 5.305100e-01 -7.097421e-01
    outer loop
      vertex   -6.870469e+00 1.065451e+01 4.000000e-01
      vertex   -7.246294e+00 1.044771e+01 0.000000e+00
      vertex   -7.073188e+00 1.083162e+01 4.000000e-01
    endloop
  endfacet
  facet normal 4.911505e-01 5.124573e-01 -7.043854e-01
    outer loop
      vertex   -7.073188e+00 1.083162e+01 4.000000e-01
      vertex   -7.246294e+00 1.044771e+01 0.000000e+00
      vertex   -7.454651e+00 1.064741e+01 0.000000e+00
    endloop
  endfacet
  facet normal 5.091685e-01 4.868149e-01 -7.097596e-01
    outer loop
      vertex   -7.073188e+00 1.083162e+01 4.000000e-01
      vertex   -7.454651e+00 1.064741e+01 0.000000e+00
      vertex   -7.259214e+00 1.102618e+01 4.000000e-01
    endloop
  endfacet
  facet normal 5.328288e-01 4.689483e-01 -7.044011e-01
    outer loop
      vertex   -7.259214e+00 1.102618e+01 4.000000e-01
      vertex   -7.454651e+00 1.064741e+01 0.000000e+00
      vertex   -7.645322e+00 1.086405e+01 0.000000e+00
    endloop
  endfacet
  facet normal 5.507978e-01 4.392466e-01 -7.097071e-01
    outer loop
      vertex   -7.259214e+00 1.102618e+01 4.000000e-01
      vertex   -7.645322e+00 1.086405e+01 0.000000e+00
      vertex   -7.427051e+00 1.123664e+01 4.000000e-01
    endloop
  endfacet
  facet normal 5.706159e-01 4.220253e-01 -7.044800e-01
    outer loop
      vertex   -7.427051e+00 1.123664e+01 4.000000e-01
      vertex   -7.645322e+00 1.086405e+01 0.000000e+00
      vertex   -7.816933e+00 1.109609e+01 0.000000e+00
    endloop
  endfacet
  facet normal 5.880572e-01 3.881732e-01 -7.095846e-01
    outer loop
      vertex   -7.427051e+00 1.123664e+01 4.000000e-01
      vertex   -7.816933e+00 1.109609e+01 0.000000e+00
      vertex   -7.575346e+00 1.146130e+01 4.000000e-01
    endloop
  endfacet
  facet normal 6.042305e-01 3.720395e-01 -7.046220e-01
    outer loop
      vertex   -7.575346e+00 1.146130e+01 4.000000e-01
      vertex   -7.816933e+00 1.109609e+01 0.000000e+00
      vertex   -7.968248e+00 1.134184e+01 0.000000e+00
    endloop
  endfacet
  facet normal 6.206561e-01 3.339893e-01 -7.093921e-01
    outer loop
      vertex   -7.575346e+00 1.146130e+01 4.000000e-01
      vertex   -7.968248e+00 1.134184e+01 0.000000e+00
      vertex   -7.702907e+00 1.169835e+01 4.000000e-01
    endloop
  endfacet
  facet normal 6.334231e-01 3.193652e-01 -7.048269e-01
    outer loop
      vertex   -7.702907e+00 1.169835e+01 4.000000e-01
      vertex   -7.968248e+00 1.134184e+01 0.000000e+00
      vertex   -8.098177e+00 1.159954e+01 0.000000e+00
    endloop
  endfacet
  facet normal 6.483393e-01 2.771135e-01 -7.091292e-01
    outer loop
      vertex   -7.702907e+00 1.169835e+01 4.000000e-01
      vertex   -8.098177e+00 1.159954e+01 0.000000e+00
      vertex   -7.808705e+00 1.194588e+01 4.000000e-01
    endloop
  endfacet
  facet normal 6.579784e-01 2.643975e-01 -7.050946e-01
    outer loop
      vertex   -7.808705e+00 1.194588e+01 4.000000e-01
      vertex   -8.098177e+00 1.159954e+01 0.000000e+00
      vertex   -8.205783e+00 1.186732e+01 0.000000e+00
    endloop
  endfacet
  facet normal 6.708883e-01 2.179848e-01 -7.087958e-01
    outer loop
      vertex   -7.808705e+00 1.194588e+01 4.000000e-01
      vertex   -8.205783e+00 1.186732e+01 0.000000e+00
      vertex   -7.891889e+00 1.220189e+01 4.000000e-01
    endloop
  endfacet
  facet normal 6.777164e-01 2.075483e-01 -7.054249e-01
    outer loop
      vertex   -7.891889e+00 1.220189e+01 4.000000e-01
      vertex   -8.205783e+00 1.186732e+01 0.000000e+00
      vertex   -8.290292e+00 1.214327e+01 0.000000e+00
    endloop
  endfacet
  facet normal 6.881232e-01 1.570596e-01 -7.083917e-01
    outer loop
      vertex   -7.891889e+00 1.220189e+01 4.000000e-01
      vertex   -8.290292e+00 1.214327e+01 0.000000e+00
      vertex   -7.951789e+00 1.246433e+01 4.000000e-01
    endloop
  endfacet
  facet normal 6.924941e-01 1.492439e-01 -7.058174e-01
    outer loop
      vertex   -7.951789e+00 1.246433e+01 4.000000e-01
      vertex   -8.290292e+00 1.214327e+01 0.000000e+00
      vertex   -8.351094e+00 1.242540e+01 0.000000e+00
    endloop
  endfacet
  facet normal 6.999041e-01 9.480846e-02 -7.079164e-01
    outer loop
      vertex   -7.951789e+00 1.246433e+01 4.000000e-01
      vertex   -8.351094e+00 1.242540e+01 0.000000e+00
      vertex   -7.987923e+00 1.273108e+01 4.000000e-01
    endloop
  endfacet
  facet normal 7.022067e-01 8.992108e-02 -7.062719e-01
    outer loop
      vertex   -7.987923e+00 1.273108e+01 4.000000e-01
      vertex   -8.351094e+00 1.242540e+01 0.000000e+00
      vertex   -8.387751e+00 1.271166e+01 0.000000e+00
    endloop
  endfacet
  facet normal 7.061323e-01 3.171244e-02 -7.073695e-01
    outer loop
      vertex   -7.987923e+00 1.273108e+01 4.000000e-01
      vertex   -8.387751e+00 1.271166e+01 0.000000e+00
      vertex   -8.000000e+00 1.300000e+01 4.000000e-01
    endloop
  endfacet
  facet normal 7.067880e-01 3.002399e-02 -7.067880e-01
    outer loop
      vertex   -8.000000e+00 1.300000e+01 4.000000e-01
      vertex   -8.387751e+00 1.271166e+01 0.000000e+00
      vertex   -8.400000e+00 1.300000e+01 0.000000e+00
    endloop
  endfacet
  facet normal 9.989931e-01 -4.486483e-02 0.000000e+00
    outer loop
      vertex   -8.000000e+00 2.100000e+01 3.000000e+00
      vertex   -8.000000e+00 2.100000e+01 4.000000e-01
      vertex   -7.987923e+00 2.126892e+01 3.000000e+00
    endloop
  endfacet
  facet normal 9.989931e-01 -4.486483e-02 0.000000e+00
    outer loop
      vertex   -7.987923e+00 2.126892e+01 3.000000e+00
      vertex   -8.000000e+00 2.100000e+01 4.000000e-01
      vertex   -7.987923e+00 2.126892e+01 4.000000e-01
    endloop
  endfacet
  facet normal 9.909498e-01 -1.342333e-01 0.000000e+00
    outer loop
      vertex   -7.987923e+00 2.126892e+01 3.000000e+00
      vertex   -7.987923e+00 2.126892e+01 4.000000e-01
      vertex   -7.951789e+00 2.153567e+01 4.000000e-01
    endloop
  endfacet
  facet normal 9.909498e-01 -1.342333e-01 0.000000e+00
    outer loop
      vertex   -7.987923e+00 2.126892e+01 3.000000e+00
      vertex   -7.951789e+00 2.153567e+01 4.000000e-01
      vertex   -7.951789e+00 2.153567e+01 3.000000e+00
    endloop
  endfacet
  facet normal 9.749279e-01 -2.225209e-01 0.000000e+00
    outer loop
      vertex   -7.951789e+00 2.153567e+01 3.000000e+00
      vertex   -7.951789e+00 2.153567e+01 4.000000e-01
      vertex   -7.891889e+00 2.179811e+01 4.000000e-01
    endloop
  endfacet
  facet normal 9.749279e-01 -2.225209e-01 0.000000e+00
    outer loop
      vertex   -7.951789e+00 2.153567e+01 3.000000e+00
      vertex   -7.891889e+00 2.179811e+01 4.000000e-01
      vertex   -7.891889e+00 2.179811e+01 3.000000e+00
    endloop
  endfacet
  facet normal 9.510565e-01 -3.090170e-01 0.000000e+00
    outer loop
      vertex   -7.891889e+00 2.179811e+01 3.000000e+00
      vertex   -7.891889e+00 2.179811e+01 4.000000e-01
      vertex   -7.808705e+00 2.205412e+01 4.000000e-01
    endloop
  endfacet
  facet normal 9.510565e-01 -3.090170e-01 0.000000e+00
    outer loop
      vertex   -7.891889e+00 2.179811e+01 3.000000e+00
      vertex   -7.808705e+00 2.205412e+01 4.000000e-01
      vertex   -7.808705e+00 2.205412e+01 3.000000e+00
    endloop
  endfacet
  facet normal 9.195278e-01 -3.930250e-01 0.000000e+00
    outer loop
      vertex   -7.808705e+00 2.205412e+01 3.000000e+00
      vertex   -7.808705e+00 2.205412e+01 4.000000e-01
      vertex   -7.702907e+00 2.230165e+01 4.000000e-01
    endloop
  endfacet
  facet normal 9.195278e-01 -3.930250e-01 0.000000e+00
    outer loop
      vertex   -7.808705e+00 2.205412e+01 3.000000e+00
      vertex   -7.702907e+00 2.230165e+01 4.000000e-01
      vertex   -7.702907e+00 2.230165e+01 3.000000e+00
    endloop
  endfacet
  facet normal 8.805955e-01 -4.738687e-01 0.000000e+00
    outer loop
      vertex   -7.702907e+00 2.230165e+01 3.000000e+00
      vertex   -7.702907e+00 2.230165e+01 4.000000e-01
      vertex   -7.575346e+00 2.253870e+01 4.000000e-01
    endloop
  endfacet
  facet normal 8.805955e-01 -4.738687e-01 0.000000e+00
    outer loop
      vertex   -7.702907e+00 2.230165e+01 3.000000e+00
      vertex   -7.575346e+00 2.253870e+01 4.000000e-01
      vertex   -7.575346e+00 2.253870e+01 3.000000e+00
    endloop
  endfacet
  facet normal 8.345733e-01 -5.508970e-01 0.000000e+00
    outer loop
      vertex   -7.575346e+00 2.253870e+01 3.000000e+00
      vertex   -7.575346e+00 2.253870e+01 4.000000e-01
      vertex   -7.427051e+00 2.276336e+01 4.000000e-01
    endloop
  endfacet
  facet normal 8.345733e-01 -5.508970e-01 0.000000e+00
    outer loop
      vertex   -7.575346e+00 2.253870e+01 3.000000e+00
      vertex   -7.427051e+00 2.276336e+01 4.000000e-01
      vertex   -7.427051e+00 2.276336e+01 3.000000e+00
    endloop
  endfacet
  facet normal 7.818315e-01 -6.234898e-01 0.000000e+00
    outer loop
      vertex   -7.427051e+00 2.276336e+01 3.000000e+00
      vertex   -7.427051e+00 2.276336e+01 4.000000e-01
      vertex   -7.259214e+00 2.297382e+01 4.000000e-01
    endloop
  endfacet
  facet normal 7.818315e-01 -6.234898e-01 0.000000e+00
    outer loop
      vertex   -7.427051e+00 2.276336e+01 3.000000e+00
      vertex   -7.259214e+00 2.297382e+01 4.000000e-01
      vertex   -7.259214e+00 2.297382e+01 3.000000e+00
    endloop
  endfacet
  facet normal 7.227949e-01 -6.910626e-01 0.000000e+00
    outer loop
      vertex   -7.259214e+00 2.297382e+01 3.000000e+00
      vertex   -7.259214e+00 2.297382e+01 4.000000e-01
      vertex   -7.073188e+00 2.316838e+01 4.000000e-01
    endloop
  endfacet
  facet normal 7.227949e-01 -6.910626e-01 0.000000e+00
    outer loop
      vertex   -7.259214e+00 2.297382e+01 3.000000e+00
      vertex   -7.073188e+00 2.316838e+01 4.000000e-01
      vertex   -7.073188e+00 2.316838e+01 3.000000e+00
    endloop
  endfacet
  facet normal 6.579387e-01 -7.530715e-01 0.000000e+00
    outer loop
      vertex   -7.073188e+00 2.316838e+01 3.000000e+00
      vertex   -7.073188e+00 2.316838e+01 4.000000e-01
      vertex   -6.870469e+00 2.334549e+01 4.000000e-01
    endloop
  endfacet
  facet normal 6.579387e-01 -7.530715e-01 0.000000e+00
    outer loop
      vertex   -7.073188e+00 2.316838e+01 3.000000e+00
      vertex   -6.870469e+00 2.334549e+01 4.000000e-01
      vertex   -6.870469e+00 2.334549e+01 3.000000e+00
    endloop
  endfacet
  facet normal 5.877853e-01 -8.090170e-01 0.000000e+00
    outer loop
      vertex   -6.870469e+00 2.334549e+01 3.000000e+00
      vertex   -6.870469e+00 2.334549e+01 4.000000e-01
      vertex   -6.652691e+00 2.350372e+01 4.000000e-01
    endloop
  endfacet
  facet normal 5.877853e-01 -8.090170e-01 0.000000e+00
    outer loop
      vertex   -6.870469e+00 2.334549e+01 3.000000e+00
      vertex   -6.652691e+00 2.350372e+01 4.000000e-01
      vertex   -6.652691e+00 2.350372e+01 3.000000e+00
    endloop
  endfacet
  facet normal 5.128993e-01 -8.584488e-01 0.000000e+00
    outer loop
      vertex   -6.652691e+00 2.350372e+01 3.000000e+00
      vertex   -6.652691e+00 2.350372e+01 4.000000e-01
      vertex   -6.421606e+00 2.364179e+01 4.000000e-01
    endloop
  endfacet
  facet normal 5.128993e-01 -8.584488e-01 0.000000e+00
    outer loop
      vertex   -6.652691e+00 2.350372e+01 3.000000e+00
      vertex   -6.421606e+00 2.364179e+01 4.000000e-01
      vertex   -6.421606e+00 2.364179e+01 3.000000e+00
    endloop
  endfacet
  facet normal 4.338837e-01 -9.009689e-01 0.000000e+00
    outer loop
      vertex   -6.421606e+00 2.364179e+01 3.000000e+00
      vertex   -6.421606e+00 2.364179e+01 4.000000e-01
      vertex   -6.179075e+00 2.375858e+01 4.000000e-01
    endloop
  endfacet
  facet normal 4.338837e-01 -9.009689e-01 0.000000e+00
    outer loop
      vertex   -6.421606e+00 2.364179e+01 3.000000e+00
      vertex   -6.179075e+00 2.375858e+01 4.000000e-01
      vertex   -6.179075e+00 2.375858e+01 3.000000e+00
    endloop
  endfacet
  facet normal 3.513748e-01 -9.362349e-01 0.000000e+00
    outer loop
      vertex   -6.179075e+00 2.375858e+01 3.000000e+00
      vertex   -6.179075e+00 2.375858e+01 4.000000e-01
      vertex   -5.927051e+00 2.385317e+01 4.000000e-01
    endloop
  endfacet
  facet normal 3.513748e-01 -9.362349e-01 0.000000e+00
    outer loop
      vertex   -6.179075e+00 2.375858e+01 3.000000e+00
      vertex   -5.927051e+00 2.385317e+01 4.000000e-01
      vertex   -5.927051e+00 2.385317e+01 3.000000e+00
    endloop
  endfacet
  facet normal 2.660368e-01 -9.639629e-01 0.000000e+00
    outer loop
      vertex   -5.927051e+00 2.385317e+01 3.000000e+00
      vertex   -5.927051e+00 2.385317e+01 4.000000e-01
      vertex   -5.667563e+00 2.392478e+01 4.000000e-01
    endloop
  endfacet
  facet normal 2.660368e-01 -9.639629e-01 0.000000e+00
    outer loop
      vertex   -5.927051e+00 2.385317e+01 3.000000e+00
      vertex   -5.667563e+00 2.392478e+01 4.000000e-01
      vertex   -5.667563e+00 2.392478e+01 3.000000e+00
    endloop
  endfacet
  facet normal 1.785569e-01 -9.839296e-01 0.000000e+00
    outer loop
      vertex   -5.667563e+00 2.392478e+01 3.000000e+00
      vertex   -5.667563e+00 2.392478e+01 4.000000e-01
      vertex   -5.402700e+00 2.397285e+01 4.000000e-01
    endloop
  endfacet
  facet normal 1.785569e-01 -9.839296e-01 0.000000e+00
    outer loop
      vertex   -5.667563e+00 2.392478e+01 3.000000e+00
      vertex   -5.402700e+00 2.397285e+01 4.000000e-01
      vertex   -5.402700e+00 2.397285e+01 3.000000e+00
    endloop
  endfacet
  facet normal 8.963931e-02 -9.959743e-01 0.000000e+00
    outer loop
      vertex   -5.402700e+00 2.397285e+01 3.000000e+00
      vertex   -5.402700e+00 2.397285e+01 4.000000e-01
      vertex   -5.134594e+00 2.399698e+01 4.000000e-01
    endloop
  endfacet
  facet normal 8.963931e-02 -9.959743e-01 0.000000e+00
    outer loop
      vertex   -5.402700e+00 2.397285e+01 3.000000e+00
      vertex   -5.134594e+00 2.399698e+01 4.000000e-01
      vertex   -5.134594e+00 2.399698e+01 3.000000e+00
    endloop
  endfacet
  facet normal 3.959353e-13 -1.000000e+00 0.000000e+00
    outer loop
      vertex   -5.134594e+00 2.399698e+01 3.000000e+00
      vertex   -5.134594e+00 2.399698e+01 4.000000e-01
      vertex   -4.865406e+00 2.399698e+01 4.000000e-01
    endloop
  endfacet
  facet normal 3.959353e-13 -1.000000e+00 0.000000e+00
    outer loop
      vertex   -5.134594e+00 2.399698e+01 3.000000e+00
      vertex   -4.865406e+00 2.399698e+01 4.000000e-01
      vertex   -4.865406e+00 2.399698e+01 3.000000e+00
    endloop
  endfacet
  facet normal -8.963931e-02 -9.959743e-01 -0.000000e+00
    outer loop
      vertex   -4.865406e+00 2.399698e+01 3.000000e+00
      vertex   -4.865406e+00 2.399698e+01 4.000000e-01
      vertex   -4.597300e+00 2.397285e+01 4.000000e-01
    endloop
  endfacet
  facet normal -8.963931e-02 -9.959743e-01 0.000000e+00
    outer loop
      vertex   -4.865406e+00 2.399698e+01 3.000000e+00
      vertex   -4.597300e+00 2.397285e+01 4.000000e-01
      vertex   -4.597300e+00 2.397285e+01 3.000000e+00
    endloop
  endfacet
  facet normal -1.785569e-01 -9.839296e-01 -0.000000e+00
    outer loop
      vertex   -4.597300e+00 2.397285e+01 3.000000e+00
      vertex   -4.597300e+00 2.397285e+01 4.000000e-01
      vertex   -4.332437e+00 2.392478e+01 4.000000e-01
    endloop
  endfacet
  facet normal -1.785569e-01 -9.839296e-01 0.000000e+00
    outer loop
      vertex   -4.597300e+00 2.397285e+01 3.000000e+00
      vertex   -4.332437e+00 2.392478e+01 4.000000e-01
      vertex   -4.332437e+00 2.392478e+01 3.000000e+00
    endloop
  endfacet
  facet normal -2.660368e-01 -9.639629e-01 -0.000000e+00
    outer loop
      vertex   -4.332437e+00 2.392478e+01 3.000000e+00
      vertex   -4.332437e+00 2.392478e+01 4.000000e-01
      vertex   -4.072949e+00 2.385317e+01 4.000000e-01
    endloop
  endfacet
  facet normal -2.660368e-01 -9.639629e-01 0.000000e+00
    outer loop
      vertex   -4.332437e+00 2.392478e+01 3.000000e+00
      vertex   -4.072949e+00 2.385317e+01 4.000000e-01
      vertex   -4.072949e+00 2.385317e+01 3.000000e+00
    endloop
  endfacet
  facet normal -3.513748e-01 -9.362349e-01 -0.000000e+00
    outer loop
      vertex   -4.072949e+00 2.385317e+01 3.000000e+00
      vertex   -4.072949e+00 2.385317e+01 4.000000e-01
      vertex   -3.820925e+00 2.375858e+01 4.000000e-01
    endloop
  endfacet
  facet normal -3.513748e-01 -9.362349e-01 0.000000e+00
    outer loop
      vertex   -4.072949e+00 2.385317e+01 3.000000e+00
      vertex   -3.820925e+00 2.375858e+01 4.000000e-01
      vertex   -3.820925e+00 2.375858e+01 3.000000e+00
    endloop
  endfacet
  facet normal -4.338837e-01 -9.009689e-01 -0.000000e+00
    outer loop
      vertex   -3.820925e+00 2.375858e+01 3.000000e+00
      vertex   -3.820925e+00 2.375858e+01 4.000000e-01
      vertex   -3.578394e+00 2.364179e+01 4.000000e-01
    endloop
  endfacet
  facet normal -4.338837e-01 -9.009689e-01 0.000000e+00
    outer loop
      vertex   -3.820925e+00 2.375858e+01 3.000000e+00
      vertex   -3.578394e+00 2.364179e+01 4.000000e-01
      vertex   -3.578394e+00 2.364179e+01 3.000000e+00
    endloop
  endfacet
  facet normal -5.128993e-01 -8.584488e-01 -0.000000e+00
    outer loop
      vertex   -3.578394e+00 2.364179e+01 3.000000e+00
      vertex   -3.578394e+00 2.364179e+01 4.000000e-01
      vertex   -3.347309e+00 2.350372e+01 4.000000e-01
    endloop
  endfacet
  facet normal -5.128993e-01 -8.584488e-01 0.000000e+00
    outer loop
      vertex   -3.578394e+00 2.364179e+01 3.000000e+00
      vertex   -3.347309e+00 2.350372e+01 4.000000e-01
      vertex   -3.347309e+00 2.350372e+01 3.000000e+00
    endloop
  endfacet
  facet normal -5.877853e-01 -8.090170e-01 -0.000000e+00
    outer loop
      vertex   -3.347309e+00 2.350372e+01 3.000000e+00
      vertex   -3.347309e+00 2.350372e+01 4.000000e-01
      vertex   -3.129531e+00 2.334549e+01 4.000000e-01
    endloop
  endfacet
  facet normal -5.877853e-01 -8.090170e-01 0.000000e+00
    outer loop
      vertex   -3.347309e+00 2.350372e+01 3.000000e+00
      vertex   -3.129531e+00 2.334549e+01 4.000000e-01
      vertex   -3.129531e+00 2.334549e+01 3.000000e+00
    endloop
  endfacet
  facet normal -6.579387e-01 -7.530715e-01 -0.000000e+00
    outer loop
      vertex   -3.129531e+00 2.334549e+01 3.000000e+00
      vertex   -3.129531e+00 2.334549e+01 4.000000e-01
      vertex   -2.926812e+00 2.316838e+01 4.000000e-01
    endloop
  endfacet
  facet normal -6.579387e-01 -7.530715e-01 0.000000e+00
    outer loop
      vertex   -3.129531e+00 2.334549e+01 3.000000e+00
      vertex   -2.926812e+00 2.316838e+01 4.000000e-01
      vertex   -2.926812e+00 2.316838e+01 3.000000e+00
    endloop
  endfacet
  facet normal -7.227949e-01 -6.910626e-01 -0.000000e+00
    outer loop
      vertex   -2.926812e+00 2.316838e+01 3.000000e+00
      vertex   -2.926812e+00 2.316838e+01 4.000000e-01
      vertex   -2.740786e+00 2.297382e+01 4.000000e-01
    endloop
  endfacet
  facet normal -7.227949e-01 -6.910626e-01 0.000000e+00
    outer loop
      vertex   -2.926812e+00 2.316838e+01 3.000000e+00
      vertex   -2.740786e+00 2.297382e+01 4.000000e-01
      vertex   -2.740786e+00 2.297382e+01 3.000000e+00
    endloop
  endfacet
  facet normal -7.818315e-01 -6.234898e-01 -0.000000e+00
    outer loop
      vertex   -2.740786e+00 2.297382e+01 3.000000e+00
      vertex   -2.740786e+00 2.297382e+01 4.000000e-01
      vertex   -2.572949e+00 2.276336e+01 4.000000e-01
    endloop
  endfacet
  facet normal -7.818315e-01 -6.234898e-01 0.000000e+00
    outer loop
      vertex   -2.740786e+00 2.297382e+01 3.000000e+00
      vertex   -2.572949e+00 2.276336e+01 4.000000e-01
      vertex   -2.572949e+00 2.276336e+01 3.000000e+00
    endloop
  endfacet
  facet normal -8.345733e-01 -5.508970e-01 -0.000000e+00
    outer loop
      vertex   -2.572949e+00 2.276336e+01 3.000000e+00
      vertex   -2.572949e+00 2.276336e+01 4.000000e-01
      vertex   -2.424654e+00 2.253870e+01 4.000000e-01
    endloop
  endfacet
  facet normal -8.345733e-01 -5.508970e-01 0.000000e+00
    outer loop
      vertex   -2.572949e+00 2.276336e+01 3.000000e+00
      vertex   -2.424654e+00 2.253870e+01 4.000000e-01
      vertex   -2.424654e+00 2.253870e+01 3.000000e+00
    endloop
  endfacet
  facet normal -8.805955e-01 -4.738687e-01 -0.000000e+00
    outer loop
      vertex   -2.424654e+00 2.253870e+01 3.000000e+00
      vertex   -2.424654e+00 2.253870e+01 4.000000e-01
      vertex   -2.297093e+00 2.230165e+01 4.000000e-01
    endloop
  endfacet
  facet normal -8.805955e-01 -4.738687e-01 0.000000e+00
    outer loop
      vertex   -2.424654e+00 2.253870e+01 3.000000e+00
      vertex   -2.297093e+00 2.230165e+01 4.000000e-01
      vertex   -2.297093e+00 2.230165e+01 3.000000e+00
    endloop
  endfacet
  facet normal -9.195278e-01 -3.930250e-01 -0.000000e+00
    outer loop
      vertex   -2.297093e+00 2.230165e+01 3.000000e+00
      vertex   -2.297093e+00 2.230165e+01 4.000000e-01
      vertex   -2.191295e+00 2.205412e+01 4.000000e-01
    endloop
  endfacet
  facet normal -9.195278e-01 -3.930250e-01 0.000000e+00
    outer loop
      vertex   -2.297093e+00 2.230165e+01 3.000000e+00
      vertex   -2.191295e+00 2.205412e+01 4.000000e-01
      vertex   -2.191295e+00 2.205412e+01 3.000000e+00
    endloop
  endfacet
  facet normal -9.510565e-01 -3.090170e-01 -0.000000e+00
    outer loop
      vertex   -2.191295e+00 2.205412e+01 3.000000e+00
      vertex   -2.191295e+00 2.205412e+01 4.000000e-01
      vertex   -2.108111e+00 2.179811e+01 4.000000e-01
    endloop
  endfacet
  facet normal -9.510565e-01 -3.090170e-01 0.000000e+00
    outer loop
      vertex   -2.191295e+00 2.205412e+01 3.000000e+00
      vertex   -2.108111e+00 2.179811e+01 4.000000e-01
      vertex   -2.108111e+00 2.179811e+01 3.000000e+00
    endloop
  endfacet
  facet normal -9.749279e-01 -2.225209e-01 -0.000000e+00
    outer loop
      vertex   -2.108111e+00 2.179811e+01 3.000000e+00
      vertex   -2.108111e+00 2.179811e+01 4.000000e-01
      vertex   -2.048211e+00 2.153567e+01 4.000000e-01
    endloop
  endfacet
  facet normal -9.749279e-01 -2.225209e-01 0.000000e+00
    outer loop
      vertex   -2.108111e+00 2.179811e+01 3.000000e+00
      vertex   -2.048211e+00 2.153567e+01 4.000000e-01
      vertex   -2.048211e+00 2.153567e+01 3.000000e+00
    endloop
  endfacet
  facet normal -9.909498e-01 -1.342333e-01 -0.000000e+00
    outer loop
      vertex   -2.048211e+00 2.153567e+01 3.000000e+00
      vertex   -2.048211e+00 2.153567e+01 4.000000e-01
      vertex   -2.012077e+00 2.126892e+01 4.000000e-01
    endloop
  endfacet
  facet normal -9.909498e-01 -1.342333e-01 0.000000e+00
    outer loop
      vertex   -2.048211e+00 2.153567e+01 3.000000e+00
      vertex   -2.012077e+00 2.126892e+01 4.000000e-01
      vertex   -2.012077e+00 2.126892e+01 3.000000e+00
    endloop
  endfacet
  facet normal -9.989931e-01 -4.486483e-02 -0.000000e+00
    outer loop
      vertex   -2.012077e+00 2.126892e+01 3.000000e+00
      vertex   -2.012077e+00 2.126892e+01 4.000000e-01
      vertex   -2.000000e+00 2.100000e+01 3.000000e+00
    endloop
  endfacet
  facet normal -9.989931e-01 -4.486483e-02 -0.000000e+00
    outer loop
      vertex   -2.000000e+00 2.100000e+01 3.000000e+00
      vertex   -2.012077e+00 2.126892e+01 4.000000e-01
      vertex   -2.000000e+00 2.100000e+01 4.000000e-01
    endloop
  endfacet
  facet normal -1.000000e+00 7.840950e-13 0.000000e+00
    outer loop
      vertex   -2.000000e+00 2.100000e+01 4.000000e-01
      vertex   -2.000000e+00 1.300000e+01 4.000000e-01
      vertex   -2.000000e+00 2.100000e+01 3.000000e+00
    endloop
  endfacet
  facet normal -1.000000e+00 7.840950e-13 0.000000e+00
    outer loop
      vertex   -2.000000e+00 2.100000e+01 3.000000e+00
      vertex   -2.000000e+00 1.300000e+01 4.000000e-01
      vertex   -2.000000e+00 1.300000e+01 3.000000e+00
    endloop
  endfacet
  facet normal 7.060956e-01 3.217100e-02 -7.073853e-01
    outer loop
      vertex   -7.987571e+00 -2.027280e+01 4.000000e-01
      vertex   -8.387414e+00 -2.029228e+01 0.000000e+00
      vertex   -8.000000e+00 -2.000000e+01 4.000000e-01
    endloop
  endfacet
  facet normal 7.067792e-01 3.043540e-02 -7.067792e-01
    outer loop
      vertex   -8.000000e+00 -2.000000e+01 4.000000e-01
      vertex   -8.387414e+00 -2.029228e+01 0.000000e+00
      vertex   -8.400000e+00 -2.000000e+01 0.000000e+00
    endloop
  endfacet
  facet normal 7.067792e-01 -3.043540e-02 -7.067792e-01
    outer loop
      vertex   -8.000000e+00 -2.000000e+01 4.000000e-01
      vertex   -8.400000e+00 -2.000000e+01 0.000000e+00
      vertex   -8.387414e+00 -1.970772e+01 0.000000e+00
    endloop
  endfacet
  facet normal 7.020787e-01 9.114996e-02 -7.062416e-01
    outer loop
      vertex   -8.387414e+00 -2.029228e+01 0.000000e+00
      vertex   -7.987571e+00 -2.027280e+01 4.000000e-01
      vertex   -8.349748e+00 -2.058240e+01 0.000000e+00
    endloop
  endfacet
  facet normal 6.996801e-01 9.616882e-02 -7.079543e-01
    outer loop
      vertex   -8.349748e+00 -2.058240e+01 0.000000e+00
      vertex   -7.987571e+00 -2.027280e+01 4.000000e-01
      vertex   -7.950385e+00 -2.054335e+01 4.000000e-01
    endloop
  endfacet
  facet normal 6.921042e-01 1.512672e-01 -7.057691e-01
    outer loop
      vertex   -8.349748e+00 -2.058240e+01 0.000000e+00
      vertex   -7.950385e+00 -2.054335e+01 4.000000e-01
      vertex   -8.287283e+00 -2.086820e+01 0.000000e+00
    endloop
  endfacet
  facet normal 6.875541e-01 1.592840e-01 -7.084476e-01
    outer loop
      vertex   -8.287283e+00 -2.086820e+01 0.000000e+00
      vertex   -7.950385e+00 -2.054335e+01 4.000000e-01
      vertex   -7.888752e+00 -2.080939e+01 4.000000e-01
    endloop
  endfacet
  facet normal 6.769254e-01 2.103240e-01 -7.053622e-01
    outer loop
      vertex   -8.287283e+00 -2.086820e+01 0.000000e+00
      vertex   -7.888752e+00 -2.080939e+01 4.000000e-01
      vertex   -8.200479e+00 -2.114758e+01 0.000000e+00
    endloop
  endfacet
  facet normal 6.698222e-01 2.210151e-01 -7.088656e-01
    outer loop
      vertex   -8.200479e+00 -2.114758e+01 0.000000e+00
      vertex   -7.888752e+00 -2.080939e+01 4.000000e-01
      vertex   -7.803182e+00 -2.106873e+01 4.000000e-01
    endloop
  endfacet
  facet normal 6.566531e-01 2.678653e-01 -7.050212e-01
    outer loop
      vertex   -8.200479e+00 -2.114758e+01 0.000000e+00
      vertex   -7.803182e+00 -2.106873e+01 4.000000e-01
      vertex   -8.089980e+00 -2.141846e+01 0.000000e+00
    endloop
  endfacet
  facet normal 6.466326e-01 2.808722e-01 -7.092088e-01
    outer loop
      vertex   -8.089980e+00 -2.141846e+01 0.000000e+00
      vertex   -7.803182e+00 -2.106873e+01 4.000000e-01
      vertex   -7.694383e+00 -2.131920e+01 4.000000e-01
    endloop
  endfacet
  facet normal 6.314384e-01 3.234473e-01 -7.047463e-01
    outer loop
      vertex   -8.089980e+00 -2.141846e+01 0.000000e+00
      vertex   -7.694383e+00 -2.131920e+01 4.000000e-01
      vertex   -7.956604e+00 -2.167884e+01 0.000000e+00
    endloop
  endfacet
  facet normal 6.181753e-01 3.383801e-01 -7.094774e-01
    outer loop
      vertex   -7.956604e+00 -2.167884e+01 0.000000e+00
      vertex   -7.694383e+00 -2.131920e+01 4.000000e-01
      vertex   -7.563258e+00 -2.155875e+01 4.000000e-01
    endloop
  endfacet
  facet normal 6.014713e-01 3.766413e-01 -7.045379e-01
    outer loop
      vertex   -7.956604e+00 -2.167884e+01 0.000000e+00
      vertex   -7.563258e+00 -2.155875e+01 4.000000e-01
      vertex   -7.801338e+00 -2.192679e+01 0.000000e+00
    endloop
  endfacet
  facet normal 5.846811e-01 3.930826e-01 -7.096718e-01
    outer loop
      vertex   -7.801338e+00 -2.192679e+01 0.000000e+00
      vertex   -7.563258e+00 -2.155875e+01 4.000000e-01
      vertex   -7.410893e+00 -2.178538e+01 4.000000e-01
    endloop
  endfacet
  facet normal 5.669794e-01 4.270371e-01 -7.043960e-01
    outer loop
      vertex   -7.801338e+00 -2.192679e+01 0.000000e+00
      vertex   -7.410893e+00 -2.178538e+01 4.000000e-01
      vertex   -7.625332e+00 -2.216047e+01 0.000000e+00
    endloop
  endfacet
  facet normal 5.464198e-01 4.445455e-01 -7.097920e-01
    outer loop
      vertex   -7.625332e+00 -2.216047e+01 0.000000e+00
      vertex   -7.410893e+00 -2.178538e+01 4.000000e-01
      vertex   -7.238551e+00 -2.199722e+01 4.000000e-01
    endloop
  endfacet
  facet normal 5.282258e-01 4.742464e-01 -7.043209e-01
    outer loop
      vertex   -7.625332e+00 -2.216047e+01 0.000000e+00
      vertex   -7.238551e+00 -2.199722e+01 4.000000e-01
      vertex   -7.429890e+00 -2.237816e+01 0.000000e+00
    endloop
  endfacet
  facet normal 5.036979e-01 4.923597e-01 -7.098382e-01
    outer loop
      vertex   -7.429890e+00 -2.237816e+01 0.000000e+00
      vertex   -7.238551e+00 -2.199722e+01 4.000000e-01
      vertex   -7.047659e+00 -2.219251e+01 4.000000e-01
    endloop
  endfacet
  facet normal 4.855076e-01 5.179056e-01 -7.043125e-01
    outer loop
      vertex   -7.429890e+00 -2.237816e+01 0.000000e+00
      vertex   -7.047659e+00 -2.219251e+01 4.000000e-01
      vertex   -7.216457e+00 -2.257824e+01 0.000000e+00
    endloop
  endfacet
  facet normal 4.568565e-01 5.361448e-01 -7.098105e-01
    outer loop
      vertex   -7.216457e+00 -2.257824e+01 0.000000e+00
      vertex   -7.047659e+00 -2.219251e+01 4.000000e-01
      vertex   -6.839800e+00 -2.236963e+01 4.000000e-01
    endloop
  endfacet
  facet normal 4.391528e-01 5.576795e-01 -7.043710e-01
    outer loop
      vertex   -7.216457e+00 -2.257824e+01 0.000000e+00
      vertex   -6.839800e+00 -2.236963e+01 4.000000e-01
      vertex   -6.986614e+00 -2.275923e+01 0.000000e+00
    endloop
  endfacet
  facet normal 4.062685e-01 5.755514e-01 -7.097088e-01
    outer loop
      vertex   -6.986614e+00 -2.275923e+01 0.000000e+00
      vertex   -6.839800e+00 -2.236963e+01 4.000000e-01
      vertex   -6.616696e+00 -2.252711e+01 4.000000e-01
    endloop
  endfacet
  facet normal 3.895181e-01 5.932628e-01 -7.044961e-01
    outer loop
      vertex   -6.986614e+00 -2.275923e+01 0.000000e+00
      vertex   -6.616696e+00 -2.252711e+01 4.000000e-01
      vertex   -6.742063e+00 -2.291980e+01 0.000000e+00
    endloop
  endfacet
  facet normal 3.523361e-01 6.102641e-01 -7.095330e-01
    outer loop
      vertex   -6.742063e+00 -2.291980e+01 0.000000e+00
      vertex   -6.616696e+00 -2.252711e+01 4.000000e-01
      vertex   -6.380195e+00 -2.266366e+01 4.000000e-01
    endloop
  endfacet
  facet normal 3.369860e-01 6.243839e-01 -7.046880e-01
    outer loop
      vertex   -6.742063e+00 -2.291980e+01 0.000000e+00
      vertex   -6.380195e+00 -2.266366e+01 4.000000e-01
      vertex   -6.484614e+00 -2.305874e+01 0.000000e+00
    endloop
  endfacet
  facet normal 2.954875e-01 6.400038e-01 -7.092829e-01
    outer loop
      vertex   -6.484614e+00 -2.305874e+01 0.000000e+00
      vertex   -6.380195e+00 -2.266366e+01 4.000000e-01
      vertex   -6.132258e+00 -2.277813e+01 4.000000e-01
    endloop
  endfacet
  facet normal 2.819615e-01 6.508060e-01 -7.049462e-01
    outer loop
      vertex   -6.484614e+00 -2.305874e+01 0.000000e+00
      vertex   -6.132258e+00 -2.277813e+01 4.000000e-01
      vertex   -6.216174e+00 -2.317505e+01 0.000000e+00
    endloop
  endfacet
  facet normal 2.361739e-01 6.645298e-01 -7.089584e-01
    outer loop
      vertex   -6.216174e+00 -2.317505e+01 0.000000e+00
      vertex   -6.132258e+00 -2.277813e+01 4.000000e-01
      vertex   -5.874938e+00 -2.286958e+01 4.000000e-01
    endloop
  endfacet
  facet normal 2.248690e-01 6.723296e-01 -7.052708e-01
    outer loop
      vertex   -6.216174e+00 -2.317505e+01 0.000000e+00
      vertex   -5.874938e+00 -2.286958e+01 4.000000e-01
      vertex   -5.938730e+00 -2.326784e+01 0.000000e+00
    endloop
  endfacet
  facet normal 1.748659e-01 6.836416e-01 -7.085591e-01
    outer loop
      vertex   -5.938730e+00 -2.326784e+01 0.000000e+00
      vertex   -5.874938e+00 -2.286958e+01 4.000000e-01
      vertex   -5.610368e+00 -2.293725e+01 4.000000e-01
    endloop
  endfacet
  facet normal 1.661487e-01 6.887937e-01 -7.056613e-01
    outer loop
      vertex   -5.938730e+00 -2.326784e+01 0.000000e+00
      vertex   -5.610368e+00 -2.293725e+01 4.000000e-01
      vertex   -5.654335e+00 -2.333644e+01 0.000000e+00
    endloop
  endfacet
  facet normal 1.120501e-01 6.971806e-01 -7.080847e-01
    outer loop
      vertex   -5.654335e+00 -2.333644e+01 0.000000e+00
      vertex   -5.610368e+00 -2.293725e+01 4.000000e-01
      vertex   -5.340741e+00 -2.298059e+01 4.000000e-01
    endloop
  endfacet
  facet normal 1.062534e-01 7.000775e-01 -7.061174e-01
    outer loop
      vertex   -5.654335e+00 -2.333644e+01 0.000000e+00
      vertex   -5.340741e+00 -2.298059e+01 4.000000e-01
      vertex   -5.365097e+00 -2.338034e+01 0.000000e+00
    endloop
  endfacet
  facet normal 4.822545e-02 7.050312e-01 -7.075347e-01
    outer loop
      vertex   -5.365097e+00 -2.338034e+01 0.000000e+00
      vertex   -5.340741e+00 -2.298059e+01 4.000000e-01
      vertex   -5.068290e+00 -2.299922e+01 4.000000e-01
    endloop
  endfacet
  facet normal 4.564454e-02 7.061008e-01 -7.066387e-01
    outer loop
      vertex   -5.365097e+00 -2.338034e+01 0.000000e+00
      vertex   -5.068290e+00 -2.299922e+01 4.000000e-01
      vertex   -5.073155e+00 -2.339921e+01 0.000000e+00
    endloop
  endfacet
  facet normal -1.521812e-02 7.071261e-01 -7.069237e-01
    outer loop
      vertex   -5.073155e+00 -2.339921e+01 0.000000e+00
      vertex   -5.068290e+00 -2.299922e+01 4.000000e-01
      vertex   -4.780671e+00 -2.339292e+01 0.000000e+00
    endloop
  endfacet
  facet normal -1.609318e-02 7.067992e-01 -7.072312e-01
    outer loop
      vertex   -4.780671e+00 -2.339292e+01 0.000000e+00
      vertex   -5.068290e+00 -2.299922e+01 4.000000e-01
      vertex   -4.795273e+00 -2.299301e+01 4.000000e-01
    endloop
  endfacet
  facet normal -7.600912e-02 7.037501e-01 -7.063699e-01
    outer loop
      vertex   -4.780671e+00 -2.339292e+01 0.000000e+00
      vertex   -4.795273e+00 -2.299301e+01 4.000000e-01
      vertex   -4.489812e+00 -2.336150e+01 0.000000e+00
    endloop
  endfacet
  facet normal -8.023232e-02 7.018225e-01 -7.078192e-01
    outer loop
      vertex   -4.489812e+00 -2.336150e+01 0.000000e+00
      vertex   -4.795273e+00 -2.299301e+01 4.000000e-01
      vertex   -4.523952e+00 -2.296199e+01 4.000000e-01
    endloop
  endfacet
  facet normal -1.363193e-01 6.950891e-01 -7.058811e-01
    outer loop
      vertex   -4.489812e+00 -2.336150e+01 0.000000e+00
      vertex   -4.523952e+00 -2.296199e+01 4.000000e-01
      vertex   -4.202729e+00 -2.330520e+01 0.000000e+00
    endloop
  endfacet
  facet normal -1.436155e-01 6.911160e-01 -7.083314e-01
    outer loop
      vertex   -4.202729e+00 -2.330520e+01 0.000000e+00
      vertex   -4.523952e+00 -2.296199e+01 4.000000e-01
      vertex   -4.256577e+00 -2.290643e+01 4.000000e-01
    endloop
  endfacet
  facet normal -1.956843e-01 6.812026e-01 -7.054578e-01
    outer loop
      vertex   -4.202729e+00 -2.330520e+01 0.000000e+00
      vertex   -4.256577e+00 -2.290643e+01 4.000000e-01
      vertex   -3.921550e+00 -2.322443e+01 0.000000e+00
    endloop
  endfacet
  facet normal -2.057391e-01 6.747734e-01 -7.087682e-01
    outer loop
      vertex   -3.921550e+00 -2.322443e+01 0.000000e+00
      vertex   -4.256577e+00 -2.290643e+01 4.000000e-01
      vertex   -3.995361e+00 -2.282678e+01 4.000000e-01
    endloop
  endfacet
  facet normal -2.536466e-01 6.621911e-01 -7.051002e-01
    outer loop
      vertex   -3.921550e+00 -2.322443e+01 0.000000e+00
      vertex   -3.995361e+00 -2.282678e+01 4.000000e-01
      vertex   -3.648354e+00 -2.311978e+01 0.000000e+00
    endloop
  endfacet
  facet normal -2.661099e-01 6.529320e-01 -7.091300e-01
    outer loop
      vertex   -3.648354e+00 -2.311978e+01 0.000000e+00
      vertex   -3.995361e+00 -2.282678e+01 4.000000e-01
      vertex   -3.742470e+00 -2.272371e+01 4.000000e-01
    endloop
  endfacet
  facet normal -3.097592e-01 6.381957e-01 -7.048088e-01
    outer loop
      vertex   -3.648354e+00 -2.311978e+01 0.000000e+00
      vertex   -3.742470e+00 -2.272371e+01 4.000000e-01
      vertex   -3.385166e+00 -2.299204e+01 0.000000e+00
    endloop
  endfacet
  facet normal -3.242487e-01 6.257715e-01 -7.094173e-01
    outer loop
      vertex   -3.385166e+00 -2.299204e+01 0.000000e+00
      vertex   -3.742470e+00 -2.272371e+01 4.000000e-01
      vertex   -3.500000e+00 -2.259808e+01 4.000000e-01
    endloop
  endfacet
  facet normal -3.635894e-01 6.093968e-01 -7.045837e-01
    outer loop
      vertex   -3.385166e+00 -2.299204e+01 0.000000e+00
      vertex   -3.500000e+00 -2.259808e+01 4.000000e-01
      vertex   -3.133934e+00 -2.284215e+01 0.000000e+00
    endloop
  endfacet
  facet normal -3.796942e-01 5.935128e-01 -7.096301e-01
    outer loop
      vertex   -3.133934e+00 -2.284215e+01 0.000000e+00
      vertex   -3.500000e+00 -2.259808e+01 4.000000e-01
      vertex   -3.269959e+00 -2.245091e+01 4.000000e-01
    endloop
  endfacet
  facet normal -4.147221e-01 5.760127e-01 -7.044252e-01
    outer loop
      vertex   -3.133934e+00 -2.284215e+01 0.000000e+00
      vertex   -3.269959e+00 -2.245091e+01 4.000000e-01
      vertex   -2.896517e+00 -2.267121e+01 0.000000e+00
    endloop
  endfacet
  facet normal -4.320063e-01 5.564159e-01 -7.097689e-01
    outer loop
      vertex   -2.896517e+00 -2.267121e+01 0.000000e+00
      vertex   -3.269959e+00 -2.245091e+01 4.000000e-01
      vertex   -3.054254e+00 -2.228343e+01 4.000000e-01
    endloop
  endfacet
  facet normal -4.627631e-01 5.382980e-01 -7.043334e-01
    outer loop
      vertex   -2.896517e+00 -2.267121e+01 0.000000e+00
      vertex   -3.054254e+00 -2.228343e+01 4.000000e-01
      vertex   -2.674674e+00 -2.248050e+01 0.000000e+00
    endloop
  endfacet
  facet normal -4.807696e-01 5.147785e-01 -7.098336e-01
    outer loop
      vertex   -2.674674e+00 -2.248050e+01 0.000000e+00
      vertex   -3.054254e+00 -2.228343e+01 4.000000e-01
      vertex   -2.854671e+00 -2.209704e+01 4.000000e-01
    endloop
  endfacet
  facet normal -5.073425e-01 4.965414e-01 -7.043083e-01
    outer loop
      vertex   -2.674674e+00 -2.248050e+01 0.000000e+00
      vertex   -2.854671e+00 -2.209704e+01 4.000000e-01
      vertex   -2.470047e+00 -2.227142e+01 0.000000e+00
    endloop
  endfacet
  facet normal -5.255959e-01 4.689332e-01 -7.098244e-01
    outer loop
      vertex   -2.470047e+00 -2.227142e+01 0.000000e+00
      vertex   -2.854671e+00 -2.209704e+01 4.000000e-01
      vertex   -2.672866e+00 -2.189326e+01 4.000000e-01
    endloop
  endfacet
  facet normal -5.481175e-01 4.510634e-01 -7.043501e-01
    outer loop
      vertex   -2.470047e+00 -2.227142e+01 0.000000e+00
      vertex   -2.672866e+00 -2.189326e+01 4.000000e-01
      vertex   -2.284150e+00 -2.204552e+01 0.000000e+00
    endloop
  endfacet
  facet normal -5.661280e-01 4.192452e-01 -7.097411e-01
    outer loop
      vertex   -2.284150e+00 -2.204552e+01 0.000000e+00
      vertex   -2.672866e+00 -2.189326e+01 4.000000e-01
      vertex   -2.510344e+00 -2.167380e+01 4.000000e-01
    endloop
  endfacet
  facet normal -5.847753e-01 4.022138e-01 -7.044586e-01
    outer loop
      vertex   -2.284150e+00 -2.204552e+01 0.000000e+00
      vertex   -2.510344e+00 -2.167380e+01 4.000000e-01
      vertex   -2.118361e+00 -2.180448e+01 0.000000e+00
    endloop
  endfacet
  facet normal -6.020418e-01 3.661097e-01 -7.095839e-01
    outer loop
      vertex   -2.118361e+00 -2.180448e+01 0.000000e+00
      vertex   -2.510344e+00 -2.167380e+01 4.000000e-01
      vertex   -2.368452e+00 -2.144047e+01 4.000000e-01
    endloop
  endfacet
  facet normal -6.170356e-01 3.503689e-01 -7.046338e-01
    outer loop
      vertex   -2.118361e+00 -2.180448e+01 0.000000e+00
      vertex   -2.368452e+00 -2.144047e+01 4.000000e-01
      vertex   -1.973906e+00 -2.155008e+01 0.000000e+00
    endloop
  endfacet
  facet normal -6.330489e-01 3.099488e-01 -7.093524e-01
    outer loop
      vertex   -1.973906e+00 -2.155008e+01 0.000000e+00
      vertex   -2.368452e+00 -2.144047e+01 4.000000e-01
      vertex   -2.248366e+00 -2.119520e+01 4.000000e-01
    endloop
  endfacet
  facet normal -6.446526e-01 2.959284e-01 -7.048754e-01
    outer loop
      vertex   -1.973906e+00 -2.155008e+01 0.000000e+00
      vertex   -2.248366e+00 -2.119520e+01 4.000000e-01
      vertex   -1.851856e+00 -2.128421e+01 0.000000e+00
    endloop
  endfacet
  facet normal -6.588987e-01 2.512080e-01 -7.090466e-01
    outer loop
      vertex   -1.851856e+00 -2.128421e+01 0.000000e+00
      vertex   -2.248366e+00 -2.119520e+01 4.000000e-01
      vertex   -2.151081e+00 -2.094003e+01 4.000000e-01
    endloop
  endfacet
  facet normal -6.674174e-01 2.393121e-01 -7.051834e-01
    outer loop
      vertex   -1.851856e+00 -2.128421e+01 0.000000e+00
      vertex   -2.151081e+00 -2.094003e+01 4.000000e-01
      vertex   -1.753113e+00 -2.100882e+01 0.000000e+00
    endloop
  endfacet
  facet normal -6.793806e-01 1.903535e-01 -7.086660e-01
    outer loop
      vertex   -1.753113e+00 -2.100882e+01 0.000000e+00
      vertex   -2.151081e+00 -2.094003e+01 4.000000e-01
      vertex   -2.077403e+00 -2.067707e+01 4.000000e-01
    endloop
  endfacet
  facet normal -6.851593e-01 1.809568e-01 -7.055575e-01
    outer loop
      vertex   -1.753113e+00 -2.100882e+01 0.000000e+00
      vertex   -2.077403e+00 -2.067707e+01 4.000000e-01
      vertex   -1.678409e+00 -2.072597e+01 0.000000e+00
    endloop
  endfacet
  facet normal -6.943254e-01 1.278683e-01 -7.082104e-01
    outer loop
      vertex   -1.678409e+00 -2.072597e+01 0.000000e+00
      vertex   -2.077403e+00 -2.067707e+01 4.000000e-01
      vertex   -2.027942e+00 -2.040850e+01 4.000000e-01
    endloop
  endfacet
  facet normal -6.977473e-01 1.213123e-01 -7.059972e-01
    outer loop
      vertex   -1.678409e+00 -2.072597e+01 0.000000e+00
      vertex   -2.027942e+00 -2.040850e+01 4.000000e-01
      vertex   -1.628297e+00 -2.043774e+01 0.000000e+00
    endloop
  endfacet
  facet normal -7.036065e-01 6.424855e-02 -7.076793e-01
    outer loop
      vertex   -1.628297e+00 -2.043774e+01 0.000000e+00
      vertex   -2.027942e+00 -2.040850e+01 4.000000e-01
      vertex   -2.003109e+00 -2.013654e+01 4.000000e-01
    endloop
  endfacet
  facet normal -7.050909e-01 6.083821e-02 -7.065023e-01
    outer loop
      vertex   -1.628297e+00 -2.043774e+01 0.000000e+00
      vertex   -2.003109e+00 -2.013654e+01 4.000000e-01
      vertex   -1.603148e+00 -2.014628e+01 0.000000e+00
    endloop
  endfacet
  facet normal -7.071413e-01 0.000000e+00 -7.070723e-01
    outer loop
      vertex   -1.603148e+00 -2.014628e+01 0.000000e+00
      vertex   -2.003109e+00 -2.013654e+01 4.000000e-01
      vertex   -2.003109e+00 -1.986346e+01 4.000000e-01
    endloop
  endfacet
  facet normal -7.071413e-01 0.000000e+00 -7.070723e-01
    outer loop
      vertex   -1.603148e+00 -2.014628e+01 0.000000e+00
      vertex   -2.003109e+00 -1.986346e+01 4.000000e-01
      vertex   -1.603148e+00 -1.985372e+01 0.000000e+00
    endloop
  endfacet
  facet normal -7.050909e-01 -6.083821e-02 -7.065023e-01
    outer loop
      vertex   -1.603148e+00 -1.985372e+01 0.000000e+00
      vertex   -2.003109e+00 -1.986346e+01 4.000000e-01
      vertex   -1.628297e+00 -1.956226e+01 0.000000e+00
    endloop
  endfacet
  facet normal -7.036065e-01 -6.424855e-02 -7.076793e-01
    outer loop
      vertex   -1.628297e+00 -1.956226e+01 0.000000e+00
      vertex   -2.003109e+00 -1.986346e+01 4.000000e-01
      vertex   -2.027942e+00 -1.959150e+01 4.000000e-01
    endloop
  endfacet
  facet normal -6.977473e-01 -1.213123e-01 -7.059972e-01
    outer loop
      vertex   -1.628297e+00 -1.956226e+01 0.000000e+00
      vertex   -2.027942e+00 -1.959150e+01 4.000000e-01
      vertex   -1.678409e+00 -1.927403e+01 0.000000e+00
    endloop
  endfacet
  facet normal -6.943254e-01 -1.278683e-01 -7.082104e-01
    outer loop
      vertex   -1.678409e+00 -1.927403e+01 0.000000e+00
      vertex   -2.027942e+00 -1.959150e+01 4.000000e-01
      vertex   -2.077403e+00 -1.932293e+01 4.000000e-01
    endloop
  endfacet
  facet normal -6.851593e-01 -1.809568e-01 -7.055575e-01
    outer loop
      vertex   -1.678409e+00 -1.927403e+01 0.000000e+00
      vertex   -2.077403e+00 -1.932293e+01 4.000000e-01
      vertex   -1.753113e+00 -1.899118e+01 0.000000e+00
    endloop
  endfacet
  facet normal -6.793806e-01 -1.903535e-01 -7.086660e-01
    outer loop
      vertex   -1.753113e+00 -1.899118e+01 0.000000e+00
      vertex   -2.077403e+00 -1.932293e+01 4.000000e-01
      vertex   -2.151081e+00 -1.905997e+01 4.000000e-01
    endloop
  endfacet
  facet normal -6.674174e-01 -2.393121e-01 -7.051834e-01
    outer loop
      vertex   -1.753113e+00 -1.899118e+01 0.000000e+00
      vertex   -2.151081e+00 -1.905997e+01 4.000000e-01
      vertex   -1.851856e+00 -1.871579e+01 0.000000e+00
    endloop
  endfacet
  facet normal -6.588987e-01 -2.512080e-01 -7.090466e-01
    outer loop
      vertex   -1.851856e+00 -1.871579e+01 0.000000e+00
      vertex   -2.151081e+00 -1.905997e+01 4.000000e-01
      vertex   -2.248366e+00 -1.880480e+01 4.000000e-01
    endloop
  endfacet
  facet normal -6.446526e-01 -2.959284e-01 -7.048754e-01
    outer loop
      vertex   -1.851856e+00 -1.871579e+01 0.000000e+00
      vertex   -2.248366e+00 -1.880480e+01 4.000000e-01
      vertex   -1.973906e+00 -1.844992e+01 0.000000e+00
    endloop
  endfacet
  facet normal -6.330489e-01 -3.099488e-01 -7.093524e-01
    outer loop
      vertex   -1.973906e+00 -1.844992e+01 0.000000e+00
      vertex   -2.248366e+00 -1.880480e+01 4.000000e-01
      vertex   -2.368452e+00 -1.855953e+01 4.000000e-01
    endloop
  endfacet
  facet normal -6.170356e-01 -3.503689e-01 -7.046338e-01
    outer loop
      vertex   -1.973906e+00 -1.844992e+01 0.000000e+00
      vertex   -2.368452e+00 -1.855953e+01 4.000000e-01
      vertex   -2.118361e+00 -1.819552e+01 0.000000e+00
    endloop
  endfacet
  facet normal -6.020418e-01 -3.661097e-01 -7.095839e-01
    outer loop
      vertex   -2.118361e+00 -1.819552e+01 0.000000e+00
      vertex   -2.368452e+00 -1.855953e+01 4.000000e-01
      vertex   -2.510344e+00 -1.832620e+01 4.000000e-01
    endloop
  endfacet
  facet normal -5.847753e-01 -4.022138e-01 -7.044586e-01
    outer loop
      vertex   -2.118361e+00 -1.819552e+01 0.000000e+00
      vertex   -2.510344e+00 -1.832620e+01 4.000000e-01
      vertex   -2.284150e+00 -1.795448e+01 0.000000e+00
    endloop
  endfacet
  facet normal -5.661280e-01 -4.192452e-01 -7.097411e-01
    outer loop
      vertex   -2.284150e+00 -1.795448e+01 0.000000e+00
      vertex   -2.510344e+00 -1.832620e+01 4.000000e-01
      vertex   -2.672866e+00 -1.810674e+01 4.000000e-01
    endloop
  endfacet
  facet normal -5.481175e-01 -4.510634e-01 -7.043501e-01
    outer loop
      vertex   -2.284150e+00 -1.795448e+01 0.000000e+00
      vertex   -2.672866e+00 -1.810674e+01 4.000000e-01
      vertex   -2.470047e+00 -1.772858e+01 0.000000e+00
    endloop
  endfacet
  facet normal -5.255959e-01 -4.689332e-01 -7.098244e-01
    outer loop
      vertex   -2.470047e+00 -1.772858e+01 0.000000e+00
      vertex   -2.672866e+00 -1.810674e+01 4.000000e-01
      vertex   -2.854671e+00 -1.790296e+01 4.000000e-01
    endloop
  endfacet
  facet normal -5.073425e-01 -4.965414e-01 -7.043083e-01
    outer loop
      vertex   -2.470047e+00 -1.772858e+01 0.000000e+00
      vertex   -2.854671e+00 -1.790296e+01 4.000000e-01
      vertex   -2.674674e+00 -1.751950e+01 0.000000e+00
    endloop
  endfacet
  facet normal -4.807696e-01 -5.147785e-01 -7.098336e-01
    outer loop
      vertex   -2.674674e+00 -1.751950e+01 0.000000e+00
      vertex   -2.854671e+00 -1.790296e+01 4.000000e-01
      vertex   -3.054254e+00 -1.771657e+01 4.000000e-01
    endloop
  endfacet
  facet normal -4.627631e-01 -5.382980e-01 -7.043334e-01
    outer loop
      vertex   -2.674674e+00 -1.751950e+01 0.000000e+00
      vertex   -3.054254e+00 -1.771657e+01 4.000000e-01
      vertex   -2.896517e+00 -1.732879e+01 0.000000e+00
    endloop
  endfacet
  facet normal -4.320063e-01 -5.564159e-01 -7.097689e-01
    outer loop
      vertex   -2.896517e+00 -1.732879e+01 0.000000e+00
      vertex   -3.054254e+00 -1.771657e+01 4.000000e-01
      vertex   -3.269959e+00 -1.754909e+01 4.000000e-01
    endloop
  endfacet
  facet normal -4.147221e-01 -5.760127e-01 -7.044252e-01
    outer loop
      vertex   -2.896517e+00 -1.732879e+01 0.000000e+00
      vertex   -3.269959e+00 -1.754909e+01 4.000000e-01
      vertex   -3.133934e+00 -1.715785e+01 0.000000e+00
    endloop
  endfacet
  facet normal -3.796942e-01 -5.935128e-01 -7.096301e-01
    outer loop
      vertex   -3.133934e+00 -1.715785e+01 0.000000e+00
      vertex   -3.269959e+00 -1.754909e+01 4.000000e-01
      vertex   -3.500000e+00 -1.740192e+01 4.000000e-01
    endloop
  endfacet
  facet normal -3.635894e-01 -6.093968e-01 -7.045837e-01
    outer loop
      vertex   -3.133934e+00 -1.715785e+01 0.000000e+00
      vertex   -3.500000e+00 -1.740192e+01 4.000000e-01
      vertex   -3.385166e+00 -1.700796e+01 0.000000e+00
    endloop
  endfacet
  facet normal -3.242487e-01 -6.257715e-01 -7.094173e-01
    outer loop
      vertex   -3.385166e+00 -1.700796e+01 0.000000e+00
      vertex   -3.500000e+00 -1.740192e+01 4.000000e-01
      vertex   -3.742470e+00 -1.727629e+01 4.000000e-01
    endloop
  endfacet
  facet normal -3.097592e-01 -6.381957e-01 -7.048088e-01
    outer loop
      vertex   -3.385166e+00 -1.700796e+01 0.000000e+00
      vertex   -3.742470e+00 -1.727629e+01 4.000000e-01
      vertex   -3.648354e+00 -1.688022e+01 0.000000e+00
    endloop
  endfacet
  facet normal -2.661099e-01 -6.529320e-01 -7.091300e-01
    outer loop
      vertex   -3.648354e+00 -1.688022e+01 0.000000e+00
      vertex   -3.742470e+00 -1.727629e+01 4.000000e-01
      vertex   -3.995361e+00 -1.717322e+01 4.000000e-01
    endloop
  endfacet
  facet normal -2.536466e-01 -6.621911e-01 -7.051002e-01
    outer loop
      vertex   -3.648354e+00 -1.688022e+01 0.000000e+00
      vertex   -3.995361e+00 -1.717322e+01 4.000000e-01
      vertex   -3.921550e+00 -1.677557e+01 0.000000e+00
    endloop
  endfacet
  facet normal -2.057391e-01 -6.747734e-01 -7.087682e-01
    outer loop
      vertex   -3.921550e+00 -1.677557e+01 0.000000e+00
      vertex   -3.995361e+00 -1.717322e+01 4.000000e-01
      vertex   -4.256577e+00 -1.709357e+01 4.000000e-01
    endloop
  endfacet
  facet normal -1.956843e-01 -6.812026e-01 -7.054578e-01
    outer loop
      vertex   -3.921550e+00 -1.677557e+01 0.000000e+00
      vertex   -4.256577e+00 -1.709357e+01 4.000000e-01
      vertex   -4.202729e+00 -1.669480e+01 0.000000e+00
    endloop
  endfacet
  facet normal -1.436155e-01 -6.911160e-01 -7.083314e-01
    outer loop
      vertex   -4.202729e+00 -1.669480e+01 0.000000e+00
      vertex   -4.256577e+00 -1.709357e+01 4.000000e-01
      vertex   -4.523952e+00 -1.703801e+01 4.000000e-01
    endloop
  endfacet
  facet normal -1.363193e-01 -6.950891e-01 -7.058811e-01
    outer loop
      vertex   -4.202729e+00 -1.669480e+01 0.000000e+00
      vertex   -4.523952e+00 -1.703801e+01 4.000000e-01
      vertex   -4.489812e+00 -1.663850e+01 0.000000e+00
    endloop
  endfacet
  facet normal -8.023232e-02 -7.018225e-01 -7.078192e-01
    outer loop
      vertex   -4.489812e+00 -1.663850e+01 0.000000e+00
      vertex   -4.523952e+00 -1.703801e+01 4.000000e-01
      vertex   -4.795273e+00 -1.700699e+01 4.000000e-01
    endloop
  endfacet
  facet normal -7.600912e-02 -7.037501e-01 -7.063699e-01
    outer loop
      vertex   -4.489812e+00 -1.663850e+01 0.000000e+00
      vertex   -4.795273e+00 -1.700699e+01 4.000000e-01
      vertex   -4.780671e+00 -1.660708e+01 0.000000e+00
    endloop
  endfacet
  facet normal -1.609318e-02 -7.067992e-01 -7.072312e-01
    outer loop
      vertex   -4.780671e+00 -1.660708e+01 0.000000e+00
      vertex   -4.795273e+00 -1.700699e+01 4.000000e-01
      vertex   -5.068290e+00 -1.700078e+01 4.000000e-01
    endloop
  endfacet
  facet normal -1.521812e-02 -7.071261e-01 -7.069237e-01
    outer loop
      vertex   -4.780671e+00 -1.660708e+01 0.000000e+00
      vertex   -5.068290e+00 -1.700078e+01 4.000000e-01
      vertex   -5.073155e+00 -1.660079e+01 0.000000e+00
    endloop
  endfacet
  facet normal 4.564454e-02 -7.061008e-01 -7.066387e-01
    outer loop
      vertex   -5.073155e+00 -1.660079e+01 0.000000e+00
      vertex   -5.068290e+00 -1.700078e+01 4.000000e-01
      vertex   -5.365097e+00 -1.661966e+01 0.000000e+00
    endloop
  endfacet
  facet normal 4.822545e-02 -7.050312e-01 -7.075347e-01
    outer loop
      vertex   -5.365097e+00 -1.661966e+01 0.000000e+00
      vertex   -5.068290e+00 -1.700078e+01 4.000000e-01
      vertex   -5.340741e+00 -1.701941e+01 4.000000e-01
    endloop
  endfacet
  facet normal 1.062534e-01 -7.000775e-01 -7.061174e-01
    outer loop
      vertex   -5.365097e+00 -1.661966e+01 0.000000e+00
      vertex   -5.340741e+00 -1.701941e+01 4.000000e-01
      vertex   -5.654335e+00 -1.666356e+01 0.000000e+00
    endloop
  endfacet
  facet normal 1.120501e-01 -6.971806e-01 -7.080847e-01
    outer loop
      vertex   -5.654335e+00 -1.666356e+01 0.000000e+00
      vertex   -5.340741e+00 -1.701941e+01 4.000000e-01
      vertex   -5.610368e+00 -1.706275e+01 4.000000e-01
    endloop
  endfacet
  facet normal 1.661487e-01 -6.887937e-01 -7.056613e-01
    outer loop
      vertex   -5.654335e+00 -1.666356e+01 0.000000e+00
      vertex   -5.610368e+00 -1.706275e+01 4.000000e-01
      vertex   -5.938730e+00 -1.673216e+01 0.000000e+00
    endloop
  endfacet
  facet normal 1.748659e-01 -6.836416e-01 -7.085591e-01
    outer loop
      vertex   -5.938730e+00 -1.673216e+01 0.000000e+00
      vertex   -5.610368e+00 -1.706275e+01 4.000000e-01
      vertex   -5.874938e+00 -1.713042e+01 4.000000e-01
    endloop
  endfacet
  facet normal 2.248690e-01 -6.723296e-01 -7.052708e-01
    outer loop
      vertex   -5.938730e+00 -1.673216e+01 0.000000e+00
      vertex   -5.874938e+00 -1.713042e+01 4.000000e-01
      vertex   -6.216174e+00 -1.682495e+01 0.000000e+00
    endloop
  endfacet
  facet normal 2.361739e-01 -6.645298e-01 -7.089584e-01
    outer loop
      vertex   -6.216174e+00 -1.682495e+01 0.000000e+00
      vertex   -5.874938e+00 -1.713042e+01 4.000000e-01
      vertex   -6.132258e+00 -1.722187e+01 4.000000e-01
    endloop
  endfacet
  facet normal 2.819615e-01 -6.508060e-01 -7.049462e-01
    outer loop
      vertex   -6.216174e+00 -1.682495e+01 0.000000e+00
      vertex   -6.132258e+00 -1.722187e+01 4.000000e-01
      vertex   -6.484614e+00 -1.694126e+01 0.000000e+00
    endloop
  endfacet
  facet normal 2.954875e-01 -6.400038e-01 -7.092829e-01
    outer loop
      vertex   -6.484614e+00 -1.694126e+01 0.000000e+00
      vertex   -6.132258e+00 -1.722187e+01 4.000000e-01
      vertex   -6.380195e+00 -1.733634e+01 4.000000e-01
    endloop
  endfacet
  facet normal 3.369860e-01 -6.243839e-01 -7.046880e-01
    outer loop
      vertex   -6.484614e+00 -1.694126e+01 0.000000e+00
      vertex   -6.380195e+00 -1.733634e+01 4.000000e-01
      vertex   -6.742063e+00 -1.708020e+01 0.000000e+00
    endloop
  endfacet
  facet normal 3.523361e-01 -6.102641e-01 -7.095330e-01
    outer loop
      vertex   -6.742063e+00 -1.708020e+01 0.000000e+00
      vertex   -6.380195e+00 -1.733634e+01 4.000000e-01
      vertex   -6.616696e+00 -1.747289e+01 4.000000e-01
    endloop
  endfacet
  facet normal 3.895181e-01 -5.932628e-01 -7.044961e-01
    outer loop
      vertex   -6.742063e+00 -1.708020e+01 0.000000e+00
      vertex   -6.616696e+00 -1.747289e+01 4.000000e-01
      vertex   -6.986614e+00 -1.724077e+01 0.000000e+00
    endloop
  endfacet
  facet normal 4.062685e-01 -5.755514e-01 -7.097088e-01
    outer loop
      vertex   -6.986614e+00 -1.724077e+01 0.000000e+00
      vertex   -6.616696e+00 -1.747289e+01 4.000000e-01
      vertex   -6.839800e+00 -1.763037e+01 4.000000e-01
    endloop
  endfacet
  facet normal 4.391528e-01 -5.576795e-01 -7.043710e-01
    outer loop
      vertex   -6.986614e+00 -1.724077e+01 0.000000e+00
      vertex   -6.839800e+00 -1.763037e+01 4.000000e-01
      vertex   -7.216457e+00 -1.742176e+01 0.000000e+00
    endloop
  endfacet
  facet normal 4.568565e-01 -5.361448e-01 -7.098105e-01
    outer loop
      vertex   -7.216457e+00 -1.742176e+01 0.000000e+00
      vertex   -6.839800e+00 -1.763037e+01 4.000000e-01
      vertex   -7.047659e+00 -1.780749e+01 4.000000e-01
    endloop
  endfacet
  facet normal 4.855076e-01 -5.179056e-01 -7.043125e-01
    outer loop
      vertex   -7.216457e+00 -1.742176e+01 0.000000e+00
      vertex   -7.047659e+00 -1.780749e+01 4.000000e-01
      vertex   -7.429890e+00 -1.762184e+01 0.000000e+00
    endloop
  endfacet
  facet normal 5.036979e-01 -4.923597e-01 -7.098382e-01
    outer loop
      vertex   -7.429890e+00 -1.762184e+01 0.000000e+00
      vertex   -7.047659e+00 -1.780749e+01 4.000000e-01
      vertex   -7.238551e+00 -1.800278e+01 4.000000e-01
    endloop
  endfacet
  facet normal 5.282258e-01 -4.742464e-01 -7.043209e-01
    outer loop
      vertex   -7.429890e+00 -1.762184e+01 0.000000e+00
      vertex   -7.238551e+00 -1.800278e+01 4.000000e-01
      vertex   -7.625332e+00 -1.783953e+01 0.000000e+00
    endloop
  endfacet
  facet normal 5.464198e-01 -4.445455e-01 -7.097920e-01
    outer loop
      vertex   -7.625332e+00 -1.783953e+01 0.000000e+00
      vertex   -7.238551e+00 -1.800278e+01 4.000000e-01
      vertex   -7.410893e+00 -1.821462e+01 4.000000e-01
    endloop
  endfacet
  facet normal 5.669794e-01 -4.270371e-01 -7.043960e-01
    outer loop
      vertex   -7.625332e+00 -1.783953e+01 0.000000e+00
      vertex   -7.410893e+00 -1.821462e+01 4.000000e-01
      vertex   -7.801338e+00 -1.807321e+01 0.000000e+00
    endloop
  endfacet
  facet normal 5.846811e-01 -3.930826e-01 -7.096718e-01
    outer loop
      vertex   -7.801338e+00 -1.807321e+01 0.000000e+00
      vertex   -7.410893e+00 -1.821462e+01 4.000000e-01
      vertex   -7.563258e+00 -1.844125e+01 4.000000e-01
    endloop
  endfacet
  facet normal 6.014713e-01 -3.766413e-01 -7.045379e-01
    outer loop
      vertex   -7.801338e+00 -1.807321e+01 0.000000e+00
      vertex   -7.563258e+00 -1.844125e+01 4.000000e-01
      vertex   -7.956604e+00 -1.832116e+01 0.000000e+00
    endloop
  endfacet
  facet normal 6.181753e-01 -3.383801e-01 -7.094774e-01
    outer loop
      vertex   -7.956604e+00 -1.832116e+01 0.000000e+00
      vertex   -7.563258e+00 -1.844125e+01 4.000000e-01
      vertex   -7.694383e+00 -1.868080e+01 4.000000e-01
    endloop
  endfacet
  facet normal 6.314384e-01 -3.234473e-01 -7.047463e-01
    outer loop
      vertex   -7.956604e+00 -1.832116e+01 0.000000e+00
      vertex   -7.694383e+00 -1.868080e+01 4.000000e-01
      vertex   -8.089980e+00 -1.858154e+01 0.000000e+00
    endloop
  endfacet
  facet normal 6.466326e-01 -2.808722e-01 -7.092088e-01
    outer loop
      vertex   -8.089980e+00 -1.858154e+01 0.000000e+00
      vertex   -7.694383e+00 -1.868080e+01 4.000000e-01
      vertex   -7.803182e+00 -1.893127e+01 4.000000e-01
    endloop
  endfacet
  facet normal 6.566531e-01 -2.678653e-01 -7.050212e-01
    outer loop
      vertex   -8.089980e+00 -1.858154e+01 0.000000e+00
      vertex   -7.803182e+00 -1.893127e+01 4.000000e-01
      vertex   -8.200479e+00 -1.885242e+01 0.000000e+00
    endloop
  endfacet
  facet normal 6.698222e-01 -2.210151e-01 -7.088656e-01
    outer loop
      vertex   -8.200479e+00 -1.885242e+01 0.000000e+00
      vertex   -7.803182e+00 -1.893127e+01 4.000000e-01
      vertex   -7.888752e+00 -1.919061e+01 4.000000e-01
    endloop
  endfacet
  facet normal 6.769254e-01 -2.103240e-01 -7.053622e-01
    outer loop
      vertex   -8.200479e+00 -1.885242e+01 0.000000e+00
      vertex   -7.888752e+00 -1.919061e+01 4.000000e-01
      vertex   -8.287283e+00 -1.913180e+01 0.000000e+00
    endloop
  endfacet
  facet normal 6.875541e-01 -1.592840e-01 -7.084476e-01
    outer loop
      vertex   -8.287283e+00 -1.913180e+01 0.000000e+00
      vertex   -7.888752e+00 -1.919061e+01 4.000000e-01
      vertex   -7.950385e+00 -1.945665e+01 4.000000e-01
    endloop
  endfacet
  facet normal 6.921042e-01 -1.512672e-01 -7.057691e-01
    outer loop
      vertex   -8.287283e+00 -1.913180e+01 0.000000e+00
      vertex   -7.950385e+00 -1.945665e+01 4.000000e-01
      vertex   -8.349748e+00 -1.941760e+01 0.000000e+00
    endloop
  endfacet
  facet normal 6.996801e-01 -9.616882e-02 -7.079543e-01
    outer loop
      vertex   -8.349748e+00 -1.941760e+01 0.000000e+00
      vertex   -7.950385e+00 -1.945665e+01 4.000000e-01
      vertex   -7.987571e+00 -1.972720e+01 4.000000e-01
    endloop
  endfacet
  facet normal 7.020787e-01 -9.114996e-02 -7.062416e-01
    outer loop
      vertex   -8.349748e+00 -1.941760e+01 0.000000e+00
      vertex   -7.987571e+00 -1.972720e+01 4.000000e-01
      vertex   -8.387414e+00 -1.970772e+01 0.000000e+00
    endloop
  endfacet
  facet normal 7.060956e-01 -3.217100e-02 -7.073853e-01
    outer loop
      vertex   -8.387414e+00 -1.970772e+01 0.000000e+00
      vertex   -7.987571e+00 -1.972720e+01 4.000000e-01
      vertex   -8.000000e+00 -2.000000e+01 4.000000e-01
    endloop
  endfacet
  facet normal 9.989637e-01 4.551460e-02 0.000000e+00
    outer loop
      vertex   -7.987571e+00 -2.027280e+01 3.000000e+00
      vertex   -7.987571e+00 -2.027280e+01 4.000000e-01
      vertex   -8.000000e+00 -2.000000e+01 3.000000e+00
    endloop
  endfacet
  facet normal 9.989637e-01 4.551460e-02 0.000000e+00
    outer loop
      vertex   -8.000000e+00 -2.000000e+01 3.000000e+00
      vertex   -7.987571e+00 -2.027280e+01 4.000000e-01
      vertex   -8.000000e+00 -2.000000e+01 4.000000e-01
    endloop
  endfacet
  facet normal 9.989637e-01 -4.551460e-02 0.000000e+00
    outer loop
      vertex   -8.000000e+00 -2.000000e+01 3.000000e+00
      vertex   -8.000000e+00 -2.000000e+01 4.000000e-01
      vertex   -7.987571e+00 -1.972720e+01 3.000000e+00
    endloop
  endfacet
  facet normal 9.989637e-01 -4.551460e-02 0.000000e+00
    outer loop
      vertex   -7.987571e+00 -1.972720e+01 3.000000e+00
      vertex   -8.000000e+00 -2.000000e+01 4.000000e-01
      vertex   -7.987571e+00 -1.972720e+01 4.000000e-01
    endloop
  endfacet
  facet normal 9.906859e-01 -1.361666e-01 0.000000e+00
    outer loop
      vertex   -7.987571e+00 -1.972720e+01 3.000000e+00
      vertex   -7.987571e+00 -1.972720e+01 4.000000e-01
      vertex   -7.950385e+00 -1.945665e+01 3.000000e+00
    endloop
  endfacet
  facet normal 9.906859e-01 -1.361666e-01 0.000000e+00
    outer loop
      vertex   -7.950385e+00 -1.945665e+01 3.000000e+00
      vertex   -7.987571e+00 -1.972720e+01 4.000000e-01
      vertex   -7.950385e+00 -1.945665e+01 4.000000e-01
    endloop
  endfacet
  facet normal 9.741991e-01 -2.256904e-01 0.000000e+00
    outer loop
      vertex   -7.950385e+00 -1.945665e+01 3.000000e+00
      vertex   -7.950385e+00 -1.945665e+01 4.000000e-01
      vertex   -7.888752e+00 -1.919061e+01 3.000000e+00
    endloop
  endfacet
  facet normal 9.741991e-01 -2.256904e-01 0.000000e+00
    outer loop
      vertex   -7.888752e+00 -1.919061e+01 3.000000e+00
      vertex   -7.950385e+00 -1.945665e+01 4.000000e-01
      vertex   -7.888752e+00 -1.919061e+01 4.000000e-01
    endloop
  endfacet
  facet normal 9.496397e-01 -3.133440e-01 0.000000e+00
    outer loop
      vertex   -7.888752e+00 -1.919061e+01 3.000000e+00
      vertex   -7.888752e+00 -1.919061e+01 4.000000e-01
      vertex   -7.803182e+00 -1.893127e+01 3.000000e+00
    endloop
  endfacet
  facet normal 9.496397e-01 -3.133440e-01 0.000000e+00
    outer loop
      vertex   -7.803182e+00 -1.893127e+01 3.000000e+00
      vertex   -7.888752e+00 -1.919061e+01 4.000000e-01
      vertex   -7.803182e+00 -1.893127e+01 4.000000e-01
    endloop
  endfacet
  facet normal 9.172113e-01 -3.984011e-01 0.000000e+00
    outer loop
      vertex   -7.803182e+00 -1.893127e+01 3.000000e+00
      vertex   -7.803182e+00 -1.893127e+01 4.000000e-01
      vertex   -7.694383e+00 -1.868080e+01 3.000000e+00
    endloop
  endfacet
  facet normal 9.172113e-01 -3.984011e-01 0.000000e+00
    outer loop
      vertex   -7.694383e+00 -1.868080e+01 3.000000e+00
      vertex   -7.803182e+00 -1.893127e+01 4.000000e-01
      vertex   -7.694383e+00 -1.868080e+01 4.000000e-01
    endloop
  endfacet
  facet normal 8.771826e-01 -4.801569e-01 0.000000e+00
    outer loop
      vertex   -7.694383e+00 -1.868080e+01 3.000000e+00
      vertex   -7.694383e+00 -1.868080e+01 4.000000e-01
      vertex   -7.563258e+00 -1.844125e+01 3.000000e+00
    endloop
  endfacet
  facet normal 8.771826e-01 -4.801569e-01 0.000000e+00
    outer loop
      vertex   -7.563258e+00 -1.844125e+01 3.000000e+00
      vertex   -7.694383e+00 -1.868080e+01 4.000000e-01
      vertex   -7.563258e+00 -1.844125e+01 4.000000e-01
    endloop
  endfacet
  facet normal 8.298853e-01 -5.579340e-01 0.000000e+00
    outer loop
      vertex   -7.563258e+00 -1.844125e+01 3.000000e+00
      vertex   -7.563258e+00 -1.844125e+01 4.000000e-01
      vertex   -7.410893e+00 -1.821462e+01 3.000000e+00
    endloop
  endfacet
  facet normal 8.298853e-01 -5.579340e-01 0.000000e+00
    outer loop
      vertex   -7.410893e+00 -1.821462e+01 3.000000e+00
      vertex   -7.563258e+00 -1.844125e+01 4.000000e-01
      vertex   -7.410893e+00 -1.821462e+01 4.000000e-01
    endloop
  endfacet
  facet normal 7.757113e-01 -6.310879e-01 0.000000e+00
    outer loop
      vertex   -7.410893e+00 -1.821462e+01 3.000000e+00
      vertex   -7.410893e+00 -1.821462e+01 4.000000e-01
      vertex   -7.238551e+00 -1.800278e+01 3.000000e+00
    endloop
  endfacet
  facet normal 7.757113e-01 -6.310879e-01 0.000000e+00
    outer loop
      vertex   -7.238551e+00 -1.800278e+01 3.000000e+00
      vertex   -7.410893e+00 -1.821462e+01 4.000000e-01
      vertex   -7.238551e+00 -1.800278e+01 4.000000e-01
    endloop
  endfacet
  facet normal 7.151095e-01 -6.990124e-01 0.000000e+00
    outer loop
      vertex   -7.238551e+00 -1.800278e+01 3.000000e+00
      vertex   -7.238551e+00 -1.800278e+01 4.000000e-01
      vertex   -7.047659e+00 -1.780749e+01 3.000000e+00
    endloop
  endfacet
  facet normal 7.151095e-01 -6.990124e-01 0.000000e+00
    outer loop
      vertex   -7.047659e+00 -1.780749e+01 3.000000e+00
      vertex   -7.238551e+00 -1.800278e+01 4.000000e-01
      vertex   -7.047659e+00 -1.780749e+01 4.000000e-01
    endloop
  endfacet
  facet normal 6.485821e-01 -7.611447e-01 0.000000e+00
    outer loop
      vertex   -7.047659e+00 -1.780749e+01 3.000000e+00
      vertex   -7.047659e+00 -1.780749e+01 4.000000e-01
      vertex   -6.839800e+00 -1.763037e+01 3.000000e+00
    endloop
  endfacet
  facet normal 6.485821e-01 -7.611447e-01 0.000000e+00
    outer loop
      vertex   -6.839800e+00 -1.763037e+01 3.000000e+00
      vertex   -7.047659e+00 -1.780749e+01 4.000000e-01
      vertex   -6.839800e+00 -1.763037e+01 4.000000e-01
    endloop
  endfacet
  facet normal 5.766803e-01 -8.169699e-01 0.000000e+00
    outer loop
      vertex   -6.839800e+00 -1.763037e+01 3.000000e+00
      vertex   -6.839800e+00 -1.763037e+01 4.000000e-01
      vertex   -6.616696e+00 -1.747289e+01 3.000000e+00
    endloop
  endfacet
  facet normal 5.766803e-01 -8.169699e-01 0.000000e+00
    outer loop
      vertex   -6.616696e+00 -1.747289e+01 3.000000e+00
      vertex   -6.839800e+00 -1.763037e+01 4.000000e-01
      vertex   -6.616696e+00 -1.747289e+01 4.000000e-01
    endloop
  endfacet
  facet normal 5.000000e-01 -8.660254e-01 0.000000e+00
    outer loop
      vertex   -6.616696e+00 -1.747289e+01 3.000000e+00
      vertex   -6.616696e+00 -1.747289e+01 4.000000e-01
      vertex   -6.380195e+00 -1.733634e+01 3.000000e+00
    endloop
  endfacet
  facet normal 5.000000e-01 -8.660254e-01 0.000000e+00
    outer loop
      vertex   -6.380195e+00 -1.733634e+01 3.000000e+00
      vertex   -6.616696e+00 -1.747289e+01 4.000000e-01
      vertex   -6.380195e+00 -1.733634e+01 4.000000e-01
    endloop
  endfacet
  facet normal 4.191765e-01 -9.079048e-01 0.000000e+00
    outer loop
      vertex   -6.380195e+00 -1.733634e+01 3.000000e+00
      vertex   -6.380195e+00 -1.733634e+01 4.000000e-01
      vertex   -6.132258e+00 -1.722187e+01 3.000000e+00
    endloop
  endfacet
  facet normal 4.191765e-01 -9.079048e-01 0.000000e+00
    outer loop
      vertex   -6.132258e+00 -1.722187e+01 3.000000e+00
      vertex   -6.380195e+00 -1.733634e+01 4.000000e-01
      vertex   -6.132258e+00 -1.722187e+01 4.000000e-01
    endloop
  endfacet
  facet normal 3.348796e-01 -9.422609e-01 0.000000e+00
    outer loop
      vertex   -6.132258e+00 -1.722187e+01 3.000000e+00
      vertex   -6.132258e+00 -1.722187e+01 4.000000e-01
      vertex   -5.874938e+00 -1.713042e+01 3.000000e+00
    endloop
  endfacet
  facet normal 3.348796e-01 -9.422609e-01 0.000000e+00
    outer loop
      vertex   -5.874938e+00 -1.713042e+01 3.000000e+00
      vertex   -6.132258e+00 -1.722187e+01 4.000000e-01
      vertex   -5.874938e+00 -1.713042e+01 4.000000e-01
    endloop
  endfacet
  facet normal 2.478078e-01 -9.688092e-01 0.000000e+00
    outer loop
      vertex   -5.874938e+00 -1.713042e+01 3.000000e+00
      vertex   -5.874938e+00 -1.713042e+01 4.000000e-01
      vertex   -5.610368e+00 -1.706275e+01 3.000000e+00
    endloop
  endfacet
  facet normal 2.478078e-01 -9.688092e-01 0.000000e+00
    outer loop
      vertex   -5.610368e+00 -1.706275e+01 3.000000e+00
      vertex   -5.874938e+00 -1.713042e+01 4.000000e-01
      vertex   -5.610368e+00 -1.706275e+01 4.000000e-01
    endloop
  endfacet
  facet normal 1.586825e-01 -9.873297e-01 0.000000e+00
    outer loop
      vertex   -5.610368e+00 -1.706275e+01 3.000000e+00
      vertex   -5.610368e+00 -1.706275e+01 4.000000e-01
      vertex   -5.340741e+00 -1.701941e+01 3.000000e+00
    endloop
  endfacet
  facet normal 1.586825e-01 -9.873297e-01 0.000000e+00
    outer loop
      vertex   -5.340741e+00 -1.701941e+01 3.000000e+00
      vertex   -5.610368e+00 -1.706275e+01 4.000000e-01
      vertex   -5.340741e+00 -1.701941e+01 4.000000e-01
    endloop
  endfacet
  facet normal 6.824241e-02 -9.976688e-01 0.000000e+00
    outer loop
      vertex   -5.340741e+00 -1.701941e+01 3.000000e+00
      vertex   -5.340741e+00 -1.701941e+01 4.000000e-01
      vertex   -5.068290e+00 -1.700078e+01 3.000000e+00
    endloop
  endfacet
  facet normal 6.824241e-02 -9.976688e-01 0.000000e+00
    outer loop
      vertex   -5.068290e+00 -1.700078e+01 3.000000e+00
      vertex   -5.340741e+00 -1.701941e+01 4.000000e-01
      vertex   -5.068290e+00 -1.700078e+01 4.000000e-01
    endloop
  endfacet
  facet normal -2.276320e-02 -9.997409e-01 -0.000000e+00
    outer loop
      vertex   -5.068290e+00 -1.700078e+01 3.000000e+00
      vertex   -5.068290e+00 -1.700078e+01 4.000000e-01
      vertex   -4.795273e+00 -1.700699e+01 3.000000e+00
    endloop
  endfacet
  facet normal -2.276320e-02 -9.997409e-01 -0.000000e+00
    outer loop
      vertex   -4.795273e+00 -1.700699e+01 3.000000e+00
      vertex   -5.068290e+00 -1.700078e+01 4.000000e-01
      vertex   -4.795273e+00 -1.700699e+01 4.000000e-01
    endloop
  endfacet
  facet normal -1.135802e-01 -9.935288e-01 -0.000000e+00
    outer loop
      vertex   -4.795273e+00 -1.700699e+01 3.000000e+00
      vertex   -4.795273e+00 -1.700699e+01 4.000000e-01
      vertex   -4.523952e+00 -1.703801e+01 3.000000e+00
    endloop
  endfacet
  facet normal -1.135802e-01 -9.935288e-01 -0.000000e+00
    outer loop
      vertex   -4.523952e+00 -1.703801e+01 3.000000e+00
      vertex   -4.795273e+00 -1.700699e+01 4.000000e-01
      vertex   -4.523952e+00 -1.703801e+01 4.000000e-01
    endloop
  endfacet
  facet normal -2.034560e-01 -9.790841e-01 -0.000000e+00
    outer loop
      vertex   -4.523952e+00 -1.703801e+01 3.000000e+00
      vertex   -4.523952e+00 -1.703801e+01 4.000000e-01
      vertex   -4.256577e+00 -1.709357e+01 3.000000e+00
    endloop
  endfacet
  facet normal -2.034560e-01 -9.790841e-01 -0.000000e+00
    outer loop
      vertex   -4.256577e+00 -1.709357e+01 3.000000e+00
      vertex   -4.523952e+00 -1.703801e+01 4.000000e-01
      vertex   -4.256577e+00 -1.709357e+01 4.000000e-01
    endloop
  endfacet
  facet normal -2.916459e-01 -9.565263e-01 -0.000000e+00
    outer loop
      vertex   -4.256577e+00 -1.709357e+01 3.000000e+00
      vertex   -4.256577e+00 -1.709357e+01 4.000000e-01
      vertex   -3.995361e+00 -1.717322e+01 3.000000e+00
    endloop
  endfacet
  facet normal -2.916459e-01 -9.565263e-01 -0.000000e+00
    outer loop
      vertex   -3.995361e+00 -1.717322e+01 3.000000e+00
      vertex   -4.256577e+00 -1.709357e+01 4.000000e-01
      vertex   -3.995361e+00 -1.717322e+01 4.000000e-01
    endloop
  endfacet
  facet normal -3.774192e-01 -9.260425e-01 -0.000000e+00
    outer loop
      vertex   -3.995361e+00 -1.717322e+01 3.000000e+00
      vertex   -3.995361e+00 -1.717322e+01 4.000000e-01
      vertex   -3.742470e+00 -1.727629e+01 3.000000e+00
    endloop
  endfacet
  facet normal -3.774192e-01 -9.260425e-01 -0.000000e+00
    outer loop
      vertex   -3.742470e+00 -1.727629e+01 3.000000e+00
      vertex   -3.995361e+00 -1.717322e+01 4.000000e-01
      vertex   -3.742470e+00 -1.727629e+01 4.000000e-01
    endloop
  endfacet
  facet normal -4.600650e-01 -8.878852e-01 -0.000000e+00
    outer loop
      vertex   -3.742470e+00 -1.727629e+01 3.000000e+00
      vertex   -3.742470e+00 -1.727629e+01 4.000000e-01
      vertex   -3.500000e+00 -1.740192e+01 3.000000e+00
    endloop
  endfacet
  facet normal -4.600650e-01 -8.878852e-01 -0.000000e+00
    outer loop
      vertex   -3.500000e+00 -1.740192e+01 3.000000e+00
      vertex   -3.742470e+00 -1.727629e+01 4.000000e-01
      vertex   -3.500000e+00 -1.740192e+01 4.000000e-01
    endloop
  endfacet
  facet normal -5.388986e-01 -8.423706e-01 -0.000000e+00
    outer loop
      vertex   -3.500000e+00 -1.740192e+01 3.000000e+00
      vertex   -3.500000e+00 -1.740192e+01 4.000000e-01
      vertex   -3.269959e+00 -1.754909e+01 3.000000e+00
    endloop
  endfacet
  facet normal -5.388986e-01 -8.423706e-01 -0.000000e+00
    outer loop
      vertex   -3.269959e+00 -1.754909e+01 3.000000e+00
      vertex   -3.500000e+00 -1.740192e+01 4.000000e-01
      vertex   -3.269959e+00 -1.754909e+01 4.000000e-01
    endloop
  endfacet
  facet normal -6.132668e-01 -7.898759e-01 -0.000000e+00
    outer loop
      vertex   -3.269959e+00 -1.754909e+01 3.000000e+00
      vertex   -3.269959e+00 -1.754909e+01 4.000000e-01
      vertex   -3.054254e+00 -1.771657e+01 3.000000e+00
    endloop
  endfacet
  facet normal -6.132668e-01 -7.898759e-01 -0.000000e+00
    outer loop
      vertex   -3.054254e+00 -1.771657e+01 3.000000e+00
      vertex   -3.269959e+00 -1.754909e+01 4.000000e-01
      vertex   -3.054254e+00 -1.771657e+01 4.000000e-01
    endloop
  endfacet
  facet normal -6.825531e-01 -7.308360e-01 -0.000000e+00
    outer loop
      vertex   -3.054254e+00 -1.771657e+01 3.000000e+00
      vertex   -3.054254e+00 -1.771657e+01 4.000000e-01
      vertex   -2.854671e+00 -1.790296e+01 3.000000e+00
    endloop
  endfacet
  facet normal -6.825531e-01 -7.308360e-01 -0.000000e+00
    outer loop
      vertex   -2.854671e+00 -1.790296e+01 3.000000e+00
      vertex   -3.054254e+00 -1.771657e+01 4.000000e-01
      vertex   -2.854671e+00 -1.790296e+01 4.000000e-01
    endloop
  endfacet
  facet normal -7.461837e-01 -6.657401e-01 -0.000000e+00
    outer loop
      vertex   -2.854671e+00 -1.790296e+01 3.000000e+00
      vertex   -2.854671e+00 -1.790296e+01 4.000000e-01
      vertex   -2.672866e+00 -1.810674e+01 3.000000e+00
    endloop
  endfacet
  facet normal -7.461837e-01 -6.657401e-01 -0.000000e+00
    outer loop
      vertex   -2.672866e+00 -1.810674e+01 3.000000e+00
      vertex   -2.854671e+00 -1.790296e+01 4.000000e-01
      vertex   -2.672866e+00 -1.810674e+01 4.000000e-01
    endloop
  endfacet
  facet normal -8.036311e-01 -5.951277e-01 -0.000000e+00
    outer loop
      vertex   -2.672866e+00 -1.810674e+01 3.000000e+00
      vertex   -2.672866e+00 -1.810674e+01 4.000000e-01
      vertex   -2.510344e+00 -1.832620e+01 3.000000e+00
    endloop
  endfacet
  facet normal -8.036311e-01 -5.951277e-01 -0.000000e+00
    outer loop
      vertex   -2.510344e+00 -1.832620e+01 3.000000e+00
      vertex   -2.672866e+00 -1.810674e+01 4.000000e-01
      vertex   -2.510344e+00 -1.832620e+01 4.000000e-01
    endloop
  endfacet
  facet normal -8.544194e-01 -5.195840e-01 -0.000000e+00
    outer loop
      vertex   -2.510344e+00 -1.832620e+01 3.000000e+00
      vertex   -2.510344e+00 -1.832620e+01 4.000000e-01
      vertex   -2.368452e+00 -1.855953e+01 3.000000e+00
    endloop
  endfacet
  facet normal -8.544194e-01 -5.195840e-01 -0.000000e+00
    outer loop
      vertex   -2.368452e+00 -1.855953e+01 3.000000e+00
      vertex   -2.510344e+00 -1.832620e+01 4.000000e-01
      vertex   -2.368452e+00 -1.855953e+01 4.000000e-01
    endloop
  endfacet
  facet normal -8.981277e-01 -4.397347e-01 -0.000000e+00
    outer loop
      vertex   -2.368452e+00 -1.855953e+01 3.000000e+00
      vertex   -2.368452e+00 -1.855953e+01 4.000000e-01
      vertex   -2.248366e+00 -1.880480e+01 3.000000e+00
    endloop
  endfacet
  facet normal -8.981277e-01 -4.397347e-01 -0.000000e+00
    outer loop
      vertex   -2.248366e+00 -1.880480e+01 3.000000e+00
      vertex   -2.368452e+00 -1.855953e+01 4.000000e-01
      vertex   -2.248366e+00 -1.880480e+01 4.000000e-01
    endloop
  endfacet
  facet normal -9.343938e-01 -3.562417e-01 -0.000000e+00
    outer loop
      vertex   -2.248366e+00 -1.880480e+01 3.000000e+00
      vertex   -2.248366e+00 -1.880480e+01 4.000000e-01
      vertex   -2.151081e+00 -1.905997e+01 3.000000e+00
    endloop
  endfacet
  facet normal -9.343938e-01 -3.562417e-01 -0.000000e+00
    outer loop
      vertex   -2.151081e+00 -1.905997e+01 3.000000e+00
      vertex   -2.248366e+00 -1.880480e+01 4.000000e-01
      vertex   -2.151081e+00 -1.905997e+01 4.000000e-01
    endloop
  endfacet
  facet normal -9.629173e-01 -2.697968e-01 -0.000000e+00
    outer loop
      vertex   -2.151081e+00 -1.905997e+01 3.000000e+00
      vertex   -2.151081e+00 -1.905997e+01 4.000000e-01
      vertex   -2.077403e+00 -1.932293e+01 3.000000e+00
    endloop
  endfacet
  facet normal -9.629173e-01 -2.697968e-01 -0.000000e+00
    outer loop
      vertex   -2.077403e+00 -1.932293e+01 3.000000e+00
      vertex   -2.151081e+00 -1.905997e+01 4.000000e-01
      vertex   -2.077403e+00 -1.932293e+01 4.000000e-01
    endloop
  endfacet
  facet normal -9.834617e-01 -1.811162e-01 -0.000000e+00
    outer loop
      vertex   -2.077403e+00 -1.932293e+01 3.000000e+00
      vertex   -2.077403e+00 -1.932293e+01 4.000000e-01
      vertex   -2.027942e+00 -1.959150e+01 3.000000e+00
    endloop
  endfacet
  facet normal -9.834617e-01 -1.811162e-01 -0.000000e+00
    outer loop
      vertex   -2.027942e+00 -1.959150e+01 3.000000e+00
      vertex   -2.077403e+00 -1.932293e+01 4.000000e-01
      vertex   -2.027942e+00 -1.959150e+01 4.000000e-01
    endloop
  endfacet
  facet normal -9.958568e-01 -9.093486e-02 -0.000000e+00
    outer loop
      vertex   -2.027942e+00 -1.959150e+01 3.000000e+00
      vertex   -2.027942e+00 -1.959150e+01 4.000000e-01
      vertex   -2.003109e+00 -1.986346e+01 3.000000e+00
    endloop
  endfacet
  facet normal -9.958568e-01 -9.093486e-02 -0.000000e+00
    outer loop
      vertex   -2.003109e+00 -1.986346e+01 3.000000e+00
      vertex   -2.027942e+00 -1.959150e+01 4.000000e-01
      vertex   -2.003109e+00 -1.986346e+01 4.000000e-01
    endloop
  endfacet
  facet normal -1.000000e+00 -0.000000e+00 -0.000000e+00
    outer loop
      vertex   -2.003109e+00 -1.986346e+01 3.000000e+00
      vertex   -2.003109e+00 -1.986346e+01 4.000000e-01
      vertex   -2.003109e+00 -2.013654e+01 3.000000e+00
    endloop
  endfacet
  facet normal -1.000000e+00 0.000000e+00 0.000000e+00
    outer loop
      vertex   -2.003109e+00 -2.013654e+01 3.000000e+00
      vertex   -2.003109e+00 -1.986346e+01 4.000000e-01
      vertex   -2.003109e+00 -2.013654e+01 4.000000e-01
    endloop
  endfacet
  facet normal -9.958568e-01 9.093486e-02 0.000000e+00
    outer loop
      vertex   -2.003109e+00 -2.013654e+01 3.000000e+00
      vertex   -2.003109e+00 -2.013654e+01 4.000000e-01
      vertex   -2.027942e+00 -2.040850e+01 3.000000e+00
    endloop
  endfacet
  facet normal -9.958568e-01 9.093486e-02 0.000000e+00
    outer loop
      vertex   -2.027942e+00 -2.040850e+01 3.000000e+00
      vertex   -2.003109e+00 -2.013654e+01 4.000000e-01
      vertex   -2.027942e+00 -2.040850e+01 4.000000e-01
    endloop
  endfacet
  facet normal -9.834617e-01 1.811162e-01 0.000000e+00
    outer loop
      vertex   -2.027942e+00 -2.040850e+01 3.000000e+00
      vertex   -2.027942e+00 -2.040850e+01 4.000000e-01
      vertex   -2.077403e+00 -2.067707e+01 3.000000e+00
    endloop
  endfacet
  facet normal -9.834617e-01 1.811162e-01 0.000000e+00
    outer loop
      vertex   -2.077403e+00 -2.067707e+01 3.000000e+00
      vertex   -2.027942e+00 -2.040850e+01 4.000000e-01
      vertex   -2.077403e+00 -2.067707e+01 4.000000e-01
    endloop
  endfacet
  facet normal -9.629173e-01 2.697968e-01 0.000000e+00
    outer loop
      vertex   -2.077403e+00 -2.067707e+01 3.000000e+00
      vertex   -2.077403e+00 -2.067707e+01 4.000000e-01
      vertex   -2.151081e+00 -2.094003e+01 3.000000e+00
    endloop
  endfacet
  facet normal -9.629173e-01 2.697968e-01 0.000000e+00
    outer loop
      vertex   -2.151081e+00 -2.094003e+01 3.000000e+00
      vertex   -2.077403e+00 -2.067707e+01 4.000000e-01
      vertex   -2.151081e+00 -2.094003e+01 4.000000e-01
    endloop
  endfacet
  facet normal -9.343938e-01 3.562417e-01 0.000000e+00
    outer loop
      vertex   -2.151081e+00 -2.094003e+01 3.000000e+00
      vertex   -2.151081e+00 -2.094003e+01 4.000000e-01
      vertex   -2.248366e+00 -2.119520e+01 3.000000e+00
    endloop
  endfacet
  facet normal -9.343938e-01 3.562417e-01 0.000000e+00
    outer loop
      vertex   -2.248366e+00 -2.119520e+01 3.000000e+00
      vertex   -2.151081e+00 -2.094003e+01 4.000000e-01
      vertex   -2.248366e+00 -2.119520e+01 4.000000e-01
    endloop
  endfacet
  facet normal -8.981277e-01 4.397347e-01 0.000000e+00
    outer loop
      vertex   -2.248366e+00 -2.119520e+01 3.000000e+00
      vertex   -2.248366e+00 -2.119520e+01 4.000000e-01
      vertex   -2.368452e+00 -2.144047e+01 3.000000e+00
    endloop
  endfacet
  facet normal -8.981277e-01 4.397347e-01 0.000000e+00
    outer loop
      vertex   -2.368452e+00 -2.144047e+01 3.000000e+00
      vertex   -2.248366e+00 -2.119520e+01 4.000000e-01
      vertex   -2.368452e+00 -2.144047e+01 4.000000e-01
    endloop
  endfacet
  facet normal -8.544194e-01 5.195840e-01 0.000000e+00
    outer loop
      vertex   -2.368452e+00 -2.144047e+01 3.000000e+00
      vertex   -2.368452e+00 -2.144047e+01 4.000000e-01
      vertex   -2.510344e+00 -2.167380e+01 3.000000e+00
    endloop
  endfacet
  facet normal -8.544194e-01 5.195840e-01 0.000000e+00
    outer loop
      vertex   -2.510344e+00 -2.167380e+01 3.000000e+00
      vertex   -2.368452e+00 -2.144047e+01 4.000000e-01
      vertex   -2.510344e+00 -2.167380e+01 4.000000e-01
    endloop
  endfacet
  facet normal -8.036311e-01 5.951277e-01 0.000000e+00
    outer loop
      vertex   -2.510344e+00 -2.167380e+01 3.000000e+00
      vertex   -2.510344e+00 -2.167380e+01 4.000000e-01
      vertex   -2.672866e+00 -2.189326e+01 3.000000e+00
    endloop
  endfacet
  facet normal -8.036311e-01 5.951277e-01 0.000000e+00
    outer loop
      vertex   -2.672866e+00 -2.189326e+01 3.000000e+00
      vertex   -2.510344e+00 -2.167380e+01 4.000000e-01
      vertex   -2.672866e+00 -2.189326e+01 4.000000e-01
    endloop
  endfacet
  facet normal -7.461837e-01 6.657401e-01 0.000000e+00
    outer loop
      vertex   -2.672866e+00 -2.189326e+01 3.000000e+00
      vertex   -2.672866e+00 -2.189326e+01 4.000000e-01
      vertex   -2.854671e+00 -2.209704e+01 3.000000e+00
    endloop
  endfacet
  facet normal -7.461837e-01 6.657401e-01 0.000000e+00
    outer loop
      vertex   -2.854671e+00 -2.209704e+01 3.000000e+00
      vertex   -2.672866e+00 -2.189326e+01 4.000000e-01
      vertex   -2.854671e+00 -2.209704e+01 4.000000e-01
    endloop
  endfacet
  facet normal -6.825531e-01 7.308360e-01 0.000000e+00
    outer loop
      vertex   -2.854671e+00 -2.209704e+01 3.000000e+00
      vertex   -2.854671e+00 -2.209704e+01 4.000000e-01
      vertex   -3.054254e+00 -2.228343e+01 3.000000e+00
    endloop
  endfacet
  facet normal -6.825531e-01 7.308360e-01 0.000000e+00
    outer loop
      vertex   -3.054254e+00 -2.228343e+01 3.000000e+00
      vertex   -2.854671e+00 -2.209704e+01 4.000000e-01
      vertex   -3.054254e+00 -2.228343e+01 4.000000e-01
    endloop
  endfacet
  facet normal -6.132668e-01 7.898759e-01 0.000000e+00
    outer loop
      vertex   -3.054254e+00 -2.228343e+01 3.000000e+00
      vertex   -3.054254e+00 -2.228343e+01 4.000000e-01
      vertex   -3.269959e+00 -2.245091e+01 3.000000e+00
    endloop
  endfacet
  facet normal -6.132668e-01 7.898759e-01 0.000000e+00
    outer loop
      vertex   -3.269959e+00 -2.245091e+01 3.000000e+00
      vertex   -3.054254e+00 -2.228343e+01 4.000000e-01
      vertex   -3.269959e+00 -2.245091e+01 4.000000e-01
    endloop
  endfacet
  facet normal -5.388986e-01 8.423706e-01 0.000000e+00
    outer loop
      vertex   -3.269959e+00 -2.245091e+01 3.000000e+00
      vertex   -3.269959e+00 -2.245091e+01 4.000000e-01
      vertex   -3.500000e+00 -2.259808e+01 3.000000e+00
    endloop
  endfacet
  facet normal -5.388986e-01 8.423706e-01 0.000000e+00
    outer loop
      vertex   -3.500000e+00 -2.259808e+01 3.000000e+00
      vertex   -3.269959e+00 -2.245091e+01 4.000000e-01
      vertex   -3.500000e+00 -2.259808e+01 4.000000e-01
    endloop
  endfacet
  facet normal -4.600650e-01 8.878852e-01 0.000000e+00
    outer loop
      vertex   -3.500000e+00 -2.259808e+01 3.000000e+00
      vertex   -3.500000e+00 -2.259808e+01 4.000000e-01
      vertex   -3.742470e+00 -2.272371e+01 3.000000e+00
    endloop
  endfacet
  facet normal -4.600650e-01 8.878852e-01 0.000000e+00
    outer loop
      vertex   -3.742470e+00 -2.272371e+01 3.000000e+00
      vertex   -3.500000e+00 -2.259808e+01 4.000000e-01
      vertex   -3.742470e+00 -2.272371e+01 4.000000e-01
    endloop
  endfacet
  facet normal -3.774192e-01 9.260425e-01 0.000000e+00
    outer loop
      vertex   -3.742470e+00 -2.272371e+01 3.000000e+00
      vertex   -3.742470e+00 -2.272371e+01 4.000000e-01
      vertex   -3.995361e+00 -2.282678e+01 3.000000e+00
    endloop
  endfacet
  facet normal -3.774192e-01 9.260425e-01 0.000000e+00
    outer loop
      vertex   -3.995361e+00 -2.282678e+01 3.000000e+00
      vertex   -3.742470e+00 -2.272371e+01 4.000000e-01
      vertex   -3.995361e+00 -2.282678e+01 4.000000e-01
    endloop
  endfacet
  facet normal -2.916459e-01 9.565263e-01 0.000000e+00
    outer loop
      vertex   -3.995361e+00 -2.282678e+01 3.000000e+00
      vertex   -3.995361e+00 -2.282678e+01 4.000000e-01
      vertex   -4.256577e+00 -2.290643e+01 3.000000e+00
    endloop
  endfacet
  facet normal -2.916459e-01 9.565263e-01 0.000000e+00
    outer loop
      vertex   -4.256577e+00 -2.290643e+01 3.000000e+00
      vertex   -3.995361e+00 -2.282678e+01 4.000000e-01
      vertex   -4.256577e+00 -2.290643e+01 4.000000e-01
    endloop
  endfacet
  facet normal -2.034560e-01 9.790841e-01 0.000000e+00
    outer loop
      vertex   -4.256577e+00 -2.290643e+01 3.000000e+00
      vertex   -4.256577e+00 -2.290643e+01 4.000000e-01
      vertex   -4.523952e+00 -2.296199e+01 3.000000e+00
    endloop
  endfacet
  facet normal -2.034560e-01 9.790841e-01 0.000000e+00
    outer loop
      vertex   -4.523952e+00 -2.296199e+01 3.000000e+00
      vertex   -4.256577e+00 -2.290643e+01 4.000000e-01
      vertex   -4.523952e+00 -2.296199e+01 4.000000e-01
    endloop
  endfacet
  facet normal -1.135802e-01 9.935288e-01 0.000000e+00
    outer loop
      vertex   -4.523952e+00 -2.296199e+01 3.000000e+00
      vertex   -4.523952e+00 -2.296199e+01 4.000000e-01
      vertex   -4.795273e+00 -2.299301e+01 3.000000e+00
    endloop
  endfacet
  facet normal -1.135802e-01 9.935288e-01 0.000000e+00
    outer loop
      vertex   -4.795273e+00 -2.299301e+01 3.000000e+00
      vertex   -4.523952e+00 -2.296199e+01 4.000000e-01
      vertex   -4.795273e+00 -2.299301e+01 4.000000e-01
    endloop
  endfacet
  facet normal -2.276320e-02 9.997409e-01 0.000000e+00
    outer loop
      vertex   -4.795273e+00 -2.299301e+01 3.000000e+00
      vertex   -4.795273e+00 -2.299301e+01 4.000000e-01
      vertex   -5.068290e+00 -2.299922e+01 3.000000e+00
    endloop
  endfacet
  facet normal -2.276320e-02 9.997409e-01 0.000000e+00
    outer loop
      vertex   -5.068290e+00 -2.299922e+01 3.000000e+00
      vertex   -4.795273e+00 -2.299301e+01 4.000000e-01
      vertex   -5.068290e+00 -2.299922e+01 4.000000e-01
    endloop
  endfacet
  facet normal 6.824241e-02 9.976688e-01 0.000000e+00
    outer loop
      vertex   -5.068290e+00 -2.299922e+01 3.000000e+00
      vertex   -5.068290e+00 -2.299922e+01 4.000000e-01
      vertex   -5.340741e+00 -2.298059e+01 3.000000e+00
    endloop
  endfacet
  facet normal 6.824241e-02 9.976688e-01 0.000000e+00
    outer loop
      vertex   -5.340741e+00 -2.298059e+01 3.000000e+00
      vertex   -5.068290e+00 -2.299922e+01 4.000000e-01
      vertex   -5.340741e+00 -2.298059e+01 4.000000e-01
    endloop
  endfacet
  facet normal 1.586825e-01 9.873297e-01 0.000000e+00
    outer loop
      vertex   -5.340741e+00 -2.298059e+01 3.000000e+00
      vertex   -5.340741e+00 -2.298059e+01 4.000000e-01
      vertex   -5.610368e+00 -2.293725e+01 3.000000e+00
    endloop
  endfacet
  facet normal 1.586825e-01 9.873297e-01 0.000000e+00
    outer loop
      vertex   -5.610368e+00 -2.293725e+01 3.000000e+00
      vertex   -5.340741e+00 -2.298059e+01 4.000000e-01
      vertex   -5.610368e+00 -2.293725e+01 4.000000e-01
    endloop
  endfacet
  facet normal 2.478078e-01 9.688092e-01 0.000000e+00
    outer loop
      vertex   -5.610368e+00 -2.293725e+01 3.000000e+00
      vertex   -5.610368e+00 -2.293725e+01 4.000000e-01
      vertex   -5.874938e+00 -2.286958e+01 3.000000e+00
    endloop
  endfacet
  facet normal 2.478078e-01 9.688092e-01 0.000000e+00
    outer loop
      vertex   -5.874938e+00 -2.286958e+01 3.000000e+00
      vertex   -5.610368e+00 -2.293725e+01 4.000000e-01
      vertex   -5.874938e+00 -2.286958e+01 4.000000e-01
    endloop
  endfacet
  facet normal 3.348796e-01 9.422609e-01 0.000000e+00
    outer loop
      vertex   -5.874938e+00 -2.286958e+01 3.000000e+00
      vertex   -5.874938e+00 -2.286958e+01 4.000000e-01
      vertex   -6.132258e+00 -2.277813e+01 3.000000e+00
    endloop
  endfacet
  facet normal 3.348796e-01 9.422609e-01 0.000000e+00
    outer loop
      vertex   -6.132258e+00 -2.277813e+01 3.000000e+00
      vertex   -5.874938e+00 -2.286958e+01 4.000000e-01
      vertex   -6.132258e+00 -2.277813e+01 4.000000e-01
    endloop
  endfacet
  facet normal 4.191765e-01 9.079048e-01 0.000000e+00
    outer loop
      vertex   -6.132258e+00 -2.277813e+01 3.000000e+00
      vertex   -6.132258e+00 -2.277813e+01 4.000000e-01
      vertex   -6.380195e+00 -2.266366e+01 3.000000e+00
    endloop
  endfacet
  facet normal 4.191765e-01 9.079048e-01 0.000000e+00
    outer loop
      vertex   -6.380195e+00 -2.266366e+01 3.000000e+00
      vertex   -6.132258e+00 -2.277813e+01 4.000000e-01
      vertex   -6.380195e+00 -2.266366e+01 4.000000e-01
    endloop
  endfacet
  facet normal 5.000000e-01 8.660254e-01 0.000000e+00
    outer loop
      vertex   -6.380195e+00 -2.266366e+01 3.000000e+00
      vertex   -6.380195e+00 -2.266366e+01 4.000000e-01
      vertex   -6.616696e+00 -2.252711e+01 3.000000e+00
    endloop
  endfacet
  facet normal 5.000000e-01 8.660254e-01 0.000000e+00
    outer loop
      vertex   -6.616696e+00 -2.252711e+01 3.000000e+00
      vertex   -6.380195e+00 -2.266366e+01 4.000000e-01
      vertex   -6.616696e+00 -2.252711e+01 4.000000e-01
    endloop
  endfacet
  facet normal 5.766803e-01 8.169699e-01 0.000000e+00
    outer loop
      vertex   -6.616696e+00 -2.252711e+01 3.000000e+00
      vertex   -6.616696e+00 -2.252711e+01 4.000000e-01
      vertex   -6.839800e+00 -2.236963e+01 3.000000e+00
    endloop
  endfacet
  facet normal 5.766803e-01 8.169699e-01 0.000000e+00
    outer loop
      vertex   -6.839800e+00 -2.236963e+01 3.000000e+00
      vertex   -6.616696e+00 -2.252711e+01 4.000000e-01
      vertex   -6.839800e+00 -2.236963e+01 4.000000e-01
    endloop
  endfacet
  facet normal 6.485821e-01 7.611447e-01 0.000000e+00
    outer loop
      vertex   -6.839800e+00 -2.236963e+01 3.000000e+00
      vertex   -6.839800e+00 -2.236963e+01 4.000000e-01
      vertex   -7.047659e+00 -2.219251e+01 3.000000e+00
    endloop
  endfacet
  facet normal 6.485821e-01 7.611447e-01 0.000000e+00
    outer loop
      vertex   -7.047659e+00 -2.219251e+01 3.000000e+00
      vertex   -6.839800e+00 -2.236963e+01 4.000000e-01
      vertex   -7.047659e+00 -2.219251e+01 4.000000e-01
    endloop
  endfacet
  facet normal 7.151095e-01 6.990124e-01 0.000000e+00
    outer loop
      vertex   -7.047659e+00 -2.219251e+01 3.000000e+00
      vertex   -7.047659e+00 -2.219251e+01 4.000000e-01
      vertex   -7.238551e+00 -2.199722e+01 3.000000e+00
    endloop
  endfacet
  facet normal 7.151095e-01 6.990124e-01 0.000000e+00
    outer loop
      vertex   -7.238551e+00 -2.199722e+01 3.000000e+00
      vertex   -7.047659e+00 -2.219251e+01 4.000000e-01
      vertex   -7.238551e+00 -2.199722e+01 4.000000e-01
    endloop
  endfacet
  facet normal 7.757113e-01 6.310879e-01 0.000000e+00
    outer loop
      vertex   -7.238551e+00 -2.199722e+01 3.000000e+00
      vertex   -7.238551e+00 -2.199722e+01 4.000000e-01
      vertex   -7.410893e+00 -2.178538e+01 3.000000e+00
    endloop
  endfacet
  facet normal 7.757113e-01 6.310879e-01 0.000000e+00
    outer loop
      vertex   -7.410893e+00 -2.178538e+01 3.000000e+00
      vertex   -7.238551e+00 -2.199722e+01 4.000000e-01
      vertex   -7.410893e+00 -2.178538e+01 4.000000e-01
    endloop
  endfacet
  facet normal 8.298853e-01 5.579340e-01 0.000000e+00
    outer loop
      vertex   -7.410893e+00 -2.178538e+01 3.000000e+00
      vertex   -7.410893e+00 -2.178538e+01 4.000000e-01
      vertex   -7.563258e+00 -2.155875e+01 3.000000e+00
    endloop
  endfacet
  facet normal 8.298853e-01 5.579340e-01 0.000000e+00
    outer loop
      vertex   -7.563258e+00 -2.155875e+01 3.000000e+00
      vertex   -7.410893e+00 -2.178538e+01 4.000000e-01
      vertex   -7.563258e+00 -2.155875e+01 4.000000e-01
    endloop
  endfacet
  facet normal 8.771826e-01 4.801569e-01 0.000000e+00
    outer loop
      vertex   -7.563258e+00 -2.155875e+01 3.000000e+00
      vertex   -7.563258e+00 -2.155875e+01 4.000000e-01
      vertex   -7.694383e+00 -2.131920e+01 3.000000e+00
    endloop
  endfacet
  facet normal 8.771826e-01 4.801569e-01 0.000000e+00
    outer loop
      vertex   -7.694383e+00 -2.131920e+01 3.000000e+00
      vertex   -7.563258e+00 -2.155875e+01 4.000000e-01
      vertex   -7.694383e+00 -2.131920e+01 4.000000e-01
    endloop
  endfacet
  facet normal 9.172113e-01 3.984011e-01 0.000000e+00
    outer loop
      vertex   -7.694383e+00 -2.131920e+01 3.000000e+00
      vertex   -7.694383e+00 -2.131920e+01 4.000000e-01
      vertex   -7.803182e+00 -2.106873e+01 3.000000e+00
    endloop
  endfacet
  facet normal 9.172113e-01 3.984011e-01 0.000000e+00
    outer loop
      vertex   -7.803182e+00 -2.106873e+01 3.000000e+00
      vertex   -7.694383e+00 -2.131920e+01 4.000000e-01
      vertex   -7.803182e+00 -2.106873e+01 4.000000e-01
    endloop
  endfacet
  facet normal 9.496397e-01 3.133440e-01 0.000000e+00
    outer loop
      vertex   -7.803182e+00 -2.106873e+01 3.000000e+00
      vertex   -7.803182e+00 -2.106873e+01 4.000000e-01
      vertex   -7.888752e+00 -2.080939e+01 3.000000e+00
    endloop
  endfacet
  facet normal 9.496397e-01 3.133440e-01 0.000000e+00
    outer loop
      vertex   -7.888752e+00 -2.080939e+01 3.000000e+00
      vertex   -7.803182e+00 -2.106873e+01 4.000000e-01
      vertex   -7.888752e+00 -2.080939e+01 4.000000e-01
    endloop
  endfacet
  facet normal 9.741991e-01 2.256904e-01 0.000000e+00
    outer loop
      vertex   -7.888752e+00 -2.080939e+01 3.000000e+00
      vertex   -7.888752e+00 -2.080939e+01 4.000000e-01
      vertex   -7.950385e+00 -2.054335e+01 3.000000e+00
    endloop
  endfacet
  facet normal 9.741991e-01 2.256904e-01 0.000000e+00
    outer loop
      vertex   -7.950385e+00 -2.054335e+01 3.000000e+00
      vertex   -7.888752e+00 -2.080939e+01 4.000000e-01
      vertex   -7.950385e+00 -2.054335e+01 4.000000e-01
    endloop
  endfacet
  facet normal 9.906859e-01 1.361666e-01 0.000000e+00
    outer loop
      vertex   -7.950385e+00 -2.054335e+01 3.000000e+00
      vertex   -7.950385e+00 -2.054335e+01 4.000000e-01
      vertex   -7.987571e+00 -2.027280e+01 3.000000e+00
    endloop
  endfacet
  facet normal 9.906859e-01 1.361666e-01 0.000000e+00
    outer loop
      vertex   -7.987571e+00 -2.027280e+01 3.000000e+00
      vertex   -7.950385e+00 -2.054335e+01 4.000000e-01
      vertex   -7.987571e+00 -2.027280e+01 4.000000e-01
    endloop
  endfacet
  facet normal -7.071068e-01 1.477220e-12 -7.071068e-01
    outer loop
      vertex   8.000000e+00 2.100002e+01 4.000000e-01
      vertex   8.400000e+00 2.100002e+01 0.000000e+00
      vertex   8.000000e+00 1.300001e+01 4.000000e-01
    endloop
  endfacet
  facet normal -7.071068e-01 1.392671e-12 -7.071068e-01
    outer loop
      vertex   8.000000e+00 1.300001e+01 4.000000e-01
      vertex   8.400000e+00 2.100002e+01 0.000000e+00
      vertex   8.400000e+00 1.300001e+01 0.000000e+00
    endloop
  endfacet
  facet normal 7.067879e-01 -3.002739e-02 -7.067880e-01
    outer loop
      vertex   1.600000e+00 2.100002e+01 0.000000e+00
      vertex   1.612250e+00 2.128836e+01 0.000000e+00
      vertex   2.000000e+00 2.100001e+01 4.000000e-01
    endloop
  endfacet
  facet normal 7.061321e-01 -3.171582e-02 -7.073695e-01
    outer loop
      vertex   2.000000e+00 2.100001e+01 4.000000e-01
      vertex   1.612250e+00 2.128836e+01 0.000000e+00
      vertex   2.012078e+00 2.126893e+01 4.000000e-01
    endloop
  endfacet
  facet normal 7.022063e-01 -8.992426e-02 -7.062719e-01
    outer loop
      vertex   2.012078e+00 2.126893e+01 4.000000e-01
      vertex   1.612250e+00 2.128836e+01 0.000000e+00
      vertex   1.648908e+00 2.157462e+01 0.000000e+00
    endloop
  endfacet
  facet normal 6.999037e-01 -9.481159e-02 -7.079163e-01
    outer loop
      vertex   2.012078e+00 2.126893e+01 4.000000e-01
      vertex   1.648908e+00 2.157462e+01 0.000000e+00
      vertex   2.048214e+00 2.153568e+01 4.000000e-01
    endloop
  endfacet
  facet normal 6.924934e-01 -1.492468e-01 -7.058174e-01
    outer loop
      vertex   2.048214e+00 2.153568e+01 4.000000e-01
      vertex   1.648908e+00 2.157462e+01 0.000000e+00
      vertex   1.709712e+00 2.185674e+01 0.000000e+00
    endloop
  endfacet
  facet normal 6.881225e-01 -1.570625e-01 -7.083917e-01
    outer loop
      vertex   2.048214e+00 2.153568e+01 4.000000e-01
      vertex   1.709712e+00 2.185674e+01 0.000000e+00
      vertex   2.108115e+00 2.179812e+01 4.000000e-01
    endloop
  endfacet
  facet normal 6.777155e-01 -2.075510e-01 -7.054249e-01
    outer loop
      vertex   2.108115e+00 2.179812e+01 4.000000e-01
      vertex   1.709712e+00 2.185674e+01 0.000000e+00
      vertex   1.794221e+00 2.213269e+01 0.000000e+00
    endloop
  endfacet
  facet normal 6.708875e-01 -2.179874e-01 -7.087958e-01
    outer loop
      vertex   2.108115e+00 2.179812e+01 4.000000e-01
      vertex   1.794221e+00 2.213269e+01 0.000000e+00
      vertex   2.191299e+00 2.205413e+01 4.000000e-01
    endloop
  endfacet
  facet normal 6.579774e-01 -2.643999e-01 -7.050946e-01
    outer loop
      vertex   2.191299e+00 2.205413e+01 4.000000e-01
      vertex   1.794221e+00 2.213269e+01 0.000000e+00
      vertex   1.901828e+00 2.240048e+01 0.000000e+00
    endloop
  endfacet
  facet normal 6.483384e-01 -2.771158e-01 -7.091292e-01
    outer loop
      vertex   2.191299e+00 2.205413e+01 4.000000e-01
      vertex   1.901828e+00 2.240048e+01 0.000000e+00
      vertex   2.297098e+00 2.230166e+01 4.000000e-01
    endloop
  endfacet
  facet normal 6.334220e-01 -3.193674e-01 -7.048269e-01
    outer loop
      vertex   2.297098e+00 2.230166e+01 4.000000e-01
      vertex   1.901828e+00 2.240048e+01 0.000000e+00
      vertex   2.031757e+00 2.265817e+01 0.000000e+00
    endloop
  endfacet
  facet normal 6.206551e-01 -3.339913e-01 -7.093920e-01
    outer loop
      vertex   2.297098e+00 2.230166e+01 4.000000e-01
      vertex   2.031757e+00 2.265817e+01 0.000000e+00
      vertex   2.424658e+00 2.253871e+01 4.000000e-01
    endloop
  endfacet
  facet normal 6.042293e-01 -3.720413e-01 -7.046220e-01
    outer loop
      vertex   2.424658e+00 2.253871e+01 4.000000e-01
      vertex   2.031757e+00 2.265817e+01 0.000000e+00
      vertex   2.183073e+00 2.290392e+01 0.000000e+00
    endloop
  endfacet
  facet normal 5.880561e-01 -3.881749e-01 -7.095846e-01
    outer loop
      vertex   2.424658e+00 2.253871e+01 4.000000e-01
      vertex   2.183073e+00 2.290392e+01 0.000000e+00
      vertex   2.572954e+00 2.276336e+01 4.000000e-01
    endloop
  endfacet
  facet normal 5.706147e-01 -4.220269e-01 -7.044801e-01
    outer loop
      vertex   2.572954e+00 2.276336e+01 4.000000e-01
      vertex   2.183073e+00 2.290392e+01 0.000000e+00
      vertex   2.354684e+00 2.313596e+01 0.000000e+00
    endloop
  endfacet
  facet normal 5.507967e-01 -4.392481e-01 -7.097071e-01
    outer loop
      vertex   2.572954e+00 2.276336e+01 4.000000e-01
      vertex   2.354684e+00 2.313596e+01 0.000000e+00
      vertex   2.740790e+00 2.297382e+01 4.000000e-01
    endloop
  endfacet
  facet normal 5.328276e-01 -4.689497e-01 -7.044012e-01
    outer loop
      vertex   2.740790e+00 2.297382e+01 4.000000e-01
      vertex   2.354684e+00 2.313596e+01 0.000000e+00
      vertex   2.545355e+00 2.335260e+01 0.000000e+00
    endloop
  endfacet
  facet normal 5.091674e-01 -4.868161e-01 -7.097595e-01
    outer loop
      vertex   2.740790e+00 2.297382e+01 4.000000e-01
      vertex   2.545355e+00 2.335260e+01 0.000000e+00
      vertex   2.926817e+00 2.316839e+01 4.000000e-01
    endloop
  endfacet
  facet normal 4.911493e-01 -5.124584e-01 -7.043854e-01
    outer loop
      vertex   2.926817e+00 2.316839e+01 4.000000e-01
      vertex   2.545355e+00 2.335260e+01 0.000000e+00
      vertex   2.753711e+00 2.355229e+01 0.000000e+00
    endloop
  endfacet
  facet normal 4.634916e-01 -5.305109e-01 -7.097421e-01
    outer loop
      vertex   2.926817e+00 2.316839e+01 4.000000e-01
      vertex   2.753711e+00 2.355229e+01 0.000000e+00
      vertex   3.129535e+00 2.334550e+01 4.000000e-01
    endloop
  endfacet
  facet normal 4.458911e-01 -5.522279e-01 -7.044327e-01
    outer loop
      vertex   3.129535e+00 2.334550e+01 4.000000e-01
      vertex   2.753711e+00 2.355229e+01 0.000000e+00
      vertex   2.978252e+00 2.373359e+01 0.000000e+00
    endloop
  endfacet
  facet normal 4.141230e-01 -5.699934e-01 -7.096546e-01
    outer loop
      vertex   3.129535e+00 2.334550e+01 4.000000e-01
      vertex   2.978252e+00 2.373359e+01 0.000000e+00
      vertex   3.347313e+00 2.350372e+01 4.000000e-01
    endloop
  endfacet
  facet normal 3.973913e-01 -5.879618e-01 -7.045432e-01
    outer loop
      vertex   3.347313e+00 2.350372e+01 4.000000e-01
      vertex   2.978252e+00 2.373359e+01 0.000000e+00
      vertex   3.217360e+00 2.389520e+01 0.000000e+00
    endloop
  endfacet
  facet normal 3.614436e-01 -6.049565e-01 -7.094971e-01
    outer loop
      vertex   3.347313e+00 2.350372e+01 4.000000e-01
      vertex   3.217360e+00 2.389520e+01 0.000000e+00
      vertex   3.578397e+00 2.364179e+01 4.000000e-01
    endloop
  endfacet
  facet normal 3.460132e-01 -6.193943e-01 -7.047166e-01
    outer loop
      vertex   3.578397e+00 2.364179e+01 4.000000e-01
      vertex   3.217360e+00 2.389520e+01 0.000000e+00
      vertex   3.469311e+00 2.403595e+01 0.000000e+00
    endloop
  endfacet
  facet normal 3.058603e-01 -6.351271e-01 -7.092694e-01
    outer loop
      vertex   3.578397e+00 2.364179e+01 4.000000e-01
      vertex   3.469311e+00 2.403595e+01 0.000000e+00
      vertex   3.820927e+00 2.375858e+01 4.000000e-01
    endloop
  endfacet
  facet normal 2.921419e-01 -6.462929e-01 -7.049529e-01
    outer loop
      vertex   3.820927e+00 2.375858e+01 4.000000e-01
      vertex   3.469311e+00 2.403595e+01 0.000000e+00
      vertex   3.732291e+00 2.415482e+01 0.000000e+00
    endloop
  endfacet
  facet normal 2.478022e-01 -6.602679e-01 -7.089714e-01
    outer loop
      vertex   3.820927e+00 2.375858e+01 4.000000e-01
      vertex   3.732291e+00 2.415482e+01 0.000000e+00
      vertex   4.072951e+00 2.385317e+01 4.000000e-01
    endloop
  endfacet
  facet normal 2.361811e-01 -6.684596e-01 -7.052519e-01
    outer loop
      vertex   4.072951e+00 2.385317e+01 4.000000e-01
      vertex   3.732291e+00 2.415482e+01 0.000000e+00
      vertex   4.004405e+00 2.425097e+01 0.000000e+00
    endloop
  endfacet
  facet normal 1.877174e-01 -6.801797e-01 -7.086026e-01
    outer loop
      vertex   4.072951e+00 2.385317e+01 4.000000e-01
      vertex   4.004405e+00 2.425097e+01 0.000000e+00
      vertex   4.332438e+00 2.392478e+01 4.000000e-01
    endloop
  endfacet
  facet normal 1.785505e-01 -6.857328e-01 -7.056133e-01
    outer loop
      vertex   4.332438e+00 2.392478e+01 4.000000e-01
      vertex   4.004405e+00 2.425097e+01 0.000000e+00
      vertex   4.283692e+00 2.432369e+01 0.000000e+00
    endloop
  endfacet
  facet normal 1.260699e-01 -6.947025e-01 -7.081630e-01
    outer loop
      vertex   4.332438e+00 2.392478e+01 4.000000e-01
      vertex   4.283692e+00 2.432369e+01 0.000000e+00
      vertex   4.597300e+00 2.397285e+01 4.000000e-01
    endloop
  endfacet
  facet normal 1.196819e-01 -6.979886e-01 -7.060369e-01
    outer loop
      vertex   4.597300e+00 2.397285e+01 4.000000e-01
      vertex   4.283692e+00 2.432369e+01 0.000000e+00
      vertex   4.568140e+00 2.437246e+01 0.000000e+00
    endloop
  endfacet
  facet normal 6.333583e-02 -7.037168e-01 -7.076519e-01
    outer loop
      vertex   4.597300e+00 2.397285e+01 4.000000e-01
      vertex   4.568140e+00 2.437246e+01 0.000000e+00
      vertex   4.865404e+00 2.399698e+01 4.000000e-01
    endloop
  endfacet
  facet normal 6.001632e-02 -7.051414e-01 -7.065222e-01
    outer loop
      vertex   4.865404e+00 2.399698e+01 4.000000e-01
      vertex   4.568140e+00 2.437246e+01 0.000000e+00
      vertex   4.855700e+00 2.439694e+01 0.000000e+00
    endloop
  endfacet
  facet normal 3.960190e-07 -7.071445e-01 -7.070691e-01
    outer loop
      vertex   4.865404e+00 2.399698e+01 4.000000e-01
      vertex   4.855700e+00 2.439694e+01 0.000000e+00
      vertex   5.134592e+00 2.399698e+01 4.000000e-01
    endloop
  endfacet
  facet normal 1.434496e-07 -7.071446e-01 -7.070690e-01
    outer loop
      vertex   5.134592e+00 2.399698e+01 4.000000e-01
      vertex   4.855700e+00 2.439694e+01 0.000000e+00
      vertex   5.144299e+00 2.439694e+01 0.000000e+00
    endloop
  endfacet
  facet normal -6.001603e-02 -7.051413e-01 -7.065223e-01
    outer loop
      vertex   5.134592e+00 2.399698e+01 4.000000e-01
      vertex   5.144299e+00 2.439694e+01 0.000000e+00
      vertex   5.431858e+00 2.437246e+01 0.000000e+00
    endloop
  endfacet
  facet normal -6.333505e-02 -7.037170e-01 -7.076518e-01
    outer loop
      vertex   5.134592e+00 2.399698e+01 4.000000e-01
      vertex   5.431858e+00 2.437246e+01 0.000000e+00
      vertex   5.402697e+00 2.397285e+01 4.000000e-01
    endloop
  endfacet
  facet normal -1.196816e-01 -6.979886e-01 -7.060370e-01
    outer loop
      vertex   5.402697e+00 2.397285e+01 4.000000e-01
      vertex   5.431858e+00 2.437246e+01 0.000000e+00
      vertex   5.716307e+00 2.432369e+01 0.000000e+00
    endloop
  endfacet
  facet normal -1.260691e-01 -6.947027e-01 -7.081629e-01
    outer loop
      vertex   5.402697e+00 2.397285e+01 4.000000e-01
      vertex   5.716307e+00 2.432369e+01 0.000000e+00
      vertex   5.667559e+00 2.392478e+01 4.000000e-01
    endloop
  endfacet
  facet normal -1.785502e-01 -6.857329e-01 -7.056134e-01
    outer loop
      vertex   5.667559e+00 2.392478e+01 4.000000e-01
      vertex   5.716307e+00 2.432369e+01 0.000000e+00
      vertex   5.995594e+00 2.425097e+01 0.000000e+00
    endloop
  endfacet
  facet normal -1.877167e-01 -6.801800e-01 -7.086026e-01
    outer loop
      vertex   5.667559e+00 2.392478e+01 4.000000e-01
      vertex   5.995594e+00 2.425097e+01 0.000000e+00
      vertex   5.927046e+00 2.385317e+01 4.000000e-01
    endloop
  endfacet
  facet normal -2.361808e-01 -6.684596e-01 -7.052520e-01
    outer loop
      vertex   5.927046e+00 2.385317e+01 4.000000e-01
      vertex   5.995594e+00 2.425097e+01 0.000000e+00
      vertex   6.267707e+00 2.415482e+01 0.000000e+00
    endloop
  endfacet
  facet normal -2.478014e-01 -6.602682e-01 -7.089713e-01
    outer loop
      vertex   5.927046e+00 2.385317e+01 4.000000e-01
      vertex   6.267707e+00 2.415482e+01 0.000000e+00
      vertex   6.179070e+00 2.375859e+01 4.000000e-01
    endloop
  endfacet
  facet normal -2.921416e-01 -6.462930e-01 -7.049530e-01
    outer loop
      vertex   6.179070e+00 2.375859e+01 4.000000e-01
      vertex   6.267707e+00 2.415482e+01 0.000000e+00
      vertex   6.530687e+00 2.403595e+01 0.000000e+00
    endloop
  endfacet
  facet normal -3.058596e-01 -6.351274e-01 -7.092694e-01
    outer loop
      vertex   6.179070e+00 2.375859e+01 4.000000e-01
      vertex   6.530687e+00 2.403595e+01 0.000000e+00
      vertex   6.421600e+00 2.364179e+01 4.000000e-01
    endloop
  endfacet
  facet normal -3.460130e-01 -6.193944e-01 -7.047166e-01
    outer loop
      vertex   6.421600e+00 2.364179e+01 4.000000e-01
      vertex   6.530687e+00 2.403595e+01 0.000000e+00
      vertex   6.782639e+00 2.389520e+01 0.000000e+00
    endloop
  endfacet
  facet normal -3.614429e-01 -6.049569e-01 -7.094971e-01
    outer loop
      vertex   6.421600e+00 2.364179e+01 4.000000e-01
      vertex   6.782639e+00 2.389520e+01 0.000000e+00
      vertex   6.652684e+00 2.350372e+01 4.000000e-01
    endloop
  endfacet
  facet normal -3.973911e-01 -5.879619e-01 -7.045432e-01
    outer loop
      vertex   6.652684e+00 2.350372e+01 4.000000e-01
      vertex   6.782639e+00 2.389520e+01 0.000000e+00
      vertex   7.021747e+00 2.373359e+01 0.000000e+00
    endloop
  endfacet
  facet normal -4.141224e-01 -5.699939e-01 -7.096546e-01
    outer loop
      vertex   6.652684e+00 2.350372e+01 4.000000e-01
      vertex   7.021747e+00 2.373359e+01 0.000000e+00
      vertex   6.870463e+00 2.334550e+01 4.000000e-01
    endloop
  endfacet
  facet normal -4.458908e-01 -5.522281e-01 -7.044327e-01
    outer loop
      vertex   6.870463e+00 2.334550e+01 4.000000e-01
      vertex   7.021747e+00 2.373359e+01 0.000000e+00
      vertex   7.246287e+00 2.355229e+01 0.000000e+00
    endloop
  endfacet
  facet normal -4.634910e-01 -5.305114e-01 -7.097421e-01
    outer loop
      vertex   6.870463e+00 2.334550e+01 4.000000e-01
      vertex   7.246287e+00 2.355229e+01 0.000000e+00
      vertex   7.073181e+00 2.316839e+01 4.000000e-01
    endloop
  endfacet
  facet normal -4.911491e-01 -5.124586e-01 -7.043854e-01
    outer loop
      vertex   7.073181e+00 2.316839e+01 4.000000e-01
      vertex   7.246287e+00 2.355229e+01 0.000000e+00
      vertex   7.454644e+00 2.335260e+01 0.000000e+00
    endloop
  endfacet
  facet normal -5.091669e-01 -4.868167e-01 -7.097595e-01
    outer loop
      vertex   7.073181e+00 2.316839e+01 4.000000e-01
      vertex   7.454644e+00 2.335260e+01 0.000000e+00
      vertex   7.259207e+00 2.297382e+01 4.000000e-01
    endloop
  endfacet
  facet normal -5.328274e-01 -4.689499e-01 -7.044011e-01
    outer loop
      vertex   7.259207e+00 2.297382e+01 4.000000e-01
      vertex   7.454644e+00 2.335260e+01 0.000000e+00
      vertex   7.645315e+00 2.313596e+01 0.000000e+00
    endloop
  endfacet
  facet normal -5.507962e-01 -4.392487e-01 -7.097071e-01
    outer loop
      vertex   7.259207e+00 2.297382e+01 4.000000e-01
      vertex   7.645315e+00 2.313596e+01 0.000000e+00
      vertex   7.427044e+00 2.276337e+01 4.000000e-01
    endloop
  endfacet
  facet normal -5.706145e-01 -4.220272e-01 -7.044800e-01
    outer loop
      vertex   7.427044e+00 2.276337e+01 4.000000e-01
      vertex   7.645315e+00 2.313596e+01 0.000000e+00
      vertex   7.816926e+00 2.290392e+01 0.000000e+00
    endloop
  endfacet
  facet normal -5.880556e-01 -3.881755e-01 -7.095846e-01
    outer loop
      vertex   7.427044e+00 2.276337e+01 4.000000e-01
      vertex   7.816926e+00 2.290392e+01 0.000000e+00
      vertex   7.575340e+00 2.253871e+01 4.000000e-01
    endloop
  endfacet
  facet normal -6.042292e-01 -3.720416e-01 -7.046220e-01
    outer loop
      vertex   7.575340e+00 2.253871e+01 4.000000e-01
      vertex   7.816926e+00 2.290392e+01 0.000000e+00
      vertex   7.968242e+00 2.265817e+01 0.000000e+00
    endloop
  endfacet
  facet normal -6.206547e-01 -3.339920e-01 -7.093921e-01
    outer loop
      vertex   7.575340e+00 2.253871e+01 4.000000e-01
      vertex   7.968242e+00 2.265817e+01 0.000000e+00
      vertex   7.702901e+00 2.230166e+01 4.000000e-01
    endloop
  endfacet
  facet normal -6.334219e-01 -3.193677e-01 -7.048269e-01
    outer loop
      vertex   7.702901e+00 2.230166e+01 4.000000e-01
      vertex   7.968242e+00 2.265817e+01 0.000000e+00
      vertex   8.098171e+00 2.240048e+01 0.000000e+00
    endloop
  endfacet
  facet normal -6.483380e-01 -2.771165e-01 -7.091292e-01
    outer loop
      vertex   7.702901e+00 2.230166e+01 4.000000e-01
      vertex   8.098171e+00 2.240048e+01 0.000000e+00
      vertex   7.808700e+00 2.205414e+01 4.000000e-01
    endloop
  endfacet
  facet normal -6.579773e-01 -2.644002e-01 -7.050946e-01
    outer loop
      vertex   7.808700e+00 2.205414e+01 4.000000e-01
      vertex   8.098171e+00 2.240048e+01 0.000000e+00
      vertex   8.205779e+00 2.213269e+01 0.000000e+00
    endloop
  endfacet
  facet normal -6.708872e-01 -2.179881e-01 -7.087959e-01
    outer loop
      vertex   7.808700e+00 2.205414e+01 4.000000e-01
      vertex   8.205779e+00 2.213269e+01 0.000000e+00
      vertex   7.891884e+00 2.179813e+01 4.000000e-01
    endloop
  endfacet
  facet normal -6.777155e-01 -2.075513e-01 -7.054248e-01
    outer loop
      vertex   7.891884e+00 2.179813e+01 4.000000e-01
      vertex   8.205779e+00 2.213269e+01 0.000000e+00
      vertex   8.290288e+00 2.185674e+01 0.000000e+00
    endloop
  endfacet
  facet normal -6.881223e-01 -1.570633e-01 -7.083917e-01
    outer loop
      vertex   7.891884e+00 2.179813e+01 4.000000e-01
      vertex   8.290288e+00 2.185674e+01 0.000000e+00
      vertex   7.951786e+00 2.153569e+01 4.000000e-01
    endloop
  endfacet
  facet normal -6.924934e-01 -1.492471e-01 -7.058173e-01
    outer loop
      vertex   7.951786e+00 2.153569e+01 4.000000e-01
      vertex   8.290288e+00 2.185674e+01 0.000000e+00
      vertex   8.351091e+00 2.157462e+01 0.000000e+00
    endloop
  endfacet
  facet normal -6.999035e-01 -9.481237e-02 -7.079164e-01
    outer loop
      vertex   7.951786e+00 2.153569e+01 4.000000e-01
      vertex   8.351091e+00 2.157462e+01 0.000000e+00
      vertex   7.987921e+00 2.126894e+01 4.000000e-01
    endloop
  endfacet
  facet normal -7.022063e-01 -8.992456e-02 -7.062718e-01
    outer loop
      vertex   7.987921e+00 2.126894e+01 4.000000e-01
      vertex   8.351091e+00 2.157462e+01 0.000000e+00
      vertex   8.387750e+00 2.128836e+01 0.000000e+00
    endloop
  endfacet
  facet normal -7.061320e-01 -3.171661e-02 -7.073695e-01
    outer loop
      vertex   7.987921e+00 2.126894e+01 4.000000e-01
      vertex   8.387750e+00 2.128836e+01 0.000000e+00
      vertex   8.000000e+00 2.100002e+01 4.000000e-01
    endloop
  endfacet
  facet normal -7.067879e-01 -3.002768e-02 -7.067879e-01
    outer loop
      vertex   8.000000e+00 2.100002e+01 4.000000e-01
      vertex   8.387750e+00 2.128836e+01 0.000000e+00
      vertex   8.400000e+00 2.100002e+01 0.000000e+00
    endloop
  endfacet
  facet normal 7.071068e-01 -9.395807e-13 -7.071068e-01
    outer loop
      vertex   2.000000e+00 1.300000e+01 4.000000e-01
      vertex   1.600000e+00 1.300000e+01 0.000000e+00
      vertex   2.000000e+00 2.100001e+01 4.000000e-01
    endloop
  endfacet
  facet normal 7.071068e-01 1.339605e-12 -7.071068e-01
    outer loop
      vertex   2.000000e+00 2.100001e+01 4.000000e-01
      vertex   1.600000e+00 1.300000e+01 0.000000e+00
      vertex   1.600000e+00 2.100002e+01 0.000000e+00
    endloop
  endfacet
  facet normal -7.067881e-01 3.002147e-02 -7.067881e-01
    outer loop
      vertex   8.400000e+00 1.300001e+01 0.000000e+00
      vertex   8.387752e+00 1.271167e+01 0.000000e+00
      vertex   8.000000e+00 1.300001e+01 4.000000e-01
    endloop
  endfacet
  facet normal -7.061324e-01 3.170959e-02 -7.073694e-01
    outer loop
      vertex   8.000000e+00 1.300001e+01 4.000000e-01
      vertex   8.387752e+00 1.271167e+01 0.000000e+00
      vertex   7.987924e+00 1.273109e+01 4.000000e-01
    endloop
  endfacet
  facet normal -7.022069e-01 8.991864e-02 -7.062719e-01
    outer loop
      vertex   7.987924e+00 1.273109e+01 4.000000e-01
      vertex   8.387752e+00 1.271167e+01 0.000000e+00
      vertex   8.351096e+00 1.242541e+01 0.000000e+00
    endloop
  endfacet
  facet normal -6.999045e-01 9.480572e-02 -7.079163e-01
    outer loop
      vertex   7.987924e+00 1.273109e+01 4.000000e-01
      vertex   8.351096e+00 1.242541e+01 0.000000e+00
      vertex   7.951791e+00 1.246434e+01 4.000000e-01
    endloop
  endfacet
  facet normal -6.924946e-01 1.492415e-01 -7.058174e-01
    outer loop
      vertex   7.951791e+00 1.246434e+01 4.000000e-01
      vertex   8.351096e+00 1.242541e+01 0.000000e+00
      vertex   8.290295e+00 1.214329e+01 0.000000e+00
    endloop
  endfacet
  facet normal -6.881238e-01 1.570570e-01 -7.083916e-01
    outer loop
      vertex   7.951791e+00 1.246434e+01 4.000000e-01
      vertex   8.290295e+00 1.214329e+01 0.000000e+00
      vertex   7.891892e+00 1.220190e+01 4.000000e-01
    endloop
  endfacet
  facet normal -6.777170e-01 2.075461e-01 -7.054249e-01
    outer loop
      vertex   7.891892e+00 1.220190e+01 4.000000e-01
      vertex   8.290295e+00 1.214329e+01 0.000000e+00
      vertex   8.205787e+00 1.186734e+01 0.000000e+00
    endloop
  endfacet
  facet normal -6.708891e-01 2.179823e-01 -7.087958e-01
    outer loop
      vertex   7.891892e+00 1.220190e+01 4.000000e-01
      vertex   8.205787e+00 1.186734e+01 0.000000e+00
      vertex   7.808708e+00 1.194589e+01 4.000000e-01
    endloop
  endfacet
  facet normal -6.579792e-01 2.643954e-01 -7.050946e-01
    outer loop
      vertex   7.808708e+00 1.194589e+01 4.000000e-01
      vertex   8.205787e+00 1.186734e+01 0.000000e+00
      vertex   8.098181e+00 1.159955e+01 0.000000e+00
    endloop
  endfacet
  facet normal -6.483403e-01 2.771112e-01 -7.091292e-01
    outer loop
      vertex   7.808708e+00 1.194589e+01 4.000000e-01
      vertex   8.098181e+00 1.159955e+01 0.000000e+00
      vertex   7.702911e+00 1.169836e+01 4.000000e-01
    endloop
  endfacet
  facet normal -6.334241e-01 3.193632e-01 -7.048269e-01
    outer loop
      vertex   7.702911e+00 1.169836e+01 4.000000e-01
      vertex   8.098181e+00 1.159955e+01 0.000000e+00
      vertex   7.968253e+00 1.134185e+01 0.000000e+00
    endloop
  endfacet
  facet normal -6.206573e-01 3.339872e-01 -7.093920e-01
    outer loop
      vertex   7.702911e+00 1.169836e+01 4.000000e-01
      vertex   7.968253e+00 1.134185e+01 0.000000e+00
      vertex   7.575352e+00 1.146131e+01 4.000000e-01
    endloop
  endfacet
  facet normal -6.042316e-01 3.720376e-01 -7.046220e-01
    outer loop
      vertex   7.575352e+00 1.146131e+01 4.000000e-01
      vertex   7.968253e+00 1.134185e+01 0.000000e+00
      vertex   7.816938e+00 1.109609e+01 0.000000e+00
    endloop
  endfacet
  facet normal -5.880585e-01 3.881712e-01 -7.095846e-01
    outer loop
      vertex   7.575352e+00 1.146131e+01 4.000000e-01
      vertex   7.816938e+00 1.109609e+01 0.000000e+00
      vertex   7.427057e+00 1.123665e+01 4.000000e-01
    endloop
  endfacet
  facet normal -5.706171e-01 4.220236e-01 -7.044800e-01
    outer loop
      vertex   7.427057e+00 1.123665e+01 4.000000e-01
      vertex   7.816938e+00 1.109609e+01 0.000000e+00
      vertex   7.645328e+00 1.086406e+01 0.000000e+00
    endloop
  endfacet
  facet normal -5.507993e-01 4.392448e-01 -7.097071e-01
    outer loop
      vertex   7.427057e+00 1.123665e+01 4.000000e-01
      vertex   7.645328e+00 1.086406e+01 0.000000e+00
      vertex   7.259221e+00 1.102619e+01 4.000000e-01
    endloop
  endfacet
  facet normal -5.328301e-01 4.689468e-01 -7.044011e-01
    outer loop
      vertex   7.259221e+00 1.102619e+01 4.000000e-01
      vertex   7.645328e+00 1.086406e+01 0.000000e+00
      vertex   7.454657e+00 1.064741e+01 0.000000e+00
    endloop
  endfacet
  facet normal -5.091700e-01 4.868133e-01 -7.097596e-01
    outer loop
      vertex   7.259221e+00 1.102619e+01 4.000000e-01
      vertex   7.454657e+00 1.064741e+01 0.000000e+00
      vertex   7.073195e+00 1.083162e+01 4.000000e-01
    endloop
  endfacet
  facet normal -4.911519e-01 5.124559e-01 -7.043853e-01
    outer loop
      vertex   7.073195e+00 1.083162e+01 4.000000e-01
      vertex   7.454657e+00 1.064741e+01 0.000000e+00
      vertex   7.246301e+00 1.044772e+01 0.000000e+00
    endloop
  endfacet
  facet normal -4.634942e-01 5.305085e-01 -7.097421e-01
    outer loop
      vertex   7.073195e+00 1.083162e+01 4.000000e-01
      vertex   7.246301e+00 1.044772e+01 0.000000e+00
      vertex   6.870476e+00 1.065451e+01 4.000000e-01
    endloop
  endfacet
  facet normal -4.458937e-01 5.522259e-01 -7.044327e-01
    outer loop
      vertex   6.870476e+00 1.065451e+01 4.000000e-01
      vertex   7.246301e+00 1.044772e+01 0.000000e+00
      vertex   7.021760e+00 1.026642e+01 0.000000e+00
    endloop
  endfacet
  facet normal -4.141256e-01 5.699915e-01 -7.096546e-01
    outer loop
      vertex   6.870476e+00 1.065451e+01 4.000000e-01
      vertex   7.021760e+00 1.026642e+01 0.000000e+00
      vertex   6.652698e+00 1.049629e+01 4.000000e-01
    endloop
  endfacet
  facet normal -3.973939e-01 5.879601e-01 -7.045431e-01
    outer loop
      vertex   6.652698e+00 1.049629e+01 4.000000e-01
      vertex   7.021760e+00 1.026642e+01 0.000000e+00
      vertex   6.782652e+00 1.010481e+01 0.000000e+00
    endloop
  endfacet
  facet normal -3.614461e-01 6.049550e-01 -7.094971e-01
    outer loop
      vertex   6.652698e+00 1.049629e+01 4.000000e-01
      vertex   6.782652e+00 1.010481e+01 0.000000e+00
      vertex   6.421613e+00 1.035822e+01 4.000000e-01
    endloop
  endfacet
  facet normal -3.460157e-01 6.193930e-01 -7.047166e-01
    outer loop
      vertex   6.421613e+00 1.035822e+01 4.000000e-01
      vertex   6.782652e+00 1.010481e+01 0.000000e+00
      vertex   6.530700e+00 9.964056e+00 0.000000e+00
    endloop
  endfacet
  facet normal -3.058626e-01 6.351259e-01 -7.092694e-01
    outer loop
      vertex   6.421613e+00 1.035822e+01 4.000000e-01
      vertex   6.530700e+00 9.964056e+00 0.000000e+00
      vertex   6.179082e+00 1.024142e+01 4.000000e-01
    endloop
  endfacet
  facet normal -2.921442e-01 6.462919e-01 -7.049529e-01
    outer loop
      vertex   6.179082e+00 1.024142e+01 4.000000e-01
      vertex   6.530700e+00 9.964056e+00 0.000000e+00
      vertex   6.267719e+00 9.845180e+00 0.000000e+00
    endloop
  endfacet
  facet normal -2.478043e-01 6.602671e-01 -7.089714e-01
    outer loop
      vertex   6.179082e+00 1.024142e+01 4.000000e-01
      vertex   6.267719e+00 9.845180e+00 0.000000e+00
      vertex   5.927058e+00 1.014683e+01 4.000000e-01
    endloop
  endfacet
  facet normal -2.361833e-01 6.684588e-01 -7.052519e-01
    outer loop
      vertex   5.927058e+00 1.014683e+01 4.000000e-01
      vertex   6.267719e+00 9.845180e+00 0.000000e+00
      vertex   5.995605e+00 9.749035e+00 0.000000e+00
    endloop
  endfacet
  facet normal -1.877194e-01 6.801792e-01 -7.086027e-01
    outer loop
      vertex   5.927058e+00 1.014683e+01 4.000000e-01
      vertex   5.995605e+00 9.749035e+00 0.000000e+00
      vertex   5.667570e+00 1.007522e+01 4.000000e-01
    endloop
  endfacet
  facet normal -1.785524e-01 6.857323e-01 -7.056133e-01
    outer loop
      vertex   5.667570e+00 1.007522e+01 4.000000e-01
      vertex   5.995605e+00 9.749035e+00 0.000000e+00
      vertex   5.716317e+00 9.676314e+00 0.000000e+00
    endloop
  endfacet
  facet normal -1.260716e-01 6.947022e-01 -7.081630e-01
    outer loop
      vertex   5.667570e+00 1.007522e+01 4.000000e-01
      vertex   5.716317e+00 9.676314e+00 0.000000e+00
      vertex   5.402707e+00 1.002715e+01 4.000000e-01
    endloop
  endfacet
  facet normal -1.196836e-01 6.979883e-01 -7.060369e-01
    outer loop
      vertex   5.402707e+00 1.002715e+01 4.000000e-01
      vertex   5.716317e+00 9.676314e+00 0.000000e+00
      vertex   5.431868e+00 9.627539e+00 0.000000e+00
    endloop
  endfacet
  facet normal -6.333728e-02 7.037167e-01 -7.076519e-01
    outer loop
      vertex   5.402707e+00 1.002715e+01 4.000000e-01
      vertex   5.431868e+00 9.627539e+00 0.000000e+00
      vertex   5.134601e+00 1.000302e+01 4.000000e-01
    endloop
  endfacet
  facet normal -6.001780e-02 7.051412e-01 -7.065222e-01
    outer loop
      vertex   5.134601e+00 1.000302e+01 4.000000e-01
      vertex   5.431868e+00 9.627539e+00 0.000000e+00
      vertex   5.144307e+00 9.603064e+00 0.000000e+00
    endloop
  endfacet
  facet normal -1.548265e-06 7.071445e-01 -7.070691e-01
    outer loop
      vertex   5.134601e+00 1.000302e+01 4.000000e-01
      vertex   5.144307e+00 9.603064e+00 0.000000e+00
      vertex   4.865412e+00 1.000302e+01 4.000000e-01
    endloop
  endfacet
  facet normal -1.366116e-06 7.071446e-01 -7.070690e-01
    outer loop
      vertex   4.865412e+00 1.000302e+01 4.000000e-01
      vertex   5.144307e+00 9.603064e+00 0.000000e+00
      vertex   4.855706e+00 9.603063e+00 0.000000e+00
    endloop
  endfacet
  facet normal 6.001507e-02 7.051414e-01 -7.065223e-01
    outer loop
      vertex   4.865412e+00 1.000302e+01 4.000000e-01
      vertex   4.855706e+00 9.603063e+00 0.000000e+00
      vertex   4.568145e+00 9.627538e+00 0.000000e+00
    endloop
  endfacet
  facet normal 6.333420e-02 7.037170e-01 -7.076519e-01
    outer loop
      vertex   4.865412e+00 1.000302e+01 4.000000e-01
      vertex   4.568145e+00 9.627538e+00 0.000000e+00
      vertex   4.597306e+00 1.002715e+01 4.000000e-01
    endloop
  endfacet
  facet normal 1.196809e-01 6.979888e-01 -7.060369e-01
    outer loop
      vertex   4.597306e+00 1.002715e+01 4.000000e-01
      vertex   4.568145e+00 9.627538e+00 0.000000e+00
      vertex   4.283696e+00 9.676311e+00 0.000000e+00
    endloop
  endfacet
  facet normal 1.260686e-01 6.947028e-01 -7.081629e-01
    outer loop
      vertex   4.597306e+00 1.002715e+01 4.000000e-01
      vertex   4.283696e+00 9.676311e+00 0.000000e+00
      vertex   4.332443e+00 1.007521e+01 4.000000e-01
    endloop
  endfacet
  facet normal 1.785498e-01 6.857330e-01 -7.056134e-01
    outer loop
      vertex   4.332443e+00 1.007521e+01 4.000000e-01
      vertex   4.283696e+00 9.676311e+00 0.000000e+00
      vertex   4.004408e+00 9.749031e+00 0.000000e+00
    endloop
  endfacet
  facet normal 1.877164e-01 6.801800e-01 -7.086026e-01
    outer loop
      vertex   4.332443e+00 1.007521e+01 4.000000e-01
      vertex   4.004408e+00 9.749031e+00 0.000000e+00
      vertex   4.072954e+00 1.014683e+01 4.000000e-01
    endloop
  endfacet
  facet normal 2.361807e-01 6.684597e-01 -7.052519e-01
    outer loop
      vertex   4.072954e+00 1.014683e+01 4.000000e-01
      vertex   4.004408e+00 9.749031e+00 0.000000e+00
      vertex   3.732293e+00 9.845175e+00 0.000000e+00
    endloop
  endfacet
  facet normal 2.478015e-01 6.602682e-01 -7.089713e-01
    outer loop
      vertex   4.072954e+00 1.014683e+01 4.000000e-01
      vertex   3.732293e+00 9.845175e+00 0.000000e+00
      vertex   3.820930e+00 1.024141e+01 4.000000e-01
    endloop
  endfacet
  facet normal 2.921417e-01 6.462930e-01 -7.049529e-01
    outer loop
      vertex   3.820930e+00 1.024141e+01 4.000000e-01
      vertex   3.732293e+00 9.845175e+00 0.000000e+00
      vertex   3.469312e+00 9.964050e+00 0.000000e+00
    endloop
  endfacet
  facet normal 3.058599e-01 6.351273e-01 -7.092694e-01
    outer loop
      vertex   3.820930e+00 1.024141e+01 4.000000e-01
      vertex   3.469312e+00 9.964050e+00 0.000000e+00
      vertex   3.578398e+00 1.035821e+01 4.000000e-01
    endloop
  endfacet
  facet normal 3.460133e-01 6.193943e-01 -7.047166e-01
    outer loop
      vertex   3.578398e+00 1.035821e+01 4.000000e-01
      vertex   3.469312e+00 9.964050e+00 0.000000e+00
      vertex   3.217359e+00 1.010480e+01 0.000000e+00
    endloop
  endfacet
  facet normal 3.614435e-01 6.049566e-01 -7.094971e-01
    outer loop
      vertex   3.578398e+00 1.035821e+01 4.000000e-01
      vertex   3.217359e+00 1.010480e+01 0.000000e+00
      vertex   3.347313e+00 1.049628e+01 4.000000e-01
    endloop
  endfacet
  facet normal 3.973916e-01 5.879616e-01 -7.045432e-01
    outer loop
      vertex   3.347313e+00 1.049628e+01 4.000000e-01
      vertex   3.217359e+00 1.010480e+01 0.000000e+00
      vertex   2.978251e+00 1.026641e+01 0.000000e+00
    endloop
  endfacet
  facet normal 4.141231e-01 5.699933e-01 -7.096546e-01
    outer loop
      vertex   3.347313e+00 1.049628e+01 4.000000e-01
      vertex   2.978251e+00 1.026641e+01 0.000000e+00
      vertex   3.129534e+00 1.065450e+01 4.000000e-01
    endloop
  endfacet
  facet normal 4.458915e-01 5.522276e-01 -7.044327e-01
    outer loop
      vertex   3.129534e+00 1.065450e+01 4.000000e-01
      vertex   2.978251e+00 1.026641e+01 0.000000e+00
      vertex   2.753709e+00 1.044771e+01 0.000000e+00
    endloop
  endfacet
  facet normal 4.634919e-01 5.305106e-01 -7.097421e-01
    outer loop
      vertex   3.129534e+00 1.065450e+01 4.000000e-01
      vertex   2.753709e+00 1.044771e+01 0.000000e+00
      vertex   2.926815e+00 1.083161e+01 4.000000e-01
    endloop
  endfacet
  facet normal 4.911499e-01 5.124578e-01 -7.043853e-01
    outer loop
      vertex   2.926815e+00 1.083161e+01 4.000000e-01
      vertex   2.753709e+00 1.044771e+01 0.000000e+00
      vertex   2.545352e+00 1.064741e+01 0.000000e+00
    endloop
  endfacet
  facet normal 5.091679e-01 4.868156e-01 -7.097596e-01
    outer loop
      vertex   2.926815e+00 1.083161e+01 4.000000e-01
      vertex   2.545352e+00 1.064741e+01 0.000000e+00
      vertex   2.740788e+00 1.102618e+01 4.000000e-01
    endloop
  endfacet
  facet normal 5.328283e-01 4.689489e-01 -7.044011e-01
    outer loop
      vertex   2.740788e+00 1.102618e+01 4.000000e-01
      vertex   2.545352e+00 1.064741e+01 0.000000e+00
      vertex   2.354681e+00 1.086405e+01 0.000000e+00
    endloop
  endfacet
  facet normal 5.507973e-01 4.392472e-01 -7.097071e-01
    outer loop
      vertex   2.740788e+00 1.102618e+01 4.000000e-01
      vertex   2.354681e+00 1.086405e+01 0.000000e+00
      vertex   2.572951e+00 1.123664e+01 4.000000e-01
    endloop
  endfacet
  facet normal 5.706155e-01 4.220259e-01 -7.044800e-01
    outer loop
      vertex   2.572951e+00 1.123664e+01 4.000000e-01
      vertex   2.354681e+00 1.086405e+01 0.000000e+00
      vertex   2.183069e+00 1.109608e+01 0.000000e+00
    endloop
  endfacet
  facet normal 5.880568e-01 3.881737e-01 -7.095846e-01
    outer loop
      vertex   2.572951e+00 1.123664e+01 4.000000e-01
      vertex   2.183069e+00 1.109608e+01 0.000000e+00
      vertex   2.424655e+00 1.146130e+01 4.000000e-01
    endloop
  endfacet
  facet normal 6.042302e-01 3.720400e-01 -7.046220e-01
    outer loop
      vertex   2.424655e+00 1.146130e+01 4.000000e-01
      vertex   2.183069e+00 1.109608e+01 0.000000e+00
      vertex   2.031753e+00 1.134183e+01 0.000000e+00
    endloop
  endfacet
  facet normal 6.206558e-01 3.339899e-01 -7.093921e-01
    outer loop
      vertex   2.424655e+00 1.146130e+01 4.000000e-01
      vertex   2.031753e+00 1.134183e+01 0.000000e+00
      vertex   2.297094e+00 1.169835e+01 4.000000e-01
    endloop
  endfacet
  facet normal 6.334229e-01 3.193657e-01 -7.048269e-01
    outer loop
      vertex   2.297094e+00 1.169835e+01 4.000000e-01
      vertex   2.031753e+00 1.134183e+01 0.000000e+00
      vertex   1.901824e+00 1.159953e+01 0.000000e+00
    endloop
  endfacet
  facet normal 6.483391e-01 2.771140e-01 -7.091292e-01
    outer loop
      vertex   2.297094e+00 1.169835e+01 4.000000e-01
      vertex   1.901824e+00 1.159953e+01 0.000000e+00
      vertex   2.191296e+00 1.194587e+01 4.000000e-01
    endloop
  endfacet
  facet normal 6.579782e-01 2.643979e-01 -7.050946e-01
    outer loop
      vertex   2.191296e+00 1.194587e+01 4.000000e-01
      vertex   1.901824e+00 1.159953e+01 0.000000e+00
      vertex   1.794217e+00 1.186732e+01 0.000000e+00
    endloop
  endfacet
  facet normal 6.708881e-01 2.179853e-01 -7.087958e-01
    outer loop
      vertex   2.191296e+00 1.194587e+01 4.000000e-01
      vertex   1.794217e+00 1.186732e+01 0.000000e+00
      vertex   2.108112e+00 1.220189e+01 4.000000e-01
    endloop
  endfacet
  facet normal 6.777163e-01 2.075487e-01 -7.054249e-01
    outer loop
      vertex   2.108112e+00 1.220189e+01 4.000000e-01
      vertex   1.794217e+00 1.186732e+01 0.000000e+00
      vertex   1.709708e+00 1.214327e+01 0.000000e+00
    endloop
  endfacet
  facet normal 6.881231e-01 1.570600e-01 -7.083917e-01
    outer loop
      vertex   2.108112e+00 1.220189e+01 4.000000e-01
      vertex   1.709708e+00 1.214327e+01 0.000000e+00
      vertex   2.048212e+00 1.246433e+01 4.000000e-01
    endloop
  endfacet
  facet normal 6.924940e-01 1.492442e-01 -7.058174e-01
    outer loop
      vertex   2.048212e+00 1.246433e+01 4.000000e-01
      vertex   1.709708e+00 1.214327e+01 0.000000e+00
      vertex   1.648906e+00 1.242540e+01 0.000000e+00
    endloop
  endfacet
  facet normal 6.999041e-01 9.480877e-02 -7.079164e-01
    outer loop
      vertex   2.048212e+00 1.246433e+01 4.000000e-01
      vertex   1.648906e+00 1.242540e+01 0.000000e+00
      vertex   2.012077e+00 1.273108e+01 4.000000e-01
    endloop
  endfacet
  facet normal 7.022066e-01 8.992136e-02 -7.062719e-01
    outer loop
      vertex   2.012077e+00 1.273108e+01 4.000000e-01
      vertex   1.648906e+00 1.242540e+01 0.000000e+00
      vertex   1.612249e+00 1.271166e+01 0.000000e+00
    endloop
  endfacet
  facet normal 7.061322e-01 3.171268e-02 -7.073695e-01
    outer loop
      vertex   2.012077e+00 1.273108e+01 4.000000e-01
      vertex   1.612249e+00 1.271166e+01 0.000000e+00
      vertex   2.000000e+00 1.300000e+01 4.000000e-01
    endloop
  endfacet
  facet normal 7.067880e-01 3.002420e-02 -7.067880e-01
    outer loop
      vertex   2.000000e+00 1.300000e+01 4.000000e-01
      vertex   1.612249e+00 1.271166e+01 0.000000e+00
      vertex   1.600000e+00 1.300000e+01 0.000000e+00
    endloop
  endfacet
  facet normal 9.989929e-01 -4.486962e-02 0.000000e+00
    outer loop
      vertex   2.000000e+00 2.100001e+01 3.000000e+00
      vertex   2.000000e+00 2.100001e+01 4.000000e-01
      vertex   2.012078e+00 2.126893e+01 3.000000e+00
    endloop
  endfacet
  facet normal 9.989929e-01 -4.486962e-02 -5.010468e-13
    outer loop
      vertex   2.012078e+00 2.126893e+01 3.000000e+00
      vertex   2.000000e+00 2.100001e+01 4.000000e-01
      vertex   2.012078e+00 2.126893e+01 4.000000e-01
    endloop
  endfacet
  facet normal 9.909492e-01 -1.342377e-01 5.012679e-13
    outer loop
      vertex   2.012078e+00 2.126893e+01 3.000000e+00
      vertex   2.012078e+00 2.126893e+01 4.000000e-01
      vertex   2.048214e+00 2.153568e+01 4.000000e-01
    endloop
  endfacet
  facet normal 9.909492e-01 -1.342377e-01 -4.865259e-13
    outer loop
      vertex   2.012078e+00 2.126893e+01 3.000000e+00
      vertex   2.048214e+00 2.153568e+01 4.000000e-01
      vertex   2.048214e+00 2.153568e+01 3.000000e+00
    endloop
  endfacet
  facet normal 9.749270e-01 -2.225250e-01 4.863159e-13
    outer loop
      vertex   2.048214e+00 2.153568e+01 3.000000e+00
      vertex   2.048214e+00 2.153568e+01 4.000000e-01
      vertex   2.108115e+00 2.179812e+01 4.000000e-01
    endloop
  endfacet
  facet normal 9.749270e-01 -2.225250e-01 -4.710621e-13
    outer loop
      vertex   2.048214e+00 2.153568e+01 3.000000e+00
      vertex   2.108115e+00 2.179812e+01 4.000000e-01
      vertex   2.108115e+00 2.179812e+01 3.000000e+00
    endloop
  endfacet
  facet normal 9.510553e-01 -3.090207e-01 4.724327e-13
    outer loop
      vertex   2.108115e+00 2.179812e+01 3.000000e+00
      vertex   2.108115e+00 2.179812e+01 4.000000e-01
      vertex   2.191299e+00 2.205413e+01 4.000000e-01
    endloop
  endfacet
  facet normal 9.510553e-01 -3.090207e-01 -4.566021e-13
    outer loop
      vertex   2.108115e+00 2.179812e+01 3.000000e+00
      vertex   2.191299e+00 2.205413e+01 4.000000e-01
      vertex   2.191299e+00 2.205413e+01 3.000000e+00
    endloop
  endfacet
  facet normal 9.195264e-01 -3.930283e-01 4.573501e-13
    outer loop
      vertex   2.191299e+00 2.205413e+01 3.000000e+00
      vertex   2.191299e+00 2.205413e+01 4.000000e-01
      vertex   2.297098e+00 2.230166e+01 4.000000e-01
    endloop
  endfacet
  facet normal 9.195264e-01 -3.930283e-01 -4.423950e-13
    outer loop
      vertex   2.191299e+00 2.205413e+01 3.000000e+00
      vertex   2.297098e+00 2.230166e+01 4.000000e-01
      vertex   2.297098e+00 2.230166e+01 3.000000e+00
    endloop
  endfacet
  facet normal 8.805940e-01 -4.738715e-01 4.419003e-13
    outer loop
      vertex   2.297098e+00 2.230166e+01 3.000000e+00
      vertex   2.297098e+00 2.230166e+01 4.000000e-01
      vertex   2.424658e+00 2.253871e+01 4.000000e-01
    endloop
  endfacet
  facet normal 8.805940e-01 -4.738715e-01 -4.273352e-13
    outer loop
      vertex   2.297098e+00 2.230166e+01 3.000000e+00
      vertex   2.424658e+00 2.253871e+01 4.000000e-01
      vertex   2.424658e+00 2.253871e+01 3.000000e+00
    endloop
  endfacet
  facet normal 8.345717e-01 -5.508994e-01 4.276137e-13
    outer loop
      vertex   2.424658e+00 2.253871e+01 3.000000e+00
      vertex   2.424658e+00 2.253871e+01 4.000000e-01
      vertex   2.572954e+00 2.276336e+01 4.000000e-01
    endloop
  endfacet
  facet normal 8.345717e-01 -5.508994e-01 -4.132272e-13
    outer loop
      vertex   2.424658e+00 2.253871e+01 3.000000e+00
      vertex   2.572954e+00 2.276336e+01 4.000000e-01
      vertex   2.572954e+00 2.276336e+01 3.000000e+00
    endloop
  endfacet
  facet normal 7.818299e-01 -6.234918e-01 4.121698e-13
    outer loop
      vertex   2.572954e+00 2.276336e+01 3.000000e+00
      vertex   2.572954e+00 2.276336e+01 4.000000e-01
      vertex   2.740790e+00 2.297382e+01 4.000000e-01
    endloop
  endfacet
  facet normal 7.818299e-01 -6.234918e-01 -3.975527e-13
    outer loop
      vertex   2.572954e+00 2.276336e+01 3.000000e+00
      vertex   2.740790e+00 2.297382e+01 4.000000e-01
      vertex   2.740790e+00 2.297382e+01 3.000000e+00
    endloop
  endfacet
  facet normal 7.227933e-01 -6.910643e-01 3.984002e-13
    outer loop
      vertex   2.740790e+00 2.297382e+01 3.000000e+00
      vertex   2.740790e+00 2.297382e+01 4.000000e-01
      vertex   2.926817e+00 2.316839e+01 4.000000e-01
    endloop
  endfacet
  facet normal 7.227933e-01 -6.910643e-01 -3.832166e-13
    outer loop
      vertex   2.740790e+00 2.297382e+01 3.000000e+00
      vertex   2.926817e+00 2.316839e+01 4.000000e-01
      vertex   2.926817e+00 2.316839e+01 3.000000e+00
    endloop
  endfacet
  facet normal 6.579373e-01 -7.530728e-01 3.832382e-13
    outer loop
      vertex   2.926817e+00 2.316839e+01 3.000000e+00
      vertex   2.926817e+00 2.316839e+01 4.000000e-01
      vertex   3.129535e+00 2.334550e+01 4.000000e-01
    endloop
  endfacet
  facet normal 6.579373e-01 -7.530728e-01 -3.692276e-13
    outer loop
      vertex   2.926817e+00 2.316839e+01 3.000000e+00
      vertex   3.129535e+00 2.334550e+01 4.000000e-01
      vertex   3.129535e+00 2.334550e+01 3.000000e+00
    endloop
  endfacet
  facet normal 5.877839e-01 -8.090180e-01 3.677055e-13
    outer loop
      vertex   3.129535e+00 2.334550e+01 3.000000e+00
      vertex   3.129535e+00 2.334550e+01 4.000000e-01
      vertex   3.347313e+00 2.350372e+01 4.000000e-01
    endloop
  endfacet
  facet normal 5.877839e-01 -8.090180e-01 -3.548717e-13
    outer loop
      vertex   3.129535e+00 2.334550e+01 3.000000e+00
      vertex   3.347313e+00 2.350372e+01 4.000000e-01
      vertex   3.347313e+00 2.350372e+01 3.000000e+00
    endloop
  endfacet
  facet normal 5.128981e-01 -8.584495e-01 3.525864e-13
    outer loop
      vertex   3.347313e+00 2.350372e+01 3.000000e+00
      vertex   3.347313e+00 2.350372e+01 4.000000e-01
      vertex   3.578397e+00 2.364179e+01 4.000000e-01
    endloop
  endfacet
  facet normal 5.128981e-01 -8.584495e-01 -3.386222e-13
    outer loop
      vertex   3.347313e+00 2.350372e+01 3.000000e+00
      vertex   3.578397e+00 2.364179e+01 4.000000e-01
      vertex   3.578397e+00 2.364179e+01 3.000000e+00
    endloop
  endfacet
  facet normal 4.338828e-01 -9.009693e-01 3.394634e-13
    outer loop
      vertex   3.578397e+00 2.364179e+01 3.000000e+00
      vertex   3.578397e+00 2.364179e+01 4.000000e-01
      vertex   3.820927e+00 2.375858e+01 4.000000e-01
    endloop
  endfacet
  facet normal 4.338828e-01 -9.009693e-01 -3.243159e-13
    outer loop
      vertex   3.578397e+00 2.364179e+01 3.000000e+00
      vertex   3.820927e+00 2.375858e+01 4.000000e-01
      vertex   3.820927e+00 2.375858e+01 3.000000e+00
    endloop
  endfacet
  facet normal 3.513742e-01 -9.362351e-01 3.242602e-13
    outer loop
      vertex   3.820927e+00 2.375858e+01 3.000000e+00
      vertex   3.820927e+00 2.375858e+01 4.000000e-01
      vertex   4.072951e+00 2.385317e+01 4.000000e-01
    endloop
  endfacet
  facet normal 3.513742e-01 -9.362351e-01 -3.098658e-13
    outer loop
      vertex   3.820927e+00 2.375858e+01 3.000000e+00
      vertex   4.072951e+00 2.385317e+01 4.000000e-01
      vertex   4.072951e+00 2.385317e+01 3.000000e+00
    endloop
  endfacet
  facet normal 2.660365e-01 -9.639630e-01 3.091887e-13
    outer loop
      vertex   4.072951e+00 2.385317e+01 3.000000e+00
      vertex   4.072951e+00 2.385317e+01 4.000000e-01
      vertex   4.332438e+00 2.392478e+01 4.000000e-01
    endloop
  endfacet
  facet normal 2.660365e-01 -9.639630e-01 -2.948854e-13
    outer loop
      vertex   4.072951e+00 2.385317e+01 3.000000e+00
      vertex   4.332438e+00 2.392478e+01 4.000000e-01
      vertex   4.332438e+00 2.392478e+01 3.000000e+00
    endloop
  endfacet
  facet normal 1.785568e-01 -9.839296e-01 2.947190e-13
    outer loop
      vertex   4.332438e+00 2.392478e+01 3.000000e+00
      vertex   4.332438e+00 2.392478e+01 4.000000e-01
      vertex   4.597300e+00 2.397285e+01 4.000000e-01
    endloop
  endfacet
  facet normal 1.785568e-01 -9.839296e-01 -2.803585e-13
    outer loop
      vertex   4.332438e+00 2.392478e+01 3.000000e+00
      vertex   4.597300e+00 2.397285e+01 4.000000e-01
      vertex   4.597300e+00 2.397285e+01 3.000000e+00
    endloop
  endfacet
  facet normal 8.963955e-02 -9.959743e-01 2.797543e-13
    outer loop
      vertex   4.597300e+00 2.397285e+01 3.000000e+00
      vertex   4.597300e+00 2.397285e+01 4.000000e-01
      vertex   4.865404e+00 2.399698e+01 4.000000e-01
    endloop
  endfacet
  facet normal 8.963955e-02 -9.959743e-01 -2.668788e-13
    outer loop
      vertex   4.597300e+00 2.397285e+01 3.000000e+00
      vertex   4.865404e+00 2.399698e+01 4.000000e-01
      vertex   4.865404e+00 2.399698e+01 3.000000e+00
    endloop
  endfacet
  facet normal 5.600256e-07 -1.000000e+00 2.637174e-13
    outer loop
      vertex   4.865404e+00 2.399698e+01 3.000000e+00
      vertex   4.865404e+00 2.399698e+01 4.000000e-01
      vertex   5.134592e+00 2.399698e+01 4.000000e-01
    endloop
  endfacet
  facet normal 5.600206e-07 -1.000000e+00 -2.514259e-13
    outer loop
      vertex   4.865404e+00 2.399698e+01 3.000000e+00
      vertex   5.134592e+00 2.399698e+01 4.000000e-01
      vertex   5.134592e+00 2.399698e+01 3.000000e+00
    endloop
  endfacet
  facet normal -8.963844e-02 -9.959744e-01 2.497548e-13
    outer loop
      vertex   5.134592e+00 2.399698e+01 3.000000e+00
      vertex   5.134592e+00 2.399698e+01 4.000000e-01
      vertex   5.402697e+00 2.397285e+01 4.000000e-01
    endloop
  endfacet
  facet normal -8.963844e-02 -9.959744e-01 -2.353278e-13
    outer loop
      vertex   5.134592e+00 2.399698e+01 3.000000e+00
      vertex   5.402697e+00 2.397285e+01 4.000000e-01
      vertex   5.402697e+00 2.397285e+01 3.000000e+00
    endloop
  endfacet
  facet normal -1.785557e-01 -9.839298e-01 2.363192e-13
    outer loop
      vertex   5.402697e+00 2.397285e+01 3.000000e+00
      vertex   5.402697e+00 2.397285e+01 4.000000e-01
      vertex   5.667559e+00 2.392478e+01 4.000000e-01
    endloop
  endfacet
  facet normal -1.785557e-01 -9.839298e-01 -2.217626e-13
    outer loop
      vertex   5.402697e+00 2.397285e+01 3.000000e+00
      vertex   5.667559e+00 2.392478e+01 4.000000e-01
      vertex   5.667559e+00 2.392478e+01 3.000000e+00
    endloop
  endfacet
  facet normal -2.660354e-01 -9.639633e-01 2.204294e-13
    outer loop
      vertex   5.667559e+00 2.392478e+01 3.000000e+00
      vertex   5.667559e+00 2.392478e+01 4.000000e-01
      vertex   5.927046e+00 2.385317e+01 4.000000e-01
    endloop
  endfacet
  facet normal -2.660354e-01 -9.639633e-01 -2.048439e-13
    outer loop
      vertex   5.667559e+00 2.392478e+01 3.000000e+00
      vertex   5.927046e+00 2.385317e+01 4.000000e-01
      vertex   5.927046e+00 2.385317e+01 3.000000e+00
    endloop
  endfacet
  facet normal -3.513731e-01 -9.362355e-01 2.078126e-13
    outer loop
      vertex   5.927046e+00 2.385317e+01 3.000000e+00
      vertex   5.927046e+00 2.385317e+01 4.000000e-01
      vertex   6.179070e+00 2.375859e+01 4.000000e-01
    endloop
  endfacet
  facet normal -3.513731e-01 -9.362355e-01 -1.923717e-13
    outer loop
      vertex   5.927046e+00 2.385317e+01 3.000000e+00
      vertex   6.179070e+00 2.375859e+01 4.000000e-01
      vertex   6.179070e+00 2.375859e+01 3.000000e+00
    endloop
  endfacet
  facet normal -4.338818e-01 -9.009698e-01 1.908688e-13
    outer loop
      vertex   6.179070e+00 2.375859e+01 3.000000e+00
      vertex   6.179070e+00 2.375859e+01 4.000000e-01
      vertex   6.421600e+00 2.364179e+01 4.000000e-01
    endloop
  endfacet
  facet normal -4.338818e-01 -9.009698e-01 -1.765981e-13
    outer loop
      vertex   6.179070e+00 2.375859e+01 3.000000e+00
      vertex   6.421600e+00 2.364179e+01 4.000000e-01
      vertex   6.421600e+00 2.364179e+01 3.000000e+00
    endloop
  endfacet
  facet normal -5.128972e-01 -8.584501e-01 1.771469e-13
    outer loop
      vertex   6.421600e+00 2.364179e+01 3.000000e+00
      vertex   6.421600e+00 2.364179e+01 4.000000e-01
      vertex   6.652684e+00 2.350372e+01 4.000000e-01
    endloop
  endfacet
  facet normal -5.128972e-01 -8.584501e-01 -1.609782e-13
    outer loop
      vertex   6.421600e+00 2.364179e+01 3.000000e+00
      vertex   6.652684e+00 2.350372e+01 4.000000e-01
      vertex   6.652684e+00 2.350372e+01 3.000000e+00
    endloop
  endfacet
  facet normal -5.877830e-01 -8.090186e-01 1.632239e-13
    outer loop
      vertex   6.652684e+00 2.350372e+01 3.000000e+00
      vertex   6.652684e+00 2.350372e+01 4.000000e-01
      vertex   6.870463e+00 2.334550e+01 4.000000e-01
    endloop
  endfacet
  facet normal -5.877830e-01 -8.090186e-01 -1.484564e-13
    outer loop
      vertex   6.652684e+00 2.350372e+01 3.000000e+00
      vertex   6.870463e+00 2.334550e+01 4.000000e-01
      vertex   6.870463e+00 2.334550e+01 3.000000e+00
    endloop
  endfacet
  facet normal -6.579364e-01 -7.530735e-01 1.464070e-13
    outer loop
      vertex   6.870463e+00 2.334550e+01 3.000000e+00
      vertex   6.870463e+00 2.334550e+01 4.000000e-01
      vertex   7.073181e+00 2.316839e+01 4.000000e-01
    endloop
  endfacet
  facet normal -6.579364e-01 -7.530735e-01 -1.312849e-13
    outer loop
      vertex   6.870463e+00 2.334550e+01 3.000000e+00
      vertex   7.073181e+00 2.316839e+01 4.000000e-01
      vertex   7.073181e+00 2.316839e+01 3.000000e+00
    endloop
  endfacet
  facet normal -7.227925e-01 -6.910651e-01 1.339048e-13
    outer loop
      vertex   7.073181e+00 2.316839e+01 3.000000e+00
      vertex   7.073181e+00 2.316839e+01 4.000000e-01
      vertex   7.259207e+00 2.297382e+01 4.000000e-01
    endloop
  endfacet
  facet normal -7.227925e-01 -6.910651e-01 -1.172264e-13
    outer loop
      vertex   7.073181e+00 2.316839e+01 3.000000e+00
      vertex   7.259207e+00 2.297382e+01 4.000000e-01
      vertex   7.259207e+00 2.297382e+01 3.000000e+00
    endloop
  endfacet
  facet normal -7.818292e-01 -6.234927e-01 1.185825e-13
    outer loop
      vertex   7.259207e+00 2.297382e+01 3.000000e+00
      vertex   7.259207e+00 2.297382e+01 4.000000e-01
      vertex   7.427044e+00 2.276337e+01 4.000000e-01
    endloop
  endfacet
  facet normal -7.818292e-01 -6.234927e-01 -1.041297e-13
    outer loop
      vertex   7.259207e+00 2.297382e+01 3.000000e+00
      vertex   7.427044e+00 2.276337e+01 4.000000e-01
      vertex   7.427044e+00 2.276337e+01 3.000000e+00
    endloop
  endfacet
  facet normal -8.345710e-01 -5.509003e-01 1.023877e-13
    outer loop
      vertex   7.427044e+00 2.276337e+01 3.000000e+00
      vertex   7.427044e+00 2.276337e+01 4.000000e-01
      vertex   7.575340e+00 2.253871e+01 4.000000e-01
    endloop
  endfacet
  facet normal -8.345710e-01 -5.509003e-01 -8.803880e-14
    outer loop
      vertex   7.427044e+00 2.276337e+01 3.000000e+00
      vertex   7.575340e+00 2.253871e+01 4.000000e-01
      vertex   7.575340e+00 2.253871e+01 3.000000e+00
    endloop
  endfacet
  facet normal -8.805935e-01 -4.738725e-01 8.879740e-14
    outer loop
      vertex   7.575340e+00 2.253871e+01 3.000000e+00
      vertex   7.575340e+00 2.253871e+01 4.000000e-01
      vertex   7.702901e+00 2.230166e+01 4.000000e-01
    endloop
  endfacet
  facet normal -8.805935e-01 -4.738725e-01 -7.344994e-14
    outer loop
      vertex   7.575340e+00 2.253871e+01 3.000000e+00
      vertex   7.702901e+00 2.230166e+01 4.000000e-01
      vertex   7.702901e+00 2.230166e+01 3.000000e+00
    endloop
  endfacet
  facet normal -9.195259e-01 -3.930293e-01 7.394006e-14
    outer loop
      vertex   7.702901e+00 2.230166e+01 3.000000e+00
      vertex   7.702901e+00 2.230166e+01 4.000000e-01
      vertex   7.808700e+00 2.205414e+01 4.000000e-01
    endloop
  endfacet
  facet normal -9.195259e-01 -3.930293e-01 -5.865783e-14
    outer loop
      vertex   7.702901e+00 2.230166e+01 3.000000e+00
      vertex   7.808700e+00 2.205414e+01 4.000000e-01
      vertex   7.808700e+00 2.205414e+01 3.000000e+00
    endloop
  endfacet
  facet normal -9.510550e-01 -3.090217e-01 5.921695e-14
    outer loop
      vertex   7.808700e+00 2.205414e+01 3.000000e+00
      vertex   7.808700e+00 2.205414e+01 4.000000e-01
      vertex   7.891884e+00 2.179813e+01 4.000000e-01
    endloop
  endfacet
  facet normal -9.510550e-01 -3.090217e-01 -4.427717e-14
    outer loop
      vertex   7.808700e+00 2.205414e+01 3.000000e+00
      vertex   7.891884e+00 2.179813e+01 4.000000e-01
      vertex   7.891884e+00 2.179813e+01 3.000000e+00
    endloop
  endfacet
  facet normal -9.749267e-01 -2.225261e-01 4.411729e-14
    outer loop
      vertex   7.891884e+00 2.179813e+01 3.000000e+00
      vertex   7.891884e+00 2.179813e+01 4.000000e-01
      vertex   7.951786e+00 2.153569e+01 4.000000e-01
    endloop
  endfacet
  facet normal -9.749267e-01 -2.225261e-01 -2.862252e-14
    outer loop
      vertex   7.891884e+00 2.179813e+01 3.000000e+00
      vertex   7.951786e+00 2.153569e+01 4.000000e-01
      vertex   7.951786e+00 2.153569e+01 3.000000e+00
    endloop
  endfacet
  facet normal -9.909490e-01 -1.342388e-01 3.020986e-14
    outer loop
      vertex   7.951786e+00 2.153569e+01 3.000000e+00
      vertex   7.951786e+00 2.153569e+01 4.000000e-01
      vertex   7.987921e+00 2.126894e+01 4.000000e-01
    endloop
  endfacet
  facet normal -9.909490e-01 -1.342388e-01 -1.454425e-14
    outer loop
      vertex   7.951786e+00 2.153569e+01 3.000000e+00
      vertex   7.987921e+00 2.126894e+01 4.000000e-01
      vertex   7.987921e+00 2.126894e+01 3.000000e+00
    endloop
  endfacet
  facet normal -9.989928e-01 -4.487074e-02 1.475621e-14
    outer loop
      vertex   7.987921e+00 2.126894e+01 3.000000e+00
      vertex   7.987921e+00 2.126894e+01 4.000000e-01
      vertex   8.000000e+00 2.100002e+01 3.000000e+00
    endloop
  endfacet
  facet normal -9.989928e-01 -4.487074e-02 -0.000000e+00
    outer loop
      vertex   8.000000e+00 2.100002e+01 3.000000e+00
      vertex   7.987921e+00 2.126894e+01 4.000000e-01
      vertex   8.000000e+00 2.100002e+01 4.000000e-01
    endloop
  endfacet
  facet normal -1.000000e+00 2.089105e-12 0.000000e+00
    outer loop
      vertex   8.000000e+00 2.100002e+01 4.000000e-01
      vertex   8.000000e+00 1.300001e+01 4.000000e-01
      vertex   8.000000e+00 2.100002e+01 3.000000e+00
    endloop
  endfacet
  facet normal -1.000000e+00 2.089105e-12 0.000000e+00
    outer loop
      vertex   8.000000e+00 2.100002e+01 3.000000e+00
      vertex   8.000000e+00 1.300001e+01 4.000000e-01
      vertex   8.000000e+00 1.300001e+01 3.000000e+00
    endloop
  endfacet
  facet normal 7.060956e-01 3.217100e-02 -7.073853e-01
    outer loop
      vertex   2.012429e+00 -2.027280e+01 4.000000e-01
      vertex   1.612586e+00 -2.029228e+01 0.000000e+00
      vertex   2.000000e+00 -2.000000e+01 4.000000e-01
    endloop
  endfacet
  facet normal 7.067792e-01 3.043540e-02 -7.067792e-01
    outer loop
      vertex   2.000000e+00 -2.000000e+01 4.000000e-01
      vertex   1.612586e+00 -2.029228e+01 0.000000e+00
      vertex   1.600000e+00 -2.000000e+01 0.000000e+00
    endloop
  endfacet
  facet normal 7.067792e-01 -3.043540e-02 -7.067792e-01
    outer loop
      vertex   2.000000e+00 -2.000000e+01 4.000000e-01
      vertex   1.600000e+00 -2.000000e+01 0.000000e+00
      vertex   1.612586e+00 -1.970772e+01 0.000000e+00
    endloop
  endfacet
  facet normal 7.020787e-01 9.114996e-02 -7.062416e-01
    outer loop
      vertex   1.612586e+00 -2.029228e+01 0.000000e+00
      vertex   2.012429e+00 -2.027280e+01 4.000000e-01
      vertex   1.650252e+00 -2.058240e+01 0.000000e+00
    endloop
  endfacet
  facet normal 6.996801e-01 9.616882e-02 -7.079543e-01
    outer loop
      vertex   1.650252e+00 -2.058240e+01 0.000000e+00
      vertex   2.012429e+00 -2.027280e+01 4.000000e-01
      vertex   2.049615e+00 -2.054335e+01 4.000000e-01
    endloop
  endfacet
  facet normal 6.921042e-01 1.512672e-01 -7.057691e-01
    outer loop
      vertex   1.650252e+00 -2.058240e+01 0.000000e+00
      vertex   2.049615e+00 -2.054335e+01 4.000000e-01
      vertex   1.712717e+00 -2.086820e+01 0.000000e+00
    endloop
  endfacet
  facet normal 6.875541e-01 1.592840e-01 -7.084476e-01
    outer loop
      vertex   1.712717e+00 -2.086820e+01 0.000000e+00
      vertex   2.049615e+00 -2.054335e+01 4.000000e-01
      vertex   2.111248e+00 -2.080939e+01 4.000000e-01
    endloop
  endfacet
  facet normal 6.769254e-01 2.103240e-01 -7.053622e-01
    outer loop
      vertex   1.712717e+00 -2.086820e+01 0.000000e+00
      vertex   2.111248e+00 -2.080939e+01 4.000000e-01
      vertex   1.799521e+00 -2.114758e+01 0.000000e+00
    endloop
  endfacet
  facet normal 6.698222e-01 2.210151e-01 -7.088656e-01
    outer loop
      vertex   1.799521e+00 -2.114758e+01 0.000000e+00
      vertex   2.111248e+00 -2.080939e+01 4.000000e-01
      vertex   2.196818e+00 -2.106873e+01 4.000000e-01
    endloop
  endfacet
  facet normal 6.566531e-01 2.678653e-01 -7.050212e-01
    outer loop
      vertex   1.799521e+00 -2.114758e+01 0.000000e+00
      vertex   2.196818e+00 -2.106873e+01 4.000000e-01
      vertex   1.910020e+00 -2.141846e+01 0.000000e+00
    endloop
  endfacet
  facet normal 6.466326e-01 2.808722e-01 -7.092088e-01
    outer loop
      vertex   1.910020e+00 -2.141846e+01 0.000000e+00
      vertex   2.196818e+00 -2.106873e+01 4.000000e-01
      vertex   2.305617e+00 -2.131920e+01 4.000000e-01
    endloop
  endfacet
  facet normal 6.314384e-01 3.234473e-01 -7.047463e-01
    outer loop
      vertex   1.910020e+00 -2.141846e+01 0.000000e+00
      vertex   2.305617e+00 -2.131920e+01 4.000000e-01
      vertex   2.043396e+00 -2.167884e+01 0.000000e+00
    endloop
  endfacet
  facet normal 6.181753e-01 3.383801e-01 -7.094774e-01
    outer loop
      vertex   2.043396e+00 -2.167884e+01 0.000000e+00
      vertex   2.305617e+00 -2.131920e+01 4.000000e-01
      vertex   2.436742e+00 -2.155875e+01 4.000000e-01
    endloop
  endfacet
  facet normal 6.014713e-01 3.766413e-01 -7.045379e-01
    outer loop
      vertex   2.043396e+00 -2.167884e+01 0.000000e+00
      vertex   2.436742e+00 -2.155875e+01 4.000000e-01
      vertex   2.198662e+00 -2.192679e+01 0.000000e+00
    endloop
  endfacet
  facet normal 5.846811e-01 3.930826e-01 -7.096718e-01
    outer loop
      vertex   2.198662e+00 -2.192679e+01 0.000000e+00
      vertex   2.436742e+00 -2.155875e+01 4.000000e-01
      vertex   2.589107e+00 -2.178538e+01 4.000000e-01
    endloop
  endfacet
  facet normal 5.669794e-01 4.270371e-01 -7.043960e-01
    outer loop
      vertex   2.198662e+00 -2.192679e+01 0.000000e+00
      vertex   2.589107e+00 -2.178538e+01 4.000000e-01
      vertex   2.374668e+00 -2.216047e+01 0.000000e+00
    endloop
  endfacet
  facet normal 5.464198e-01 4.445455e-01 -7.097920e-01
    outer loop
      vertex   2.374668e+00 -2.216047e+01 0.000000e+00
      vertex   2.589107e+00 -2.178538e+01 4.000000e-01
      vertex   2.761449e+00 -2.199722e+01 4.000000e-01
    endloop
  endfacet
  facet normal 5.282258e-01 4.742464e-01 -7.043209e-01
    outer loop
      vertex   2.374668e+00 -2.216047e+01 0.000000e+00
      vertex   2.761449e+00 -2.199722e+01 4.000000e-01
      vertex   2.570110e+00 -2.237816e+01 0.000000e+00
    endloop
  endfacet
  facet normal 5.036979e-01 4.923597e-01 -7.098382e-01
    outer loop
      vertex   2.570110e+00 -2.237816e+01 0.000000e+00
      vertex   2.761449e+00 -2.199722e+01 4.000000e-01
      vertex   2.952341e+00 -2.219251e+01 4.000000e-01
    endloop
  endfacet
  facet normal 4.855076e-01 5.179056e-01 -7.043125e-01
    outer loop
      vertex   2.570110e+00 -2.237816e+01 0.000000e+00
      vertex   2.952341e+00 -2.219251e+01 4.000000e-01
      vertex   2.783543e+00 -2.257824e+01 0.000000e+00
    endloop
  endfacet
  facet normal 4.568565e-01 5.361448e-01 -7.098105e-01
    outer loop
      vertex   2.783543e+00 -2.257824e+01 0.000000e+00
      vertex   2.952341e+00 -2.219251e+01 4.000000e-01
      vertex   3.160200e+00 -2.236963e+01 4.000000e-01
    endloop
  endfacet
  facet normal 4.391528e-01 5.576795e-01 -7.043710e-01
    outer loop
      vertex   2.783543e+00 -2.257824e+01 0.000000e+00
      vertex   3.160200e+00 -2.236963e+01 4.000000e-01
      vertex   3.013386e+00 -2.275923e+01 0.000000e+00
    endloop
  endfacet
  facet normal 4.062685e-01 5.755514e-01 -7.097088e-01
    outer loop
      vertex   3.013386e+00 -2.275923e+01 0.000000e+00
      vertex   3.160200e+00 -2.236963e+01 4.000000e-01
      vertex   3.383304e+00 -2.252711e+01 4.000000e-01
    endloop
  endfacet
  facet normal 3.895181e-01 5.932628e-01 -7.044961e-01
    outer loop
      vertex   3.013386e+00 -2.275923e+01 0.000000e+00
      vertex   3.383304e+00 -2.252711e+01 4.000000e-01
      vertex   3.257937e+00 -2.291980e+01 0.000000e+00
    endloop
  endfacet
  facet normal 3.523361e-01 6.102641e-01 -7.095330e-01
    outer loop
      vertex   3.257937e+00 -2.291980e+01 0.000000e+00
      vertex   3.383304e+00 -2.252711e+01 4.000000e-01
      vertex   3.619805e+00 -2.266366e+01 4.000000e-01
    endloop
  endfacet
  facet normal 3.369860e-01 6.243839e-01 -7.046880e-01
    outer loop
      vertex   3.257937e+00 -2.291980e+01 0.000000e+00
      vertex   3.619805e+00 -2.266366e+01 4.000000e-01
      vertex   3.515386e+00 -2.305874e+01 0.000000e+00
    endloop
  endfacet
  facet normal 2.954875e-01 6.400038e-01 -7.092829e-01
    outer loop
      vertex   3.515386e+00 -2.305874e+01 0.000000e+00
      vertex   3.619805e+00 -2.266366e+01 4.000000e-01
      vertex   3.867742e+00 -2.277813e+01 4.000000e-01
    endloop
  endfacet
  facet normal 2.819615e-01 6.508060e-01 -7.049462e-01
    outer loop
      vertex   3.515386e+00 -2.305874e+01 0.000000e+00
      vertex   3.867742e+00 -2.277813e+01 4.000000e-01
      vertex   3.783826e+00 -2.317505e+01 0.000000e+00
    endloop
  endfacet
  facet normal 2.361739e-01 6.645298e-01 -7.089584e-01
    outer loop
      vertex   3.783826e+00 -2.317505e+01 0.000000e+00
      vertex   3.867742e+00 -2.277813e+01 4.000000e-01
      vertex   4.125062e+00 -2.286958e+01 4.000000e-01
    endloop
  endfacet
  facet normal 2.248690e-01 6.723296e-01 -7.052708e-01
    outer loop
      vertex   3.783826e+00 -2.317505e+01 0.000000e+00
      vertex   4.125062e+00 -2.286958e+01 4.000000e-01
      vertex   4.061270e+00 -2.326784e+01 0.000000e+00
    endloop
  endfacet
  facet normal 1.748659e-01 6.836416e-01 -7.085591e-01
    outer loop
      vertex   4.061270e+00 -2.326784e+01 0.000000e+00
      vertex   4.125062e+00 -2.286958e+01 4.000000e-01
      vertex   4.389632e+00 -2.293725e+01 4.000000e-01
    endloop
  endfacet
  facet normal 1.661487e-01 6.887937e-01 -7.056613e-01
    outer loop
      vertex   4.061270e+00 -2.326784e+01 0.000000e+00
      vertex   4.389632e+00 -2.293725e+01 4.000000e-01
      vertex   4.345665e+00 -2.333644e+01 0.000000e+00
    endloop
  endfacet
  facet normal 1.120501e-01 6.971806e-01 -7.080847e-01
    outer loop
      vertex   4.345665e+00 -2.333644e+01 0.000000e+00
      vertex   4.389632e+00 -2.293725e+01 4.000000e-01
      vertex   4.659259e+00 -2.298059e+01 4.000000e-01
    endloop
  endfacet
  facet normal 1.062534e-01 7.000775e-01 -7.061174e-01
    outer loop
      vertex   4.345665e+00 -2.333644e+01 0.000000e+00
      vertex   4.659259e+00 -2.298059e+01 4.000000e-01
      vertex   4.634903e+00 -2.338034e+01 0.000000e+00
    endloop
  endfacet
  facet normal 4.822545e-02 7.050312e-01 -7.075347e-01
    outer loop
      vertex   4.634903e+00 -2.338034e+01 0.000000e+00
      vertex   4.659259e+00 -2.298059e+01 4.000000e-01
      vertex   4.931710e+00 -2.299922e+01 4.000000e-01
    endloop
  endfacet
  facet normal 4.564454e-02 7.061008e-01 -7.066387e-01
    outer loop
      vertex   4.634903e+00 -2.338034e+01 0.000000e+00
      vertex   4.931710e+00 -2.299922e+01 4.000000e-01
      vertex   4.926845e+00 -2.339921e+01 0.000000e+00
    endloop
  endfacet
  facet normal -1.521812e-02 7.071261e-01 -7.069237e-01
    outer loop
      vertex   4.926845e+00 -2.339921e+01 0.000000e+00
      vertex   4.931710e+00 -2.299922e+01 4.000000e-01
      vertex   5.219329e+00 -2.339292e+01 0.000000e+00
    endloop
  endfacet
  facet normal -1.609318e-02 7.067992e-01 -7.072312e-01
    outer loop
      vertex   5.219329e+00 -2.339292e+01 0.000000e+00
      vertex   4.931710e+00 -2.299922e+01 4.000000e-01
      vertex   5.204727e+00 -2.299301e+01 4.000000e-01
    endloop
  endfacet
  facet normal -7.600912e-02 7.037501e-01 -7.063699e-01
    outer loop
      vertex   5.219329e+00 -2.339292e+01 0.000000e+00
      vertex   5.204727e+00 -2.299301e+01 4.000000e-01
      vertex   5.510188e+00 -2.336150e+01 0.000000e+00
    endloop
  endfacet
  facet normal -8.023232e-02 7.018225e-01 -7.078192e-01
    outer loop
      vertex   5.510188e+00 -2.336150e+01 0.000000e+00
      vertex   5.204727e+00 -2.299301e+01 4.000000e-01
      vertex   5.476048e+00 -2.296199e+01 4.000000e-01
    endloop
  endfacet
  facet normal -1.363193e-01 6.950891e-01 -7.058811e-01
    outer loop
      vertex   5.510188e+00 -2.336150e+01 0.000000e+00
      vertex   5.476048e+00 -2.296199e+01 4.000000e-01
      vertex   5.797271e+00 -2.330520e+01 0.000000e+00
    endloop
  endfacet
  facet normal -1.436155e-01 6.911160e-01 -7.083314e-01
    outer loop
      vertex   5.797271e+00 -2.330520e+01 0.000000e+00
      vertex   5.476048e+00 -2.296199e+01 4.000000e-01
      vertex   5.743423e+00 -2.290643e+01 4.000000e-01
    endloop
  endfacet
  facet normal -1.956843e-01 6.812026e-01 -7.054578e-01
    outer loop
      vertex   5.797271e+00 -2.330520e+01 0.000000e+00
      vertex   5.743423e+00 -2.290643e+01 4.000000e-01
      vertex   6.078450e+00 -2.322443e+01 0.000000e+00
    endloop
  endfacet
  facet normal -2.057391e-01 6.747734e-01 -7.087682e-01
    outer loop
      vertex   6.078450e+00 -2.322443e+01 0.000000e+00
      vertex   5.743423e+00 -2.290643e+01 4.000000e-01
      vertex   6.004639e+00 -2.282678e+01 4.000000e-01
    endloop
  endfacet
  facet normal -2.536466e-01 6.621911e-01 -7.051002e-01
    outer loop
      vertex   6.078450e+00 -2.322443e+01 0.000000e+00
      vertex   6.004639e+00 -2.282678e+01 4.000000e-01
      vertex   6.351646e+00 -2.311978e+01 0.000000e+00
    endloop
  endfacet
  facet normal -2.661099e-01 6.529320e-01 -7.091300e-01
    outer loop
      vertex   6.351646e+00 -2.311978e+01 0.000000e+00
      vertex   6.004639e+00 -2.282678e+01 4.000000e-01
      vertex   6.257530e+00 -2.272371e+01 4.000000e-01
    endloop
  endfacet
  facet normal -3.097592e-01 6.381957e-01 -7.048088e-01
    outer loop
      vertex   6.351646e+00 -2.311978e+01 0.000000e+00
      vertex   6.257530e+00 -2.272371e+01 4.000000e-01
      vertex   6.614834e+00 -2.299204e+01 0.000000e+00
    endloop
  endfacet
  facet normal -3.242487e-01 6.257715e-01 -7.094173e-01
    outer loop
      vertex   6.614834e+00 -2.299204e+01 0.000000e+00
      vertex   6.257530e+00 -2.272371e+01 4.000000e-01
      vertex   6.500000e+00 -2.259808e+01 4.000000e-01
    endloop
  endfacet
  facet normal -3.635894e-01 6.093968e-01 -7.045837e-01
    outer loop
      vertex   6.614834e+00 -2.299204e+01 0.000000e+00
      vertex   6.500000e+00 -2.259808e+01 4.000000e-01
      vertex   6.866066e+00 -2.284215e+01 0.000000e+00
    endloop
  endfacet
  facet normal -3.796942e-01 5.935128e-01 -7.096301e-01
    outer loop
      vertex   6.866066e+00 -2.284215e+01 0.000000e+00
      vertex   6.500000e+00 -2.259808e+01 4.000000e-01
      vertex   6.730041e+00 -2.245091e+01 4.000000e-01
    endloop
  endfacet
  facet normal -4.147221e-01 5.760127e-01 -7.044252e-01
    outer loop
      vertex   6.866066e+00 -2.284215e+01 0.000000e+00
      vertex   6.730041e+00 -2.245091e+01 4.000000e-01
      vertex   7.103483e+00 -2.267121e+01 0.000000e+00
    endloop
  endfacet
  facet normal -4.320063e-01 5.564159e-01 -7.097689e-01
    outer loop
      vertex   7.103483e+00 -2.267121e+01 0.000000e+00
      vertex   6.730041e+00 -2.245091e+01 4.000000e-01
      vertex   6.945746e+00 -2.228343e+01 4.000000e-01
    endloop
  endfacet
  facet normal -4.627631e-01 5.382980e-01 -7.043334e-01
    outer loop
      vertex   7.103483e+00 -2.267121e+01 0.000000e+00
      vertex   6.945746e+00 -2.228343e+01 4.000000e-01
      vertex   7.325326e+00 -2.248050e+01 0.000000e+00
    endloop
  endfacet
  facet normal -4.807696e-01 5.147785e-01 -7.098336e-01
    outer loop
      vertex   7.325326e+00 -2.248050e+01 0.000000e+00
      vertex   6.945746e+00 -2.228343e+01 4.000000e-01
      vertex   7.145329e+00 -2.209704e+01 4.000000e-01
    endloop
  endfacet
  facet normal -5.073425e-01 4.965414e-01 -7.043083e-01
    outer loop
      vertex   7.325326e+00 -2.248050e+01 0.000000e+00
      vertex   7.145329e+00 -2.209704e+01 4.000000e-01
      vertex   7.529953e+00 -2.227142e+01 0.000000e+00
    endloop
  endfacet
  facet normal -5.255959e-01 4.689332e-01 -7.098244e-01
    outer loop
      vertex   7.529953e+00 -2.227142e+01 0.000000e+00
      vertex   7.145329e+00 -2.209704e+01 4.000000e-01
      vertex   7.327134e+00 -2.189326e+01 4.000000e-01
    endloop
  endfacet
  facet normal -5.481175e-01 4.510634e-01 -7.043501e-01
    outer loop
      vertex   7.529953e+00 -2.227142e+01 0.000000e+00
      vertex   7.327134e+00 -2.189326e+01 4.000000e-01
      vertex   7.715850e+00 -2.204552e+01 0.000000e+00
    endloop
  endfacet
  facet normal -5.661280e-01 4.192452e-01 -7.097411e-01
    outer loop
      vertex   7.715850e+00 -2.204552e+01 0.000000e+00
      vertex   7.327134e+00 -2.189326e+01 4.000000e-01
      vertex   7.489656e+00 -2.167380e+01 4.000000e-01
    endloop
  endfacet
  facet normal -5.847753e-01 4.022138e-01 -7.044586e-01
    outer loop
      vertex   7.715850e+00 -2.204552e+01 0.000000e+00
      vertex   7.489656e+00 -2.167380e+01 4.000000e-01
      vertex   7.881639e+00 -2.180448e+01 0.000000e+00
    endloop
  endfacet
  facet normal -6.020418e-01 3.661097e-01 -7.095839e-01
    outer loop
      vertex   7.881639e+00 -2.180448e+01 0.000000e+00
      vertex   7.489656e+00 -2.167380e+01 4.000000e-01
      vertex   7.631548e+00 -2.144047e+01 4.000000e-01
    endloop
  endfacet
  facet normal -6.170356e-01 3.503689e-01 -7.046338e-01
    outer loop
      vertex   7.881639e+00 -2.180448e+01 0.000000e+00
      vertex   7.631548e+00 -2.144047e+01 4.000000e-01
      vertex   8.026094e+00 -2.155008e+01 0.000000e+00
    endloop
  endfacet
  facet normal -6.330489e-01 3.099488e-01 -7.093524e-01
    outer loop
      vertex   8.026094e+00 -2.155008e+01 0.000000e+00
      vertex   7.631548e+00 -2.144047e+01 4.000000e-01
      vertex   7.751634e+00 -2.119520e+01 4.000000e-01
    endloop
  endfacet
  facet normal -6.446526e-01 2.959284e-01 -7.048754e-01
    outer loop
      vertex   8.026094e+00 -2.155008e+01 0.000000e+00
      vertex   7.751634e+00 -2.119520e+01 4.000000e-01
      vertex   8.148144e+00 -2.128421e+01 0.000000e+00
    endloop
  endfacet
  facet normal -6.588987e-01 2.512080e-01 -7.090466e-01
    outer loop
      vertex   8.148144e+00 -2.128421e+01 0.000000e+00
      vertex   7.751634e+00 -2.119520e+01 4.000000e-01
      vertex   7.848919e+00 -2.094003e+01 4.000000e-01
    endloop
  endfacet
  facet normal -6.674174e-01 2.393121e-01 -7.051834e-01
    outer loop
      vertex   8.148144e+00 -2.128421e+01 0.000000e+00
      vertex   7.848919e+00 -2.094003e+01 4.000000e-01
      vertex   8.246887e+00 -2.100882e+01 0.000000e+00
    endloop
  endfacet
  facet normal -6.793806e-01 1.903535e-01 -7.086660e-01
    outer loop
      vertex   8.246887e+00 -2.100882e+01 0.000000e+00
      vertex   7.848919e+00 -2.094003e+01 4.000000e-01
      vertex   7.922597e+00 -2.067707e+01 4.000000e-01
    endloop
  endfacet
  facet normal -6.851593e-01 1.809568e-01 -7.055575e-01
    outer loop
      vertex   8.246887e+00 -2.100882e+01 0.000000e+00
      vertex   7.922597e+00 -2.067707e+01 4.000000e-01
      vertex   8.321591e+00 -2.072597e+01 0.000000e+00
    endloop
  endfacet
  facet normal -6.943254e-01 1.278683e-01 -7.082104e-01
    outer loop
      vertex   8.321591e+00 -2.072597e+01 0.000000e+00
      vertex   7.922597e+00 -2.067707e+01 4.000000e-01
      vertex   7.972058e+00 -2.040850e+01 4.000000e-01
    endloop
  endfacet
  facet normal -6.977473e-01 1.213123e-01 -7.059972e-01
    outer loop
      vertex   8.321591e+00 -2.072597e+01 0.000000e+00
      vertex   7.972058e+00 -2.040850e+01 4.000000e-01
      vertex   8.371703e+00 -2.043774e+01 0.000000e+00
    endloop
  endfacet
  facet normal -7.036065e-01 6.424855e-02 -7.076793e-01
    outer loop
      vertex   8.371703e+00 -2.043774e+01 0.000000e+00
      vertex   7.972058e+00 -2.040850e+01 4.000000e-01
      vertex   7.996891e+00 -2.013654e+01 4.000000e-01
    endloop
  endfacet
  facet normal -7.050909e-01 6.083821e-02 -7.065023e-01
    outer loop
      vertex   8.371703e+00 -2.043774e+01 0.000000e+00
      vertex   7.996891e+00 -2.013654e+01 4.000000e-01
      vertex   8.396852e+00 -2.014628e+01 0.000000e+00
    endloop
  endfacet
  facet normal -7.071413e-01 0.000000e+00 -7.070723e-01
    outer loop
      vertex   8.396852e+00 -2.014628e+01 0.000000e+00
      vertex   7.996891e+00 -2.013654e+01 4.000000e-01
      vertex   7.996891e+00 -1.986346e+01 4.000000e-01
    endloop
  endfacet
  facet normal -7.071413e-01 0.000000e+00 -7.070723e-01
    outer loop
      vertex   8.396852e+00 -2.014628e+01 0.000000e+00
      vertex   7.996891e+00 -1.986346e+01 4.000000e-01
      vertex   8.396852e+00 -1.985372e+01 0.000000e+00
    endloop
  endfacet
  facet normal -7.050909e-01 -6.083821e-02 -7.065023e-01
    outer loop
      vertex   8.396852e+00 -1.985372e+01 0.000000e+00
      vertex   7.996891e+00 -1.986346e+01 4.000000e-01
      vertex   8.371703e+00 -1.956226e+01 0.000000e+00
    endloop
  endfacet
  facet normal -7.036065e-01 -6.424855e-02 -7.076793e-01
    outer loop
      vertex   8.371703e+00 -1.956226e+01 0.000000e+00
      vertex   7.996891e+00 -1.986346e+01 4.000000e-01
      vertex   7.972058e+00 -1.959150e+01 4.000000e-01
    endloop
  endfacet
  facet normal -6.977473e-01 -1.213123e-01 -7.059972e-01
    outer loop
      vertex   8.371703e+00 -1.956226e+01 0.000000e+00
      vertex   7.972058e+00 -1.959150e+01 4.000000e-01
      vertex   8.321591e+00 -1.927403e+01 0.000000e+00
    endloop
  endfacet
  facet normal -6.943254e-01 -1.278683e-01 -7.082104e-01
    outer loop
      vertex   8.321591e+00 -1.927403e+01 0.000000e+00
      vertex   7.972058e+00 -1.959150e+01 4.000000e-01
      vertex   7.922597e+00 -1.932293e+01 4.000000e-01
    endloop
  endfacet
  facet normal -6.851593e-01 -1.809568e-01 -7.055575e-01
    outer loop
      vertex   8.321591e+00 -1.927403e+01 0.000000e+00
      vertex   7.922597e+00 -1.932293e+01 4.000000e-01
      vertex   8.246887e+00 -1.899118e+01 0.000000e+00
    endloop
  endfacet
  facet normal -6.793806e-01 -1.903535e-01 -7.086660e-01
    outer loop
      vertex   8.246887e+00 -1.899118e+01 0.000000e+00
      vertex   7.922597e+00 -1.932293e+01 4.000000e-01
      vertex   7.848919e+00 -1.905997e+01 4.000000e-01
    endloop
  endfacet
  facet normal -6.674174e-01 -2.393121e-01 -7.051834e-01
    outer loop
      vertex   8.246887e+00 -1.899118e+01 0.000000e+00
      vertex   7.848919e+00 -1.905997e+01 4.000000e-01
      vertex   8.148144e+00 -1.871579e+01 0.000000e+00
    endloop
  endfacet
  facet normal -6.588987e-01 -2.512080e-01 -7.090466e-01
    outer loop
      vertex   8.148144e+00 -1.871579e+01 0.000000e+00
      vertex   7.848919e+00 -1.905997e+01 4.000000e-01
      vertex   7.751634e+00 -1.880480e+01 4.000000e-01
    endloop
  endfacet
  facet normal -6.446526e-01 -2.959284e-01 -7.048754e-01
    outer loop
      vertex   8.148144e+00 -1.871579e+01 0.000000e+00
      vertex   7.751634e+00 -1.880480e+01 4.000000e-01
      vertex   8.026094e+00 -1.844992e+01 0.000000e+00
    endloop
  endfacet
  facet normal -6.330489e-01 -3.099488e-01 -7.093524e-01
    outer loop
      vertex   8.026094e+00 -1.844992e+01 0.000000e+00
      vertex   7.751634e+00 -1.880480e+01 4.000000e-01
      vertex   7.631548e+00 -1.855953e+01 4.000000e-01
    endloop
  endfacet
  facet normal -6.170356e-01 -3.503689e-01 -7.046338e-01
    outer loop
      vertex   8.026094e+00 -1.844992e+01 0.000000e+00
      vertex   7.631548e+00 -1.855953e+01 4.000000e-01
      vertex   7.881639e+00 -1.819552e+01 0.000000e+00
    endloop
  endfacet
  facet normal -6.020418e-01 -3.661097e-01 -7.095839e-01
    outer loop
      vertex   7.881639e+00 -1.819552e+01 0.000000e+00
      vertex   7.631548e+00 -1.855953e+01 4.000000e-01
      vertex   7.489656e+00 -1.832620e+01 4.000000e-01
    endloop
  endfacet
  facet normal -5.847753e-01 -4.022138e-01 -7.044586e-01
    outer loop
      vertex   7.881639e+00 -1.819552e+01 0.000000e+00
      vertex   7.489656e+00 -1.832620e+01 4.000000e-01
      vertex   7.715850e+00 -1.795448e+01 0.000000e+00
    endloop
  endfacet
  facet normal -5.661280e-01 -4.192452e-01 -7.097411e-01
    outer loop
      vertex   7.715850e+00 -1.795448e+01 0.000000e+00
      vertex   7.489656e+00 -1.832620e+01 4.000000e-01
      vertex   7.327134e+00 -1.810674e+01 4.000000e-01
    endloop
  endfacet
  facet normal -5.481175e-01 -4.510634e-01 -7.043501e-01
    outer loop
      vertex   7.715850e+00 -1.795448e+01 0.000000e+00
      vertex   7.327134e+00 -1.810674e+01 4.000000e-01
      vertex   7.529953e+00 -1.772858e+01 0.000000e+00
    endloop
  endfacet
  facet normal -5.255959e-01 -4.689332e-01 -7.098244e-01
    outer loop
      vertex   7.529953e+00 -1.772858e+01 0.000000e+00
      vertex   7.327134e+00 -1.810674e+01 4.000000e-01
      vertex   7.145329e+00 -1.790296e+01 4.000000e-01
    endloop
  endfacet
  facet normal -5.073425e-01 -4.965414e-01 -7.043083e-01
    outer loop
      vertex   7.529953e+00 -1.772858e+01 0.000000e+00
      vertex   7.145329e+00 -1.790296e+01 4.000000e-01
      vertex   7.325326e+00 -1.751950e+01 0.000000e+00
    endloop
  endfacet
  facet normal -4.807696e-01 -5.147785e-01 -7.098336e-01
    outer loop
      vertex   7.325326e+00 -1.751950e+01 0.000000e+00
      vertex   7.145329e+00 -1.790296e+01 4.000000e-01
      vertex   6.945746e+00 -1.771657e+01 4.000000e-01
    endloop
  endfacet
  facet normal -4.627631e-01 -5.382980e-01 -7.043334e-01
    outer loop
      vertex   7.325326e+00 -1.751950e+01 0.000000e+00
      vertex   6.945746e+00 -1.771657e+01 4.000000e-01
      vertex   7.103483e+00 -1.732879e+01 0.000000e+00
    endloop
  endfacet
  facet normal -4.320063e-01 -5.564159e-01 -7.097689e-01
    outer loop
      vertex   7.103483e+00 -1.732879e+01 0.000000e+00
      vertex   6.945746e+00 -1.771657e+01 4.000000e-01
      vertex   6.730041e+00 -1.754909e+01 4.000000e-01
    endloop
  endfacet
  facet normal -4.147221e-01 -5.760127e-01 -7.044252e-01
    outer loop
      vertex   7.103483e+00 -1.732879e+01 0.000000e+00
      vertex   6.730041e+00 -1.754909e+01 4.000000e-01
      vertex   6.866066e+00 -1.715785e+01 0.000000e+00
    endloop
  endfacet
  facet normal -3.796942e-01 -5.935128e-01 -7.096301e-01
    outer loop
      vertex   6.866066e+00 -1.715785e+01 0.000000e+00
      vertex   6.730041e+00 -1.754909e+01 4.000000e-01
      vertex   6.500000e+00 -1.740192e+01 4.000000e-01
    endloop
  endfacet
  facet normal -3.635894e-01 -6.093968e-01 -7.045837e-01
    outer loop
      vertex   6.866066e+00 -1.715785e+01 0.000000e+00
      vertex   6.500000e+00 -1.740192e+01 4.000000e-01
      vertex   6.614834e+00 -1.700796e+01 0.000000e+00
    endloop
  endfacet
  facet normal -3.242487e-01 -6.257715e-01 -7.094173e-01
    outer loop
      vertex   6.614834e+00 -1.700796e+01 0.000000e+00
      vertex   6.500000e+00 -1.740192e+01 4.000000e-01
      vertex   6.257530e+00 -1.727629e+01 4.000000e-01
    endloop
  endfacet
  facet normal -3.097592e-01 -6.381957e-01 -7.048088e-01
    outer loop
      vertex   6.614834e+00 -1.700796e+01 0.000000e+00
      vertex   6.257530e+00 -1.727629e+01 4.000000e-01
      vertex   6.351646e+00 -1.688022e+01 0.000000e+00
    endloop
  endfacet
  facet normal -2.661099e-01 -6.529320e-01 -7.091300e-01
    outer loop
      vertex   6.351646e+00 -1.688022e+01 0.000000e+00
      vertex   6.257530e+00 -1.727629e+01 4.000000e-01
      vertex   6.004639e+00 -1.717322e+01 4.000000e-01
    endloop
  endfacet
  facet normal -2.536466e-01 -6.621911e-01 -7.051002e-01
    outer loop
      vertex   6.351646e+00 -1.688022e+01 0.000000e+00
      vertex   6.004639e+00 -1.717322e+01 4.000000e-01
      vertex   6.078450e+00 -1.677557e+01 0.000000e+00
    endloop
  endfacet
  facet normal -2.057391e-01 -6.747734e-01 -7.087682e-01
    outer loop
      vertex   6.078450e+00 -1.677557e+01 0.000000e+00
      vertex   6.004639e+00 -1.717322e+01 4.000000e-01
      vertex   5.743423e+00 -1.709357e+01 4.000000e-01
    endloop
  endfacet
  facet normal -1.956843e-01 -6.812026e-01 -7.054578e-01
    outer loop
      vertex   6.078450e+00 -1.677557e+01 0.000000e+00
      vertex   5.743423e+00 -1.709357e+01 4.000000e-01
      vertex   5.797271e+00 -1.669480e+01 0.000000e+00
    endloop
  endfacet
  facet normal -1.436155e-01 -6.911160e-01 -7.083314e-01
    outer loop
      vertex   5.797271e+00 -1.669480e+01 0.000000e+00
      vertex   5.743423e+00 -1.709357e+01 4.000000e-01
      vertex   5.476048e+00 -1.703801e+01 4.000000e-01
    endloop
  endfacet
  facet normal -1.363193e-01 -6.950891e-01 -7.058811e-01
    outer loop
      vertex   5.797271e+00 -1.669480e+01 0.000000e+00
      vertex   5.476048e+00 -1.703801e+01 4.000000e-01
      vertex   5.510188e+00 -1.663850e+01 0.000000e+00
    endloop
  endfacet
  facet normal -8.023232e-02 -7.018225e-01 -7.078192e-01
    outer loop
      vertex   5.510188e+00 -1.663850e+01 0.000000e+00
      vertex   5.476048e+00 -1.703801e+01 4.000000e-01
      vertex   5.204727e+00 -1.700699e+01 4.000000e-01
    endloop
  endfacet
  facet normal -7.600912e-02 -7.037501e-01 -7.063699e-01
    outer loop
      vertex   5.510188e+00 -1.663850e+01 0.000000e+00
      vertex   5.204727e+00 -1.700699e+01 4.000000e-01
      vertex   5.219329e+00 -1.660708e+01 0.000000e+00
    endloop
  endfacet
  facet normal -1.609318e-02 -7.067992e-01 -7.072312e-01
    outer loop
      vertex   5.219329e+00 -1.660708e+01 0.000000e+00
      vertex   5.204727e+00 -1.700699e+01 4.000000e-01
      vertex   4.931710e+00 -1.700078e+01 4.000000e-01
    endloop
  endfacet
  facet normal -1.521812e-02 -7.071261e-01 -7.069237e-01
    outer loop
      vertex   5.219329e+00 -1.660708e+01 0.000000e+00
      vertex   4.931710e+00 -1.700078e+01 4.000000e-01
      vertex   4.926845e+00 -1.660079e+01 0.000000e+00
    endloop
  endfacet
  facet normal 4.564454e-02 -7.061008e-01 -7.066387e-01
    outer loop
      vertex   4.926845e+00 -1.660079e+01 0.000000e+00
      vertex   4.931710e+00 -1.700078e+01 4.000000e-01
      vertex   4.634903e+00 -1.661966e+01 0.000000e+00
    endloop
  endfacet
  facet normal 4.822545e-02 -7.050312e-01 -7.075347e-01
    outer loop
      vertex   4.634903e+00 -1.661966e+01 0.000000e+00
      vertex   4.931710e+00 -1.700078e+01 4.000000e-01
      vertex   4.659259e+00 -1.701941e+01 4.000000e-01
    endloop
  endfacet
  facet normal 1.062534e-01 -7.000775e-01 -7.061174e-01
    outer loop
      vertex   4.634903e+00 -1.661966e+01 0.000000e+00
      vertex   4.659259e+00 -1.701941e+01 4.000000e-01
      vertex   4.345665e+00 -1.666356e+01 0.000000e+00
    endloop
  endfacet
  facet normal 1.120501e-01 -6.971806e-01 -7.080847e-01
    outer loop
      vertex   4.345665e+00 -1.666356e+01 0.000000e+00
      vertex   4.659259e+00 -1.701941e+01 4.000000e-01
      vertex   4.389632e+00 -1.706275e+01 4.000000e-01
    endloop
  endfacet
  facet normal 1.661487e-01 -6.887937e-01 -7.056613e-01
    outer loop
      vertex   4.345665e+00 -1.666356e+01 0.000000e+00
      vertex   4.389632e+00 -1.706275e+01 4.000000e-01
      vertex   4.061270e+00 -1.673216e+01 0.000000e+00
    endloop
  endfacet
  facet normal 1.748659e-01 -6.836416e-01 -7.085591e-01
    outer loop
      vertex   4.061270e+00 -1.673216e+01 0.000000e+00
      vertex   4.389632e+00 -1.706275e+01 4.000000e-01
      vertex   4.125062e+00 -1.713042e+01 4.000000e-01
    endloop
  endfacet
  facet normal 2.248690e-01 -6.723296e-01 -7.052708e-01
    outer loop
      vertex   4.061270e+00 -1.673216e+01 0.000000e+00
      vertex   4.125062e+00 -1.713042e+01 4.000000e-01
      vertex   3.783826e+00 -1.682495e+01 0.000000e+00
    endloop
  endfacet
  facet normal 2.361739e-01 -6.645298e-01 -7.089584e-01
    outer loop
      vertex   3.783826e+00 -1.682495e+01 0.000000e+00
      vertex   4.125062e+00 -1.713042e+01 4.000000e-01
      vertex   3.867742e+00 -1.722187e+01 4.000000e-01
    endloop
  endfacet
  facet normal 2.819615e-01 -6.508060e-01 -7.049462e-01
    outer loop
      vertex   3.783826e+00 -1.682495e+01 0.000000e+00
      vertex   3.867742e+00 -1.722187e+01 4.000000e-01
      vertex   3.515386e+00 -1.694126e+01 0.000000e+00
    endloop
  endfacet
  facet normal 2.954875e-01 -6.400038e-01 -7.092829e-01
    outer loop
      vertex   3.515386e+00 -1.694126e+01 0.000000e+00
      vertex   3.867742e+00 -1.722187e+01 4.000000e-01
      vertex   3.619805e+00 -1.733634e+01 4.000000e-01
    endloop
  endfacet
  facet normal 3.369860e-01 -6.243839e-01 -7.046880e-01
    outer loop
      vertex   3.515386e+00 -1.694126e+01 0.000000e+00
      vertex   3.619805e+00 -1.733634e+01 4.000000e-01
      vertex   3.257937e+00 -1.708020e+01 0.000000e+00
    endloop
  endfacet
  facet normal 3.523361e-01 -6.102641e-01 -7.095330e-01
    outer loop
      vertex   3.257937e+00 -1.708020e+01 0.000000e+00
      vertex   3.619805e+00 -1.733634e+01 4.000000e-01
      vertex   3.383304e+00 -1.747289e+01 4.000000e-01
    endloop
  endfacet
  facet normal 3.895181e-01 -5.932628e-01 -7.044961e-01
    outer loop
      vertex   3.257937e+00 -1.708020e+01 0.000000e+00
      vertex   3.383304e+00 -1.747289e+01 4.000000e-01
      vertex   3.013386e+00 -1.724077e+01 0.000000e+00
    endloop
  endfacet
  facet normal 4.062685e-01 -5.755514e-01 -7.097088e-01
    outer loop
      vertex   3.013386e+00 -1.724077e+01 0.000000e+00
      vertex   3.383304e+00 -1.747289e+01 4.000000e-01
      vertex   3.160200e+00 -1.763037e+01 4.000000e-01
    endloop
  endfacet
  facet normal 4.391528e-01 -5.576795e-01 -7.043710e-01
    outer loop
      vertex   3.013386e+00 -1.724077e+01 0.000000e+00
      vertex   3.160200e+00 -1.763037e+01 4.000000e-01
      vertex   2.783543e+00 -1.742176e+01 0.000000e+00
    endloop
  endfacet
  facet normal 4.568565e-01 -5.361448e-01 -7.098105e-01
    outer loop
      vertex   2.783543e+00 -1.742176e+01 0.000000e+00
      vertex   3.160200e+00 -1.763037e+01 4.000000e-01
      vertex   2.952341e+00 -1.780749e+01 4.000000e-01
    endloop
  endfacet
  facet normal 4.855076e-01 -5.179056e-01 -7.043125e-01
    outer loop
      vertex   2.783543e+00 -1.742176e+01 0.000000e+00
      vertex   2.952341e+00 -1.780749e+01 4.000000e-01
      vertex   2.570110e+00 -1.762184e+01 0.000000e+00
    endloop
  endfacet
  facet normal 5.036979e-01 -4.923597e-01 -7.098382e-01
    outer loop
      vertex   2.570110e+00 -1.762184e+01 0.000000e+00
      vertex   2.952341e+00 -1.780749e+01 4.000000e-01
      vertex   2.761449e+00 -1.800278e+01 4.000000e-01
    endloop
  endfacet
  facet normal 5.282258e-01 -4.742464e-01 -7.043209e-01
    outer loop
      vertex   2.570110e+00 -1.762184e+01 0.000000e+00
      vertex   2.761449e+00 -1.800278e+01 4.000000e-01
      vertex   2.374668e+00 -1.783953e+01 0.000000e+00
    endloop
  endfacet
  facet normal 5.464198e-01 -4.445455e-01 -7.097920e-01
    outer loop
      vertex   2.374668e+00 -1.783953e+01 0.000000e+00
      vertex   2.761449e+00 -1.800278e+01 4.000000e-01
      vertex   2.589107e+00 -1.821462e+01 4.000000e-01
    endloop
  endfacet
  facet normal 5.669794e-01 -4.270371e-01 -7.043960e-01
    outer loop
      vertex   2.374668e+00 -1.783953e+01 0.000000e+00
      vertex   2.589107e+00 -1.821462e+01 4.000000e-01
      vertex   2.198662e+00 -1.807321e+01 0.000000e+00
    endloop
  endfacet
  facet normal 5.846811e-01 -3.930826e-01 -7.096718e-01
    outer loop
      vertex   2.198662e+00 -1.807321e+01 0.000000e+00
      vertex   2.589107e+00 -1.821462e+01 4.000000e-01
      vertex   2.436742e+00 -1.844125e+01 4.000000e-01
    endloop
  endfacet
  facet normal 6.014713e-01 -3.766413e-01 -7.045379e-01
    outer loop
      vertex   2.198662e+00 -1.807321e+01 0.000000e+00
      vertex   2.436742e+00 -1.844125e+01 4.000000e-01
      vertex   2.043396e+00 -1.832116e+01 0.000000e+00
    endloop
  endfacet
  facet normal 6.181753e-01 -3.383801e-01 -7.094774e-01
    outer loop
      vertex   2.043396e+00 -1.832116e+01 0.000000e+00
      vertex   2.436742e+00 -1.844125e+01 4.000000e-01
      vertex   2.305617e+00 -1.868080e+01 4.000000e-01
    endloop
  endfacet
  facet normal 6.314384e-01 -3.234473e-01 -7.047463e-01
    outer loop
      vertex   2.043396e+00 -1.832116e+01 0.000000e+00
      vertex   2.305617e+00 -1.868080e+01 4.000000e-01
      vertex   1.910020e+00 -1.858154e+01 0.000000e+00
    endloop
  endfacet
  facet normal 6.466326e-01 -2.808722e-01 -7.092088e-01
    outer loop
      vertex   1.910020e+00 -1.858154e+01 0.000000e+00
      vertex   2.305617e+00 -1.868080e+01 4.000000e-01
      vertex   2.196818e+00 -1.893127e+01 4.000000e-01
    endloop
  endfacet
  facet normal 6.566531e-01 -2.678653e-01 -7.050212e-01
    outer loop
      vertex   1.910020e+00 -1.858154e+01 0.000000e+00
      vertex   2.196818e+00 -1.893127e+01 4.000000e-01
      vertex   1.799521e+00 -1.885242e+01 0.000000e+00
    endloop
  endfacet
  facet normal 6.698222e-01 -2.210151e-01 -7.088656e-01
    outer loop
      vertex   1.799521e+00 -1.885242e+01 0.000000e+00
      vertex   2.196818e+00 -1.893127e+01 4.000000e-01
      vertex   2.111248e+00 -1.919061e+01 4.000000e-01
    endloop
  endfacet
  facet normal 6.769254e-01 -2.103240e-01 -7.053622e-01
    outer loop
      vertex   1.799521e+00 -1.885242e+01 0.000000e+00
      vertex   2.111248e+00 -1.919061e+01 4.000000e-01
      vertex   1.712717e+00 -1.913180e+01 0.000000e+00
    endloop
  endfacet
  facet normal 6.875541e-01 -1.592840e-01 -7.084476e-01
    outer loop
      vertex   1.712717e+00 -1.913180e+01 0.000000e+00
      vertex   2.111248e+00 -1.919061e+01 4.000000e-01
      vertex   2.049615e+00 -1.945665e+01 4.000000e-01
    endloop
  endfacet
  facet normal 6.921042e-01 -1.512672e-01 -7.057691e-01
    outer loop
      vertex   1.712717e+00 -1.913180e+01 0.000000e+00
      vertex   2.049615e+00 -1.945665e+01 4.000000e-01
      vertex   1.650252e+00 -1.941760e+01 0.000000e+00
    endloop
  endfacet
  facet normal 6.996801e-01 -9.616882e-02 -7.079543e-01
    outer loop
      vertex   1.650252e+00 -1.941760e+01 0.000000e+00
      vertex   2.049615e+00 -1.945665e+01 4.000000e-01
      vertex   2.012429e+00 -1.972720e+01 4.000000e-01
    endloop
  endfacet
  facet normal 7.020787e-01 -9.114996e-02 -7.062416e-01
    outer loop
      vertex   1.650252e+00 -1.941760e+01 0.000000e+00
      vertex   2.012429e+00 -1.972720e+01 4.000000e-01
      vertex   1.612586e+00 -1.970772e+01 0.000000e+00
    endloop
  endfacet
  facet normal 7.060956e-01 -3.217100e-02 -7.073853e-01
    outer loop
      vertex   1.612586e+00 -1.970772e+01 0.000000e+00
      vertex   2.012429e+00 -1.972720e+01 4.000000e-01
      vertex   2.000000e+00 -2.000000e+01 4.000000e-01
    endloop
  endfacet
  facet normal 9.989637e-01 4.551460e-02 0.000000e+00
    outer loop
      vertex   2.012429e+00 -2.027280e+01 3.000000e+00
      vertex   2.012429e+00 -2.027280e+01 4.000000e-01
      vertex   2.000000e+00 -2.000000e+01 3.000000e+00
    endloop
  endfacet
  facet normal 9.989637e-01 4.551460e-02 0.000000e+00
    outer loop
      vertex   2.000000e+00 -2.000000e+01 3.000000e+00
      vertex   2.012429e+00 -2.027280e+01 4.000000e-01
      vertex   2.000000e+00 -2.000000e+01 4.000000e-01
    endloop
  endfacet
  facet normal 9.989637e-01 -4.551460e-02 0.000000e+00
    outer loop
      vertex   2.000000e+00 -2.000000e+01 3.000000e+00
      vertex   2.000000e+00 -2.000000e+01 4.000000e-01
      vertex   2.012429e+00 -1.972720e+01 3.000000e+00
    endloop
  endfacet
  facet normal 9.989637e-01 -4.551460e-02 0.000000e+00
    outer loop
      vertex   2.012429e+00 -1.972720e+01 3.000000e+00
      vertex   2.000000e+00 -2.000000e+01 4.000000e-01
      vertex   2.012429e+00 -1.972720e+01 4.000000e-01
    endloop
  endfacet
  facet normal 9.906859e-01 -1.361666e-01 0.000000e+00
    outer loop
      vertex   2.012429e+00 -1.972720e+01 3.000000e+00
      vertex   2.012429e+00 -1.972720e+01 4.000000e-01
      vertex   2.049615e+00 -1.945665e+01 3.000000e+00
    endloop
  endfacet
  facet normal 9.906859e-01 -1.361666e-01 0.000000e+00
    outer loop
      vertex   2.049615e+00 -1.945665e+01 3.000000e+00
      vertex   2.012429e+00 -1.972720e+01 4.000000e-01
      vertex   2.049615e+00 -1.945665e+01 4.000000e-01
    endloop
  endfacet
  facet normal 9.741991e-01 -2.256904e-01 0.000000e+00
    outer loop
      vertex   2.049615e+00 -1.945665e+01 3.000000e+00
      vertex   2.049615e+00 -1.945665e+01 4.000000e-01
      vertex   2.111248e+00 -1.919061e+01 3.000000e+00
    endloop
  endfacet
  facet normal 9.741991e-01 -2.256904e-01 0.000000e+00
    outer loop
      vertex   2.111248e+00 -1.919061e+01 3.000000e+00
      vertex   2.049615e+00 -1.945665e+01 4.000000e-01
      vertex   2.111248e+00 -1.919061e+01 4.000000e-01
    endloop
  endfacet
  facet normal 9.496397e-01 -3.133440e-01 0.000000e+00
    outer loop
      vertex   2.111248e+00 -1.919061e+01 3.000000e+00
      vertex   2.111248e+00 -1.919061e+01 4.000000e-01
      vertex   2.196818e+00 -1.893127e+01 3.000000e+00
    endloop
  endfacet
  facet normal 9.496397e-01 -3.133440e-01 0.000000e+00
    outer loop
      vertex   2.196818e+00 -1.893127e+01 3.000000e+00
      vertex   2.111248e+00 -1.919061e+01 4.000000e-01
      vertex   2.196818e+00 -1.893127e+01 4.000000e-01
    endloop
  endfacet
  facet normal 9.172113e-01 -3.984011e-01 0.000000e+00
    outer loop
      vertex   2.196818e+00 -1.893127e+01 3.000000e+00
      vertex   2.196818e+00 -1.893127e+01 4.000000e-01
      vertex   2.305617e+00 -1.868080e+01 3.000000e+00
    endloop
  endfacet
  facet normal 9.172113e-01 -3.984011e-01 0.000000e+00
    outer loop
      vertex   2.305617e+00 -1.868080e+01 3.000000e+00
      vertex   2.196818e+00 -1.893127e+01 4.000000e-01
      vertex   2.305617e+00 -1.868080e+01 4.000000e-01
    endloop
  endfacet
  facet normal 8.771826e-01 -4.801569e-01 0.000000e+00
    outer loop
      vertex   2.305617e+00 -1.868080e+01 3.000000e+00
      vertex   2.305617e+00 -1.868080e+01 4.000000e-01
      vertex   2.436742e+00 -1.844125e+01 3.000000e+00
    endloop
  endfacet
  facet normal 8.771826e-01 -4.801569e-01 0.000000e+00
    outer loop
      vertex   2.436742e+00 -1.844125e+01 3.000000e+00
      vertex   2.305617e+00 -1.868080e+01 4.000000e-01
      vertex   2.436742e+00 -1.844125e+01 4.000000e-01
    endloop
  endfacet
  facet normal 8.298853e-01 -5.579340e-01 0.000000e+00
    outer loop
      vertex   2.436742e+00 -1.844125e+01 3.000000e+00
      vertex   2.436742e+00 -1.844125e+01 4.000000e-01
      vertex   2.589107e+00 -1.821462e+01 3.000000e+00
    endloop
  endfacet
  facet normal 8.298853e-01 -5.579340e-01 0.000000e+00
    outer loop
      vertex   2.589107e+00 -1.821462e+01 3.000000e+00
      vertex   2.436742e+00 -1.844125e+01 4.000000e-01
      vertex   2.589107e+00 -1.821462e+01 4.000000e-01
    endloop
  endfacet
  facet normal 7.757113e-01 -6.310879e-01 0.000000e+00
    outer loop
      vertex   2.589107e+00 -1.821462e+01 3.000000e+00
      vertex   2.589107e+00 -1.821462e+01 4.000000e-01
      vertex   2.761449e+00 -1.800278e+01 3.000000e+00
    endloop
  endfacet
  facet normal 7.757113e-01 -6.310879e-01 0.000000e+00
    outer loop
      vertex   2.761449e+00 -1.800278e+01 3.000000e+00
      vertex   2.589107e+00 -1.821462e+01 4.000000e-01
      vertex   2.761449e+00 -1.800278e+01 4.000000e-01
    endloop
  endfacet
  facet normal 7.151095e-01 -6.990124e-01 0.000000e+00
    outer loop
      vertex   2.761449e+00 -1.800278e+01 3.000000e+00
      vertex   2.761449e+00 -1.800278e+01 4.000000e-01
      vertex   2.952341e+00 -1.780749e+01 3.000000e+00
    endloop
  endfacet
  facet normal 7.151095e-01 -6.990124e-01 0.000000e+00
    outer loop
      vertex   2.952341e+00 -1.780749e+01 3.000000e+00
      vertex   2.761449e+00 -1.800278e+01 4.000000e-01
      vertex   2.952341e+00 -1.780749e+01 4.000000e-01
    endloop
  endfacet
  facet normal 6.485821e-01 -7.611447e-01 0.000000e+00
    outer loop
      vertex   2.952341e+00 -1.780749e+01 3.000000e+00
      vertex   2.952341e+00 -1.780749e+01 4.000000e-01
      vertex   3.160200e+00 -1.763037e+01 3.000000e+00
    endloop
  endfacet
  facet normal 6.485821e-01 -7.611447e-01 0.000000e+00
    outer loop
      vertex   3.160200e+00 -1.763037e+01 3.000000e+00
      vertex   2.952341e+00 -1.780749e+01 4.000000e-01
      vertex   3.160200e+00 -1.763037e+01 4.000000e-01
    endloop
  endfacet
  facet normal 5.766803e-01 -8.169699e-01 0.000000e+00
    outer loop
      vertex   3.160200e+00 -1.763037e+01 3.000000e+00
      vertex   3.160200e+00 -1.763037e+01 4.000000e-01
      vertex   3.383304e+00 -1.747289e+01 3.000000e+00
    endloop
  endfacet
  facet normal 5.766803e-01 -8.169699e-01 0.000000e+00
    outer loop
      vertex   3.383304e+00 -1.747289e+01 3.000000e+00
      vertex   3.160200e+00 -1.763037e+01 4.000000e-01
      vertex   3.383304e+00 -1.747289e+01 4.000000e-01
    endloop
  endfacet
  facet normal 5.000000e-01 -8.660254e-01 0.000000e+00
    outer loop
      vertex   3.383304e+00 -1.747289e+01 3.000000e+00
      vertex   3.383304e+00 -1.747289e+01 4.000000e-01
      vertex   3.619805e+00 -1.733634e+01 3.000000e+00
    endloop
  endfacet
  facet normal 5.000000e-01 -8.660254e-01 0.000000e+00
    outer loop
      vertex   3.619805e+00 -1.733634e+01 3.000000e+00
      vertex   3.383304e+00 -1.747289e+01 4.000000e-01
      vertex   3.619805e+00 -1.733634e+01 4.000000e-01
    endloop
  endfacet
  facet normal 4.191765e-01 -9.079048e-01 0.000000e+00
    outer loop
      vertex   3.619805e+00 -1.733634e+01 3.000000e+00
      vertex   3.619805e+00 -1.733634e+01 4.000000e-01
      vertex   3.867742e+00 -1.722187e+01 3.000000e+00
    endloop
  endfacet
  facet normal 4.191765e-01 -9.079048e-01 0.000000e+00
    outer loop
      vertex   3.867742e+00 -1.722187e+01 3.000000e+00
      vertex   3.619805e+00 -1.733634e+01 4.000000e-01
      vertex   3.867742e+00 -1.722187e+01 4.000000e-01
    endloop
  endfacet
  facet normal 3.348796e-01 -9.422609e-01 0.000000e+00
    outer loop
      vertex   3.867742e+00 -1.722187e+01 3.000000e+00
      vertex   3.867742e+00 -1.722187e+01 4.000000e-01
      vertex   4.125062e+00 -1.713042e+01 3.000000e+00
    endloop
  endfacet
  facet normal 3.348796e-01 -9.422609e-01 0.000000e+00
    outer loop
      vertex   4.125062e+00 -1.713042e+01 3.000000e+00
      vertex   3.867742e+00 -1.722187e+01 4.000000e-01
      vertex   4.125062e+00 -1.713042e+01 4.000000e-01
    endloop
  endfacet
  facet normal 2.478078e-01 -9.688092e-01 0.000000e+00
    outer loop
      vertex   4.125062e+00 -1.713042e+01 3.000000e+00
      vertex   4.125062e+00 -1.713042e+01 4.000000e-01
      vertex   4.389632e+00 -1.706275e+01 3.000000e+00
    endloop
  endfacet
  facet normal 2.478078e-01 -9.688092e-01 0.000000e+00
    outer loop
      vertex   4.389632e+00 -1.706275e+01 3.000000e+00
      vertex   4.125062e+00 -1.713042e+01 4.000000e-01
      vertex   4.389632e+00 -1.706275e+01 4.000000e-01
    endloop
  endfacet
  facet normal 1.586825e-01 -9.873297e-01 0.000000e+00
    outer loop
      vertex   4.389632e+00 -1.706275e+01 3.000000e+00
      vertex   4.389632e+00 -1.706275e+01 4.000000e-01
      vertex   4.659259e+00 -1.701941e+01 3.000000e+00
    endloop
  endfacet
  facet normal 1.586825e-01 -9.873297e-01 0.000000e+00
    outer loop
      vertex   4.659259e+00 -1.701941e+01 3.000000e+00
      vertex   4.389632e+00 -1.706275e+01 4.000000e-01
      vertex   4.659259e+00 -1.701941e+01 4.000000e-01
    endloop
  endfacet
  facet normal 6.824241e-02 -9.976688e-01 0.000000e+00
    outer loop
      vertex   4.659259e+00 -1.701941e+01 3.000000e+00
      vertex   4.659259e+00 -1.701941e+01 4.000000e-01
      vertex   4.931710e+00 -1.700078e+01 3.000000e+00
    endloop
  endfacet
  facet normal 6.824241e-02 -9.976688e-01 0.000000e+00
    outer loop
      vertex   4.931710e+00 -1.700078e+01 3.000000e+00
      vertex   4.659259e+00 -1.701941e+01 4.000000e-01
      vertex   4.931710e+00 -1.700078e+01 4.000000e-01
    endloop
  endfacet
  facet normal -2.276320e-02 -9.997409e-01 -0.000000e+00
    outer loop
      vertex   4.931710e+00 -1.700078e+01 3.000000e+00
      vertex   4.931710e+00 -1.700078e+01 4.000000e-01
      vertex   5.204727e+00 -1.700699e+01 3.000000e+00
    endloop
  endfacet
  facet normal -2.276320e-02 -9.997409e-01 -0.000000e+00
    outer loop
      vertex   5.204727e+00 -1.700699e+01 3.000000e+00
      vertex   4.931710e+00 -1.700078e+01 4.000000e-01
      vertex   5.204727e+00 -1.700699e+01 4.000000e-01
    endloop
  endfacet
  facet normal -1.135802e-01 -9.935288e-01 -0.000000e+00
    outer loop
      vertex   5.204727e+00 -1.700699e+01 3.000000e+00
      vertex   5.204727e+00 -1.700699e+01 4.000000e-01
      vertex   5.476048e+00 -1.703801e+01 3.000000e+00
    endloop
  endfacet
  facet normal -1.135802e-01 -9.935288e-01 -0.000000e+00
    outer loop
      vertex   5.476048e+00 -1.703801e+01 3.000000e+00
      vertex   5.204727e+00 -1.700699e+01 4.000000e-01
      vertex   5.476048e+00 -1.703801e+01 4.000000e-01
    endloop
  endfacet
  facet normal -2.034560e-01 -9.790841e-01 -0.000000e+00
    outer loop
      vertex   5.476048e+00 -1.703801e+01 3.000000e+00
      vertex   5.476048e+00 -1.703801e+01 4.000000e-01
      vertex   5.743423e+00 -1.709357e+01 3.000000e+00
    endloop
  endfacet
  facet normal -2.034560e-01 -9.790841e-01 -0.000000e+00
    outer loop
      vertex   5.743423e+00 -1.709357e+01 3.000000e+00
      vertex   5.476048e+00 -1.703801e+01 4.000000e-01
      vertex   5.743423e+00 -1.709357e+01 4.000000e-01
    endloop
  endfacet
  facet normal -2.916459e-01 -9.565263e-01 -0.000000e+00
    outer loop
      vertex   5.743423e+00 -1.709357e+01 3.000000e+00
      vertex   5.743423e+00 -1.709357e+01 4.000000e-01
      vertex   6.004639e+00 -1.717322e+01 3.000000e+00
    endloop
  endfacet
  facet normal -2.916459e-01 -9.565263e-01 -0.000000e+00
    outer loop
      vertex   6.004639e+00 -1.717322e+01 3.000000e+00
      vertex   5.743423e+00 -1.709357e+01 4.000000e-01
      vertex   6.004639e+00 -1.717322e+01 4.000000e-01
    endloop
  endfacet
  facet normal -3.774192e-01 -9.260425e-01 -0.000000e+00
    outer loop
      vertex   6.004639e+00 -1.717322e+01 3.000000e+00
      vertex   6.004639e+00 -1.717322e+01 4.000000e-01
      vertex   6.257530e+00 -1.727629e+01 3.000000e+00
    endloop
  endfacet
  facet normal -3.774192e-01 -9.260425e-01 -0.000000e+00
    outer loop
      vertex   6.257530e+00 -1.727629e+01 3.000000e+00
      vertex   6.004639e+00 -1.717322e+01 4.000000e-01
      vertex   6.257530e+00 -1.727629e+01 4.000000e-01
    endloop
  endfacet
  facet normal -4.600650e-01 -8.878852e-01 -0.000000e+00
    outer loop
      vertex   6.257530e+00 -1.727629e+01 3.000000e+00
      vertex   6.257530e+00 -1.727629e+01 4.000000e-01
      vertex   6.500000e+00 -1.740192e+01 3.000000e+00
    endloop
  endfacet
  facet normal -4.600650e-01 -8.878852e-01 -0.000000e+00
    outer loop
      vertex   6.500000e+00 -1.740192e+01 3.000000e+00
      vertex   6.257530e+00 -1.727629e+01 4.000000e-01
      vertex   6.500000e+00 -1.740192e+01 4.000000e-01
    endloop
  endfacet
  facet normal -5.388986e-01 -8.423706e-01 -0.000000e+00
    outer loop
      vertex   6.500000e+00 -1.740192e+01 3.000000e+00
      vertex   6.500000e+00 -1.740192e+01 4.000000e-01
      vertex   6.730041e+00 -1.754909e+01 3.000000e+00
    endloop
  endfacet
  facet normal -5.388986e-01 -8.423706e-01 -0.000000e+00
    outer loop
      vertex   6.730041e+00 -1.754909e+01 3.000000e+00
      vertex   6.500000e+00 -1.740192e+01 4.000000e-01
      vertex   6.730041e+00 -1.754909e+01 4.000000e-01
    endloop
  endfacet
  facet normal -6.132668e-01 -7.898759e-01 -0.000000e+00
    outer loop
      vertex   6.730041e+00 -1.754909e+01 3.000000e+00
      vertex   6.730041e+00 -1.754909e+01 4.000000e-01
      vertex   6.945746e+00 -1.771657e+01 3.000000e+00
    endloop
  endfacet
  facet normal -6.132668e-01 -7.898759e-01 -0.000000e+00
    outer loop
      vertex   6.945746e+00 -1.771657e+01 3.000000e+00
      vertex   6.730041e+00 -1.754909e+01 4.000000e-01
      vertex   6.945746e+00 -1.771657e+01 4.000000e-01
    endloop
  endfacet
  facet normal -6.825531e-01 -7.308360e-01 -0.000000e+00
    outer loop
      vertex   6.945746e+00 -1.771657e+01 3.000000e+00
      vertex   6.945746e+00 -1.771657e+01 4.000000e-01
      vertex   7.145329e+00 -1.790296e+01 3.000000e+00
    endloop
  endfacet
  facet normal -6.825531e-01 -7.308360e-01 -0.000000e+00
    outer loop
      vertex   7.145329e+00 -1.790296e+01 3.000000e+00
      vertex   6.945746e+00 -1.771657e+01 4.000000e-01
      vertex   7.145329e+00 -1.790296e+01 4.000000e-01
    endloop
  endfacet
  facet normal -7.461837e-01 -6.657401e-01 -0.000000e+00
    outer loop
      vertex   7.145329e+00 -1.790296e+01 3.000000e+00
      vertex   7.145329e+00 -1.790296e+01 4.000000e-01
      vertex   7.327134e+00 -1.810674e+01 3.000000e+00
    endloop
  endfacet
  facet normal -7.461837e-01 -6.657401e-01 -0.000000e+00
    outer loop
      vertex   7.327134e+00 -1.810674e+01 3.000000e+00
      vertex   7.145329e+00 -1.790296e+01 4.000000e-01
      vertex   7.327134e+00 -1.810674e+01 4.000000e-01
    endloop
  endfacet
  facet normal -8.036311e-01 -5.951277e-01 -0.000000e+00
    outer loop
      vertex   7.327134e+00 -1.810674e+01 3.000000e+00
      vertex   7.327134e+00 -1.810674e+01 4.000000e-01
      vertex   7.489656e+00 -1.832620e+01 3.000000e+00
    endloop
  endfacet
  facet normal -8.036311e-01 -5.951277e-01 -0.000000e+00
    outer loop
      vertex   7.489656e+00 -1.832620e+01 3.000000e+00
      vertex   7.327134e+00 -1.810674e+01 4.000000e-01
      vertex   7.489656e+00 -1.832620e+01 4.000000e-01
    endloop
  endfacet
  facet normal -8.544194e-01 -5.195840e-01 -0.000000e+00
    outer loop
      vertex   7.489656e+00 -1.832620e+01 3.000000e+00
      vertex   7.489656e+00 -1.832620e+01 4.000000e-01
      vertex   7.631548e+00 -1.855953e+01 3.000000e+00
    endloop
  endfacet
  facet normal -8.544194e-01 -5.195840e-01 -0.000000e+00
    outer loop
      vertex   7.631548e+00 -1.855953e+01 3.000000e+00
      vertex   7.489656e+00 -1.832620e+01 4.000000e-01
      vertex   7.631548e+00 -1.855953e+01 4.000000e-01
    endloop
  endfacet
  facet normal -8.981277e-01 -4.397347e-01 -0.000000e+00
    outer loop
      vertex   7.631548e+00 -1.855953e+01 3.000000e+00
      vertex   7.631548e+00 -1.855953e+01 4.000000e-01
      vertex   7.751634e+00 -1.880480e+01 3.000000e+00
    endloop
  endfacet
  facet normal -8.981277e-01 -4.397347e-01 -0.000000e+00
    outer loop
      vertex   7.751634e+00 -1.880480e+01 3.000000e+00
      vertex   7.631548e+00 -1.855953e+01 4.000000e-01
      vertex   7.751634e+00 -1.880480e+01 4.000000e-01
    endloop
  endfacet
  facet normal -9.343938e-01 -3.562417e-01 -0.000000e+00
    outer loop
      vertex   7.751634e+00 -1.880480e+01 3.000000e+00
      vertex   7.751634e+00 -1.880480e+01 4.000000e-01
      vertex   7.848919e+00 -1.905997e+01 3.000000e+00
    endloop
  endfacet
  facet normal -9.343938e-01 -3.562417e-01 -0.000000e+00
    outer loop
      vertex   7.848919e+00 -1.905997e+01 3.000000e+00
      vertex   7.751634e+00 -1.880480e+01 4.000000e-01
      vertex   7.848919e+00 -1.905997e+01 4.000000e-01
    endloop
  endfacet
  facet normal -9.629173e-01 -2.697968e-01 -0.000000e+00
    outer loop
      vertex   7.848919e+00 -1.905997e+01 3.000000e+00
      vertex   7.848919e+00 -1.905997e+01 4.000000e-01
      vertex   7.922597e+00 -1.932293e+01 3.000000e+00
    endloop
  endfacet
  facet normal -9.629173e-01 -2.697968e-01 -0.000000e+00
    outer loop
      vertex   7.922597e+00 -1.932293e+01 3.000000e+00
      vertex   7.848919e+00 -1.905997e+01 4.000000e-01
      vertex   7.922597e+00 -1.932293e+01 4.000000e-01
    endloop
  endfacet
  facet normal -9.834617e-01 -1.811162e-01 -0.000000e+00
    outer loop
      vertex   7.922597e+00 -1.932293e+01 3.000000e+00
      vertex   7.922597e+00 -1.932293e+01 4.000000e-01
      vertex   7.972058e+00 -1.959150e+01 3.000000e+00
    endloop
  endfacet
  facet normal -9.834617e-01 -1.811162e-01 -0.000000e+00
    outer loop
      vertex   7.972058e+00 -1.959150e+01 3.000000e+00
      vertex   7.922597e+00 -1.932293e+01 4.000000e-01
      vertex   7.972058e+00 -1.959150e+01 4.000000e-01
    endloop
  endfacet
  facet normal -9.958568e-01 -9.093486e-02 -0.000000e+00
    outer loop
      vertex   7.972058e+00 -1.959150e+01 3.000000e+00
      vertex   7.972058e+00 -1.959150e+01 4.000000e-01
      vertex   7.996891e+00 -1.986346e+01 3.000000e+00
    endloop
  endfacet
  facet normal -9.958568e-01 -9.093486e-02 -0.000000e+00
    outer loop
      vertex   7.996891e+00 -1.986346e+01 3.000000e+00
      vertex   7.972058e+00 -1.959150e+01 4.000000e-01
      vertex   7.996891e+00 -1.986346e+01 4.000000e-01
    endloop
  endfacet
  facet normal -1.000000e+00 -0.000000e+00 -0.000000e+00
    outer loop
      vertex   7.996891e+00 -1.986346e+01 3.000000e+00
      vertex   7.996891e+00 -1.986346e+01 4.000000e-01
      vertex   7.996891e+00 -2.013654e+01 3.000000e+00
    endloop
  endfacet
  facet normal -1.000000e+00 0.000000e+00 0.000000e+00
    outer loop
      vertex   7.996891e+00 -2.013654e+01 3.000000e+00
      vertex   7.996891e+00 -1.986346e+01 4.000000e-01
      vertex   7.996891e+00 -2.013654e+01 4.000000e-01
    endloop
  endfacet
  facet normal -9.958568e-01 9.093486e-02 0.000000e+00
    outer loop
      vertex   7.996891e+00 -2.013654e+01 3.000000e+00
      vertex   7.996891e+00 -2.013654e+01 4.000000e-01
      vertex   7.972058e+00 -2.040850e+01 3.000000e+00
    endloop
  endfacet
  facet normal -9.958568e-01 9.093486e-02 0.000000e+00
    outer loop
      vertex   7.972058e+00 -2.040850e+01 3.000000e+00
      vertex   7.996891e+00 -2.013654e+01 4.000000e-01
      vertex   7.972058e+00 -2.040850e+01 4.000000e-01
    endloop
  endfacet
  facet normal -9.834617e-01 1.811162e-01 0.000000e+00
    outer loop
      vertex   7.972058e+00 -2.040850e+01 3.000000e+00
      vertex   7.972058e+00 -2.040850e+01 4.000000e-01
      vertex   7.922597e+00 -2.067707e+01 3.000000e+00
    endloop
  endfacet
  facet normal -9.834617e-01 1.811162e-01 0.000000e+00
    outer loop
      vertex   7.922597e+00 -2.067707e+01 3.000000e+00
      vertex   7.972058e+00 -2.040850e+01 4.000000e-01
      vertex   7.922597e+00 -2.067707e+01 4.000000e-01
    endloop
  endfacet
  facet normal -9.629173e-01 2.697968e-01 0.000000e+00
    outer loop
      vertex   7.922597e+00 -2.067707e+01 3.000000e+00
      vertex   7.922597e+00 -2.067707e+01 4.000000e-01
      vertex   7.848919e+00 -2.094003e+01 3.000000e+00
    endloop
  endfacet
  facet normal -9.629173e-01 2.697968e-01 0.000000e+00
    outer loop
      vertex   7.848919e+00 -2.094003e+01 3.000000e+00
      vertex   7.922597e+00 -2.067707e+01 4.000000e-01
      vertex   7.848919e+00 -2.094003e+01 4.000000e-01
    endloop
  endfacet
  facet normal -9.343938e-01 3.562417e-01 0.000000e+00
    outer loop
      vertex   7.848919e+00 -2.094003e+01 3.000000e+00
      vertex   7.848919e+00 -2.094003e+01 4.000000e-01
      vertex   7.751634e+00 -2.119520e+01 3.000000e+00
    endloop
  endfacet
  facet normal -9.343938e-01 3.562417e-01 0.000000e+00
    outer loop
      vertex   7.751634e+00 -2.119520e+01 3.000000e+00
      vertex   7.848919e+00 -2.094003e+01 4.000000e-01
      vertex   7.751634e+00 -2.119520e+01 4.000000e-01
    endloop
  endfacet
  facet normal -8.981277e-01 4.397347e-01 0.000000e+00
    outer loop
      vertex   7.751634e+00 -2.119520e+01 3.000000e+00
      vertex   7.751634e+00 -2.119520e+01 4.000000e-01
      vertex   7.631548e+00 -2.144047e+01 3.000000e+00
    endloop
  endfacet
  facet normal -8.981277e-01 4.397347e-01 0.000000e+00
    outer loop
      vertex   7.631548e+00 -2.144047e+01 3.000000e+00
      vertex   7.751634e+00 -2.119520e+01 4.000000e-01
      vertex   7.631548e+00 -2.144047e+01 4.000000e-01
    endloop
  endfacet
  facet normal -8.544194e-01 5.195840e-01 0.000000e+00
    outer loop
      vertex   7.631548e+00 -2.144047e+01 3.000000e+00
      vertex   7.631548e+00 -2.144047e+01 4.000000e-01
      vertex   7.489656e+00 -2.167380e+01 3.000000e+00
    endloop
  endfacet
  facet normal -8.544194e-01 5.195840e-01 0.000000e+00
    outer loop
      vertex   7.489656e+00 -2.167380e+01 3.000000e+00
      vertex   7.631548e+00 -2.144047e+01 4.000000e-01
      vertex   7.489656e+00 -2.167380e+01 4.000000e-01
    endloop
  endfacet
  facet normal -8.036311e-01 5.951277e-01 0.000000e+00
    outer loop
      vertex   7.489656e+00 -2.167380e+01 3.000000e+00
      vertex   7.489656e+00 -2.167380e+01 4.000000e-01
      vertex   7.327134e+00 -2.189326e+01 3.000000e+00
    endloop
  endfacet
  facet normal -8.036311e-01 5.951277e-01 0.000000e+00
    outer loop
      vertex   7.327134e+00 -2.189326e+01 3.000000e+00
      vertex   7.489656e+00 -2.167380e+01 4.000000e-01
      vertex   7.327134e+00 -2.189326e+01 4.000000e-01
    endloop
  endfacet
  facet normal -7.461837e-01 6.657401e-01 0.000000e+00
    outer loop
      vertex   7.327134e+00 -2.189326e+01 3.000000e+00
      vertex   7.327134e+00 -2.189326e+01 4.000000e-01
      vertex   7.145329e+00 -2.209704e+01 3.000000e+00
    endloop
  endfacet
  facet normal -7.461837e-01 6.657401e-01 0.000000e+00
    outer loop
      vertex   7.145329e+00 -2.209704e+01 3.000000e+00
      vertex   7.327134e+00 -2.189326e+01 4.000000e-01
      vertex   7.145329e+00 -2.209704e+01 4.000000e-01
    endloop
  endfacet
  facet normal -6.825531e-01 7.308360e-01 0.000000e+00
    outer loop
      vertex   7.145329e+00 -2.209704e+01 3.000000e+00
      vertex   7.145329e+00 -2.209704e+01 4.000000e-01
      vertex   6.945746e+00 -2.228343e+01 3.000000e+00
    endloop
  endfacet
  facet normal -6.825531e-01 7.308360e-01 0.000000e+00
    outer loop
      vertex   6.945746e+00 -2.228343e+01 3.000000e+00
      vertex   7.145329e+00 -2.209704e+01 4.000000e-01
      vertex   6.945746e+00 -2.228343e+01 4.000000e-01
    endloop
  endfacet
  facet normal -6.132668e-01 7.898759e-01 0.000000e+00
    outer loop
      vertex   6.945746e+00 -2.228343e+01 3.000000e+00
      vertex   6.945746e+00 -2.228343e+01 4.000000e-01
      vertex   6.730041e+00 -2.245091e+01 3.000000e+00
    endloop
  endfacet
  facet normal -6.132668e-01 7.898759e-01 0.000000e+00
    outer loop
      vertex   6.730041e+00 -2.245091e+01 3.000000e+00
      vertex   6.945746e+00 -2.228343e+01 4.000000e-01
      vertex   6.730041e+00 -2.245091e+01 4.000000e-01
    endloop
  endfacet
  facet normal -5.388986e-01 8.423706e-01 0.000000e+00
    outer loop
      vertex   6.730041e+00 -2.245091e+01 3.000000e+00
      vertex   6.730041e+00 -2.245091e+01 4.000000e-01
      vertex   6.500000e+00 -2.259808e+01 3.000000e+00
    endloop
  endfacet
  facet normal -5.388986e-01 8.423706e-01 0.000000e+00
    outer loop
      vertex   6.500000e+00 -2.259808e+01 3.000000e+00
      vertex   6.730041e+00 -2.245091e+01 4.000000e-01
      vertex   6.500000e+00 -2.259808e+01 4.000000e-01
    endloop
  endfacet
  facet normal -4.600650e-01 8.878852e-01 0.000000e+00
    outer loop
      vertex   6.500000e+00 -2.259808e+01 3.000000e+00
      vertex   6.500000e+00 -2.259808e+01 4.000000e-01
      vertex   6.257530e+00 -2.272371e+01 3.000000e+00
    endloop
  endfacet
  facet normal -4.600650e-01 8.878852e-01 0.000000e+00
    outer loop
      vertex   6.257530e+00 -2.272371e+01 3.000000e+00
      vertex   6.500000e+00 -2.259808e+01 4.000000e-01
      vertex   6.257530e+00 -2.272371e+01 4.000000e-01
    endloop
  endfacet
  facet normal -3.774192e-01 9.260425e-01 0.000000e+00
    outer loop
      vertex   6.257530e+00 -2.272371e+01 3.000000e+00
      vertex   6.257530e+00 -2.272371e+01 4.000000e-01
      vertex   6.004639e+00 -2.282678e+01 3.000000e+00
    endloop
  endfacet
  facet normal -3.774192e-01 9.260425e-01 0.000000e+00
    outer loop
      vertex   6.004639e+00 -2.282678e+01 3.000000e+00
      vertex   6.257530e+00 -2.272371e+01 4.000000e-01
      vertex   6.004639e+00 -2.282678e+01 4.000000e-01
    endloop
  endfacet
  facet normal -2.916459e-01 9.565263e-01 0.000000e+00
    outer loop
      vertex   6.004639e+00 -2.282678e+01 3.000000e+00
      vertex   6.004639e+00 -2.282678e+01 4.000000e-01
      vertex   5.743423e+00 -2.290643e+01 3.000000e+00
    endloop
  endfacet
  facet normal -2.916459e-01 9.565263e-01 0.000000e+00
    outer loop
      vertex   5.743423e+00 -2.290643e+01 3.000000e+00
      vertex   6.004639e+00 -2.282678e+01 4.000000e-01
      vertex   5.743423e+00 -2.290643e+01 4.000000e-01
    endloop
  endfacet
  facet normal -2.034560e-01 9.790841e-01 0.000000e+00
    outer loop
      vertex   5.743423e+00 -2.290643e+01 3.000000e+00
      vertex   5.743423e+00 -2.290643e+01 4.000000e-01
      vertex   5.476048e+00 -2.296199e+01 3.000000e+00
    endloop
  endfacet
  facet normal -2.034560e-01 9.790841e-01 0.000000e+00
    outer loop
      vertex   5.476048e+00 -2.296199e+01 3.000000e+00
      vertex   5.743423e+00 -2.290643e+01 4.000000e-01
      vertex   5.476048e+00 -2.296199e+01 4.000000e-01
    endloop
  endfacet
  facet normal -1.135802e-01 9.935288e-01 0.000000e+00
    outer loop
      vertex   5.476048e+00 -2.296199e+01 3.000000e+00
      vertex   5.476048e+00 -2.296199e+01 4.000000e-01
      vertex   5.204727e+00 -2.299301e+01 3.000000e+00
    endloop
  endfacet
  facet normal -1.135802e-01 9.935288e-01 0.000000e+00
    outer loop
      vertex   5.204727e+00 -2.299301e+01 3.000000e+00
      vertex   5.476048e+00 -2.296199e+01 4.000000e-01
      vertex   5.204727e+00 -2.299301e+01 4.000000e-01
    endloop
  endfacet
  facet normal -2.276320e-02 9.997409e-01 0.000000e+00
    outer loop
      vertex   5.204727e+00 -2.299301e+01 3.000000e+00
      vertex   5.204727e+00 -2.299301e+01 4.000000e-01
      vertex   4.931710e+00 -2.299922e+01 3.000000e+00
    endloop
  endfacet
  facet normal -2.276320e-02 9.997409e-01 0.000000e+00
    outer loop
      vertex   4.931710e+00 -2.299922e+01 3.000000e+00
      vertex   5.204727e+00 -2.299301e+01 4.000000e-01
      vertex   4.931710e+00 -2.299922e+01 4.000000e-01
    endloop
  endfacet
  facet normal 6.824241e-02 9.976688e-01 0.000000e+00
    outer loop
      vertex   4.931710e+00 -2.299922e+01 3.000000e+00
      vertex   4.931710e+00 -2.299922e+01 4.000000e-01
      vertex   4.659259e+00 -2.298059e+01 3.000000e+00
    endloop
  endfacet
  facet normal 6.824241e-02 9.976688e-01 0.000000e+00
    outer loop
      vertex   4.659259e+00 -2.298059e+01 3.000000e+00
      vertex   4.931710e+00 -2.299922e+01 4.000000e-01
      vertex   4.659259e+00 -2.298059e+01 4.000000e-01
    endloop
  endfacet
  facet normal 1.586825e-01 9.873297e-01 0.000000e+00
    outer loop
      vertex   4.659259e+00 -2.298059e+01 3.000000e+00
      vertex   4.659259e+00 -2.298059e+01 4.000000e-01
      vertex   4.389632e+00 -2.293725e+01 3.000000e+00
    endloop
  endfacet
  facet normal 1.586825e-01 9.873297e-01 0.000000e+00
    outer loop
      vertex   4.389632e+00 -2.293725e+01 3.000000e+00
      vertex   4.659259e+00 -2.298059e+01 4.000000e-01
      vertex   4.389632e+00 -2.293725e+01 4.000000e-01
    endloop
  endfacet
  facet normal 2.478078e-01 9.688092e-01 0.000000e+00
    outer loop
      vertex   4.389632e+00 -2.293725e+01 3.000000e+00
      vertex   4.389632e+00 -2.293725e+01 4.000000e-01
      vertex   4.125062e+00 -2.286958e+01 3.000000e+00
    endloop
  endfacet
  facet normal 2.478078e-01 9.688092e-01 0.000000e+00
    outer loop
      vertex   4.125062e+00 -2.286958e+01 3.000000e+00
      vertex   4.389632e+00 -2.293725e+01 4.000000e-01
      vertex   4.125062e+00 -2.286958e+01 4.000000e-01
    endloop
  endfacet
  facet normal 3.348796e-01 9.422609e-01 0.000000e+00
    outer loop
      vertex   4.125062e+00 -2.286958e+01 3.000000e+00
      vertex   4.125062e+00 -2.286958e+01 4.000000e-01
      vertex   3.867742e+00 -2.277813e+01 3.000000e+00
    endloop
  endfacet
  facet normal 3.348796e-01 9.422609e-01 0.000000e+00
    outer loop
      vertex   3.867742e+00 -2.277813e+01 3.000000e+00
      vertex   4.125062e+00 -2.286958e+01 4.000000e-01
      vertex   3.867742e+00 -2.277813e+01 4.000000e-01
    endloop
  endfacet
  facet normal 4.191765e-01 9.079048e-01 0.000000e+00
    outer loop
      vertex   3.867742e+00 -2.277813e+01 3.000000e+00
      vertex   3.867742e+00 -2.277813e+01 4.000000e-01
      vertex   3.619805e+00 -2.266366e+01 3.000000e+00
    endloop
  endfacet
  facet normal 4.191765e-01 9.079048e-01 0.000000e+00
    outer loop
      vertex   3.619805e+00 -2.266366e+01 3.000000e+00
      vertex   3.867742e+00 -2.277813e+01 4.000000e-01
      vertex   3.619805e+00 -2.266366e+01 4.000000e-01
    endloop
  endfacet
  facet normal 5.000000e-01 8.660254e-01 0.000000e+00
    outer loop
      vertex   3.619805e+00 -2.266366e+01 3.000000e+00
      vertex   3.619805e+00 -2.266366e+01 4.000000e-01
      vertex   3.383304e+00 -2.252711e+01 3.000000e+00
    endloop
  endfacet
  facet normal 5.000000e-01 8.660254e-01 0.000000e+00
    outer loop
      vertex   3.383304e+00 -2.252711e+01 3.000000e+00
      vertex   3.619805e+00 -2.266366e+01 4.000000e-01
      vertex   3.383304e+00 -2.252711e+01 4.000000e-01
    endloop
  endfacet
  facet normal 5.766803e-01 8.169699e-01 0.000000e+00
    outer loop
      vertex   3.383304e+00 -2.252711e+01 3.000000e+00
      vertex   3.383304e+00 -2.252711e+01 4.000000e-01
      vertex   3.160200e+00 -2.236963e+01 3.000000e+00
    endloop
  endfacet
  facet normal 5.766803e-01 8.169699e-01 0.000000e+00
    outer loop
      vertex   3.160200e+00 -2.236963e+01 3.000000e+00
      vertex   3.383304e+00 -2.252711e+01 4.000000e-01
      vertex   3.160200e+00 -2.236963e+01 4.000000e-01
    endloop
  endfacet
  facet normal 6.485821e-01 7.611447e-01 0.000000e+00
    outer loop
      vertex   3.160200e+00 -2.236963e+01 3.000000e+00
      vertex   3.160200e+00 -2.236963e+01 4.000000e-01
      vertex   2.952341e+00 -2.219251e+01 3.000000e+00
    endloop
  endfacet
  facet normal 6.485821e-01 7.611447e-01 0.000000e+00
    outer loop
      vertex   2.952341e+00 -2.219251e+01 3.000000e+00
      vertex   3.160200e+00 -2.236963e+01 4.000000e-01
      vertex   2.952341e+00 -2.219251e+01 4.000000e-01
    endloop
  endfacet
  facet normal 7.151095e-01 6.990124e-01 0.000000e+00
    outer loop
      vertex   2.952341e+00 -2.219251e+01 3.000000e+00
      vertex   2.952341e+00 -2.219251e+01 4.000000e-01
      vertex   2.761449e+00 -2.199722e+01 3.000000e+00
    endloop
  endfacet
  facet normal 7.151095e-01 6.990124e-01 0.000000e+00
    outer loop
      vertex   2.761449e+00 -2.199722e+01 3.000000e+00
      vertex   2.952341e+00 -2.219251e+01 4.000000e-01
      vertex   2.761449e+00 -2.199722e+01 4.000000e-01
    endloop
  endfacet
  facet normal 7.757113e-01 6.310879e-01 0.000000e+00
    outer loop
      vertex   2.761449e+00 -2.199722e+01 3.000000e+00
      vertex   2.761449e+00 -2.199722e+01 4.000000e-01
      vertex   2.589107e+00 -2.178538e+01 3.000000e+00
    endloop
  endfacet
  facet normal 7.757113e-01 6.310879e-01 0.000000e+00
    outer loop
      vertex   2.589107e+00 -2.178538e+01 3.000000e+00
      vertex   2.761449e+00 -2.199722e+01 4.000000e-01
      vertex   2.589107e+00 -2.178538e+01 4.000000e-01
    endloop
  endfacet
  facet normal 8.298853e-01 5.579340e-01 0.000000e+00
    outer loop
      vertex   2.589107e+00 -2.178538e+01 3.000000e+00
      vertex   2.589107e+00 -2.178538e+01 4.000000e-01
      vertex   2.436742e+00 -2.155875e+01 3.000000e+00
    endloop
  endfacet
  facet normal 8.298853e-01 5.579340e-01 0.000000e+00
    outer loop
      vertex   2.436742e+00 -2.155875e+01 3.000000e+00
      vertex   2.589107e+00 -2.178538e+01 4.000000e-01
      vertex   2.436742e+00 -2.155875e+01 4.000000e-01
    endloop
  endfacet
  facet normal 8.771826e-01 4.801569e-01 0.000000e+00
    outer loop
      vertex   2.436742e+00 -2.155875e+01 3.000000e+00
      vertex   2.436742e+00 -2.155875e+01 4.000000e-01
      vertex   2.305617e+00 -2.131920e+01 3.000000e+00
    endloop
  endfacet
  facet normal 8.771826e-01 4.801569e-01 0.000000e+00
    outer loop
      vertex   2.305617e+00 -2.131920e+01 3.000000e+00
      vertex   2.436742e+00 -2.155875e+01 4.000000e-01
      vertex   2.305617e+00 -2.131920e+01 4.000000e-01
    endloop
  endfacet
  facet normal 9.172113e-01 3.984011e-01 0.000000e+00
    outer loop
      vertex   2.305617e+00 -2.131920e+01 3.000000e+00
      vertex   2.305617e+00 -2.131920e+01 4.000000e-01
      vertex   2.196818e+00 -2.106873e+01 3.000000e+00
    endloop
  endfacet
  facet normal 9.172113e-01 3.984011e-01 0.000000e+00
    outer loop
      vertex   2.196818e+00 -2.106873e+01 3.000000e+00
      vertex   2.305617e+00 -2.131920e+01 4.000000e-01
      vertex   2.196818e+00 -2.106873e+01 4.000000e-01
    endloop
  endfacet
  facet normal 9.496397e-01 3.133440e-01 0.000000e+00
    outer loop
      vertex   2.196818e+00 -2.106873e+01 3.000000e+00
      vertex   2.196818e+00 -2.106873e+01 4.000000e-01
      vertex   2.111248e+00 -2.080939e+01 3.000000e+00
    endloop
  endfacet
  facet normal 9.496397e-01 3.133440e-01 0.000000e+00
    outer loop
      vertex   2.111248e+00 -2.080939e+01 3.000000e+00
      vertex   2.196818e+00 -2.106873e+01 4.000000e-01
      vertex   2.111248e+00 -2.080939e+01 4.000000e-01
    endloop
  endfacet
  facet normal 9.741991e-01 2.256904e-01 0.000000e+00
    outer loop
      vertex   2.111248e+00 -2.080939e+01 3.000000e+00
      vertex   2.111248e+00 -2.080939e+01 4.000000e-01
      vertex   2.049615e+00 -2.054335e+01 3.000000e+00
    endloop
  endfacet
  facet normal 9.741991e-01 2.256904e-01 0.000000e+00
    outer loop
      vertex   2.049615e+00 -2.054335e+01 3.000000e+00
      vertex   2.111248e+00 -2.080939e+01 4.000000e-01
      vertex   2.049615e+00 -2.054335e+01 4.000000e-01
    endloop
  endfacet
  facet normal 9.906859e-01 1.361666e-01 0.000000e+00
    outer loop
      vertex   2.049615e+00 -2.054335e+01 3.000000e+00
      vertex   2.049615e+00 -2.054335e+01 4.000000e-01
      vertex   2.012429e+00 -2.027280e+01 3.000000e+00
    endloop
  endfacet
  facet normal 9.906859e-01 1.361666e-01 0.000000e+00
    outer loop
      vertex   2.012429e+00 -2.027280e+01 3.000000e+00
      vertex   2.049615e+00 -2.054335e+01 4.000000e-01
      vertex   2.012429e+00 -2.027280e+01 4.000000e-01
    endloop
  endfacet
  facet normal 7.052070e-01 -4.265717e-02 7.077170e-01
    outer loop
      vertex   3.312395e+00 -1.979509e+01 6.400000e+00
      vertex   2.912310e+00 -1.977295e+01 6.800000e+00
      vertex   3.300000e+00 -2.000000e+01 6.400000e+00
    endloop
  endfacet
  facet normal 7.065877e-01 -3.831007e-02 7.065877e-01
    outer loop
      vertex   3.300000e+00 -2.000000e+01 6.400000e+00
      vertex   2.912310e+00 -1.977295e+01 6.800000e+00
      vertex   2.900000e+00 -2.000000e+01 6.800000e+00
    endloop
  endfacet
  facet normal 7.065877e-01 3.831007e-02 7.065877e-01
    outer loop
      vertex   3.300000e+00 -2.000000e+01 6.400000e+00
      vertex   2.900000e+00 -2.000000e+01 6.800000e+00
      vertex   2.912310e+00 -2.022705e+01 6.800000e+00
    endloop
  endfacet
  facet normal 6.991926e-01 -1.146268e-01 7.056844e-01
    outer loop
      vertex   2.912310e+00 -1.977295e+01 6.800000e+00
      vertex   3.312395e+00 -1.979509e+01 6.400000e+00
      vertex   2.949097e+00 -1.954856e+01 6.800000e+00
    endloop
  endfacet
  facet normal 6.939744e-01 -1.271755e-01 7.086790e-01
    outer loop
      vertex   2.949097e+00 -1.954856e+01 6.800000e+00
      vertex   3.312395e+00 -1.979509e+01 6.400000e+00
      vertex   3.349399e+00 -1.959316e+01 6.400000e+00
    endloop
  endfacet
  facet normal 6.833429e-01 -1.897292e-01 7.050144e-01
    outer loop
      vertex   2.949097e+00 -1.954856e+01 6.800000e+00
      vertex   3.349399e+00 -1.959316e+01 6.400000e+00
      vertex   3.009928e+00 -1.932947e+01 6.800000e+00
    endloop
  endfacet
  facet normal 6.729410e-01 -2.096969e-01 7.093501e-01
    outer loop
      vertex   3.009928e+00 -1.932947e+01 6.800000e+00
      vertex   3.349399e+00 -1.959316e+01 6.400000e+00
      vertex   3.410472e+00 -1.939717e+01 6.400000e+00
    endloop
  endfacet
  facet normal 6.592249e-01 -2.626592e-01 7.045798e-01
    outer loop
      vertex   3.009928e+00 -1.932947e+01 6.800000e+00
      vertex   3.410472e+00 -1.939717e+01 6.400000e+00
      vertex   3.094092e+00 -1.911823e+01 6.800000e+00
    endloop
  endfacet
  facet normal 6.424070e-01 -2.891239e-01 7.097328e-01
    outer loop
      vertex   3.094092e+00 -1.911823e+01 6.800000e+00
      vertex   3.410472e+00 -1.939717e+01 6.400000e+00
      vertex   3.494725e+00 -1.920997e+01 6.400000e+00
    endloop
  endfacet
  facet normal 6.271355e-01 -3.324862e-01 7.043820e-01
    outer loop
      vertex   3.094092e+00 -1.911823e+01 6.800000e+00
      vertex   3.494725e+00 -1.920997e+01 6.400000e+00
      vertex   3.200600e+00 -1.891734e+01 6.800000e+00
    endloop
  endfacet
  facet normal 6.027907e-01 -3.643997e-01 7.098283e-01
    outer loop
      vertex   3.200600e+00 -1.891734e+01 6.800000e+00
      vertex   3.494725e+00 -1.920997e+01 6.400000e+00
      vertex   3.600927e+00 -1.903429e+01 6.400000e+00
    endloop
  endfacet
  facet normal 5.874786e-01 -3.983204e-01 7.044216e-01
    outer loop
      vertex   3.200600e+00 -1.891734e+01 6.800000e+00
      vertex   3.600927e+00 -1.903429e+01 6.400000e+00
      vertex   3.328205e+00 -1.872913e+01 6.800000e+00
    endloop
  endfacet
  facet normal 5.546238e-01 -4.345200e-01 7.096372e-01
    outer loop
      vertex   3.328205e+00 -1.872913e+01 6.800000e+00
      vertex   3.600927e+00 -1.903429e+01 6.400000e+00
      vertex   3.727532e+00 -1.887269e+01 6.400000e+00
    endloop
  endfacet
  facet normal 5.407593e-01 -4.593251e-01 7.046984e-01
    outer loop
      vertex   3.328205e+00 -1.872913e+01 6.800000e+00
      vertex   3.727532e+00 -1.887269e+01 6.400000e+00
      vertex   3.475409e+00 -1.855583e+01 6.800000e+00
    endloop
  endfacet
  facet normal 4.985450e-01 -4.985450e-01 7.091585e-01
    outer loop
      vertex   3.475409e+00 -1.855583e+01 6.800000e+00
      vertex   3.727532e+00 -1.887269e+01 6.400000e+00
      vertex   3.872691e+00 -1.872753e+01 6.400000e+00
    endloop
  endfacet
  facet normal 4.875767e-01 -5.147285e-01 7.052117e-01
    outer loop
      vertex   3.475409e+00 -1.855583e+01 6.800000e+00
      vertex   3.872691e+00 -1.872753e+01 6.400000e+00
      vertex   3.640489e+00 -1.839946e+01 6.800000e+00
    endloop
  endfacet
  facet normal 4.352928e-01 -5.556102e-01 7.083908e-01
    outer loop
      vertex   3.640489e+00 -1.839946e+01 6.800000e+00
      vertex   3.872691e+00 -1.872753e+01 6.400000e+00
      vertex   4.034290e+00 -1.860093e+01 6.400000e+00
    endloop
  endfacet
  facet normal 4.286159e-01 -5.638345e-01 7.059597e-01
    outer loop
      vertex   3.640489e+00 -1.839946e+01 6.800000e+00
      vertex   4.034290e+00 -1.860093e+01 6.400000e+00
      vertex   3.821507e+00 -1.826185e+01 6.800000e+00
    endloop
  endfacet
  facet normal 3.656969e-01 -6.049366e-01 7.073312e-01
    outer loop
      vertex   3.821507e+00 -1.826185e+01 6.800000e+00
      vertex   4.034290e+00 -1.860093e+01 6.400000e+00
      vertex   4.209971e+00 -1.849472e+01 6.400000e+00
    endloop
  endfacet
  facet normal 3.646375e-01 -6.060322e-01 7.069402e-01
    outer loop
      vertex   3.821507e+00 -1.826185e+01 6.800000e+00
      vertex   4.209971e+00 -1.849472e+01 6.400000e+00
      vertex   4.016342e+00 -1.814462e+01 6.800000e+00
    endloop
  endfacet
  facet normal 2.972612e-01 -6.425196e-01 7.062608e-01
    outer loop
      vertex   4.016342e+00 -1.814462e+01 6.800000e+00
      vertex   4.209971e+00 -1.849472e+01 6.400000e+00
      vertex   4.222710e+00 -1.804915e+01 6.800000e+00
    endloop
  endfacet
  facet normal 2.898097e-01 -6.439308e-01 7.080702e-01
    outer loop
      vertex   4.222710e+00 -1.804915e+01 6.800000e+00
      vertex   4.209971e+00 -1.849472e+01 6.400000e+00
      vertex   4.397172e+00 -1.841047e+01 6.400000e+00
    endloop
  endfacet
  facet normal 2.263128e-01 -6.716725e-01 7.054350e-01
    outer loop
      vertex   4.222710e+00 -1.804915e+01 6.800000e+00
      vertex   4.397172e+00 -1.841047e+01 6.400000e+00
      vertex   4.438190e+00 -1.797655e+01 6.800000e+00
    endloop
  endfacet
  facet normal 2.098212e-01 -6.733398e-01 7.089349e-01
    outer loop
      vertex   4.438190e+00 -1.797655e+01 6.800000e+00
      vertex   4.397172e+00 -1.841047e+01 6.400000e+00
      vertex   4.593163e+00 -1.834940e+01 6.400000e+00
    endloop
  endfacet
  facet normal 1.524921e-01 -6.927785e-01 7.048433e-01
    outer loop
      vertex   4.438190e+00 -1.797655e+01 6.800000e+00
      vertex   4.593163e+00 -1.834940e+01 6.400000e+00
      vertex   4.660258e+00 -1.792766e+01 6.800000e+00
    endloop
  endfacet
  facet normal 1.270250e-01 -6.931528e-01 7.095096e-01
    outer loop
      vertex   4.660258e+00 -1.792766e+01 6.800000e+00
      vertex   4.593163e+00 -1.834940e+01 6.400000e+00
      vertex   4.795088e+00 -1.831239e+01 6.400000e+00
    endloop
  endfacet
  facet normal 7.673384e-02 -7.055560e-01 7.044875e-01
    outer loop
      vertex   4.660258e+00 -1.792766e+01 6.800000e+00
      vertex   4.795088e+00 -1.831239e+01 6.400000e+00
      vertex   4.886308e+00 -1.790308e+01 6.800000e+00
    endloop
  endfacet
  facet normal 4.253102e-02 -7.031217e-01 7.097965e-01
    outer loop
      vertex   4.886308e+00 -1.790308e+01 6.800000e+00
      vertex   4.795088e+00 -1.831239e+01 6.400000e+00
      vertex   5.000000e+00 -1.830000e+01 6.400000e+00
    endloop
  endfacet
  facet normal 0.000000e+00 -7.098342e-01 7.043688e-01
    outer loop
      vertex   4.886308e+00 -1.790308e+01 6.800000e+00
      vertex   5.000000e+00 -1.830000e+01 6.400000e+00
      vertex   5.113692e+00 -1.790308e+01 6.800000e+00
    endloop
  endfacet
  facet normal -4.253102e-02 -7.031217e-01 7.097965e-01
    outer loop
      vertex   5.113692e+00 -1.790308e+01 6.800000e+00
      vertex   5.000000e+00 -1.830000e+01 6.400000e+00
      vertex   5.204912e+00 -1.831239e+01 6.400000e+00
    endloop
  endfacet
  facet normal -7.673384e-02 -7.055560e-01 7.044875e-01
    outer loop
      vertex   5.113692e+00 -1.790308e+01 6.800000e+00
      vertex   5.204912e+00 -1.831239e+01 6.400000e+00
      vertex   5.339742e+00 -1.792766e+01 6.800000e+00
    endloop
  endfacet
  facet normal -1.270250e-01 -6.931528e-01 7.095096e-01
    outer loop
      vertex   5.339742e+00 -1.792766e+01 6.800000e+00
      vertex   5.204912e+00 -1.831239e+01 6.400000e+00
      vertex   5.406837e+00 -1.834940e+01 6.400000e+00
    endloop
  endfacet
  facet normal -1.524921e-01 -6.927785e-01 7.048433e-01
    outer loop
      vertex   5.339742e+00 -1.792766e+01 6.800000e+00
      vertex   5.406837e+00 -1.834940e+01 6.400000e+00
      vertex   5.561810e+00 -1.797655e+01 6.800000e+00
    endloop
  endfacet
  facet normal -2.098212e-01 -6.733398e-01 7.089349e-01
    outer loop
      vertex   5.561810e+00 -1.797655e+01 6.800000e+00
      vertex   5.406837e+00 -1.834940e+01 6.400000e+00
      vertex   5.602828e+00 -1.841047e+01 6.400000e+00
    endloop
  endfacet
  facet normal -2.263128e-01 -6.716725e-01 7.054350e-01
    outer loop
      vertex   5.561810e+00 -1.797655e+01 6.800000e+00
      vertex   5.602828e+00 -1.841047e+01 6.400000e+00
      vertex   5.777290e+00 -1.804915e+01 6.800000e+00
    endloop
  endfacet
  facet normal -2.898097e-01 -6.439308e-01 7.080702e-01
    outer loop
      vertex   5.777290e+00 -1.804915e+01 6.800000e+00
      vertex   5.602828e+00 -1.841047e+01 6.400000e+00
      vertex   5.790029e+00 -1.849472e+01 6.400000e+00
    endloop
  endfacet
  facet normal -2.972612e-01 -6.425196e-01 7.062608e-01
    outer loop
      vertex   5.777290e+00 -1.804915e+01 6.800000e+00
      vertex   5.790029e+00 -1.849472e+01 6.400000e+00
      vertex   5.983658e+00 -1.814462e+01 6.800000e+00
    endloop
  endfacet
  facet normal -3.646375e-01 -6.060322e-01 7.069402e-01
    outer loop
      vertex   5.983658e+00 -1.814462e+01 6.800000e+00
      vertex   5.790029e+00 -1.849472e+01 6.400000e+00
      vertex   6.178493e+00 -1.826185e+01 6.800000e+00
    endloop
  endfacet
  facet normal -3.656969e-01 -6.049366e-01 7.073312e-01
    outer loop
      vertex   6.178493e+00 -1.826185e+01 6.800000e+00
      vertex   5.790029e+00 -1.849472e+01 6.400000e+00
      vertex   5.965710e+00 -1.860093e+01 6.400000e+00
    endloop
  endfacet
  facet normal -4.286159e-01 -5.638345e-01 7.059597e-01
    outer loop
      vertex   6.178493e+00 -1.826185e+01 6.800000e+00
      vertex   5.965710e+00 -1.860093e+01 6.400000e+00
      vertex   6.359511e+00 -1.839946e+01 6.800000e+00
    endloop
  endfacet
  facet normal -4.352928e-01 -5.556102e-01 7.083908e-01
    outer loop
      vertex   6.359511e+00 -1.839946e+01 6.800000e+00
      vertex   5.965710e+00 -1.860093e+01 6.400000e+00
      vertex   6.127309e+00 -1.872753e+01 6.400000e+00
    endloop
  endfacet
  facet normal -4.875767e-01 -5.147285e-01 7.052117e-01
    outer loop
      vertex   6.359511e+00 -1.839946e+01 6.800000e+00
      vertex   6.127309e+00 -1.872753e+01 6.400000e+00
      vertex   6.524591e+00 -1.855583e+01 6.800000e+00
    endloop
  endfacet
  facet normal -4.985450e-01 -4.985450e-01 7.091585e-01
    outer loop
      vertex   6.524591e+00 -1.855583e+01 6.800000e+00
      vertex   6.127309e+00 -1.872753e+01 6.400000e+00
      vertex   6.272468e+00 -1.887269e+01 6.400000e+00
    endloop
  endfacet
  facet normal -5.407593e-01 -4.593251e-01 7.046984e-01
    outer loop
      vertex   6.524591e+00 -1.855583e+01 6.800000e+00
      vertex   6.272468e+00 -1.887269e+01 6.400000e+00
      vertex   6.671795e+00 -1.872913e+01 6.800000e+00
    endloop
  endfacet
  facet normal -5.546238e-01 -4.345200e-01 7.096372e-01
    outer loop
      vertex   6.671795e+00 -1.872913e+01 6.800000e+00
      vertex   6.272468e+00 -1.887269e+01 6.400000e+00
      vertex   6.399073e+00 -1.903429e+01 6.400000e+00
    endloop
  endfacet
  facet normal -5.874786e-01 -3.983204e-01 7.044216e-01
    outer loop
      vertex   6.671795e+00 -1.872913e+01 6.800000e+00
      vertex   6.399073e+00 -1.903429e+01 6.400000e+00
      vertex   6.799400e+00 -1.891734e+01 6.800000e+00
    endloop
  endfacet
  facet normal -6.027907e-01 -3.643997e-01 7.098283e-01
    outer loop
      vertex   6.799400e+00 -1.891734e+01 6.800000e+00
      vertex   6.399073e+00 -1.903429e+01 6.400000e+00
      vertex   6.505275e+00 -1.920997e+01 6.400000e+00
    endloop
  endfacet
  facet normal -6.271355e-01 -3.324862e-01 7.043820e-01
    outer loop
      vertex   6.799400e+00 -1.891734e+01 6.800000e+00
      vertex   6.505275e+00 -1.920997e+01 6.400000e+00
      vertex   6.905908e+00 -1.911823e+01 6.800000e+00
    endloop
  endfacet
  facet normal -6.424070e-01 -2.891239e-01 7.097328e-01
    outer loop
      vertex   6.905908e+00 -1.911823e+01 6.800000e+00
      vertex   6.505275e+00 -1.920997e+01 6.400000e+00
      vertex   6.589528e+00 -1.939717e+01 6.400000e+00
    endloop
  endfacet
  facet normal -6.592249e-01 -2.626592e-01 7.045798e-01
    outer loop
      vertex   6.905908e+00 -1.911823e+01 6.800000e+00
      vertex   6.589528e+00 -1.939717e+01 6.400000e+00
      vertex   6.990072e+00 -1.932947e+01 6.800000e+00
    endloop
  endfacet
  facet normal -6.729410e-01 -2.096969e-01 7.093501e-01
    outer loop
      vertex   6.990072e+00 -1.932947e+01 6.800000e+00
      vertex   6.589528e+00 -1.939717e+01 6.400000e+00
      vertex   6.650601e+00 -1.959316e+01 6.400000e+00
    endloop
  endfacet
  facet normal -6.833429e-01 -1.897292e-01 7.050144e-01
    outer loop
      vertex   6.990072e+00 -1.932947e+01 6.800000e+00
      vertex   6.650601e+00 -1.959316e+01 6.400000e+00
      vertex   7.050903e+00 -1.954856e+01 6.800000e+00
    endloop
  endfacet
  facet normal -6.939744e-01 -1.271755e-01 7.086790e-01
    outer loop
      vertex   7.050903e+00 -1.954856e+01 6.800000e+00
      vertex   6.650601e+00 -1.959316e+01 6.400000e+00
      vertex   6.687605e+00 -1.979509e+01 6.400000e+00
    endloop
  endfacet
  facet normal -6.991926e-01 -1.146268e-01 7.056844e-01
    outer loop
      vertex   7.050903e+00 -1.954856e+01 6.800000e+00
      vertex   6.687605e+00 -1.979509e+01 6.400000e+00
      vertex   7.087690e+00 -1.977295e+01 6.800000e+00
    endloop
  endfacet
  facet normal -7.052070e-01 -4.265717e-02 7.077170e-01
    outer loop
      vertex   7.087690e+00 -1.977295e+01 6.800000e+00
      vertex   6.687605e+00 -1.979509e+01 6.400000e+00
      vertex   6.700000e+00 -2.000000e+01 6.400000e+00
    endloop
  endfacet
  facet normal -7.065877e-01 -3.831007e-02 7.065877e-01
    outer loop
      vertex   7.087690e+00 -1.977295e+01 6.800000e+00
      vertex   6.700000e+00 -2.000000e+01 6.400000e+00
      vertex   7.100000e+00 -2.000000e+01 6.800000e+00
    endloop
  endfacet
  facet normal -7.065877e-01 3.831007e-02 7.065877e-01
    outer loop
      vertex   7.100000e+00 -2.000000e+01 6.800000e+00
      vertex   6.700000e+00 -2.000000e+01 6.400000e+00
      vertex   7.087690e+00 -2.022705e+01 6.800000e+00
    endloop
  endfacet
  facet normal -7.052070e-01 4.265717e-02 7.077170e-01
    outer loop
      vertex   7.087690e+00 -2.022705e+01 6.800000e+00
      vertex   6.700000e+00 -2.000000e+01 6.400000e+00
      vertex   6.687605e+00 -2.020491e+01 6.400000e+00
    endloop
  endfacet
  facet normal -6.991926e-01 1.146268e-01 7.056844e-01
    outer loop
      vertex   7.087690e+00 -2.022705e+01 6.800000e+00
      vertex   6.687605e+00 -2.020491e+01 6.400000e+00
      vertex   7.050903e+00 -2.045144e+01 6.800000e+00
    endloop
  endfacet
  facet normal -6.939744e-01 1.271755e-01 7.086790e-01
    outer loop
      vertex   7.050903e+00 -2.045144e+01 6.800000e+00
      vertex   6.687605e+00 -2.020491e+01 6.400000e+00
      vertex   6.650601e+00 -2.040684e+01 6.400000e+00
    endloop
  endfacet
  facet normal -6.833429e-01 1.897292e-01 7.050144e-01
    outer loop
      vertex   7.050903e+00 -2.045144e+01 6.800000e+00
      vertex   6.650601e+00 -2.040684e+01 6.400000e+00
      vertex   6.990072e+00 -2.067053e+01 6.800000e+00
    endloop
  endfacet
  facet normal -6.729410e-01 2.096969e-01 7.093501e-01
    outer loop
      vertex   6.990072e+00 -2.067053e+01 6.800000e+00
      vertex   6.650601e+00 -2.040684e+01 6.400000e+00
      vertex   6.589528e+00 -2.060283e+01 6.400000e+00
    endloop
  endfacet
  facet normal -6.592249e-01 2.626592e-01 7.045798e-01
    outer loop
      vertex   6.990072e+00 -2.067053e+01 6.800000e+00
      vertex   6.589528e+00 -2.060283e+01 6.400000e+00
      vertex   6.905908e+00 -2.088177e+01 6.800000e+00
    endloop
  endfacet
  facet normal -6.424070e-01 2.891239e-01 7.097328e-01
    outer loop
      vertex   6.905908e+00 -2.088177e+01 6.800000e+00
      vertex   6.589528e+00 -2.060283e+01 6.400000e+00
      vertex   6.505275e+00 -2.079003e+01 6.400000e+00
    endloop
  endfacet
  facet normal -6.271355e-01 3.324862e-01 7.043820e-01
    outer loop
      vertex   6.905908e+00 -2.088177e+01 6.800000e+00
      vertex   6.505275e+00 -2.079003e+01 6.400000e+00
      vertex   6.799400e+00 -2.108266e+01 6.800000e+00
    endloop
  endfacet
  facet normal -6.027907e-01 3.643997e-01 7.098283e-01
    outer loop
      vertex   6.799400e+00 -2.108266e+01 6.800000e+00
      vertex   6.505275e+00 -2.079003e+01 6.400000e+00
      vertex   6.399073e+00 -2.096571e+01 6.400000e+00
    endloop
  endfacet
  facet normal -5.874786e-01 3.983204e-01 7.044216e-01
    outer loop
      vertex   6.799400e+00 -2.108266e+01 6.800000e+00
      vertex   6.399073e+00 -2.096571e+01 6.400000e+00
      vertex   6.671795e+00 -2.127087e+01 6.800000e+00
    endloop
  endfacet
  facet normal -5.546238e-01 4.345200e-01 7.096372e-01
    outer loop
      vertex   6.671795e+00 -2.127087e+01 6.800000e+00
      vertex   6.399073e+00 -2.096571e+01 6.400000e+00
      vertex   6.272468e+00 -2.112731e+01 6.400000e+00
    endloop
  endfacet
  facet normal -5.407593e-01 4.593251e-01 7.046984e-01
    outer loop
      vertex   6.671795e+00 -2.127087e+01 6.800000e+00
      vertex   6.272468e+00 -2.112731e+01 6.400000e+00
      vertex   6.524591e+00 -2.144417e+01 6.800000e+00
    endloop
  endfacet
  facet normal -4.985450e-01 4.985450e-01 7.091585e-01
    outer loop
      vertex   6.524591e+00 -2.144417e+01 6.800000e+00
      vertex   6.272468e+00 -2.112731e+01 6.400000e+00
      vertex   6.127309e+00 -2.127247e+01 6.400000e+00
    endloop
  endfacet
  facet normal -4.875767e-01 5.147285e-01 7.052117e-01
    outer loop
      vertex   6.524591e+00 -2.144417e+01 6.800000e+00
      vertex   6.127309e+00 -2.127247e+01 6.400000e+00
      vertex   6.359511e+00 -2.160054e+01 6.800000e+00
    endloop
  endfacet
  facet normal -4.352928e-01 5.556102e-01 7.083908e-01
    outer loop
      vertex   6.359511e+00 -2.160054e+01 6.800000e+00
      vertex   6.127309e+00 -2.127247e+01 6.400000e+00
      vertex   5.965710e+00 -2.139907e+01 6.400000e+00
    endloop
  endfacet
  facet normal -4.286159e-01 5.638345e-01 7.059597e-01
    outer loop
      vertex   6.359511e+00 -2.160054e+01 6.800000e+00
      vertex   5.965710e+00 -2.139907e+01 6.400000e+00
      vertex   6.178493e+00 -2.173815e+01 6.800000e+00
    endloop
  endfacet
  facet normal -3.656969e-01 6.049366e-01 7.073312e-01
    outer loop
      vertex   6.178493e+00 -2.173815e+01 6.800000e+00
      vertex   5.965710e+00 -2.139907e+01 6.400000e+00
      vertex   5.790029e+00 -2.150528e+01 6.400000e+00
    endloop
  endfacet
  facet normal -3.646375e-01 6.060322e-01 7.069402e-01
    outer loop
      vertex   6.178493e+00 -2.173815e+01 6.800000e+00
      vertex   5.790029e+00 -2.150528e+01 6.400000e+00
      vertex   5.983658e+00 -2.185538e+01 6.800000e+00
    endloop
  endfacet
  facet normal -2.972612e-01 6.425196e-01 7.062608e-01
    outer loop
      vertex   5.983658e+00 -2.185538e+01 6.800000e+00
      vertex   5.790029e+00 -2.150528e+01 6.400000e+00
      vertex   5.777290e+00 -2.195085e+01 6.800000e+00
    endloop
  endfacet
  facet normal -2.898097e-01 6.439308e-01 7.080702e-01
    outer loop
      vertex   5.777290e+00 -2.195085e+01 6.800000e+00
      vertex   5.790029e+00 -2.150528e+01 6.400000e+00
      vertex   5.602828e+00 -2.158953e+01 6.400000e+00
    endloop
  endfacet
  facet normal -2.263128e-01 6.716725e-01 7.054350e-01
    outer loop
      vertex   5.777290e+00 -2.195085e+01 6.800000e+00
      vertex   5.602828e+00 -2.158953e+01 6.400000e+00
      vertex   5.561810e+00 -2.202345e+01 6.800000e+00
    endloop
  endfacet
  facet normal -2.098212e-01 6.733398e-01 7.089349e-01
    outer loop
      vertex   5.561810e+00 -2.202345e+01 6.800000e+00
      vertex   5.602828e+00 -2.158953e+01 6.400000e+00
      vertex   5.406837e+00 -2.165060e+01 6.400000e+00
    endloop
  endfacet
  facet normal -1.524921e-01 6.927785e-01 7.048433e-01
    outer loop
      vertex   5.561810e+00 -2.202345e+01 6.800000e+00
      vertex   5.406837e+00 -2.165060e+01 6.400000e+00
      vertex   5.339742e+00 -2.207234e+01 6.800000e+00
    endloop
  endfacet
  facet normal -1.270250e-01 6.931528e-01 7.095096e-01
    outer loop
      vertex   5.339742e+00 -2.207234e+01 6.800000e+00
      vertex   5.406837e+00 -2.165060e+01 6.400000e+00
      vertex   5.204912e+00 -2.168761e+01 6.400000e+00
    endloop
  endfacet
  facet normal -7.673384e-02 7.055560e-01 7.044875e-01
    outer loop
      vertex   5.339742e+00 -2.207234e+01 6.800000e+00
      vertex   5.204912e+00 -2.168761e+01 6.400000e+00
      vertex   5.113692e+00 -2.209692e+01 6.800000e+00
    endloop
  endfacet
  facet normal -4.253102e-02 7.031217e-01 7.097965e-01
    outer loop
      vertex   5.113692e+00 -2.209692e+01 6.800000e+00
      vertex   5.204912e+00 -2.168761e+01 6.400000e+00
      vertex   5.000000e+00 -2.170000e+01 6.400000e+00
    endloop
  endfacet
  facet normal 0.000000e+00 7.098342e-01 7.043688e-01
    outer loop
      vertex   5.113692e+00 -2.209692e+01 6.800000e+00
      vertex   5.000000e+00 -2.170000e+01 6.400000e+00
      vertex   4.886308e+00 -2.209692e+01 6.800000e+00
    endloop
  endfacet
  facet normal 4.253102e-02 7.031217e-01 7.097965e-01
    outer loop
      vertex   4.886308e+00 -2.209692e+01 6.800000e+00
      vertex   5.000000e+00 -2.170000e+01 6.400000e+00
      vertex   4.795088e+00 -2.168761e+01 6.400000e+00
    endloop
  endfacet
  facet normal 7.673384e-02 7.055560e-01 7.044875e-01
    outer loop
      vertex   4.886308e+00 -2.209692e+01 6.800000e+00
      vertex   4.795088e+00 -2.168761e+01 6.400000e+00
      vertex   4.660258e+00 -2.207234e+01 6.800000e+00
    endloop
  endfacet
  facet normal 1.270250e-01 6.931528e-01 7.095096e-01
    outer loop
      vertex   4.660258e+00 -2.207234e+01 6.800000e+00
      vertex   4.795088e+00 -2.168761e+01 6.400000e+00
      vertex   4.593163e+00 -2.165060e+01 6.400000e+00
    endloop
  endfacet
  facet normal 1.524921e-01 6.927785e-01 7.048433e-01
    outer loop
      vertex   4.660258e+00 -2.207234e+01 6.800000e+00
      vertex   4.593163e+00 -2.165060e+01 6.400000e+00
      vertex   4.438190e+00 -2.202345e+01 6.800000e+00
    endloop
  endfacet
  facet normal 2.098212e-01 6.733398e-01 7.089349e-01
    outer loop
      vertex   4.438190e+00 -2.202345e+01 6.800000e+00
      vertex   4.593163e+00 -2.165060e+01 6.400000e+00
      vertex   4.397172e+00 -2.158953e+01 6.400000e+00
    endloop
  endfacet
  facet normal 2.263128e-01 6.716725e-01 7.054350e-01
    outer loop
      vertex   4.438190e+00 -2.202345e+01 6.800000e+00
      vertex   4.397172e+00 -2.158953e+01 6.400000e+00
      vertex   4.222710e+00 -2.195085e+01 6.800000e+00
    endloop
  endfacet
  facet normal 2.898097e-01 6.439308e-01 7.080702e-01
    outer loop
      vertex   4.222710e+00 -2.195085e+01 6.800000e+00
      vertex   4.397172e+00 -2.158953e+01 6.400000e+00
      vertex   4.209971e+00 -2.150528e+01 6.400000e+00
    endloop
  endfacet
  facet normal 2.972612e-01 6.425196e-01 7.062608e-01
    outer loop
      vertex   4.222710e+00 -2.195085e+01 6.800000e+00
      vertex   4.209971e+00 -2.150528e+01 6.400000e+00
      vertex   4.016342e+00 -2.185538e+01 6.800000e+00
    endloop
  endfacet
  facet normal 3.646375e-01 6.060322e-01 7.069402e-01
    outer loop
      vertex   4.016342e+00 -2.185538e+01 6.800000e+00
      vertex   4.209971e+00 -2.150528e+01 6.400000e+00
      vertex   3.821507e+00 -2.173815e+01 6.800000e+00
    endloop
  endfacet
  facet normal 3.656969e-01 6.049366e-01 7.073312e-01
    outer loop
      vertex   3.821507e+00 -2.173815e+01 6.800000e+00
      vertex   4.209971e+00 -2.150528e+01 6.400000e+00
      vertex   4.034290e+00 -2.139907e+01 6.400000e+00
    endloop
  endfacet
  facet normal 4.286159e-01 5.638345e-01 7.059597e-01
    outer loop
      vertex   3.821507e+00 -2.173815e+01 6.800000e+00
      vertex   4.034290e+00 -2.139907e+01 6.400000e+00
      vertex   3.640489e+00 -2.160054e+01 6.800000e+00
    endloop
  endfacet
  facet normal 4.352928e-01 5.556102e-01 7.083908e-01
    outer loop
      vertex   3.640489e+00 -2.160054e+01 6.800000e+00
      vertex   4.034290e+00 -2.139907e+01 6.400000e+00
      vertex   3.872691e+00 -2.127247e+01 6.400000e+00
    endloop
  endfacet
  facet normal 4.875767e-01 5.147285e-01 7.052117e-01
    outer loop
      vertex   3.640489e+00 -2.160054e+01 6.800000e+00
      vertex   3.872691e+00 -2.127247e+01 6.400000e+00
      vertex   3.475409e+00 -2.144417e+01 6.800000e+00
    endloop
  endfacet
  facet normal 4.985450e-01 4.985450e-01 7.091585e-01
    outer loop
      vertex   3.475409e+00 -2.144417e+01 6.800000e+00
      vertex   3.872691e+00 -2.127247e+01 6.400000e+00
      vertex   3.727532e+00 -2.112731e+01 6.400000e+00
    endloop
  endfacet
  facet normal 5.407593e-01 4.593251e-01 7.046984e-01
    outer loop
      vertex   3.475409e+00 -2.144417e+01 6.800000e+00
      vertex   3.727532e+00 -2.112731e+01 6.400000e+00
      vertex   3.328205e+00 -2.127087e+01 6.800000e+00
    endloop
  endfacet
  facet normal 5.546238e-01 4.345200e-01 7.096372e-01
    outer loop
      vertex   3.328205e+00 -2.127087e+01 6.800000e+00
      vertex   3.727532e+00 -2.112731e+01 6.400000e+00
      vertex   3.600927e+00 -2.096571e+01 6.400000e+00
    endloop
  endfacet
  facet normal 5.874786e-01 3.983204e-01 7.044216e-01
    outer loop
      vertex   3.328205e+00 -2.127087e+01 6.800000e+00
      vertex   3.600927e+00 -2.096571e+01 6.400000e+00
      vertex   3.200600e+00 -2.108266e+01 6.800000e+00
    endloop
  endfacet
  facet normal 6.027907e-01 3.643997e-01 7.098283e-01
    outer loop
      vertex   3.200600e+00 -2.108266e+01 6.800000e+00
      vertex   3.600927e+00 -2.096571e+01 6.400000e+00
      vertex   3.494725e+00 -2.079003e+01 6.400000e+00
    endloop
  endfacet
  facet normal 6.271355e-01 3.324862e-01 7.043820e-01
    outer loop
      vertex   3.200600e+00 -2.108266e+01 6.800000e+00
      vertex   3.494725e+00 -2.079003e+01 6.400000e+00
      vertex   3.094092e+00 -2.088177e+01 6.800000e+00
    endloop
  endfacet
  facet normal 6.424070e-01 2.891239e-01 7.097328e-01
    outer loop
      vertex   3.094092e+00 -2.088177e+01 6.800000e+00
      vertex   3.494725e+00 -2.079003e+01 6.400000e+00
      vertex   3.410472e+00 -2.060283e+01 6.400000e+00
    endloop
  endfacet
  facet normal 6.592249e-01 2.626592e-01 7.045798e-01
    outer loop
      vertex   3.094092e+00 -2.088177e+01 6.800000e+00
      vertex   3.410472e+00 -2.060283e+01 6.400000e+00
      vertex   3.009928e+00 -2.067053e+01 6.800000e+00
    endloop
  endfacet
  facet normal 6.729410e-01 2.096969e-01 7.093501e-01
    outer loop
      vertex   3.009928e+00 -2.067053e+01 6.800000e+00
      vertex   3.410472e+00 -2.060283e+01 6.400000e+00
      vertex   3.349399e+00 -2.040684e+01 6.400000e+00
    endloop
  endfacet
  facet normal 6.833429e-01 1.897292e-01 7.050144e-01
    outer loop
      vertex   3.009928e+00 -2.067053e+01 6.800000e+00
      vertex   3.349399e+00 -2.040684e+01 6.400000e+00
      vertex   2.949097e+00 -2.045144e+01 6.800000e+00
    endloop
  endfacet
  facet normal 6.939744e-01 1.271755e-01 7.086790e-01
    outer loop
      vertex   2.949097e+00 -2.045144e+01 6.800000e+00
      vertex   3.349399e+00 -2.040684e+01 6.400000e+00
      vertex   3.312395e+00 -2.020491e+01 6.400000e+00
    endloop
  endfacet
  facet normal 6.991926e-01 1.146268e-01 7.056844e-01
    outer loop
      vertex   2.949097e+00 -2.045144e+01 6.800000e+00
      vertex   3.312395e+00 -2.020491e+01 6.400000e+00
      vertex   2.912310e+00 -2.022705e+01 6.800000e+00
    endloop
  endfacet
  facet normal 7.052070e-01 4.265717e-02 7.077170e-01
    outer loop
      vertex   2.912310e+00 -2.022705e+01 6.800000e+00
      vertex   3.312395e+00 -2.020491e+01 6.400000e+00
      vertex   3.300000e+00 -2.000000e+01 6.400000e+00
    endloop
  endfacet
  facet normal 0.000000e+00 0.000000e+00 1.000000e+00
    outer loop
      vertex   -7.087690e+00 -1.977295e+01 6.800000e+00
      vertex   -8.200000e+00 -1.630000e+01 6.800000e+00
      vertex   -7.100000e+00 -2.000000e+01 6.800000e+00
    endloop
  endfacet
  facet normal 0.000000e+00 0.000000e+00 1.000000e+00
    outer loop
      vertex   -7.100000e+00 -2.000000e+01 6.800000e+00
      vertex   -8.200000e+00 -1.630000e+01 6.800000e+00
      vertex   -8.200000e+00 -2.370000e+01 6.800000e+00
    endloop
  endfacet
  facet normal 0.000000e+00 0.000000e+00 1.000000e+00
    outer loop
      vertex   -7.100000e+00 -2.000000e+01 6.800000e+00
      vertex   -8.200000e+00 -2.370000e+01 6.800000e+00
      vertex   -7.087690e+00 -2.022705e+01 6.800000e+00
    endloop
  endfacet
  facet normal 0.000000e+00 0.000000e+00 1.000000e+00
    outer loop
      vertex   -7.087690e+00 -2.022705e+01 6.800000e+00
      vertex   -8.200000e+00 -2.370000e+01 6.800000e+00
      vertex   -7.050903e+00 -2.045144e+01 6.800000e+00
    endloop
  endfacet
  facet normal 0.000000e+00 0.000000e+00 1.000000e+00
    outer loop
      vertex   -7.050903e+00 -2.045144e+01 6.800000e+00
      vertex   -8.200000e+00 -2.370000e+01 6.800000e+00
      vertex   -6.990072e+00 -2.067053e+01 6.800000e+00
    endloop
  endfacet
  facet normal 0.000000e+00 0.000000e+00 1.000000e+00
    outer loop
      vertex   -6.990072e+00 -2.067053e+01 6.800000e+00
      vertex   -8.200000e+00 -2.370000e+01 6.800000e+00
      vertex   -6.905908e+00 -2.088177e+01 6.800000e+00
    endloop
  endfacet
  facet normal 0.000000e+00 0.000000e+00 1.000000e+00
    outer loop
      vertex   -6.905908e+00 -2.088177e+01 6.800000e+00
      vertex   -8.200000e+00 -2.370000e+01 6.800000e+00
      vertex   -6.799400e+00 -2.108266e+01 6.800000e+00
    endloop
  endfacet
  facet normal 0.000000e+00 0.000000e+00 1.000000e+00
    outer loop
      vertex   -6.799400e+00 -2.108266e+01 6.800000e+00
      vertex   -8.200000e+00 -2.370000e+01 6.800000e+00
      vertex   -6.671795e+00 -2.127087e+01 6.800000e+00
    endloop
  endfacet
  facet normal 0.000000e+00 0.000000e+00 1.000000e+00
    outer loop
      vertex   -6.671795e+00 -2.127087e+01 6.800000e+00
      vertex   -8.200000e+00 -2.370000e+01 6.800000e+00
      vertex   -6.524591e+00 -2.144417e+01 6.800000e+00
    endloop
  endfacet
  facet normal 0.000000e+00 0.000000e+00 1.000000e+00
    outer loop
      vertex   -6.524591e+00 -2.144417e+01 6.800000e+00
      vertex   -8.200000e+00 -2.370000e+01 6.800000e+00
      vertex   -6.359511e+00 -2.160054e+01 6.800000e+00
    endloop
  endfacet
  facet normal 0.000000e+00 0.000000e+00 1.000000e+00
    outer loop
      vertex   -6.359511e+00 -2.160054e+01 6.800000e+00
      vertex   -8.200000e+00 -2.370000e+01 6.800000e+00
      vertex   -6.178493e+00 -2.173815e+01 6.800000e+00
    endloop
  endfacet
  facet normal 0.000000e+00 0.000000e+00 1.000000e+00
    outer loop
      vertex   -6.178493e+00 -2.173815e+01 6.800000e+00
      vertex   -8.200000e+00 -2.370000e+01 6.800000e+00
      vertex   -5.983658e+00 -2.185538e+01 6.800000e+00
    endloop
  endfacet
  facet normal 0.000000e+00 0.000000e+00 1.000000e+00
    outer loop
      vertex   -5.983658e+00 -2.185538e+01 6.800000e+00
      vertex   -8.200000e+00 -2.370000e+01 6.800000e+00
      vertex   -5.777290e+00 -2.195085e+01 6.800000e+00
    endloop
  endfacet
  facet normal 0.000000e+00 0.000000e+00 1.000000e+00
    outer loop
      vertex   -5.777290e+00 -2.195085e+01 6.800000e+00
      vertex   -8.200000e+00 -2.370000e+01 6.800000e+00
      vertex   -5.561810e+00 -2.202345e+01 6.800000e+00
    endloop
  endfacet
  facet normal 0.000000e+00 0.000000e+00 1.000000e+00
    outer loop
      vertex   -5.561810e+00 -2.202345e+01 6.800000e+00
      vertex   -8.200000e+00 -2.370000e+01 6.800000e+00
      vertex   -5.339742e+00 -2.207234e+01 6.800000e+00
    endloop
  endfacet
  facet normal 0.000000e+00 0.000000e+00 1.000000e+00
    outer loop
      vertex   -5.339742e+00 -2.207234e+01 6.800000e+00
      vertex   -8.200000e+00 -2.370000e+01 6.800000e+00
      vertex   -5.113692e+00 -2.209692e+01 6.800000e+00
    endloop
  endfacet
  facet normal -0.000000e+00 0.000000e+00 1.000000e+00
    outer loop
      vertex   -5.113692e+00 -2.209692e+01 6.800000e+00
      vertex   -8.200000e+00 -2.370000e+01 6.800000e+00
      vertex   -4.886308e+00 -2.209692e+01 6.800000e+00
    endloop
  endfacet
  facet normal -0.000000e+00 0.000000e+00 1.000000e+00
    outer loop
      vertex   -4.886308e+00 -2.209692e+01 6.800000e+00
      vertex   -8.200000e+00 -2.370000e+01 6.800000e+00
      vertex   -4.660258e+00 -2.207234e+01 6.800000e+00
    endloop
  endfacet
  facet normal -0.000000e+00 0.000000e+00 1.000000e+00
    outer loop
      vertex   -4.660258e+00 -2.207234e+01 6.800000e+00
      vertex   -8.200000e+00 -2.370000e+01 6.800000e+00
      vertex   -4.438190e+00 -2.202345e+01 6.800000e+00
    endloop
  endfacet
  facet normal 0.000000e+00 0.000000e+00 1.000000e+00
    outer loop
      vertex   -4.438190e+00 -2.202345e+01 6.800000e+00
      vertex   -8.200000e+00 -2.370000e+01 6.800000e+00
      vertex   8.200000e+00 -2.370000e+01 6.800000e+00
    endloop
  endfacet
  facet normal 0.000000e+00 0.000000e+00 1.000000e+00
    outer loop
      vertex   -4.438190e+00 -2.202345e+01 6.800000e+00
      vertex   8.200000e+00 -2.370000e+01 6.800000e+00
      vertex   4.438190e+00 -2.202345e+01 6.800000e+00
    endloop
  endfacet
  facet normal 0.000000e+00 0.000000e+00 1.000000e+00
    outer loop
      vertex   4.438190e+00 -2.202345e+01 6.800000e+00
      vertex   8.200000e+00 -2.370000e+01 6.800000e+00
      vertex   4.660258e+00 -2.207234e+01 6.800000e+00
    endloop
  endfacet
  facet normal 0.000000e+00 0.000000e+00 1.000000e+00
    outer loop
      vertex   4.660258e+00 -2.207234e+01 6.800000e+00
      vertex   8.200000e+00 -2.370000e+01 6.800000e+00
      vertex   4.886308e+00 -2.209692e+01 6.800000e+00
    endloop
  endfacet
  facet normal -0.000000e+00 0.000000e+00 1.000000e+00
    outer loop
      vertex   4.886308e+00 -2.209692e+01 6.800000e+00
      vertex   8.200000e+00 -2.370000e+01 6.800000e+00
      vertex   5.113692e+00 -2.209692e+01 6.800000e+00
    endloop
  endfacet
  facet normal -0.000000e+00 0.000000e+00 1.000000e+00
    outer loop
      vertex   5.113692e+00 -2.209692e+01 6.800000e+00
      vertex   8.200000e+00 -2.370000e+01 6.800000e+00
      vertex   5.339742e+00 -2.207234e+01 6.800000e+00
    endloop
  endfacet
  facet normal -0.000000e+00 0.000000e+00 1.000000e+00
    outer loop
      vertex   5.339742e+00 -2.207234e+01 6.800000e+00
      vertex   8.200000e+00 -2.370000e+01 6.800000e+00
      vertex   5.561810e+00 -2.202345e+01 6.800000e+00
    endloop
  endfacet
  facet normal -0.000000e+00 0.000000e+00 1.000000e+00
    outer loop
      vertex   5.561810e+00 -2.202345e+01 6.800000e+00
      vertex   8.200000e+00 -2.370000e+01 6.800000e+00
      vertex   5.777290e+00 -2.195085e+01 6.800000e+00
    endloop
  endfacet
  facet normal -0.000000e+00 0.000000e+00 1.000000e+00
    outer loop
      vertex   5.777290e+00 -2.195085e+01 6.800000e+00
      vertex   8.200000e+00 -2.370000e+01 6.800000e+00
      vertex   5.983658e+00 -2.185538e+01 6.800000e+00
    endloop
  endfacet
  facet normal -0.000000e+00 0.000000e+00 1.000000e+00
    outer loop
      vertex   5.983658e+00 -2.185538e+01 6.800000e+00
      vertex   8.200000e+00 -2.370000e+01 6.800000e+00
      vertex   6.178493e+00 -2.173815e+01 6.800000e+00
    endloop
  endfacet
  facet normal -0.000000e+00 0.000000e+00 1.000000e+00
    outer loop
      vertex   6.178493e+00 -2.173815e+01 6.800000e+00
      vertex   8.200000e+00 -2.370000e+01 6.800000e+00
      vertex   6.359511e+00 -2.160054e+01 6.800000e+00
    endloop
  endfacet
  facet normal -0.000000e+00 0.000000e+00 1.000000e+00
    outer loop
      vertex   6.359511e+00 -2.160054e+01 6.800000e+00
      vertex   8.200000e+00 -2.370000e+01 6.800000e+00
      vertex   6.524591e+00 -2.144417e+01 6.800000e+00
    endloop
  endfacet
  facet normal -0.000000e+00 0.000000e+00 1.000000e+00
    outer loop
      vertex   6.524591e+00 -2.144417e+01 6.800000e+00
      vertex   8.200000e+00 -2.370000e+01 6.800000e+00
      vertex   6.671795e+00 -2.127087e+01 6.800000e+00
    endloop
  endfacet
  facet normal -0.000000e+00 0.000000e+00 1.000000e+00
    outer loop
      vertex   6.671795e+00 -2.127087e+01 6.800000e+00
      vertex   8.200000e+00 -2.370000e+01 6.800000e+00
      vertex   6.799400e+00 -2.108266e+01 6.800000e+00
    endloop
  endfacet
  facet normal -0.000000e+00 0.000000e+00 1.000000e+00
    outer loop
      vertex   6.799400e+00 -2.108266e+01 6.800000e+00
      vertex   8.200000e+00 -2.370000e+01 6.800000e+00
      vertex   6.905908e+00 -2.088177e+01 6.800000e+00
    endloop
  endfacet
  facet normal -0.000000e+00 0.000000e+00 1.000000e+00
    outer loop
      vertex   6.905908e+00 -2.088177e+01 6.800000e+00
      vertex   8.200000e+00 -2.370000e+01 6.800000e+00
      vertex   6.990072e+00 -2.067053e+01 6.800000e+00
    endloop
  endfacet
  facet normal -0.000000e+00 0.000000e+00 1.000000e+00
    outer loop
      vertex   6.990072e+00 -2.067053e+01 6.800000e+00
      vertex   8.200000e+00 -2.370000e+01 6.800000e+00
      vertex   7.050903e+00 -2.045144e+01 6.800000e+00
    endloop
  endfacet
  facet normal -0.000000e+00 0.000000e+00 1.000000e+00
    outer loop
      vertex   7.050903e+00 -2.045144e+01 6.800000e+00
      vertex   8.200000e+00 -2.370000e+01 6.800000e+00
      vertex   7.087690e+00 -2.022705e+01 6.800000e+00
    endloop
  endfacet
  facet normal -0.000000e+00 0.000000e+00 1.000000e+00
    outer loop
      vertex   7.087690e+00 -2.022705e+01 6.800000e+00
      vertex   8.200000e+00 -2.370000e+01 6.800000e+00
      vertex   7.100000e+00 -2.000000e+01 6.800000e+00
    endloop
  endfacet
  facet normal -0.000000e+00 0.000000e+00 1.000000e+00
    outer loop
      vertex   7.100000e+00 -2.000000e+01 6.800000e+00
      vertex   8.200000e+00 -2.370000e+01 6.800000e+00
      vertex   8.200000e+00 -1.630000e+01 6.800000e+00
    endloop
  endfacet
  facet normal 0.000000e+00 -0.000000e+00 1.000000e+00
    outer loop
      vertex   7.100000e+00 -2.000000e+01 6.800000e+00
      vertex   8.200000e+00 -1.630000e+01 6.800000e+00
      vertex   7.087690e+00 -1.977295e+01 6.800000e+00
    endloop
  endfacet
  facet normal 0.000000e+00 -0.000000e+00 1.000000e+00
    outer loop
      vertex   7.087690e+00 -1.977295e+01 6.800000e+00
      vertex   8.200000e+00 -1.630000e+01 6.800000e+00
      vertex   7.050903e+00 -1.954856e+01 6.800000e+00
    endloop
  endfacet
  facet normal 0.000000e+00 -0.000000e+00 1.000000e+00
    outer loop
      vertex   7.050903e+00 -1.954856e+01 6.800000e+00
      vertex   8.200000e+00 -1.630000e+01 6.800000e+00
      vertex   6.990072e+00 -1.932947e+01 6.800000e+00
    endloop
  endfacet
  facet normal 0.000000e+00 -0.000000e+00 1.000000e+00
    outer loop
      vertex   6.990072e+00 -1.932947e+01 6.800000e+00
      vertex   8.200000e+00 -1.630000e+01 6.800000e+00
      vertex   6.905908e+00 -1.911823e+01 6.800000e+00
    endloop
  endfacet
  facet normal 0.000000e+00 -0.000000e+00 1.000000e+00
    outer loop
      vertex   6.905908e+00 -1.911823e+01 6.800000e+00
      vertex   8.200000e+00 -1.630000e+01 6.800000e+00
      vertex   6.799400e+00 -1.891734e+01 6.800000e+00
    endloop
  endfacet
  facet normal 0.000000e+00 -0.000000e+00 1.000000e+00
    outer loop
      vertex   6.799400e+00 -1.891734e+01 6.800000e+00
      vertex   8.200000e+00 -1.630000e+01 6.800000e+00
      vertex   6.671795e+00 -1.872913e+01 6.800000e+00
    endloop
  endfacet
  facet normal 0.000000e+00 -0.000000e+00 1.000000e+00
    outer loop
      vertex   6.671795e+00 -1.872913e+01 6.800000e+00
      vertex   8.200000e+00 -1.630000e+01 6.800000e+00
      vertex   6.524591e+00 -1.855583e+01 6.800000e+00
    endloop
  endfacet
  facet normal 0.000000e+00 -0.000000e+00 1.000000e+00
    outer loop
      vertex   6.524591e+00 -1.855583e+01 6.800000e+00
      vertex   8.200000e+00 -1.630000e+01 6.800000e+00
      vertex   6.359511e+00 -1.839946e+01 6.800000e+00
    endloop
  endfacet
  facet normal 0.000000e+00 -0.000000e+00 1.000000e+00
    outer loop
      vertex   6.359511e+00 -1.839946e+01 6.800000e+00
      vertex   8.200000e+00 -1.630000e+01 6.800000e+00
      vertex   6.178493e+00 -1.826185e+01 6.800000e+00
    endloop
  endfacet
  facet normal 0.000000e+00 -0.000000e+00 1.000000e+00
    outer loop
      vertex   6.178493e+00 -1.826185e+01 6.800000e+00
      vertex   8.200000e+00 -1.630000e+01 6.800000e+00
      vertex   5.983658e+00 -1.814462e+01 6.800000e+00
    endloop
  endfacet
  facet normal 0.000000e+00 -0.000000e+00 1.000000e+00
    outer loop
      vertex   5.983658e+00 -1.814462e+01 6.800000e+00
      vertex   8.200000e+00 -1.630000e+01 6.800000e+00
      vertex   5.777290e+00 -1.804915e+01 6.800000e+00
    endloop
  endfacet
  facet normal 0.000000e+00 -0.000000e+00 1.000000e+00
    outer loop
      vertex   5.777290e+00 -1.804915e+01 6.800000e+00
      vertex   8.200000e+00 -1.630000e+01 6.800000e+00
      vertex   5.561810e+00 -1.797655e+01 6.800000e+00
    endloop
  endfacet
  facet normal 0.000000e+00 -0.000000e+00 1.000000e+00
    outer loop
      vertex   5.561810e+00 -1.797655e+01 6.800000e+00
      vertex   8.200000e+00 -1.630000e+01 6.800000e+00
      vertex   5.339742e+00 -1.792766e+01 6.800000e+00
    endloop
  endfacet
  facet normal 0.000000e+00 -0.000000e+00 1.000000e+00
    outer loop
      vertex   5.339742e+00 -1.792766e+01 6.800000e+00
      vertex   8.200000e+00 -1.630000e+01 6.800000e+00
      vertex   5.113692e+00 -1.790308e+01 6.800000e+00
    endloop
  endfacet
  facet normal 0.000000e+00 -0.000000e+00 1.000000e+00
    outer loop
      vertex   5.113692e+00 -1.790308e+01 6.800000e+00
      vertex   8.200000e+00 -1.630000e+01 6.800000e+00
      vertex   4.886308e+00 -1.790308e+01 6.800000e+00
    endloop
  endfacet
  facet normal 0.000000e+00 -0.000000e+00 1.000000e+00
    outer loop
      vertex   4.886308e+00 -1.790308e+01 6.800000e+00
      vertex   8.200000e+00 -1.630000e+01 6.800000e+00
      vertex   4.660258e+00 -1.792766e+01 6.800000e+00
    endloop
  endfacet
  facet normal 0.000000e+00 -0.000000e+00 1.000000e+00
    outer loop
      vertex   4.660258e+00 -1.792766e+01 6.800000e+00
      vertex   8.200000e+00 -1.630000e+01 6.800000e+00
      vertex   4.438190e+00 -1.797655e+01 6.800000e+00
    endloop
  endfacet
  facet normal 0.000000e+00 -0.000000e+00 1.000000e+00
    outer loop
      vertex   4.438190e+00 -1.797655e+01 6.800000e+00
      vertex   8.200000e+00 -1.630000e+01 6.800000e+00
      vertex   -8.200000e+00 -1.630000e+01 6.800000e+00
    endloop
  endfacet
  facet normal 0.000000e+00 0.000000e+00 1.000000e+00
    outer loop
      vertex   4.438190e+00 -1.797655e+01 6.800000e+00
      vertex   -8.200000e+00 -1.630000e+01 6.800000e+00
      vertex   -4.438190e+00 -1.797655e+01 6.800000e+00
    endloop
  endfacet
  facet normal 0.000000e+00 0.000000e+00 1.000000e+00
    outer loop
      vertex   -4.438190e+00 -1.797655e+01 6.800000e+00
      vertex   -8.200000e+00 -1.630000e+01 6.800000e+00
      vertex   -4.660258e+00 -1.792766e+01 6.800000e+00
    endloop
  endfacet
  facet normal 0.000000e+00 0.000000e+00 1.000000e+00
    outer loop
      vertex   -4.660258e+00 -1.792766e+01 6.800000e+00
      vertex   -8.200000e+00 -1.630000e+01 6.800000e+00
      vertex   -4.886308e+00 -1.790308e+01 6.800000e+00
    endloop
  endfacet
  facet normal 0.000000e+00 0.000000e+00 1.000000e+00
    outer loop
      vertex   -4.886308e+00 -1.790308e+01 6.800000e+00
      vertex   -8.200000e+00 -1.630000e+01 6.800000e+00
      vertex   -5.113692e+00 -1.790308e+01 6.800000e+00
    endloop
  endfacet
  facet normal 0.000000e+00 0.000000e+00 1.000000e+00
    outer loop
      vertex   -5.113692e+00 -1.790308e+01 6.800000e+00
      vertex   -8.200000e+00 -1.630000e+01 6.800000e+00
      vertex   -5.339742e+00 -1.792766e+01 6.800000e+00
    endloop
  endfacet
  facet normal 0.000000e+00 0.000000e+00 1.000000e+00
    outer loop
      vertex   -5.339742e+00 -1.792766e+01 6.800000e+00
      vertex   -8.200000e+00 -1.630000e+01 6.800000e+00
      vertex   -5.561810e+00 -1.797655e+01 6.800000e+00
    endloop
  endfacet
  facet normal 0.000000e+00 0.000000e+00 1.000000e+00
    outer loop
      vertex   -5.561810e+00 -1.797655e+01 6.800000e+00
      vertex   -8.200000e+00 -1.630000e+01 6.800000e+00
      vertex   -5.777290e+00 -1.804915e+01 6.800000e+00
    endloop
  endfacet
  facet normal 0.000000e+00 0.000000e+00 1.000000e+00
    outer loop
      vertex   -5.777290e+00 -1.804915e+01 6.800000e+00
      vertex   -8.200000e+00 -1.630000e+01 6.800000e+00
      vertex   -5.983658e+00 -1.814462e+01 6.800000e+00
    endloop
  endfacet
  facet normal 0.000000e+00 0.000000e+00 1.000000e+00
    outer loop
      vertex   -5.983658e+00 -1.814462e+01 6.800000e+00
      vertex   -8.200000e+00 -1.630000e+01 6.800000e+00
      vertex   -6.178493e+00 -1.826185e+01 6.800000e+00
    endloop
  endfacet
  facet normal 0.000000e+00 0.000000e+00 1.000000e+00
    outer loop
      vertex   -6.178493e+00 -1.826185e+01 6.800000e+00
      vertex   -8.200000e+00 -1.630000e+01 6.800000e+00
      vertex   -6.359511e+00 -1.839946e+01 6.800000e+00
    endloop
  endfacet
  facet normal 0.000000e+00 0.000000e+00 1.000000e+00
    outer loop
      vertex   -6.359511e+00 -1.839946e+01 6.800000e+00
      vertex   -8.200000e+00 -1.630000e+01 6.800000e+00
      vertex   -6.524591e+00 -1.855583e+01 6.800000e+00
    endloop
  endfacet
  facet normal 0.000000e+00 0.000000e+00 1.000000e+00
    outer loop
      vertex   -6.524591e+00 -1.855583e+01 6.800000e+00
      vertex   -8.200000e+00 -1.630000e+01 6.800000e+00
      vertex   -6.671795e+00 -1.872913e+01 6.800000e+00
    endloop
  endfacet
  facet normal 0.000000e+00 0.000000e+00 1.000000e+00
    outer loop
      vertex   -6.671795e+00 -1.872913e+01 6.800000e+00
      vertex   -8.200000e+00 -1.630000e+01 6.800000e+00
      vertex   -6.799400e+00 -1.891734e+01 6.800000e+00
    endloop
  endfacet
  facet normal 0.000000e+00 0.000000e+00 1.000000e+00
    outer loop
      vertex   -6.799400e+00 -1.891734e+01 6.800000e+00
      vertex   -8.200000e+00 -1.630000e+01 6.800000e+00
      vertex   -6.905908e+00 -1.911823e+01 6.800000e+00
    endloop
  endfacet
  facet normal 0.000000e+00 0.000000e+00 1.000000e+00
    outer loop
      vertex   -6.905908e+00 -1.911823e+01 6.800000e+00
      vertex   -8.200000e+00 -1.630000e+01 6.800000e+00
      vertex   -6.990072e+00 -1.932947e+01 6.800000e+00
    endloop
  endfacet
  facet normal 0.000000e+00 0.000000e+00 1.000000e+00
    outer loop
      vertex   -6.990072e+00 -1.932947e+01 6.800000e+00
      vertex   -8.200000e+00 -1.630000e+01 6.800000e+00
      vertex   -7.050903e+00 -1.954856e+01 6.800000e+00
    endloop
  endfacet
  facet normal 0.000000e+00 0.000000e+00 1.000000e+00
    outer loop
      vertex   -7.050903e+00 -1.954856e+01 6.800000e+00
      vertex   -8.200000e+00 -1.630000e+01 6.800000e+00
      vertex   -7.087690e+00 -1.977295e+01 6.800000e+00
    endloop
  endfacet
  facet normal 0.000000e+00 0.000000e+00 1.000000e+00
    outer loop
      vertex   4.438190e+00 -1.797655e+01 6.800000e+00
      vertex   -4.438190e+00 -1.797655e+01 6.800000e+00
      vertex   4.222710e+00 -1.804915e+01 6.800000e+00
    endloop
  endfacet
  facet normal 0.000000e+00 0.000000e+00 1.000000e+00
    outer loop
      vertex   4.222710e+00 -1.804915e+01 6.800000e+00
      vertex   -4.438190e+00 -1.797655e+01 6.800000e+00
      vertex   -4.222710e+00 -1.804915e+01 6.800000e+00
    endloop
  endfacet
  facet normal 0.000000e+00 0.000000e+00 1.000000e+00
    outer loop
      vertex   4.222710e+00 -1.804915e+01 6.800000e+00
      vertex   -4.222710e+00 -1.804915e+01 6.800000e+00
      vertex   4.016342e+00 -1.814462e+01 6.800000e+00
    endloop
  endfacet
  facet normal 0.000000e+00 0.000000e+00 1.000000e+00
    outer loop
      vertex   4.016342e+00 -1.814462e+01 6.800000e+00
      vertex   -4.222710e+00 -1.804915e+01 6.800000e+00
      vertex   -4.016342e+00 -1.814462e+01 6.800000e+00
    endloop
  endfacet
  facet normal 0.000000e+00 0.000000e+00 1.000000e+00
    outer loop
      vertex   4.016342e+00 -1.814462e+01 6.800000e+00
      vertex   -4.016342e+00 -1.814462e+01 6.800000e+00
      vertex   3.821507e+00 -1.826185e+01 6.800000e+00
    endloop
  endfacet
  facet normal 0.000000e+00 0.000000e+00 1.000000e+00
    outer loop
      vertex   3.821507e+00 -1.826185e+01 6.800000e+00
      vertex   -4.016342e+00 -1.814462e+01 6.800000e+00
      vertex   -3.821507e+00 -1.826185e+01 6.800000e+00
    endloop
  endfacet
  facet normal 0.000000e+00 0.000000e+00 1.000000e+00
    outer loop
      vertex   3.821507e+00 -1.826185e+01 6.800000e+00
      vertex   -3.821507e+00 -1.826185e+01 6.800000e+00
      vertex   3.640489e+00 -1.839946e+01 6.800000e+00
    endloop
  endfacet
  facet normal 0.000000e+00 0.000000e+00 1.000000e+00
    outer loop
      vertex   3.640489e+00 -1.839946e+01 6.800000e+00
      vertex   -3.821507e+00 -1.826185e+01 6.800000e+00
      vertex   -3.640489e+00 -1.839946e+01 6.800000e+00
    endloop
  endfacet
  facet normal 0.000000e+00 0.000000e+00 1.000000e+00
    outer loop
      vertex   3.640489e+00 -1.839946e+01 6.800000e+00
      vertex   -3.640489e+00 -1.839946e+01 6.800000e+00
      vertex   3.475409e+00 -1.855583e+01 6.800000e+00
    endloop
  endfacet
  facet normal 0.000000e+00 0.000000e+00 1.000000e+00
    outer loop
      vertex   3.475409e+00 -1.855583e+01 6.800000e+00
      vertex   -3.640489e+00 -1.839946e+01 6.800000e+00
      vertex   -3.475409e+00 -1.855583e+01 6.800000e+00
    endloop
  endfacet
  facet normal 0.000000e+00 0.000000e+00 1.000000e+00
    outer loop
      vertex   3.475409e+00 -1.855583e+01 6.800000e+00
      vertex   -3.475409e+00 -1.855583e+01 6.800000e+00
      vertex   3.328205e+00 -1.872913e+01 6.800000e+00
    endloop
  endfacet
  facet normal 0.000000e+00 0.000000e+00 1.000000e+00
    outer loop
      vertex   3.328205e+00 -1.872913e+01 6.800000e+00
      vertex   -3.475409e+00 -1.855583e+01 6.800000e+00
      vertex   -3.328205e+00 -1.872913e+01 6.800000e+00
    endloop
  endfacet
  facet normal 0.000000e+00 0.000000e+00 1.000000e+00
    outer loop
      vertex   3.328205e+00 -1.872913e+01 6.800000e+00
      vertex   -3.328205e+00 -1.872913e+01 6.800000e+00
      vertex   3.200600e+00 -1.891734e+01 6.800000e+00
    endloop
  endfacet
  facet normal 0.000000e+00 0.000000e+00 1.000000e+00
    outer loop
      vertex   3.200600e+00 -1.891734e+01 6.800000e+00
      vertex   -3.328205e+00 -1.872913e+01 6.800000e+00
      vertex   -3.200600e+00 -1.891734e+01 6.800000e+00
    endloop
  endfacet
  facet normal 0.000000e+00 0.000000e+00 1.000000e+00
    outer loop
      vertex   3.200600e+00 -1.891734e+01 6.800000e+00
      vertex   -3.200600e+00 -1.891734e+01 6.800000e+00
      vertex   3.094092e+00 -1.911823e+01 6.800000e+00
    endloop
  endfacet
  facet normal 0.000000e+00 0.000000e+00 1.000000e+00
    outer loop
      vertex   3.094092e+00 -1.911823e+01 6.800000e+00
      vertex   -3.200600e+00 -1.891734e+01 6.800000e+00
      vertex   -3.094092e+00 -1.911823e+01 6.800000e+00
    endloop
  endfacet
  facet normal 0.000000e+00 0.000000e+00 1.000000e+00
    outer loop
      vertex   3.094092e+00 -1.911823e+01 6.800000e+00
      vertex   -3.094092e+00 -1.911823e+01 6.800000e+00
      vertex   3.009928e+00 -1.932947e+01 6.800000e+00
    endloop
  endfacet
  facet normal 0.000000e+00 0.000000e+00 1.000000e+00
    outer loop
      vertex   3.009928e+00 -1.932947e+01 6.800000e+00
      vertex   -3.094092e+00 -1.911823e+01 6.800000e+00
      vertex   -3.009928e+00 -1.932947e+01 6.800000e+00
    endloop
  endfacet
  facet normal 0.000000e+00 0.000000e+00 1.000000e+00
    outer loop
      vertex   3.009928e+00 -1.932947e+01 6.800000e+00
      vertex   -3.009928e+00 -1.932947e+01 6.800000e+00
      vertex   2.949097e+00 -1.954856e+01 6.800000e+00
    endloop
  endfacet
  facet normal 0.000000e+00 0.000000e+00 1.000000e+00
    outer loop
      vertex   2.949097e+00 -1.954856e+01 6.800000e+00
      vertex   -3.009928e+00 -1.932947e+01 6.800000e+00
      vertex   -2.949097e+00 -1.954856e+01 6.800000e+00
    endloop
  endfacet
  facet normal 0.000000e+00 0.000000e+00 1.000000e+00
    outer loop
      vertex   2.949097e+00 -1.954856e+01 6.800000e+00
      vertex   -2.949097e+00 -1.954856e+01 6.800000e+00
      vertex   2.912310e+00 -1.977295e+01 6.800000e+00
    endloop
  endfacet
  facet normal 0.000000e+00 0.000000e+00 1.000000e+00
    outer loop
      vertex   2.912310e+00 -1.977295e+01 6.800000e+00
      vertex   -2.949097e+00 -1.954856e+01 6.800000e+00
      vertex   -2.912310e+00 -1.977295e+01 6.800000e+00
    endloop
  endfacet
  facet normal 0.000000e+00 0.000000e+00 1.000000e+00
    outer loop
      vertex   2.912310e+00 -1.977295e+01 6.800000e+00
      vertex   -2.912310e+00 -1.977295e+01 6.800000e+00
      vertex   2.900000e+00 -2.000000e+01 6.800000e+00
    endloop
  endfacet
  facet normal 0.000000e+00 0.000000e+00 1.000000e+00
    outer loop
      vertex   2.900000e+00 -2.000000e+01 6.800000e+00
      vertex   -2.912310e+00 -1.977295e+01 6.800000e+00
      vertex   -2.900000e+00 -2.000000e+01 6.800000e+00
    endloop
  endfacet
  facet normal 0.000000e+00 0.000000e+00 1.000000e+00
    outer loop
      vertex   2.900000e+00 -2.000000e+01 6.800000e+00
      vertex   -2.900000e+00 -2.000000e+01 6.800000e+00
      vertex   2.912310e+00 -2.022705e+01 6.800000e+00
    endloop
  endfacet
  facet normal 0.000000e+00 0.000000e+00 1.000000e+00
    outer loop
      vertex   2.912310e+00 -2.022705e+01 6.800000e+00
      vertex   -2.900000e+00 -2.000000e+01 6.800000e+00
      vertex   -2.912310e+00 -2.022705e+01 6.800000e+00
    endloop
  endfacet
  facet normal 0.000000e+00 0.000000e+00 1.000000e+00
    outer loop
      vertex   2.912310e+00 -2.022705e+01 6.800000e+00
      vertex   -2.912310e+00 -2.022705e+01 6.800000e+00
      vertex   2.949097e+00 -2.045144e+01 6.800000e+00
    endloop
  endfacet
  facet normal 0.000000e+00 0.000000e+00 1.000000e+00
    outer loop
      vertex   2.949097e+00 -2.045144e+01 6.800000e+00
      vertex   -2.912310e+00 -2.022705e+01 6.800000e+00
      vertex   -2.949097e+00 -2.045144e+01 6.800000e+00
    endloop
  endfacet
  facet normal 0.000000e+00 0.000000e+00 1.000000e+00
    outer loop
      vertex   2.949097e+00 -2.045144e+01 6.800000e+00
      vertex   -2.949097e+00 -2.045144e+01 6.800000e+00
      vertex   3.009928e+00 -2.067053e+01 6.800000e+00
    endloop
  endfacet
  facet normal 0.000000e+00 0.000000e+00 1.000000e+00
    outer loop
      vertex   3.009928e+00 -2.067053e+01 6.800000e+00
      vertex   -2.949097e+00 -2.045144e+01 6.800000e+00
      vertex   -3.009928e+00 -2.067053e+01 6.800000e+00
    endloop
  endfacet
  facet normal 0.000000e+00 0.000000e+00 1.000000e+00
    outer loop
      vertex   3.009928e+00 -2.067053e+01 6.800000e+00
      vertex   -3.009928e+00 -2.067053e+01 6.800000e+00
      vertex   3.094092e+00 -2.088177e+01 6.800000e+00
    endloop
  endfacet
  facet normal 0.000000e+00 0.000000e+00 1.000000e+00
    outer loop
      vertex   3.094092e+00 -2.088177e+01 6.800000e+00
      vertex   -3.009928e+00 -2.067053e+01 6.800000e+00
      vertex   -3.094092e+00 -2.088177e+01 6.800000e+00
    endloop
  endfacet
  facet normal 0.000000e+00 0.000000e+00 1.000000e+00
    outer loop
      vertex   3.094092e+00 -2.088177e+01 6.800000e+00
      vertex   -3.094092e+00 -2.088177e+01 6.800000e+00
      vertex   3.200600e+00 -2.108266e+01 6.800000e+00
    endloop
  endfacet
  facet normal 0.000000e+00 0.000000e+00 1.000000e+00
    outer loop
      vertex   3.200600e+00 -2.108266e+01 6.800000e+00
      vertex   -3.094092e+00 -2.088177e+01 6.800000e+00
      vertex   -3.200600e+00 -2.108266e+01 6.800000e+00
    endloop
  endfacet
  facet normal 0.000000e+00 0.000000e+00 1.000000e+00
    outer loop
      vertex   3.200600e+00 -2.108266e+01 6.800000e+00
      vertex   -3.200600e+00 -2.108266e+01 6.800000e+00
      vertex   3.328205e+00 -2.127087e+01 6.800000e+00
    endloop
  endfacet
  facet normal 0.000000e+00 0.000000e+00 1.000000e+00
    outer loop
      vertex   3.328205e+00 -2.127087e+01 6.800000e+00
      vertex   -3.200600e+00 -2.108266e+01 6.800000e+00
      vertex   -3.328205e+00 -2.127087e+01 6.800000e+00
    endloop
  endfacet
  facet normal 0.000000e+00 0.000000e+00 1.000000e+00
    outer loop
      vertex   3.328205e+00 -2.127087e+01 6.800000e+00
      vertex   -3.328205e+00 -2.127087e+01 6.800000e+00
      vertex   3.475409e+00 -2.144417e+01 6.800000e+00
    endloop
  endfacet
  facet normal 0.000000e+00 0.000000e+00 1.000000e+00
    outer loop
      vertex   3.475409e+00 -2.144417e+01 6.800000e+00
      vertex   -3.328205e+00 -2.127087e+01 6.800000e+00
      vertex   -3.475409e+00 -2.144417e+01 6.800000e+00
    endloop
  endfacet
  facet normal 0.000000e+00 0.000000e+00 1.000000e+00
    outer loop
      vertex   3.475409e+00 -2.144417e+01 6.800000e+00
      vertex   -3.475409e+00 -2.144417e+01 6.800000e+00
      vertex   3.640489e+00 -2.160054e+01 6.800000e+00
    endloop
  endfacet
  facet normal 0.000000e+00 0.000000e+00 1.000000e+00
    outer loop
      vertex   3.640489e+00 -2.160054e+01 6.800000e+00
      vertex   -3.475409e+00 -2.144417e+01 6.800000e+00
      vertex   -3.640489e+00 -2.160054e+01 6.800000e+00
    endloop
  endfacet
  facet normal 0.000000e+00 0.000000e+00 1.000000e+00
    outer loop
      vertex   3.640489e+00 -2.160054e+01 6.800000e+00
      vertex   -3.640489e+00 -2.160054e+01 6.800000e+00
      vertex   3.821507e+00 -2.173815e+01 6.800000e+00
    endloop
  endfacet
  facet normal 0.000000e+00 0.000000e+00 1.000000e+00
    outer loop
      vertex   3.821507e+00 -2.173815e+01 6.800000e+00
      vertex   -3.640489e+00 -2.160054e+01 6.800000e+00
      vertex   -3.821507e+00 -2.173815e+01 6.800000e+00
    endloop
  endfacet
  facet normal 0.000000e+00 0.000000e+00 1.000000e+00
    outer loop
      vertex   3.821507e+00 -2.173815e+01 6.800000e+00
      vertex   -3.821507e+00 -2.173815e+01 6.800000e+00
      vertex   4.016342e+00 -2.185538e+01 6.800000e+00
    endloop
  endfacet
  facet normal 0.000000e+00 0.000000e+00 1.000000e+00
    outer loop
      vertex   4.016342e+00 -2.185538e+01 6.800000e+00
      vertex   -3.821507e+00 -2.173815e+01 6.800000e+00
      vertex   -4.016342e+00 -2.185538e+01 6.800000e+00
    endloop
  endfacet
  facet normal 0.000000e+00 0.000000e+00 1.000000e+00
    outer loop
      vertex   4.016342e+00 -2.185538e+01 6.800000e+00
      vertex   -4.016342e+00 -2.185538e+01 6.800000e+00
      vertex   4.222710e+00 -2.195085e+01 6.800000e+00
    endloop
  endfacet
  facet normal 0.000000e+00 0.000000e+00 1.000000e+00
    outer loop
      vertex   4.222710e+00 -2.195085e+01 6.800000e+00
      vertex   -4.016342e+00 -2.185538e+01 6.800000e+00
      vertex   -4.222710e+00 -2.195085e+01 6.800000e+00
    endloop
  endfacet
  facet normal 0.000000e+00 0.000000e+00 1.000000e+00
    outer loop
      vertex   4.222710e+00 -2.195085e+01 6.800000e+00
      vertex   -4.222710e+00 -2.195085e+01 6.800000e+00
      vertex   4.438190e+00 -2.202345e+01 6.800000e+00
    endloop
  endfacet
  facet normal 0.000000e+00 0.000000e+00 1.000000e+00
    outer loop
      vertex   4.438190e+00 -2.202345e+01 6.800000e+00
      vertex   -4.222710e+00 -2.195085e+01 6.800000e+00
      vertex   -4.438190e+00 -2.202345e+01 6.800000e+00
    endloop
  endfacet
  facet normal 9.981756e-01 -6.037850e-02 0.000000e+00
    outer loop
      vertex   3.312395e+00 -1.979509e+01 3.200000e+00
      vertex   3.312395e+00 -1.979509e+01 6.400000e+00
      vertex   3.300000e+00 -2.000000e+01 3.200000e+00
    endloop
  endfacet
  facet normal 9.981756e-01 -6.037850e-02 0.000000e+00
    outer loop
      vertex   3.300000e+00 -2.000000e+01 3.200000e+00
      vertex   3.312395e+00 -1.979509e+01 6.400000e+00
      vertex   3.300000e+00 -2.000000e+01 6.400000e+00
    endloop
  endfacet
  facet normal 9.981756e-01 6.037850e-02 -0.000000e+00
    outer loop
      vertex   3.300000e+00 -2.000000e+01 3.200000e+00
      vertex   3.300000e+00 -2.000000e+01 6.400000e+00
      vertex   3.312395e+00 -2.020491e+01 3.200000e+00
    endloop
  endfacet
  facet normal 9.981756e-01 6.037850e-02 -0.000000e+00
    outer loop
      vertex   3.312395e+00 -2.020491e+01 3.200000e+00
      vertex   3.300000e+00 -2.000000e+01 6.400000e+00
      vertex   3.312395e+00 -2.020491e+01 6.400000e+00
    endloop
  endfacet
  facet normal 9.836199e-01 1.802550e-01 -0.000000e+00
    outer loop
      vertex   3.312395e+00 -2.020491e+01 3.200000e+00
      vertex   3.312395e+00 -2.020491e+01 6.400000e+00
      vertex   3.349399e+00 -2.040684e+01 3.200000e+00
    endloop
  endfacet
  facet normal 9.836199e-01 1.802550e-01 -0.000000e+00
    outer loop
      vertex   3.349399e+00 -2.040684e+01 3.200000e+00
      vertex   3.312395e+00 -2.020491e+01 6.400000e+00
      vertex   3.349399e+00 -2.040684e+01 6.400000e+00
    endloop
  endfacet
  facet normal 9.547209e-01 2.975031e-01 -0.000000e+00
    outer loop
      vertex   3.349399e+00 -2.040684e+01 3.200000e+00
      vertex   3.349399e+00 -2.040684e+01 6.400000e+00
      vertex   3.410472e+00 -2.060283e+01 3.200000e+00
    endloop
  endfacet
  facet normal 9.547209e-01 2.975031e-01 -0.000000e+00
    outer loop
      vertex   3.410472e+00 -2.060283e+01 3.200000e+00
      vertex   3.349399e+00 -2.040684e+01 6.400000e+00
      vertex   3.410472e+00 -2.060283e+01 6.400000e+00
    endloop
  endfacet
  facet normal 9.118998e-01 4.104128e-01 -0.000000e+00
    outer loop
      vertex   3.410472e+00 -2.060283e+01 3.200000e+00
      vertex   3.410472e+00 -2.060283e+01 6.400000e+00
      vertex   3.494725e+00 -2.079003e+01 3.200000e+00
    endloop
  endfacet
  facet normal 9.118998e-01 4.104128e-01 -0.000000e+00
    outer loop
      vertex   3.494725e+00 -2.079003e+01 3.200000e+00
      vertex   3.410472e+00 -2.060283e+01 6.400000e+00
      vertex   3.494725e+00 -2.079003e+01 6.400000e+00
    endloop
  endfacet
  facet normal 8.557813e-01 5.173378e-01 -0.000000e+00
    outer loop
      vertex   3.494725e+00 -2.079003e+01 3.200000e+00
      vertex   3.494725e+00 -2.079003e+01 6.400000e+00
      vertex   3.600927e+00 -2.096571e+01 3.200000e+00
    endloop
  endfacet
  facet normal 8.557813e-01 5.173378e-01 -0.000000e+00
    outer loop
      vertex   3.600927e+00 -2.096571e+01 3.200000e+00
      vertex   3.494725e+00 -2.079003e+01 6.400000e+00
      vertex   3.600927e+00 -2.096571e+01 6.400000e+00
    endloop
  endfacet
  facet normal 7.871835e-01 6.167189e-01 -0.000000e+00
    outer loop
      vertex   3.600927e+00 -2.096571e+01 3.200000e+00
      vertex   3.600927e+00 -2.096571e+01 6.400000e+00
      vertex   3.727532e+00 -2.112731e+01 3.200000e+00
    endloop
  endfacet
  facet normal 7.871835e-01 6.167189e-01 -0.000000e+00
    outer loop
      vertex   3.727532e+00 -2.112731e+01 3.200000e+00
      vertex   3.600927e+00 -2.096571e+01 6.400000e+00
      vertex   3.727532e+00 -2.112731e+01 6.400000e+00
    endloop
  endfacet
  facet normal 7.071068e-01 7.071068e-01 -0.000000e+00
    outer loop
      vertex   3.727532e+00 -2.112731e+01 3.200000e+00
      vertex   3.727532e+00 -2.112731e+01 6.400000e+00
      vertex   3.872691e+00 -2.127247e+01 3.200000e+00
    endloop
  endfacet
  facet normal 7.071068e-01 7.071068e-01 -0.000000e+00
    outer loop
      vertex   3.872691e+00 -2.127247e+01 3.200000e+00
      vertex   3.727532e+00 -2.112731e+01 6.400000e+00
      vertex   3.872691e+00 -2.127247e+01 6.400000e+00
    endloop
  endfacet
  facet normal 6.167189e-01 7.871835e-01 -0.000000e+00
    outer loop
      vertex   3.872691e+00 -2.127247e+01 3.200000e+00
      vertex   3.872691e+00 -2.127247e+01 6.400000e+00
      vertex   4.034290e+00 -2.139907e+01 3.200000e+00
    endloop
  endfacet
  facet normal 6.167189e-01 7.871835e-01 -0.000000e+00
    outer loop
      vertex   4.034290e+00 -2.139907e+01 3.200000e+00
      vertex   3.872691e+00 -2.127247e+01 6.400000e+00
      vertex   4.034290e+00 -2.139907e+01 6.400000e+00
    endloop
  endfacet
  facet normal 5.173378e-01 8.557813e-01 -0.000000e+00
    outer loop
      vertex   4.034290e+00 -2.139907e+01 3.200000e+00
      vertex   4.034290e+00 -2.139907e+01 6.400000e+00
      vertex   4.209971e+00 -2.150528e+01 3.200000e+00
    endloop
  endfacet
  facet normal 5.173378e-01 8.557813e-01 -0.000000e+00
    outer loop
      vertex   4.209971e+00 -2.150528e+01 3.200000e+00
      vertex   4.034290e+00 -2.139907e+01 6.400000e+00
      vertex   4.209971e+00 -2.150528e+01 6.400000e+00
    endloop
  endfacet
  facet normal 4.104128e-01 9.118998e-01 -0.000000e+00
    outer loop
      vertex   4.209971e+00 -2.150528e+01 3.200000e+00
      vertex   4.209971e+00 -2.150528e+01 6.400000e+00
      vertex   4.397172e+00 -2.158953e+01 3.200000e+00
    endloop
  endfacet
  facet normal 4.104128e-01 9.118998e-01 -0.000000e+00
    outer loop
      vertex   4.397172e+00 -2.158953e+01 3.200000e+00
      vertex   4.209971e+00 -2.150528e+01 6.400000e+00
      vertex   4.397172e+00 -2.158953e+01 6.400000e+00
    endloop
  endfacet
  facet normal 2.975031e-01 9.547209e-01 -0.000000e+00
    outer loop
      vertex   4.397172e+00 -2.158953e+01 3.200000e+00
      vertex   4.397172e+00 -2.158953e+01 6.400000e+00
      vertex   4.593163e+00 -2.165060e+01 3.200000e+00
    endloop
  endfacet
  facet normal 2.975031e-01 9.547209e-01 -0.000000e+00
    outer loop
      vertex   4.593163e+00 -2.165060e+01 3.200000e+00
      vertex   4.397172e+00 -2.158953e+01 6.400000e+00
      vertex   4.593163e+00 -2.165060e+01 6.400000e+00
    endloop
  endfacet
  facet normal 1.802550e-01 9.836199e-01 -0.000000e+00
    outer loop
      vertex   4.593163e+00 -2.165060e+01 3.200000e+00
      vertex   4.593163e+00 -2.165060e+01 6.400000e+00
      vertex   4.795088e+00 -2.168761e+01 3.200000e+00
    endloop
  endfacet
  facet normal 1.802550e-01 9.836199e-01 -0.000000e+00
    outer loop
      vertex   4.795088e+00 -2.168761e+01 3.200000e+00
      vertex   4.593163e+00 -2.165060e+01 6.400000e+00
      vertex   4.795088e+00 -2.168761e+01 6.400000e+00
    endloop
  endfacet
  facet normal 6.037850e-02 9.981756e-01 -0.000000e+00
    outer loop
      vertex   4.795088e+00 -2.168761e+01 3.200000e+00
      vertex   4.795088e+00 -2.168761e+01 6.400000e+00
      vertex   5.000000e+00 -2.170000e+01 3.200000e+00
    endloop
  endfacet
  facet normal 6.037850e-02 9.981756e-01 -0.000000e+00
    outer loop
      vertex   5.000000e+00 -2.170000e+01 3.200000e+00
      vertex   4.795088e+00 -2.168761e+01 6.400000e+00
      vertex   5.000000e+00 -2.170000e+01 6.400000e+00
    endloop
  endfacet
  facet normal -6.037850e-02 9.981756e-01 0.000000e+00
    outer loop
      vertex   5.000000e+00 -2.170000e+01 3.200000e+00
      vertex   5.000000e+00 -2.170000e+01 6.400000e+00
      vertex   5.204912e+00 -2.168761e+01 3.200000e+00
    endloop
  endfacet
  facet normal -6.037850e-02 9.981756e-01 0.000000e+00
    outer loop
      vertex   5.204912e+00 -2.168761e+01 3.200000e+00
      vertex   5.000000e+00 -2.170000e+01 6.400000e+00
      vertex   5.204912e+00 -2.168761e+01 6.400000e+00
    endloop
  endfacet
  facet normal -1.802550e-01 9.836199e-01 0.000000e+00
    outer loop
      vertex   5.204912e+00 -2.168761e+01 3.200000e+00
      vertex   5.204912e+00 -2.168761e+01 6.400000e+00
      vertex   5.406837e+00 -2.165060e+01 3.200000e+00
    endloop
  endfacet
  facet normal -1.802550e-01 9.836199e-01 0.000000e+00
    outer loop
      vertex   5.406837e+00 -2.165060e+01 3.200000e+00
      vertex   5.204912e+00 -2.168761e+01 6.400000e+00
      vertex   5.406837e+00 -2.165060e+01 6.400000e+00
    endloop
  endfacet
  facet normal -2.975031e-01 9.547209e-01 0.000000e+00
    outer loop
      vertex   5.406837e+00 -2.165060e+01 3.200000e+00
      vertex   5.406837e+00 -2.165060e+01 6.400000e+00
      vertex   5.602828e+00 -2.158953e+01 3.200000e+00
    endloop
  endfacet
  facet normal -2.975031e-01 9.547209e-01 0.000000e+00
    outer loop
      vertex   5.602828e+00 -2.158953e+01 3.200000e+00
      vertex   5.406837e+00 -2.165060e+01 6.400000e+00
      vertex   5.602828e+00 -2.158953e+01 6.400000e+00
    endloop
  endfacet
  facet normal -4.104128e-01 9.118998e-01 0.000000e+00
    outer loop
      vertex   5.602828e+00 -2.158953e+01 3.200000e+00
      vertex   5.602828e+00 -2.158953e+01 6.400000e+00
      vertex   5.790029e+00 -2.150528e+01 3.200000e+00
    endloop
  endfacet
  facet normal -4.104128e-01 9.118998e-01 0.000000e+00
    outer loop
      vertex   5.790029e+00 -2.150528e+01 3.200000e+00
      vertex   5.602828e+00 -2.158953e+01 6.400000e+00
      vertex   5.790029e+00 -2.150528e+01 6.400000e+00
    endloop
  endfacet
  facet normal -5.173378e-01 8.557813e-01 0.000000e+00
    outer loop
      vertex   5.790029e+00 -2.150528e+01 3.200000e+00
      vertex   5.790029e+00 -2.150528e+01 6.400000e+00
      vertex   5.965710e+00 -2.139907e+01 3.200000e+00
    endloop
  endfacet
  facet normal -5.173378e-01 8.557813e-01 0.000000e+00
    outer loop
      vertex   5.965710e+00 -2.139907e+01 3.200000e+00
      vertex   5.790029e+00 -2.150528e+01 6.400000e+00
      vertex   5.965710e+00 -2.139907e+01 6.400000e+00
    endloop
  endfacet
  facet normal -6.167189e-01 7.871835e-01 0.000000e+00
    outer loop
      vertex   5.965710e+00 -2.139907e+01 3.200000e+00
      vertex   5.965710e+00 -2.139907e+01 6.400000e+00
      vertex   6.127309e+00 -2.127247e+01 3.200000e+00
    endloop
  endfacet
  facet normal -6.167189e-01 7.871835e-01 0.000000e+00
    outer loop
      vertex   6.127309e+00 -2.127247e+01 3.200000e+00
      vertex   5.965710e+00 -2.139907e+01 6.400000e+00
      vertex   6.127309e+00 -2.127247e+01 6.400000e+00
    endloop
  endfacet
  facet normal -7.071068e-01 7.071068e-01 0.000000e+00
    outer loop
      vertex   6.127309e+00 -2.127247e+01 3.200000e+00
      vertex   6.127309e+00 -2.127247e+01 6.400000e+00
      vertex   6.272468e+00 -2.112731e+01 3.200000e+00
    endloop
  endfacet
  facet normal -7.071068e-01 7.071068e-01 0.000000e+00
    outer loop
      vertex   6.272468e+00 -2.112731e+01 3.200000e+00
      vertex   6.127309e+00 -2.127247e+01 6.400000e+00
      vertex   6.272468e+00 -2.112731e+01 6.400000e+00
    endloop
  endfacet
  facet normal -7.871835e-01 6.167189e-01 0.000000e+00
    outer loop
      vertex   6.272468e+00 -2.112731e+01 3.200000e+00
      vertex   6.272468e+00 -2.112731e+01 6.400000e+00
      vertex   6.399073e+00 -2.096571e+01 3.200000e+00
    endloop
  endfacet
  facet normal -7.871835e-01 6.167189e-01 0.000000e+00
    outer loop
      vertex   6.399073e+00 -2.096571e+01 3.200000e+00
      vertex   6.272468e+00 -2.112731e+01 6.400000e+00
      vertex   6.399073e+00 -2.096571e+01 6.400000e+00
    endloop
  endfacet
  facet normal -8.557813e-01 5.173378e-01 0.000000e+00
    outer loop
      vertex   6.399073e+00 -2.096571e+01 3.200000e+00
      vertex   6.399073e+00 -2.096571e+01 6.400000e+00
      vertex   6.505275e+00 -2.079003e+01 3.200000e+00
    endloop
  endfacet
  facet normal -8.557813e-01 5.173378e-01 0.000000e+00
    outer loop
      vertex   6.505275e+00 -2.079003e+01 3.200000e+00
      vertex   6.399073e+00 -2.096571e+01 6.400000e+00
      vertex   6.505275e+00 -2.079003e+01 6.400000e+00
    endloop
  endfacet
  facet normal -9.118998e-01 4.104128e-01 0.000000e+00
    outer loop
      vertex   6.505275e+00 -2.079003e+01 3.200000e+00
      vertex   6.505275e+00 -2.079003e+01 6.400000e+00
      vertex   6.589528e+00 -2.060283e+01 3.200000e+00
    endloop
  endfacet
  facet normal -9.118998e-01 4.104128e-01 0.000000e+00
    outer loop
      vertex   6.589528e+00 -2.060283e+01 3.200000e+00
      vertex   6.505275e+00 -2.079003e+01 6.400000e+00
      vertex   6.589528e+00 -2.060283e+01 6.400000e+00
    endloop
  endfacet
  facet normal -9.547209e-01 2.975031e-01 0.000000e+00
    outer loop
      vertex   6.589528e+00 -2.060283e+01 3.200000e+00
      vertex   6.589528e+00 -2.060283e+01 6.400000e+00
      vertex   6.650601e+00 -2.040684e+01 3.200000e+00
    endloop
  endfacet
  facet normal -9.547209e-01 2.975031e-01 0.000000e+00
    outer loop
      vertex   6.650601e+00 -2.040684e+01 3.200000e+00
      vertex   6.589528e+00 -2.060283e+01 6.400000e+00
      vertex   6.650601e+00 -2.040684e+01 6.400000e+00
    endloop
  endfacet
  facet normal -9.836199e-01 1.802550e-01 0.000000e+00
    outer loop
      vertex   6.650601e+00 -2.040684e+01 3.200000e+00
      vertex   6.650601e+00 -2.040684e+01 6.400000e+00
      vertex   6.687605e+00 -2.020491e+01 3.200000e+00
    endloop
  endfacet
  facet normal -9.836199e-01 1.802550e-01 0.000000e+00
    outer loop
      vertex   6.687605e+00 -2.020491e+01 3.200000e+00
      vertex   6.650601e+00 -2.040684e+01 6.400000e+00
      vertex   6.687605e+00 -2.020491e+01 6.400000e+00
    endloop
  endfacet
  facet normal -9.981756e-01 6.037850e-02 0.000000e+00
    outer loop
      vertex   6.687605e+00 -2.020491e+01 3.200000e+00
      vertex   6.687605e+00 -2.020491e+01 6.400000e+00
      vertex   6.700000e+00 -2.000000e+01 3.200000e+00
    endloop
  endfacet
  facet normal -9.981756e-01 6.037850e-02 0.000000e+00
    outer loop
      vertex   6.700000e+00 -2.000000e+01 3.200000e+00
      vertex   6.687605e+00 -2.020491e+01 6.400000e+00
      vertex   6.700000e+00 -2.000000e+01 6.400000e+00
    endloop
  endfacet
  facet normal -9.981756e-01 -6.037850e-02 0.000000e+00
    outer loop
      vertex   6.700000e+00 -2.000000e+01 3.200000e+00
      vertex   6.700000e+00 -2.000000e+01 6.400000e+00
      vertex   6.687605e+00 -1.979509e+01 3.200000e+00
    endloop
  endfacet
  facet normal -9.981756e-01 -6.037850e-02 0.000000e+00
    outer loop
      vertex   6.687605e+00 -1.979509e+01 3.200000e+00
      vertex   6.700000e+00 -2.000000e+01 6.400000e+00
      vertex   6.687605e+00 -1.979509e+01 6.400000e+00
    endloop
  endfacet
  facet normal -9.836199e-01 -1.802550e-01 0.000000e+00
    outer loop
      vertex   6.687605e+00 -1.979509e+01 3.200000e+00
      vertex   6.687605e+00 -1.979509e+01 6.400000e+00
      vertex   6.650601e+00 -1.959316e+01 3.200000e+00
    endloop
  endfacet
  facet normal -9.836199e-01 -1.802550e-01 0.000000e+00
    outer loop
      vertex   6.650601e+00 -1.959316e+01 3.200000e+00
      vertex   6.687605e+00 -1.979509e+01 6.400000e+00
      vertex   6.650601e+00 -1.959316e+01 6.400000e+00
    endloop
  endfacet
  facet normal -9.547209e-01 -2.975031e-01 0.000000e+00
    outer loop
      vertex   6.650601e+00 -1.959316e+01 3.200000e+00
      vertex   6.650601e+00 -1.959316e+01 6.400000e+00
      vertex   6.589528e+00 -1.939717e+01 3.200000e+00
    endloop
  endfacet
  facet normal -9.547209e-01 -2.975031e-01 0.000000e+00
    outer loop
      vertex   6.589528e+00 -1.939717e+01 3.200000e+00
      vertex   6.650601e+00 -1.959316e+01 6.400000e+00
      vertex   6.589528e+00 -1.939717e+01 6.400000e+00
    endloop
  endfacet
  facet normal -9.118998e-01 -4.104128e-01 0.000000e+00
    outer loop
      vertex   6.589528e+00 -1.939717e+01 3.200000e+00
      vertex   6.589528e+00 -1.939717e+01 6.400000e+00
      vertex   6.505275e+00 -1.920997e+01 3.200000e+00
    endloop
  endfacet
  facet normal -9.118998e-01 -4.104128e-01 0.000000e+00
    outer loop
      vertex   6.505275e+00 -1.920997e+01 3.200000e+00
      vertex   6.589528e+00 -1.939717e+01 6.400000e+00
      vertex   6.505275e+00 -1.920997e+01 6.400000e+00
    endloop
  endfacet
  facet normal -8.557813e-01 -5.173378e-01 0.000000e+00
    outer loop
      vertex   6.505275e+00 -1.920997e+01 3.200000e+00
      vertex   6.505275e+00 -1.920997e+01 6.400000e+00
      vertex   6.399073e+00 -1.903429e+01 3.200000e+00
    endloop
  endfacet
  facet normal -8.557813e-01 -5.173378e-01 0.000000e+00
    outer loop
      vertex   6.399073e+00 -1.903429e+01 3.200000e+00
      vertex   6.505275e+00 -1.920997e+01 6.400000e+00
      vertex   6.399073e+00 -1.903429e+01 6.400000e+00
    endloop
  endfacet
  facet normal -7.871835e-01 -6.167189e-01 0.000000e+00
    outer loop
      vertex   6.399073e+00 -1.903429e+01 3.200000e+00
      vertex   6.399073e+00 -1.903429e+01 6.400000e+00
      vertex   6.272468e+00 -1.887269e+01 3.200000e+00
    endloop
  endfacet
  facet normal -7.871835e-01 -6.167189e-01 0.000000e+00
    outer loop
      vertex   6.272468e+00 -1.887269e+01 3.200000e+00
      vertex   6.399073e+00 -1.903429e+01 6.400000e+00
      vertex   6.272468e+00 -1.887269e+01 6.400000e+00
    endloop
  endfacet
  facet normal -7.071068e-01 -7.071068e-01 0.000000e+00
    outer loop
      vertex   6.272468e+00 -1.887269e+01 3.200000e+00
      vertex   6.272468e+00 -1.887269e+01 6.400000e+00
      vertex   6.127309e+00 -1.872753e+01 3.200000e+00
    endloop
  endfacet
  facet normal -7.071068e-01 -7.071068e-01 0.000000e+00
    outer loop
      vertex   6.127309e+00 -1.872753e+01 3.200000e+00
      vertex   6.272468e+00 -1.887269e+01 6.400000e+00
      vertex   6.127309e+00 -1.872753e+01 6.400000e+00
    endloop
  endfacet
  facet normal -6.167189e-01 -7.871835e-01 0.000000e+00
    outer loop
      vertex   6.127309e+00 -1.872753e+01 3.200000e+00
      vertex   6.127309e+00 -1.872753e+01 6.400000e+00
      vertex   5.965710e+00 -1.860093e+01 3.200000e+00
    endloop
  endfacet
  facet normal -6.167189e-01 -7.871835e-01 0.000000e+00
    outer loop
      vertex   5.965710e+00 -1.860093e+01 3.200000e+00
      vertex   6.127309e+00 -1.872753e+01 6.400000e+00
      vertex   5.965710e+00 -1.860093e+01 6.400000e+00
    endloop
  endfacet
  facet normal -5.173378e-01 -8.557813e-01 0.000000e+00
    outer loop
      vertex   5.965710e+00 -1.860093e+01 3.200000e+00
      vertex   5.965710e+00 -1.860093e+01 6.400000e+00
      vertex   5.790029e+00 -1.849472e+01 3.200000e+00
    endloop
  endfacet
  facet normal -5.173378e-01 -8.557813e-01 0.000000e+00
    outer loop
      vertex   5.790029e+00 -1.849472e+01 3.200000e+00
      vertex   5.965710e+00 -1.860093e+01 6.400000e+00
      vertex   5.790029e+00 -1.849472e+01 6.400000e+00
    endloop
  endfacet
  facet normal -4.104128e-01 -9.118998e-01 0.000000e+00
    outer loop
      vertex   5.790029e+00 -1.849472e+01 3.200000e+00
      vertex   5.790029e+00 -1.849472e+01 6.400000e+00
      vertex   5.602828e+00 -1.841047e+01 3.200000e+00
    endloop
  endfacet
  facet normal -4.104128e-01 -9.118998e-01 0.000000e+00
    outer loop
      vertex   5.602828e+00 -1.841047e+01 3.200000e+00
      vertex   5.790029e+00 -1.849472e+01 6.400000e+00
      vertex   5.602828e+00 -1.841047e+01 6.400000e+00
    endloop
  endfacet
  facet normal -2.975031e-01 -9.547209e-01 0.000000e+00
    outer loop
      vertex   5.602828e+00 -1.841047e+01 3.200000e+00
      vertex   5.602828e+00 -1.841047e+01 6.400000e+00
      vertex   5.406837e+00 -1.834940e+01 3.200000e+00
    endloop
  endfacet
  facet normal -2.975031e-01 -9.547209e-01 0.000000e+00
    outer loop
      vertex   5.406837e+00 -1.834940e+01 3.200000e+00
      vertex   5.602828e+00 -1.841047e+01 6.400000e+00
      vertex   5.406837e+00 -1.834940e+01 6.400000e+00
    endloop
  endfacet
  facet normal -1.802550e-01 -9.836199e-01 0.000000e+00
    outer loop
      vertex   5.406837e+00 -1.834940e+01 3.200000e+00
      vertex   5.406837e+00 -1.834940e+01 6.400000e+00
      vertex   5.204912e+00 -1.831239e+01 3.200000e+00
    endloop
  endfacet
  facet normal -1.802550e-01 -9.836199e-01 0.000000e+00
    outer loop
      vertex   5.204912e+00 -1.831239e+01 3.200000e+00
      vertex   5.406837e+00 -1.834940e+01 6.400000e+00
      vertex   5.204912e+00 -1.831239e+01 6.400000e+00
    endloop
  endfacet
  facet normal -6.037850e-02 -9.981756e-01 0.000000e+00
    outer loop
      vertex   5.204912e+00 -1.831239e+01 3.200000e+00
      vertex   5.204912e+00 -1.831239e+01 6.400000e+00
      vertex   5.000000e+00 -1.830000e+01 3.200000e+00
    endloop
  endfacet
  facet normal -6.037850e-02 -9.981756e-01 0.000000e+00
    outer loop
      vertex   5.000000e+00 -1.830000e+01 3.200000e+00
      vertex   5.204912e+00 -1.831239e+01 6.400000e+00
      vertex   5.000000e+00 -1.830000e+01 6.400000e+00
    endloop
  endfacet
  facet normal 6.037850e-02 -9.981756e-01 0.000000e+00
    outer loop
      vertex   5.000000e+00 -1.830000e+01 3.200000e+00
      vertex   5.000000e+00 -1.830000e+01 6.400000e+00
      vertex   4.795088e+00 -1.831239e+01 3.200000e+00
    endloop
  endfacet
  facet normal 6.037850e-02 -9.981756e-01 0.000000e+00
    outer loop
      vertex   4.795088e+00 -1.831239e+01 3.200000e+00
      vertex   5.000000e+00 -1.830000e+01 6.400000e+00
      vertex   4.795088e+00 -1.831239e+01 6.400000e+00
    endloop
  endfacet
  facet normal 1.802550e-01 -9.836199e-01 0.000000e+00
    outer loop
      vertex   4.795088e+00 -1.831239e+01 3.200000e+00
      vertex   4.795088e+00 -1.831239e+01 6.400000e+00
      vertex   4.593163e+00 -1.834940e+01 3.200000e+00
    endloop
  endfacet
  facet normal 1.802550e-01 -9.836199e-01 0.000000e+00
    outer loop
      vertex   4.593163e+00 -1.834940e+01 3.200000e+00
      vertex   4.795088e+00 -1.831239e+01 6.400000e+00
      vertex   4.593163e+00 -1.834940e+01 6.400000e+00
    endloop
  endfacet
  facet normal 2.975031e-01 -9.547209e-01 0.000000e+00
    outer loop
      vertex   4.593163e+00 -1.834940e+01 3.200000e+00
      vertex   4.593163e+00 -1.834940e+01 6.400000e+00
      vertex   4.397172e+00 -1.841047e+01 3.200000e+00
    endloop
  endfacet
  facet normal 2.975031e-01 -9.547209e-01 0.000000e+00
    outer loop
      vertex   4.397172e+00 -1.841047e+01 3.200000e+00
      vertex   4.593163e+00 -1.834940e+01 6.400000e+00
      vertex   4.397172e+00 -1.841047e+01 6.400000e+00
    endloop
  endfacet
  facet normal 4.104128e-01 -9.118998e-01 0.000000e+00
    outer loop
      vertex   4.397172e+00 -1.841047e+01 3.200000e+00
      vertex   4.397172e+00 -1.841047e+01 6.400000e+00
      vertex   4.209971e+00 -1.849472e+01 3.200000e+00
    endloop
  endfacet
  facet normal 4.104128e-01 -9.118998e-01 0.000000e+00
    outer loop
      vertex   4.209971e+00 -1.849472e+01 3.200000e+00
      vertex   4.397172e+00 -1.841047e+01 6.400000e+00
      vertex   4.209971e+00 -1.849472e+01 6.400000e+00
    endloop
  endfacet
  facet normal 5.173378e-01 -8.557813e-01 0.000000e+00
    outer loop
      vertex   4.209971e+00 -1.849472e+01 3.200000e+00
      vertex   4.209971e+00 -1.849472e+01 6.400000e+00
      vertex   4.034290e+00 -1.860093e+01 3.200000e+00
    endloop
  endfacet
  facet normal 5.173378e-01 -8.557813e-01 0.000000e+00
    outer loop
      vertex   4.034290e+00 -1.860093e+01 3.200000e+00
      vertex   4.209971e+00 -1.849472e+01 6.400000e+00
      vertex   4.034290e+00 -1.860093e+01 6.400000e+00
    endloop
  endfacet
  facet normal 6.167189e-01 -7.871835e-01 0.000000e+00
    outer loop
      vertex   4.034290e+00 -1.860093e+01 3.200000e+00
      vertex   4.034290e+00 -1.860093e+01 6.400000e+00
      vertex   3.872691e+00 -1.872753e+01 3.200000e+00
    endloop
  endfacet
  facet normal 6.167189e-01 -7.871835e-01 0.000000e+00
    outer loop
      vertex   3.872691e+00 -1.872753e+01 3.200000e+00
      vertex   4.034290e+00 -1.860093e+01 6.400000e+00
      vertex   3.872691e+00 -1.872753e+01 6.400000e+00
    endloop
  endfacet
  facet normal 7.071068e-01 -7.071068e-01 0.000000e+00
    outer loop
      vertex   3.872691e+00 -1.872753e+01 3.200000e+00
      vertex   3.872691e+00 -1.872753e+01 6.400000e+00
      vertex   3.727532e+00 -1.887269e+01 3.200000e+00
    endloop
  endfacet
  facet normal 7.071068e-01 -7.071068e-01 0.000000e+00
    outer loop
      vertex   3.727532e+00 -1.887269e+01 3.200000e+00
      vertex   3.872691e+00 -1.872753e+01 6.400000e+00
      vertex   3.727532e+00 -1.887269e+01 6.400000e+00
    endloop
  endfacet
  facet normal 7.871835e-01 -6.167189e-01 0.000000e+00
    outer loop
      vertex   3.727532e+00 -1.887269e+01 3.200000e+00
      vertex   3.727532e+00 -1.887269e+01 6.400000e+00
      vertex   3.600927e+00 -1.903429e+01 3.200000e+00
    endloop
  endfacet
  facet normal 7.871835e-01 -6.167189e-01 0.000000e+00
    outer loop
      vertex   3.600927e+00 -1.903429e+01 3.200000e+00
      vertex   3.727532e+00 -1.887269e+01 6.400000e+00
      vertex   3.600927e+00 -1.903429e+01 6.400000e+00
    endloop
  endfacet
  facet normal 8.557813e-01 -5.173378e-01 0.000000e+00
    outer loop
      vertex   3.600927e+00 -1.903429e+01 3.200000e+00
      vertex   3.600927e+00 -1.903429e+01 6.400000e+00
      vertex   3.494725e+00 -1.920997e+01 3.200000e+00
    endloop
  endfacet
  facet normal 8.557813e-01 -5.173378e-01 0.000000e+00
    outer loop
      vertex   3.494725e+00 -1.920997e+01 3.200000e+00
      vertex   3.600927e+00 -1.903429e+01 6.400000e+00
      vertex   3.494725e+00 -1.920997e+01 6.400000e+00
    endloop
  endfacet
  facet normal 9.118998e-01 -4.104128e-01 0.000000e+00
    outer loop
      vertex   3.494725e+00 -1.920997e+01 3.200000e+00
      vertex   3.494725e+00 -1.920997e+01 6.400000e+00
      vertex   3.410472e+00 -1.939717e+01 3.200000e+00
    endloop
  endfacet
  facet normal 9.118998e-01 -4.104128e-01 0.000000e+00
    outer loop
      vertex   3.410472e+00 -1.939717e+01 3.200000e+00
      vertex   3.494725e+00 -1.920997e+01 6.400000e+00
      vertex   3.410472e+00 -1.939717e+01 6.400000e+00
    endloop
  endfacet
  facet normal 9.547209e-01 -2.975031e-01 0.000000e+00
    outer loop
      vertex   3.410472e+00 -1.939717e+01 3.200000e+00
      vertex   3.410472e+00 -1.939717e+01 6.400000e+00
      vertex   3.349399e+00 -1.959316e+01 3.200000e+00
    endloop
  endfacet
  facet normal 9.547209e-01 -2.975031e-01 0.000000e+00
    outer loop
      vertex   3.349399e+00 -1.959316e+01 3.200000e+00
      vertex   3.410472e+00 -1.939717e+01 6.400000e+00
      vertex   3.349399e+00 -1.959316e+01 6.400000e+00
    endloop
  endfacet
  facet normal 9.836199e-01 -1.802550e-01 0.000000e+00
    outer loop
      vertex   3.349399e+00 -1.959316e+01 3.200000e+00
      vertex   3.349399e+00 -1.959316e+01 6.400000e+00
      vertex   3.312395e+00 -1.979509e+01 3.200000e+00
    endloop
  endfacet
  facet normal 9.836199e-01 -1.802550e-01 0.000000e+00
    outer loop
      vertex   3.312395e+00 -1.979509e+01 3.200000e+00
      vertex   3.349399e+00 -1.959316e+01 6.400000e+00
      vertex   3.312395e+00 -1.979509e+01 6.400000e+00
    endloop
  endfacet
  facet normal 7.052070e-01 -4.265717e-02 7.077170e-01
    outer loop
      vertex   -6.687605e+00 -1.979509e+01 6.400000e+00
      vertex   -7.087690e+00 -1.977295e+01 6.800000e+00
      vertex   -6.700000e+00 -2.000000e+01 6.400000e+00
    endloop
  endfacet
  facet normal 7.065877e-01 -3.831007e-02 7.065877e-01
    outer loop
      vertex   -6.700000e+00 -2.000000e+01 6.400000e+00
      vertex   -7.087690e+00 -1.977295e+01 6.800000e+00
      vertex   -7.100000e+00 -2.000000e+01 6.800000e+00
    endloop
  endfacet
  facet normal 7.065877e-01 3.831007e-02 7.065877e-01
    outer loop
      vertex   -6.700000e+00 -2.000000e+01 6.400000e+00
      vertex   -7.100000e+00 -2.000000e+01 6.800000e+00
      vertex   -7.087690e+00 -2.022705e+01 6.800000e+00
    endloop
  endfacet
  facet normal 6.991926e-01 -1.146268e-01 7.056844e-01
    outer loop
      vertex   -7.087690e+00 -1.977295e+01 6.800000e+00
      vertex   -6.687605e+00 -1.979509e+01 6.400000e+00
      vertex   -7.050903e+00 -1.954856e+01 6.800000e+00
    endloop
  endfacet
  facet normal 6.939744e-01 -1.271755e-01 7.086790e-01
    outer loop
      vertex   -7.050903e+00 -1.954856e+01 6.800000e+00
      vertex   -6.687605e+00 -1.979509e+01 6.400000e+00
      vertex   -6.650601e+00 -1.959316e+01 6.400000e+00
    endloop
  endfacet
  facet normal 6.833429e-01 -1.897292e-01 7.050144e-01
    outer loop
      vertex   -7.050903e+00 -1.954856e+01 6.800000e+00
      vertex   -6.650601e+00 -1.959316e+01 6.400000e+00
      vertex   -6.990072e+00 -1.932947e+01 6.800000e+00
    endloop
  endfacet
  facet normal 6.729410e-01 -2.096969e-01 7.093501e-01
    outer loop
      vertex   -6.990072e+00 -1.932947e+01 6.800000e+00
      vertex   -6.650601e+00 -1.959316e+01 6.400000e+00
      vertex   -6.589528e+00 -1.939717e+01 6.400000e+00
    endloop
  endfacet
  facet normal 6.592249e-01 -2.626592e-01 7.045798e-01
    outer loop
      vertex   -6.990072e+00 -1.932947e+01 6.800000e+00
      vertex   -6.589528e+00 -1.939717e+01 6.400000e+00
      vertex   -6.905908e+00 -1.911823e+01 6.800000e+00
    endloop
  endfacet
  facet normal 6.424070e-01 -2.891239e-01 7.097328e-01
    outer loop
      vertex   -6.905908e+00 -1.911823e+01 6.800000e+00
      vertex   -6.589528e+00 -1.939717e+01 6.400000e+00
      vertex   -6.505275e+00 -1.920997e+01 6.400000e+00
    endloop
  endfacet
  facet normal 6.271355e-01 -3.324862e-01 7.043820e-01
    outer loop
      vertex   -6.905908e+00 -1.911823e+01 6.800000e+00
      vertex   -6.505275e+00 -1.920997e+01 6.400000e+00
      vertex   -6.799400e+00 -1.891734e+01 6.800000e+00
    endloop
  endfacet
  facet normal 6.027907e-01 -3.643997e-01 7.098283e-01
    outer loop
      vertex   -6.799400e+00 -1.891734e+01 6.800000e+00
      vertex   -6.505275e+00 -1.920997e+01 6.400000e+00
      vertex   -6.399073e+00 -1.903429e+01 6.400000e+00
    endloop
  endfacet
  facet normal 5.874786e-01 -3.983204e-01 7.044216e-01
    outer loop
      vertex   -6.799400e+00 -1.891734e+01 6.800000e+00
      vertex   -6.399073e+00 -1.903429e+01 6.400000e+00
      vertex   -6.671795e+00 -1.872913e+01 6.800000e+00
    endloop
  endfacet
  facet normal 5.546238e-01 -4.345200e-01 7.096372e-01
    outer loop
      vertex   -6.671795e+00 -1.872913e+01 6.800000e+00
      vertex   -6.399073e+00 -1.903429e+01 6.400000e+00
      vertex   -6.272468e+00 -1.887269e+01 6.400000e+00
    endloop
  endfacet
  facet normal 5.407593e-01 -4.593251e-01 7.046984e-01
    outer loop
      vertex   -6.671795e+00 -1.872913e+01 6.800000e+00
      vertex   -6.272468e+00 -1.887269e+01 6.400000e+00
      vertex   -6.524591e+00 -1.855583e+01 6.800000e+00
    endloop
  endfacet
  facet normal 4.985450e-01 -4.985450e-01 7.091585e-01
    outer loop
      vertex   -6.524591e+00 -1.855583e+01 6.800000e+00
      vertex   -6.272468e+00 -1.887269e+01 6.400000e+00
      vertex   -6.127309e+00 -1.872753e+01 6.400000e+00
    endloop
  endfacet
  facet normal 4.875767e-01 -5.147285e-01 7.052117e-01
    outer loop
      vertex   -6.524591e+00 -1.855583e+01 6.800000e+00
      vertex   -6.127309e+00 -1.872753e+01 6.400000e+00
      vertex   -6.359511e+00 -1.839946e+01 6.800000e+00
    endloop
  endfacet
  facet normal 4.352928e-01 -5.556102e-01 7.083908e-01
    outer loop
      vertex   -6.359511e+00 -1.839946e+01 6.800000e+00
      vertex   -6.127309e+00 -1.872753e+01 6.400000e+00
      vertex   -5.965710e+00 -1.860093e+01 6.400000e+00
    endloop
  endfacet
  facet normal 4.286159e-01 -5.638345e-01 7.059597e-01
    outer loop
      vertex   -6.359511e+00 -1.839946e+01 6.800000e+00
      vertex   -5.965710e+00 -1.860093e+01 6.400000e+00
      vertex   -6.178493e+00 -1.826185e+01 6.800000e+00
    endloop
  endfacet
  facet normal 3.656969e-01 -6.049366e-01 7.073312e-01
    outer loop
      vertex   -6.178493e+00 -1.826185e+01 6.800000e+00
      vertex   -5.965710e+00 -1.860093e+01 6.400000e+00
      vertex   -5.790029e+00 -1.849472e+01 6.400000e+00
    endloop
  endfacet
  facet normal 3.646375e-01 -6.060322e-01 7.069402e-01
    outer loop
      vertex   -6.178493e+00 -1.826185e+01 6.800000e+00
      vertex   -5.790029e+00 -1.849472e+01 6.400000e+00
      vertex   -5.983658e+00 -1.814462e+01 6.800000e+00
    endloop
  endfacet
  facet normal 2.972612e-01 -6.425196e-01 7.062608e-01
    outer loop
      vertex   -5.983658e+00 -1.814462e+01 6.800000e+00
      vertex   -5.790029e+00 -1.849472e+01 6.400000e+00
      vertex   -5.777290e+00 -1.804915e+01 6.800000e+00
    endloop
  endfacet
  facet normal 2.898097e-01 -6.439308e-01 7.080702e-01
    outer loop
      vertex   -5.777290e+00 -1.804915e+01 6.800000e+00
      vertex   -5.790029e+00 -1.849472e+01 6.400000e+00
      vertex   -5.602828e+00 -1.841047e+01 6.400000e+00
    endloop
  endfacet
  facet normal 2.263128e-01 -6.716725e-01 7.054350e-01
    outer loop
      vertex   -5.777290e+00 -1.804915e+01 6.800000e+00
      vertex   -5.602828e+00 -1.841047e+01 6.400000e+00
      vertex   -5.561810e+00 -1.797655e+01 6.800000e+00
    endloop
  endfacet
  facet normal 2.098212e-01 -6.733398e-01 7.089349e-01
    outer loop
      vertex   -5.561810e+00 -1.797655e+01 6.800000e+00
      vertex   -5.602828e+00 -1.841047e+01 6.400000e+00
      vertex   -5.406837e+00 -1.834940e+01 6.400000e+00
    endloop
  endfacet
  facet normal 1.524921e-01 -6.927785e-01 7.048433e-01
    outer loop
      vertex   -5.561810e+00 -1.797655e+01 6.800000e+00
      vertex   -5.406837e+00 -1.834940e+01 6.400000e+00
      vertex   -5.339742e+00 -1.792766e+01 6.800000e+00
    endloop
  endfacet
  facet normal 1.270250e-01 -6.931528e-01 7.095096e-01
    outer loop
      vertex   -5.339742e+00 -1.792766e+01 6.800000e+00
      vertex   -5.406837e+00 -1.834940e+01 6.400000e+00
      vertex   -5.204912e+00 -1.831239e+01 6.400000e+00
    endloop
  endfacet
  facet normal 7.673384e-02 -7.055560e-01 7.044875e-01
    outer loop
      vertex   -5.339742e+00 -1.792766e+01 6.800000e+00
      vertex   -5.204912e+00 -1.831239e+01 6.400000e+00
      vertex   -5.113692e+00 -1.790308e+01 6.800000e+00
    endloop
  endfacet
  facet normal 4.253102e-02 -7.031217e-01 7.097965e-01
    outer loop
      vertex   -5.113692e+00 -1.790308e+01 6.800000e+00
      vertex   -5.204912e+00 -1.831239e+01 6.400000e+00
      vertex   -5.000000e+00 -1.830000e+01 6.400000e+00
    endloop
  endfacet
  facet normal 0.000000e+00 -7.098342e-01 7.043688e-01
    outer loop
      vertex   -5.113692e+00 -1.790308e+01 6.800000e+00
      vertex   -5.000000e+00 -1.830000e+01 6.400000e+00
      vertex   -4.886308e+00 -1.790308e+01 6.800000e+00
    endloop
  endfacet
  facet normal -4.253102e-02 -7.031217e-01 7.097965e-01
    outer loop
      vertex   -4.886308e+00 -1.790308e+01 6.800000e+00
      vertex   -5.000000e+00 -1.830000e+01 6.400000e+00
      vertex   -4.795088e+00 -1.831239e+01 6.400000e+00
    endloop
  endfacet
  facet normal -7.673384e-02 -7.055560e-01 7.044875e-01
    outer loop
      vertex   -4.886308e+00 -1.790308e+01 6.800000e+00
      vertex   -4.795088e+00 -1.831239e+01 6.400000e+00
      vertex   -4.660258e+00 -1.792766e+01 6.800000e+00
    endloop
  endfacet
  facet normal -1.270250e-01 -6.931528e-01 7.095096e-01
    outer loop
      vertex   -4.660258e+00 -1.792766e+01 6.800000e+00
      vertex   -4.795088e+00 -1.831239e+01 6.400000e+00
      vertex   -4.593163e+00 -1.834940e+01 6.400000e+00
    endloop
  endfacet
  facet normal -1.524921e-01 -6.927785e-01 7.048433e-01
    outer loop
      vertex   -4.660258e+00 -1.792766e+01 6.800000e+00
      vertex   -4.593163e+00 -1.834940e+01 6.400000e+00
      vertex   -4.438190e+00 -1.797655e+01 6.800000e+00
    endloop
  endfacet
  facet normal -2.098212e-01 -6.733398e-01 7.089349e-01
    outer loop
      vertex   -4.438190e+00 -1.797655e+01 6.800000e+00
      vertex   -4.593163e+00 -1.834940e+01 6.400000e+00
      vertex   -4.397172e+00 -1.841047e+01 6.400000e+00
    endloop
  endfacet
  facet normal -2.263128e-01 -6.716725e-01 7.054350e-01
    outer loop
      vertex   -4.438190e+00 -1.797655e+01 6.800000e+00
      vertex   -4.397172e+00 -1.841047e+01 6.400000e+00
      vertex   -4.222710e+00 -1.804915e+01 6.800000e+00
    endloop
  endfacet
  facet normal -2.898097e-01 -6.439308e-01 7.080702e-01
    outer loop
      vertex   -4.222710e+00 -1.804915e+01 6.800000e+00
      vertex   -4.397172e+00 -1.841047e+01 6.400000e+00
      vertex   -4.209971e+00 -1.849472e+01 6.400000e+00
    endloop
  endfacet
  facet normal -2.972612e-01 -6.425196e-01 7.062608e-01
    outer loop
      vertex   -4.222710e+00 -1.804915e+01 6.800000e+00
      vertex   -4.209971e+00 -1.849472e+01 6.400000e+00
      vertex   -4.016342e+00 -1.814462e+01 6.800000e+00
    endloop
  endfacet
  facet normal -3.646375e-01 -6.060322e-01 7.069402e-01
    outer loop
      vertex   -4.016342e+00 -1.814462e+01 6.800000e+00
      vertex   -4.209971e+00 -1.849472e+01 6.400000e+00
      vertex   -3.821507e+00 -1.826185e+01 6.800000e+00
    endloop
  endfacet
  facet normal -3.656969e-01 -6.049366e-01 7.073312e-01
    outer loop
      vertex   -3.821507e+00 -1.826185e+01 6.800000e+00
      vertex   -4.209971e+00 -1.849472e+01 6.400000e+00
      vertex   -4.034290e+00 -1.860093e+01 6.400000e+00
    endloop
  endfacet
  facet normal -4.286159e-01 -5.638345e-01 7.059597e-01
    outer loop
      vertex   -3.821507e+00 -1.826185e+01 6.800000e+00
      vertex   -4.034290e+00 -1.860093e+01 6.400000e+00
      vertex   -3.640489e+00 -1.839946e+01 6.800000e+00
    endloop
  endfacet
  facet normal -4.352928e-01 -5.556102e-01 7.083908e-01
    outer loop
      vertex   -3.640489e+00 -1.839946e+01 6.800000e+00
      vertex   -4.034290e+00 -1.860093e+01 6.400000e+00
      vertex   -3.872691e+00 -1.872753e+01 6.400000e+00
    endloop
  endfacet
  facet normal -4.875767e-01 -5.147285e-01 7.052117e-01
    outer loop
      vertex   -3.640489e+00 -1.839946e+01 6.800000e+00
      vertex   -3.872691e+00 -1.872753e+01 6.400000e+00
      vertex   -3.475409e+00 -1.855583e+01 6.800000e+00
    endloop
  endfacet
  facet normal -4.985450e-01 -4.985450e-01 7.091585e-01
    outer loop
      vertex   -3.475409e+00 -1.855583e+01 6.800000e+00
      vertex   -3.872691e+00 -1.872753e+01 6.400000e+00
      vertex   -3.727532e+00 -1.887269e+01 6.400000e+00
    endloop
  endfacet
  facet normal -5.407593e-01 -4.593251e-01 7.046984e-01
    outer loop
      vertex   -3.475409e+00 -1.855583e+01 6.800000e+00
      vertex   -3.727532e+00 -1.887269e+01 6.400000e+00
      vertex   -3.328205e+00 -1.872913e+01 6.800000e+00
    endloop
  endfacet
  facet normal -5.546238e-01 -4.345200e-01 7.096372e-01
    outer loop
      vertex   -3.328205e+00 -1.872913e+01 6.800000e+00
      vertex   -3.727532e+00 -1.887269e+01 6.400000e+00
      vertex   -3.600927e+00 -1.903429e+01 6.400000e+00
    endloop
  endfacet
  facet normal -5.874786e-01 -3.983204e-01 7.044216e-01
    outer loop
      vertex   -3.328205e+00 -1.872913e+01 6.800000e+00
      vertex   -3.600927e+00 -1.903429e+01 6.400000e+00
      vertex   -3.200600e+00 -1.891734e+01 6.800000e+00
    endloop
  endfacet
  facet normal -6.027907e-01 -3.643997e-01 7.098283e-01
    outer loop
      vertex   -3.200600e+00 -1.891734e+01 6.800000e+00
      vertex   -3.600927e+00 -1.903429e+01 6.400000e+00
      vertex   -3.494725e+00 -1.920997e+01 6.400000e+00
    endloop
  endfacet
  facet normal -6.271355e-01 -3.324862e-01 7.043820e-01
    outer loop
      vertex   -3.200600e+00 -1.891734e+01 6.800000e+00
      vertex   -3.494725e+00 -1.920997e+01 6.400000e+00
      vertex   -3.094092e+00 -1.911823e+01 6.800000e+00
    endloop
  endfacet
  facet normal -6.424070e-01 -2.891239e-01 7.097328e-01
    outer loop
      vertex   -3.094092e+00 -1.911823e+01 6.800000e+00
      vertex   -3.494725e+00 -1.920997e+01 6.400000e+00
      vertex   -3.410472e+00 -1.939717e+01 6.400000e+00
    endloop
  endfacet
  facet normal -6.592249e-01 -2.626592e-01 7.045798e-01
    outer loop
      vertex   -3.094092e+00 -1.911823e+01 6.800000e+00
      vertex   -3.410472e+00 -1.939717e+01 6.400000e+00
      vertex   -3.009928e+00 -1.932947e+01 6.800000e+00
    endloop
  endfacet
  facet normal -6.729410e-01 -2.096969e-01 7.093501e-01
    outer loop
      vertex   -3.009928e+00 -1.932947e+01 6.800000e+00
      vertex   -3.410472e+00 -1.939717e+01 6.400000e+00
      vertex   -3.349399e+00 -1.959316e+01 6.400000e+00
    endloop
  endfacet
  facet normal -6.833429e-01 -1.897292e-01 7.050144e-01
    outer loop
      vertex   -3.009928e+00 -1.932947e+01 6.800000e+00
      vertex   -3.349399e+00 -1.959316e+01 6.400000e+00
      vertex   -2.949097e+00 -1.954856e+01 6.800000e+00
    endloop
  endfacet
  facet normal -6.939744e-01 -1.271755e-01 7.086790e-01
    outer loop
      vertex   -2.949097e+00 -1.954856e+01 6.800000e+00
      vertex   -3.349399e+00 -1.959316e+01 6.400000e+00
      vertex   -3.312395e+00 -1.979509e+01 6.400000e+00
    endloop
  endfacet
  facet normal -6.991926e-01 -1.146268e-01 7.056844e-01
    outer loop
      vertex   -2.949097e+00 -1.954856e+01 6.800000e+00
      vertex   -3.312395e+00 -1.979509e+01 6.400000e+00
      vertex   -2.912310e+00 -1.977295e+01 6.800000e+00
    endloop
  endfacet
  facet normal -7.052070e-01 -4.265717e-02 7.077170e-01
    outer loop
      vertex   -2.912310e+00 -1.977295e+01 6.800000e+00
      vertex   -3.312395e+00 -1.979509e+01 6.400000e+00
      vertex   -3.300000e+00 -2.000000e+01 6.400000e+00
    endloop
  endfacet
  facet normal -7.065877e-01 -3.831007e-02 7.065877e-01
    outer loop
      vertex   -2.912310e+00 -1.977295e+01 6.800000e+00
      vertex   -3.300000e+00 -2.000000e+01 6.400000e+00
      vertex   -2.900000e+00 -2.000000e+01 6.800000e+00
    endloop
  endfacet
  facet normal -7.065877e-01 3.831007e-02 7.065877e-01
    outer loop
      vertex   -2.900000e+00 -2.000000e+01 6.800000e+00
      vertex   -3.300000e+00 -2.000000e+01 6.400000e+00
      vertex   -2.912310e+00 -2.022705e+01 6.800000e+00
    endloop
  endfacet
  facet normal -7.052070e-01 4.265717e-02 7.077170e-01
    outer loop
      vertex   -2.912310e+00 -2.022705e+01 6.800000e+00
      vertex   -3.300000e+00 -2.000000e+01 6.400000e+00
      vertex   -3.312395e+00 -2.020491e+01 6.400000e+00
    endloop
  endfacet
  facet normal -6.991926e-01 1.146268e-01 7.056844e-01
    outer loop
      vertex   -2.912310e+00 -2.022705e+01 6.800000e+00
      vertex   -3.312395e+00 -2.020491e+01 6.400000e+00
      vertex   -2.949097e+00 -2.045144e+01 6.800000e+00
    endloop
  endfacet
  facet normal -6.939744e-01 1.271755e-01 7.086790e-01
    outer loop
      vertex   -2.949097e+00 -2.045144e+01 6.800000e+00
      vertex   -3.312395e+00 -2.020491e+01 6.400000e+00
      vertex   -3.349399e+00 -2.040684e+01 6.400000e+00
    endloop
  endfacet
  facet normal -6.833429e-01 1.897292e-01 7.050144e-01
    outer loop
      vertex   -2.949097e+00 -2.045144e+01 6.800000e+00
      vertex   -3.349399e+00 -2.040684e+01 6.400000e+00
      vertex   -3.009928e+00 -2.067053e+01 6.800000e+00
    endloop
  endfacet
  facet normal -6.729410e-01 2.096969e-01 7.093501e-01
    outer loop
      vertex   -3.009928e+00 -2.067053e+01 6.800000e+00
      vertex   -3.349399e+00 -2.040684e+01 6.400000e+00
      vertex   -3.410472e+00 -2.060283e+01 6.400000e+00
    endloop
  endfacet
  facet normal -6.592249e-01 2.626592e-01 7.045798e-01
    outer loop
      vertex   -3.009928e+00 -2.067053e+01 6.800000e+00
      vertex   -3.410472e+00 -2.060283e+01 6.400000e+00
      vertex   -3.094092e+00 -2.088177e+01 6.800000e+00
    endloop
  endfacet
  facet normal -6.424070e-01 2.891239e-01 7.097328e-01
    outer loop
      vertex   -3.094092e+00 -2.088177e+01 6.800000e+00
      vertex   -3.410472e+00 -2.060283e+01 6.400000e+00
      vertex   -3.494725e+00 -2.079003e+01 6.400000e+00
    endloop
  endfacet
  facet normal -6.271355e-01 3.324862e-01 7.043820e-01
    outer loop
      vertex   -3.094092e+00 -2.088177e+01 6.800000e+00
      vertex   -3.494725e+00 -2.079003e+01 6.400000e+00
      vertex   -3.200600e+00 -2.108266e+01 6.800000e+00
    endloop
  endfacet
  facet normal -6.027907e-01 3.643997e-01 7.098283e-01
    outer loop
      vertex   -3.200600e+00 -2.108266e+01 6.800000e+00
      vertex   -3.494725e+00 -2.079003e+01 6.400000e+00
      vertex   -3.600927e+00 -2.096571e+01 6.400000e+00
    endloop
  endfacet
  facet normal -5.874786e-01 3.983204e-01 7.044216e-01
    outer loop
      vertex   -3.200600e+00 -2.108266e+01 6.800000e+00
      vertex   -3.600927e+00 -2.096571e+01 6.400000e+00
      vertex   -3.328205e+00 -2.127087e+01 6.800000e+00
    endloop
  endfacet
  facet normal -5.546238e-01 4.345200e-01 7.096372e-01
    outer loop
      vertex   -3.328205e+00 -2.127087e+01 6.800000e+00
      vertex   -3.600927e+00 -2.096571e+01 6.400000e+00
      vertex   -3.727532e+00 -2.112731e+01 6.400000e+00
    endloop
  endfacet
  facet normal -5.407593e-01 4.593251e-01 7.046984e-01
    outer loop
      vertex   -3.328205e+00 -2.127087e+01 6.800000e+00
      vertex   -3.727532e+00 -2.112731e+01 6.400000e+00
      vertex   -3.475409e+00 -2.144417e+01 6.800000e+00
    endloop
  endfacet
  facet normal -4.985450e-01 4.985450e-01 7.091585e-01
    outer loop
      vertex   -3.475409e+00 -2.144417e+01 6.800000e+00
      vertex   -3.727532e+00 -2.112731e+01 6.400000e+00
      vertex   -3.872691e+00 -2.127247e+01 6.400000e+00
    endloop
  endfacet
  facet normal -4.875767e-01 5.147285e-01 7.052117e-01
    outer loop
      vertex   -3.475409e+00 -2.144417e+01 6.800000e+00
      vertex   -3.872691e+00 -2.127247e+01 6.400000e+00
      vertex   -3.640489e+00 -2.160054e+01 6.800000e+00
    endloop
  endfacet
  facet normal -4.352928e-01 5.556102e-01 7.083908e-01
    outer loop
      vertex   -3.640489e+00 -2.160054e+01 6.800000e+00
      vertex   -3.872691e+00 -2.127247e+01 6.400000e+00
      vertex   -4.034290e+00 -2.139907e+01 6.400000e+00
    endloop
  endfacet
  facet normal -4.286159e-01 5.638345e-01 7.059597e-01
    outer loop
      vertex   -3.640489e+00 -2.160054e+01 6.800000e+00
      vertex   -4.034290e+00 -2.139907e+01 6.400000e+00
      vertex   -3.821507e+00 -2.173815e+01 6.800000e+00
    endloop
  endfacet
  facet normal -3.656969e-01 6.049366e-01 7.073312e-01
    outer loop
      vertex   -3.821507e+00 -2.173815e+01 6.800000e+00
      vertex   -4.034290e+00 -2.139907e+01 6.400000e+00
      vertex   -4.209971e+00 -2.150528e+01 6.400000e+00
    endloop
  endfacet
  facet normal -3.646375e-01 6.060322e-01 7.069402e-01
    outer loop
      vertex   -3.821507e+00 -2.173815e+01 6.800000e+00
      vertex   -4.209971e+00 -2.150528e+01 6.400000e+00
      vertex   -4.016342e+00 -2.185538e+01 6.800000e+00
    endloop
  endfacet
  facet normal -2.972612e-01 6.425196e-01 7.062608e-01
    outer loop
      vertex   -4.016342e+00 -2.185538e+01 6.800000e+00
      vertex   -4.209971e+00 -2.150528e+01 6.400000e+00
      vertex   -4.222710e+00 -2.195085e+01 6.800000e+00
    endloop
  endfacet
  facet normal -2.898097e-01 6.439308e-01 7.080702e-01
    outer loop
      vertex   -4.222710e+00 -2.195085e+01 6.800000e+00
      vertex   -4.209971e+00 -2.150528e+01 6.400000e+00
      vertex   -4.397172e+00 -2.158953e+01 6.400000e+00
    endloop
  endfacet
  facet normal -2.263128e-01 6.716725e-01 7.054350e-01
    outer loop
      vertex   -4.222710e+00 -2.195085e+01 6.800000e+00
      vertex   -4.397172e+00 -2.158953e+01 6.400000e+00
      vertex   -4.438190e+00 -2.202345e+01 6.800000e+00
    endloop
  endfacet
  facet normal -2.098212e-01 6.733398e-01 7.089349e-01
    outer loop
      vertex   -4.438190e+00 -2.202345e+01 6.800000e+00
      vertex   -4.397172e+00 -2.158953e+01 6.400000e+00
      vertex   -4.593163e+00 -2.165060e+01 6.400000e+00
    endloop
  endfacet
  facet normal -1.524921e-01 6.927785e-01 7.048433e-01
    outer loop
      vertex   -4.438190e+00 -2.202345e+01 6.800000e+00
      vertex   -4.593163e+00 -2.165060e+01 6.400000e+00
      vertex   -4.660258e+00 -2.207234e+01 6.800000e+00
    endloop
  endfacet
  facet normal -1.270250e-01 6.931528e-01 7.095096e-01
    outer loop
      vertex   -4.660258e+00 -2.207234e+01 6.800000e+00
      vertex   -4.593163e+00 -2.165060e+01 6.400000e+00
      vertex   -4.795088e+00 -2.168761e+01 6.400000e+00
    endloop
  endfacet
  facet normal -7.673384e-02 7.055560e-01 7.044875e-01
    outer loop
      vertex   -4.660258e+00 -2.207234e+01 6.800000e+00
      vertex   -4.795088e+00 -2.168761e+01 6.400000e+00
      vertex   -4.886308e+00 -2.209692e+01 6.800000e+00
    endloop
  endfacet
  facet normal -4.253102e-02 7.031217e-01 7.097965e-01
    outer loop
      vertex   -4.886308e+00 -2.209692e+01 6.800000e+00
      vertex   -4.795088e+00 -2.168761e+01 6.400000e+00
      vertex   -5.000000e+00 -2.170000e+01 6.400000e+00
    endloop
  endfacet
  facet normal 0.000000e+00 7.098342e-01 7.043688e-01
    outer loop
      vertex   -4.886308e+00 -2.209692e+01 6.800000e+00
      vertex   -5.000000e+00 -2.170000e+01 6.400000e+00
      vertex   -5.113692e+00 -2.209692e+01 6.800000e+00
    endloop
  endfacet
  facet normal 4.253102e-02 7.031217e-01 7.097965e-01
    outer loop
      vertex   -5.113692e+00 -2.209692e+01 6.800000e+00
      vertex   -5.000000e+00 -2.170000e+01 6.400000e+00
      vertex   -5.204912e+00 -2.168761e+01 6.400000e+00
    endloop
  endfacet
  facet normal 7.673384e-02 7.055560e-01 7.044875e-01
    outer loop
      vertex   -5.113692e+00 -2.209692e+01 6.800000e+00
      vertex   -5.204912e+00 -2.168761e+01 6.400000e+00
      vertex   -5.339742e+00 -2.207234e+01 6.800000e+00
    endloop
  endfacet
  facet normal 1.270250e-01 6.931528e-01 7.095096e-01
    outer loop
      vertex   -5.339742e+00 -2.207234e+01 6.800000e+00
      vertex   -5.204912e+00 -2.168761e+01 6.400000e+00
      vertex   -5.406837e+00 -2.165060e+01 6.400000e+00
    endloop
  endfacet
  facet normal 1.524921e-01 6.927785e-01 7.048433e-01
    outer loop
      vertex   -5.339742e+00 -2.207234e+01 6.800000e+00
      vertex   -5.406837e+00 -2.165060e+01 6.400000e+00
      vertex   -5.561810e+00 -2.202345e+01 6.800000e+00
    endloop
  endfacet
  facet normal 2.098212e-01 6.733398e-01 7.089349e-01
    outer loop
      vertex   -5.561810e+00 -2.202345e+01 6.800000e+00
      vertex   -5.406837e+00 -2.165060e+01 6.400000e+00
      vertex   -5.602828e+00 -2.158953e+01 6.400000e+00
    endloop
  endfacet
  facet normal 2.263128e-01 6.716725e-01 7.054350e-01
    outer loop
      vertex   -5.561810e+00 -2.202345e+01 6.800000e+00
      vertex   -5.602828e+00 -2.158953e+01 6.400000e+00
      vertex   -5.777290e+00 -2.195085e+01 6.800000e+00
    endloop
  endfacet
  facet normal 2.898097e-01 6.439308e-01 7.080702e-01
    outer loop
      vertex   -5.777290e+00 -2.195085e+01 6.800000e+00
      vertex   -5.602828e+00 -2.158953e+01 6.400000e+00
      vertex   -5.790029e+00 -2.150528e+01 6.400000e+00
    endloop
  endfacet
  facet normal 2.972612e-01 6.425196e-01 7.062608e-01
    outer loop
      vertex   -5.777290e+00 -2.195085e+01 6.800000e+00
      vertex   -5.790029e+00 -2.150528e+01 6.400000e+00
      vertex   -5.983658e+00 -2.185538e+01 6.800000e+00
    endloop
  endfacet
  facet normal 3.646375e-01 6.060322e-01 7.069402e-01
    outer loop
      vertex   -5.983658e+00 -2.185538e+01 6.800000e+00
      vertex   -5.790029e+00 -2.150528e+01 6.400000e+00
      vertex   -6.178493e+00 -2.173815e+01 6.800000e+00
    endloop
  endfacet
  facet normal 3.656969e-01 6.049366e-01 7.073312e-01
    outer loop
      vertex   -6.178493e+00 -2.173815e+01 6.800000e+00
      vertex   -5.790029e+00 -2.150528e+01 6.400000e+00
      vertex   -5.965710e+00 -2.139907e+01 6.400000e+00
    endloop
  endfacet
  facet normal 4.286159e-01 5.638345e-01 7.059597e-01
    outer loop
      vertex   -6.178493e+00 -2.173815e+01 6.800000e+00
      vertex   -5.965710e+00 -2.139907e+01 6.400000e+00
      vertex   -6.359511e+00 -2.160054e+01 6.800000e+00
    endloop
  endfacet
  facet normal 4.352928e-01 5.556102e-01 7.083908e-01
    outer loop
      vertex   -6.359511e+00 -2.160054e+01 6.800000e+00
      vertex   -5.965710e+00 -2.139907e+01 6.400000e+00
      vertex   -6.127309e+00 -2.127247e+01 6.400000e+00
    endloop
  endfacet
  facet normal 4.875767e-01 5.147285e-01 7.052117e-01
    outer loop
      vertex   -6.359511e+00 -2.160054e+01 6.800000e+00
      vertex   -6.127309e+00 -2.127247e+01 6.400000e+00
      vertex   -6.524591e+00 -2.144417e+01 6.800000e+00
    endloop
  endfacet
  facet normal 4.985450e-01 4.985450e-01 7.091585e-01
    outer loop
      vertex   -6.524591e+00 -2.144417e+01 6.800000e+00
      vertex   -6.127309e+00 -2.127247e+01 6.400000e+00
      vertex   -6.272468e+00 -2.112731e+01 6.400000e+00
    endloop
  endfacet
  facet normal 5.407593e-01 4.593251e-01 7.046984e-01
    outer loop
      vertex   -6.524591e+00 -2.144417e+01 6.800000e+00
      vertex   -6.272468e+00 -2.112731e+01 6.400000e+00
      vertex   -6.671795e+00 -2.127087e+01 6.800000e+00
    endloop
  endfacet
  facet normal 5.546238e-01 4.345200e-01 7.096372e-01
    outer loop
      vertex   -6.671795e+00 -2.127087e+01 6.800000e+00
      vertex   -6.272468e+00 -2.112731e+01 6.400000e+00
      vertex   -6.399073e+00 -2.096571e+01 6.400000e+00
    endloop
  endfacet
  facet normal 5.874786e-01 3.983204e-01 7.044216e-01
    outer loop
      vertex   -6.671795e+00 -2.127087e+01 6.800000e+00
      vertex   -6.399073e+00 -2.096571e+01 6.400000e+00
      vertex   -6.799400e+00 -2.108266e+01 6.800000e+00
    endloop
  endfacet
  facet normal 6.027907e-01 3.643997e-01 7.098283e-01
    outer loop
      vertex   -6.799400e+00 -2.108266e+01 6.800000e+00
      vertex   -6.399073e+00 -2.096571e+01 6.400000e+00
      vertex   -6.505275e+00 -2.079003e+01 6.400000e+00
    endloop
  endfacet
  facet normal 6.271355e-01 3.324862e-01 7.043820e-01
    outer loop
      vertex   -6.799400e+00 -2.108266e+01 6.800000e+00
      vertex   -6.505275e+00 -2.079003e+01 6.400000e+00
      vertex   -6.905908e+00 -2.088177e+01 6.800000e+00
    endloop
  endfacet
  facet normal 6.424070e-01 2.891239e-01 7.097328e-01
    outer loop
      vertex   -6.905908e+00 -2.088177e+01 6.800000e+00
      vertex   -6.505275e+00 -2.079003e+01 6.400000e+00
      vertex   -6.589528e+00 -2.060283e+01 6.400000e+00
    endloop
  endfacet
  facet normal 6.592249e-01 2.626592e-01 7.045798e-01
    outer loop
      vertex   -6.905908e+00 -2.088177e+01 6.800000e+00
      vertex   -6.589528e+00 -2.060283e+01 6.400000e+00
      vertex   -6.990072e+00 -2.067053e+01 6.800000e+00
    endloop
  endfacet
  facet normal 6.729410e-01 2.096969e-01 7.093501e-01
    outer loop
      vertex   -6.990072e+00 -2.067053e+01 6.800000e+00
      vertex   -6.589528e+00 -2.060283e+01 6.400000e+00
      vertex   -6.650601e+00 -2.040684e+01 6.400000e+00
    endloop
  endfacet
  facet normal 6.833429e-01 1.897292e-01 7.050144e-01
    outer loop
      vertex   -6.990072e+00 -2.067053e+01 6.800000e+00
      vertex   -6.650601e+00 -2.040684e+01 6.400000e+00
      vertex   -7.050903e+00 -2.045144e+01 6.800000e+00
    endloop
  endfacet
  facet normal 6.939744e-01 1.271755e-01 7.086790e-01
    outer loop
      vertex   -7.050903e+00 -2.045144e+01 6.800000e+00
      vertex   -6.650601e+00 -2.040684e+01 6.400000e+00
      vertex   -6.687605e+00 -2.020491e+01 6.400000e+00
    endloop
  endfacet
  facet normal 6.991926e-01 1.146268e-01 7.056844e-01
    outer loop
      vertex   -7.050903e+00 -2.045144e+01 6.800000e+00
      vertex   -6.687605e+00 -2.020491e+01 6.400000e+00
      vertex   -7.087690e+00 -2.022705e+01 6.800000e+00
    endloop
  endfacet
  facet normal 7.052070e-01 4.265717e-02 7.077170e-01
    outer loop
      vertex   -7.087690e+00 -2.022705e+01 6.800000e+00
      vertex   -6.687605e+00 -2.020491e+01 6.400000e+00
      vertex   -6.700000e+00 -2.000000e+01 6.400000e+00
    endloop
  endfacet
  facet normal 9.981756e-01 -6.037850e-02 0.000000e+00
    outer loop
      vertex   -6.687605e+00 -1.979509e+01 3.200000e+00
      vertex   -6.687605e+00 -1.979509e+01 6.400000e+00
      vertex   -6.700000e+00 -2.000000e+01 3.200000e+00
    endloop
  endfacet
  facet normal 9.981756e-01 -6.037850e-02 0.000000e+00
    outer loop
      vertex   -6.700000e+00 -2.000000e+01 3.200000e+00
      vertex   -6.687605e+00 -1.979509e+01 6.400000e+00
      vertex   -6.700000e+00 -2.000000e+01 6.400000e+00
    endloop
  endfacet
  facet normal 9.981756e-01 6.037850e-02 -0.000000e+00
    outer loop
      vertex   -6.700000e+00 -2.000000e+01 3.200000e+00
      vertex   -6.700000e+00 -2.000000e+01 6.400000e+00
      vertex   -6.687605e+00 -2.020491e+01 3.200000e+00
    endloop
  endfacet
  facet normal 9.981756e-01 6.037850e-02 -0.000000e+00
    outer loop
      vertex   -6.687605e+00 -2.020491e+01 3.200000e+00
      vertex   -6.700000e+00 -2.000000e+01 6.400000e+00
      vertex   -6.687605e+00 -2.020491e+01 6.400000e+00
    endloop
  endfacet
  facet normal 9.836199e-01 1.802550e-01 -0.000000e+00
    outer loop
      vertex   -6.687605e+00 -2.020491e+01 3.200000e+00
      vertex   -6.687605e+00 -2.020491e+01 6.400000e+00
      vertex   -6.650601e+00 -2.040684e+01 3.200000e+00
    endloop
  endfacet
  facet normal 9.836199e-01 1.802550e-01 -0.000000e+00
    outer loop
      vertex   -6.650601e+00 -2.040684e+01 3.200000e+00
      vertex   -6.687605e+00 -2.020491e+01 6.400000e+00
      vertex   -6.650601e+00 -2.040684e+01 6.400000e+00
    endloop
  endfacet
  facet normal 9.547209e-01 2.975031e-01 -0.000000e+00
    outer loop
      vertex   -6.650601e+00 -2.040684e+01 3.200000e+00
      vertex   -6.650601e+00 -2.040684e+01 6.400000e+00
      vertex   -6.589528e+00 -2.060283e+01 3.200000e+00
    endloop
  endfacet
  facet normal 9.547209e-01 2.975031e-01 -0.000000e+00
    outer loop
      vertex   -6.589528e+00 -2.060283e+01 3.200000e+00
      vertex   -6.650601e+00 -2.040684e+01 6.400000e+00
      vertex   -6.589528e+00 -2.060283e+01 6.400000e+00
    endloop
  endfacet
  facet normal 9.118998e-01 4.104128e-01 -0.000000e+00
    outer loop
      vertex   -6.589528e+00 -2.060283e+01 3.200000e+00
      vertex   -6.589528e+00 -2.060283e+01 6.400000e+00
      vertex   -6.505275e+00 -2.079003e+01 3.200000e+00
    endloop
  endfacet
  facet normal 9.118998e-01 4.104128e-01 -0.000000e+00
    outer loop
      vertex   -6.505275e+00 -2.079003e+01 3.200000e+00
      vertex   -6.589528e+00 -2.060283e+01 6.400000e+00
      vertex   -6.505275e+00 -2.079003e+01 6.400000e+00
    endloop
  endfacet
  facet normal 8.557813e-01 5.173378e-01 -0.000000e+00
    outer loop
      vertex   -6.505275e+00 -2.079003e+01 3.200000e+00
      vertex   -6.505275e+00 -2.079003e+01 6.400000e+00
      vertex   -6.399073e+00 -2.096571e+01 3.200000e+00
    endloop
  endfacet
  facet normal 8.557813e-01 5.173378e-01 -0.000000e+00
    outer loop
      vertex   -6.399073e+00 -2.096571e+01 3.200000e+00
      vertex   -6.505275e+00 -2.079003e+01 6.400000e+00
      vertex   -6.399073e+00 -2.096571e+01 6.400000e+00
    endloop
  endfacet
  facet normal 7.871835e-01 6.167189e-01 -0.000000e+00
    outer loop
      vertex   -6.399073e+00 -2.096571e+01 3.200000e+00
      vertex   -6.399073e+00 -2.096571e+01 6.400000e+00
      vertex   -6.272468e+00 -2.112731e+01 3.200000e+00
    endloop
  endfacet
  facet normal 7.871835e-01 6.167189e-01 -0.000000e+00
    outer loop
      vertex   -6.272468e+00 -2.112731e+01 3.200000e+00
      vertex   -6.399073e+00 -2.096571e+01 6.400000e+00
      vertex   -6.272468e+00 -2.112731e+01 6.400000e+00
    endloop
  endfacet
  facet normal 7.071068e-01 7.071068e-01 -0.000000e+00
    outer loop
      vertex   -6.272468e+00 -2.112731e+01 3.200000e+00
      vertex   -6.272468e+00 -2.112731e+01 6.400000e+00
      vertex   -6.127309e+00 -2.127247e+01 3.200000e+00
    endloop
  endfacet
  facet normal 7.071068e-01 7.071068e-01 -0.000000e+00
    outer loop
      vertex   -6.127309e+00 -2.127247e+01 3.200000e+00
      vertex   -6.272468e+00 -2.112731e+01 6.400000e+00
      vertex   -6.127309e+00 -2.127247e+01 6.400000e+00
    endloop
  endfacet
  facet normal 6.167189e-01 7.871835e-01 -0.000000e+00
    outer loop
      vertex   -6.127309e+00 -2.127247e+01 3.200000e+00
      vertex   -6.127309e+00 -2.127247e+01 6.400000e+00
      vertex   -5.965710e+00 -2.139907e+01 3.200000e+00
    endloop
  endfacet
  facet normal 6.167189e-01 7.871835e-01 -0.000000e+00
    outer loop
      vertex   -5.965710e+00 -2.139907e+01 3.200000e+00
      vertex   -6.127309e+00 -2.127247e+01 6.400000e+00
      vertex   -5.965710e+00 -2.139907e+01 6.400000e+00
    endloop
  endfacet
  facet normal 5.173378e-01 8.557813e-01 -0.000000e+00
    outer loop
      vertex   -5.965710e+00 -2.139907e+01 3.200000e+00
      vertex   -5.965710e+00 -2.139907e+01 6.400000e+00
      vertex   -5.790029e+00 -2.150528e+01 3.200000e+00
    endloop
  endfacet
  facet normal 5.173378e-01 8.557813e-01 -0.000000e+00
    outer loop
      vertex   -5.790029e+00 -2.150528e+01 3.200000e+00
      vertex   -5.965710e+00 -2.139907e+01 6.400000e+00
      vertex   -5.790029e+00 -2.150528e+01 6.400000e+00
    endloop
  endfacet
  facet normal 4.104128e-01 9.118998e-01 -0.000000e+00
    outer loop
      vertex   -5.790029e+00 -2.150528e+01 3.200000e+00
      vertex   -5.790029e+00 -2.150528e+01 6.400000e+00
      vertex   -5.602828e+00 -2.158953e+01 3.200000e+00
    endloop
  endfacet
  facet normal 4.104128e-01 9.118998e-01 -0.000000e+00
    outer loop
      vertex   -5.602828e+00 -2.158953e+01 3.200000e+00
      vertex   -5.790029e+00 -2.150528e+01 6.400000e+00
      vertex   -5.602828e+00 -2.158953e+01 6.400000e+00
    endloop
  endfacet
  facet normal 2.975031e-01 9.547209e-01 -0.000000e+00
    outer loop
      vertex   -5.602828e+00 -2.158953e+01 3.200000e+00
      vertex   -5.602828e+00 -2.158953e+01 6.400000e+00
      vertex   -5.406837e+00 -2.165060e+01 3.200000e+00
    endloop
  endfacet
  facet normal 2.975031e-01 9.547209e-01 -0.000000e+00
    outer loop
      vertex   -5.406837e+00 -2.165060e+01 3.200000e+00
      vertex   -5.602828e+00 -2.158953e+01 6.400000e+00
      vertex   -5.406837e+00 -2.165060e+01 6.400000e+00
    endloop
  endfacet
  facet normal 1.802550e-01 9.836199e-01 -0.000000e+00
    outer loop
      vertex   -5.406837e+00 -2.165060e+01 3.200000e+00
      vertex   -5.406837e+00 -2.165060e+01 6.400000e+00
      vertex   -5.204912e+00 -2.168761e+01 3.200000e+00
    endloop
  endfacet
  facet normal 1.802550e-01 9.836199e-01 -0.000000e+00
    outer loop
      vertex   -5.204912e+00 -2.168761e+01 3.200000e+00
      vertex   -5.406837e+00 -2.165060e+01 6.400000e+00
      vertex   -5.204912e+00 -2.168761e+01 6.400000e+00
    endloop
  endfacet
  facet normal 6.037850e-02 9.981756e-01 -0.000000e+00
    outer loop
      vertex   -5.204912e+00 -2.168761e+01 3.200000e+00
      vertex   -5.204912e+00 -2.168761e+01 6.400000e+00
      vertex   -5.000000e+00 -2.170000e+01 3.200000e+00
    endloop
  endfacet
  facet normal 6.037850e-02 9.981756e-01 -0.000000e+00
    outer loop
      vertex   -5.000000e+00 -2.170000e+01 3.200000e+00
      vertex   -5.204912e+00 -2.168761e+01 6.400000e+00
      vertex   -5.000000e+00 -2.170000e+01 6.400000e+00
    endloop
  endfacet
  facet normal -6.037850e-02 9.981756e-01 0.000000e+00
    outer loop
      vertex   -5.000000e+00 -2.170000e+01 3.200000e+00
      vertex   -5.000000e+00 -2.170000e+01 6.400000e+00
      vertex   -4.795088e+00 -2.168761e+01 3.200000e+00
    endloop
  endfacet
  facet normal -6.037850e-02 9.981756e-01 0.000000e+00
    outer loop
      vertex   -4.795088e+00 -2.168761e+01 3.200000e+00
      vertex   -5.000000e+00 -2.170000e+01 6.400000e+00
      vertex   -4.795088e+00 -2.168761e+01 6.400000e+00
    endloop
  endfacet
  facet normal -1.802550e-01 9.836199e-01 0.000000e+00
    outer loop
      vertex   -4.795088e+00 -2.168761e+01 3.200000e+00
      vertex   -4.795088e+00 -2.168761e+01 6.400000e+00
      vertex   -4.593163e+00 -2.165060e+01 3.200000e+00
    endloop
  endfacet
  facet normal -1.802550e-01 9.836199e-01 0.000000e+00
    outer loop
      vertex   -4.593163e+00 -2.165060e+01 3.200000e+00
      vertex   -4.795088e+00 -2.168761e+01 6.400000e+00
      vertex   -4.593163e+00 -2.165060e+01 6.400000e+00
    endloop
  endfacet
  facet normal -2.975031e-01 9.547209e-01 0.000000e+00
    outer loop
      vertex   -4.593163e+00 -2.165060e+01 3.200000e+00
      vertex   -4.593163e+00 -2.165060e+01 6.400000e+00
      vertex   -4.397172e+00 -2.158953e+01 3.200000e+00
    endloop
  endfacet
  facet normal -2.975031e-01 9.547209e-01 0.000000e+00
    outer loop
      vertex   -4.397172e+00 -2.158953e+01 3.200000e+00
      vertex   -4.593163e+00 -2.165060e+01 6.400000e+00
      vertex   -4.397172e+00 -2.158953e+01 6.400000e+00
    endloop
  endfacet
  facet normal -4.104128e-01 9.118998e-01 0.000000e+00
    outer loop
      vertex   -4.397172e+00 -2.158953e+01 3.200000e+00
      vertex   -4.397172e+00 -2.158953e+01 6.400000e+00
      vertex   -4.209971e+00 -2.150528e+01 3.200000e+00
    endloop
  endfacet
  facet normal -4.104128e-01 9.118998e-01 0.000000e+00
    outer loop
      vertex   -4.209971e+00 -2.150528e+01 3.200000e+00
      vertex   -4.397172e+00 -2.158953e+01 6.400000e+00
      vertex   -4.209971e+00 -2.150528e+01 6.400000e+00
    endloop
  endfacet
  facet normal -5.173378e-01 8.557813e-01 0.000000e+00
    outer loop
      vertex   -4.209971e+00 -2.150528e+01 3.200000e+00
      vertex   -4.209971e+00 -2.150528e+01 6.400000e+00
      vertex   -4.034290e+00 -2.139907e+01 3.200000e+00
    endloop
  endfacet
  facet normal -5.173378e-01 8.557813e-01 0.000000e+00
    outer loop
      vertex   -4.034290e+00 -2.139907e+01 3.200000e+00
      vertex   -4.209971e+00 -2.150528e+01 6.400000e+00
      vertex   -4.034290e+00 -2.139907e+01 6.400000e+00
    endloop
  endfacet
  facet normal -6.167189e-01 7.871835e-01 0.000000e+00
    outer loop
      vertex   -4.034290e+00 -2.139907e+01 3.200000e+00
      vertex   -4.034290e+00 -2.139907e+01 6.400000e+00
      vertex   -3.872691e+00 -2.127247e+01 3.200000e+00
    endloop
  endfacet
  facet normal -6.167189e-01 7.871835e-01 0.000000e+00
    outer loop
      vertex   -3.872691e+00 -2.127247e+01 3.200000e+00
      vertex   -4.034290e+00 -2.139907e+01 6.400000e+00
      vertex   -3.872691e+00 -2.127247e+01 6.400000e+00
    endloop
  endfacet
  facet normal -7.071068e-01 7.071068e-01 0.000000e+00
    outer loop
      vertex   -3.872691e+00 -2.127247e+01 3.200000e+00
      vertex   -3.872691e+00 -2.127247e+01 6.400000e+00
      vertex   -3.727532e+00 -2.112731e+01 3.200000e+00
    endloop
  endfacet
  facet normal -7.071068e-01 7.071068e-01 0.000000e+00
    outer loop
      vertex   -3.727532e+00 -2.112731e+01 3.200000e+00
      vertex   -3.872691e+00 -2.127247e+01 6.400000e+00
      vertex   -3.727532e+00 -2.112731e+01 6.400000e+00
    endloop
  endfacet
  facet normal -7.871835e-01 6.167189e-01 0.000000e+00
    outer loop
      vertex   -3.727532e+00 -2.112731e+01 3.200000e+00
      vertex   -3.727532e+00 -2.112731e+01 6.400000e+00
      vertex   -3.600927e+00 -2.096571e+01 3.200000e+00
    endloop
  endfacet
  facet normal -7.871835e-01 6.167189e-01 0.000000e+00
    outer loop
      vertex   -3.600927e+00 -2.096571e+01 3.200000e+00
      vertex   -3.727532e+00 -2.112731e+01 6.400000e+00
      vertex   -3.600927e+00 -2.096571e+01 6.400000e+00
    endloop
  endfacet
  facet normal -8.557813e-01 5.173378e-01 0.000000e+00
    outer loop
      vertex   -3.600927e+00 -2.096571e+01 3.200000e+00
      vertex   -3.600927e+00 -2.096571e+01 6.400000e+00
      vertex   -3.494725e+00 -2.079003e+01 3.200000e+00
    endloop
  endfacet
  facet normal -8.557813e-01 5.173378e-01 0.000000e+00
    outer loop
      vertex   -3.494725e+00 -2.079003e+01 3.200000e+00
      vertex   -3.600927e+00 -2.096571e+01 6.400000e+00
      vertex   -3.494725e+00 -2.079003e+01 6.400000e+00
    endloop
  endfacet
  facet normal -9.118998e-01 4.104128e-01 0.000000e+00
    outer loop
      vertex   -3.494725e+00 -2.079003e+01 3.200000e+00
      vertex   -3.494725e+00 -2.079003e+01 6.400000e+00
      vertex   -3.410472e+00 -2.060283e+01 3.200000e+00
    endloop
  endfacet
  facet normal -9.118998e-01 4.104128e-01 0.000000e+00
    outer loop
      vertex   -3.410472e+00 -2.060283e+01 3.200000e+00
      vertex   -3.494725e+00 -2.079003e+01 6.400000e+00
      vertex   -3.410472e+00 -2.060283e+01 6.400000e+00
    endloop
  endfacet
  facet normal -9.547209e-01 2.975031e-01 0.000000e+00
    outer loop
      vertex   -3.410472e+00 -2.060283e+01 3.200000e+00
      vertex   -3.410472e+00 -2.060283e+01 6.400000e+00
      vertex   -3.349399e+00 -2.040684e+01 3.200000e+00
    endloop
  endfacet
  facet normal -9.547209e-01 2.975031e-01 0.000000e+00
    outer loop
      vertex   -3.349399e+00 -2.040684e+01 3.200000e+00
      vertex   -3.410472e+00 -2.060283e+01 6.400000e+00
      vertex   -3.349399e+00 -2.040684e+01 6.400000e+00
    endloop
  endfacet
  facet normal -9.836199e-01 1.802550e-01 0.000000e+00
    outer loop
      vertex   -3.349399e+00 -2.040684e+01 3.200000e+00
      vertex   -3.349399e+00 -2.040684e+01 6.400000e+00
      vertex   -3.312395e+00 -2.020491e+01 3.200000e+00
    endloop
  endfacet
  facet normal -9.836199e-01 1.802550e-01 0.000000e+00
    outer loop
      vertex   -3.312395e+00 -2.020491e+01 3.200000e+00
      vertex   -3.349399e+00 -2.040684e+01 6.400000e+00
      vertex   -3.312395e+00 -2.020491e+01 6.400000e+00
    endloop
  endfacet
  facet normal -9.981756e-01 6.037850e-02 0.000000e+00
    outer loop
      vertex   -3.312395e+00 -2.020491e+01 3.200000e+00
      vertex   -3.312395e+00 -2.020491e+01 6.400000e+00
      vertex   -3.300000e+00 -2.000000e+01 3.200000e+00
    endloop
  endfacet
  facet normal -9.981756e-01 6.037850e-02 0.000000e+00
    outer loop
      vertex   -3.300000e+00 -2.000000e+01 3.200000e+00
      vertex   -3.312395e+00 -2.020491e+01 6.400000e+00
      vertex   -3.300000e+00 -2.000000e+01 6.400000e+00
    endloop
  endfacet
  facet normal -9.981756e-01 -6.037850e-02 0.000000e+00
    outer loop
      vertex   -3.300000e+00 -2.000000e+01 3.200000e+00
      vertex   -3.300000e+00 -2.000000e+01 6.400000e+00
      vertex   -3.312395e+00 -1.979509e+01 3.200000e+00
    endloop
  endfacet
  facet normal -9.981756e-01 -6.037850e-02 0.000000e+00
    outer loop
      vertex   -3.312395e+00 -1.979509e+01 3.200000e+00
      vertex   -3.300000e+00 -2.000000e+01 6.400000e+00
      vertex   -3.312395e+00 -1.979509e+01 6.400000e+00
    endloop
  endfacet
  facet normal -9.836199e-01 -1.802550e-01 0.000000e+00
    outer loop
      vertex   -3.312395e+00 -1.979509e+01 3.200000e+00
      vertex   -3.312395e+00 -1.979509e+01 6.400000e+00
      vertex   -3.349399e+00 -1.959316e+01 3.200000e+00
    endloop
  endfacet
  facet normal -9.836199e-01 -1.802550e-01 0.000000e+00
    outer loop
      vertex   -3.349399e+00 -1.959316e+01 3.200000e+00
      vertex   -3.312395e+00 -1.979509e+01 6.400000e+00
      vertex   -3.349399e+00 -1.959316e+01 6.400000e+00
    endloop
  endfacet
  facet normal -9.547209e-01 -2.975031e-01 0.000000e+00
    outer loop
      vertex   -3.349399e+00 -1.959316e+01 3.200000e+00
      vertex   -3.349399e+00 -1.959316e+01 6.400000e+00
      vertex   -3.410472e+00 -1.939717e+01 3.200000e+00
    endloop
  endfacet
  facet normal -9.547209e-01 -2.975031e-01 0.000000e+00
    outer loop
      vertex   -3.410472e+00 -1.939717e+01 3.200000e+00
      vertex   -3.349399e+00 -1.959316e+01 6.400000e+00
      vertex   -3.410472e+00 -1.939717e+01 6.400000e+00
    endloop
  endfacet
  facet normal -9.118998e-01 -4.104128e-01 0.000000e+00
    outer loop
      vertex   -3.410472e+00 -1.939717e+01 3.200000e+00
      vertex   -3.410472e+00 -1.939717e+01 6.400000e+00
      vertex   -3.494725e+00 -1.920997e+01 3.200000e+00
    endloop
  endfacet
  facet normal -9.118998e-01 -4.104128e-01 0.000000e+00
    outer loop
      vertex   -3.494725e+00 -1.920997e+01 3.200000e+00
      vertex   -3.410472e+00 -1.939717e+01 6.400000e+00
      vertex   -3.494725e+00 -1.920997e+01 6.400000e+00
    endloop
  endfacet
  facet normal -8.557813e-01 -5.173378e-01 0.000000e+00
    outer loop
      vertex   -3.494725e+00 -1.920997e+01 3.200000e+00
      vertex   -3.494725e+00 -1.920997e+01 6.400000e+00
      vertex   -3.600927e+00 -1.903429e+01 3.200000e+00
    endloop
  endfacet
  facet normal -8.557813e-01 -5.173378e-01 0.000000e+00
    outer loop
      vertex   -3.600927e+00 -1.903429e+01 3.200000e+00
      vertex   -3.494725e+00 -1.920997e+01 6.400000e+00
      vertex   -3.600927e+00 -1.903429e+01 6.400000e+00
    endloop
  endfacet
  facet normal -7.871835e-01 -6.167189e-01 0.000000e+00
    outer loop
      vertex   -3.600927e+00 -1.903429e+01 3.200000e+00
      vertex   -3.600927e+00 -1.903429e+01 6.400000e+00
      vertex   -3.727532e+00 -1.887269e+01 3.200000e+00
    endloop
  endfacet
  facet normal -7.871835e-01 -6.167189e-01 0.000000e+00
    outer loop
      vertex   -3.727532e+00 -1.887269e+01 3.200000e+00
      vertex   -3.600927e+00 -1.903429e+01 6.400000e+00
      vertex   -3.727532e+00 -1.887269e+01 6.400000e+00
    endloop
  endfacet
  facet normal -7.071068e-01 -7.071068e-01 0.000000e+00
    outer loop
      vertex   -3.727532e+00 -1.887269e+01 3.200000e+00
      vertex   -3.727532e+00 -1.887269e+01 6.400000e+00
      vertex   -3.872691e+00 -1.872753e+01 3.200000e+00
    endloop
  endfacet
  facet normal -7.071068e-01 -7.071068e-01 0.000000e+00
    outer loop
      vertex   -3.872691e+00 -1.872753e+01 3.200000e+00
      vertex   -3.727532e+00 -1.887269e+01 6.400000e+00
      vertex   -3.872691e+00 -1.872753e+01 6.400000e+00
    endloop
  endfacet
  facet normal -6.167189e-01 -7.871835e-01 0.000000e+00
    outer loop
      vertex   -3.872691e+00 -1.872753e+01 3.200000e+00
      vertex   -3.872691e+00 -1.872753e+01 6.400000e+00
      vertex   -4.034290e+00 -1.860093e+01 3.200000e+00
    endloop
  endfacet
  facet normal -6.167189e-01 -7.871835e-01 0.000000e+00
    outer loop
      vertex   -4.034290e+00 -1.860093e+01 3.200000e+00
      vertex   -3.872691e+00 -1.872753e+01 6.400000e+00
      vertex   -4.034290e+00 -1.860093e+01 6.400000e+00
    endloop
  endfacet
  facet normal -5.173378e-01 -8.557813e-01 0.000000e+00
    outer loop
      vertex   -4.034290e+00 -1.860093e+01 3.200000e+00
      vertex   -4.034290e+00 -1.860093e+01 6.400000e+00
      vertex   -4.209971e+00 -1.849472e+01 3.200000e+00
    endloop
  endfacet
  facet normal -5.173378e-01 -8.557813e-01 0.000000e+00
    outer loop
      vertex   -4.209971e+00 -1.849472e+01 3.200000e+00
      vertex   -4.034290e+00 -1.860093e+01 6.400000e+00
      vertex   -4.209971e+00 -1.849472e+01 6.400000e+00
    endloop
  endfacet
  facet normal -4.104128e-01 -9.118998e-01 0.000000e+00
    outer loop
      vertex   -4.209971e+00 -1.849472e+01 3.200000e+00
      vertex   -4.209971e+00 -1.849472e+01 6.400000e+00
      vertex   -4.397172e+00 -1.841047e+01 3.200000e+00
    endloop
  endfacet
  facet normal -4.104128e-01 -9.118998e-01 0.000000e+00
    outer loop
      vertex   -4.397172e+00 -1.841047e+01 3.200000e+00
      vertex   -4.209971e+00 -1.849472e+01 6.400000e+00
      vertex   -4.397172e+00 -1.841047e+01 6.400000e+00
    endloop
  endfacet
  facet normal -2.975031e-01 -9.547209e-01 0.000000e+00
    outer loop
      vertex   -4.397172e+00 -1.841047e+01 3.200000e+00
      vertex   -4.397172e+00 -1.841047e+01 6.400000e+00
      vertex   -4.593163e+00 -1.834940e+01 3.200000e+00
    endloop
  endfacet
  facet normal -2.975031e-01 -9.547209e-01 0.000000e+00
    outer loop
      vertex   -4.593163e+00 -1.834940e+01 3.200000e+00
      vertex   -4.397172e+00 -1.841047e+01 6.400000e+00
      vertex   -4.593163e+00 -1.834940e+01 6.400000e+00
    endloop
  endfacet
  facet normal -1.802550e-01 -9.836199e-01 0.000000e+00
    outer loop
      vertex   -4.593163e+00 -1.834940e+01 3.200000e+00
      vertex   -4.593163e+00 -1.834940e+01 6.400000e+00
      vertex   -4.795088e+00 -1.831239e+01 3.200000e+00
    endloop
  endfacet
  facet normal -1.802550e-01 -9.836199e-01 0.000000e+00
    outer loop
      vertex   -4.795088e+00 -1.831239e+01 3.200000e+00
      vertex   -4.593163e+00 -1.834940e+01 6.400000e+00
      vertex   -4.795088e+00 -1.831239e+01 6.400000e+00
    endloop
  endfacet
  facet normal -6.037850e-02 -9.981756e-01 0.000000e+00
    outer loop
      vertex   -4.795088e+00 -1.831239e+01 3.200000e+00
      vertex   -4.795088e+00 -1.831239e+01 6.400000e+00
      vertex   -5.000000e+00 -1.830000e+01 3.200000e+00
    endloop
  endfacet
  facet normal -6.037850e-02 -9.981756e-01 0.000000e+00
    outer loop
      vertex   -5.000000e+00 -1.830000e+01 3.200000e+00
      vertex   -4.795088e+00 -1.831239e+01 6.400000e+00
      vertex   -5.000000e+00 -1.830000e+01 6.400000e+00
    endloop
  endfacet
  facet normal 6.037850e-02 -9.981756e-01 0.000000e+00
    outer loop
      vertex   -5.000000e+00 -1.830000e+01 3.200000e+00
      vertex   -5.000000e+00 -1.830000e+01 6.400000e+00
      vertex   -5.204912e+00 -1.831239e+01 3.200000e+00
    endloop
  endfacet
  facet normal 6.037850e-02 -9.981756e-01 0.000000e+00
    outer loop
      vertex   -5.204912e+00 -1.831239e+01 3.200000e+00
      vertex   -5.000000e+00 -1.830000e+01 6.400000e+00
      vertex   -5.204912e+00 -1.831239e+01 6.400000e+00
    endloop
  endfacet
  facet normal 1.802550e-01 -9.836199e-01 0.000000e+00
    outer loop
      vertex   -5.204912e+00 -1.831239e+01 3.200000e+00
      vertex   -5.204912e+00 -1.831239e+01 6.400000e+00
      vertex   -5.406837e+00 -1.834940e+01 3.200000e+00
    endloop
  endfacet
  facet normal 1.802550e-01 -9.836199e-01 0.000000e+00
    outer loop
      vertex   -5.406837e+00 -1.834940e+01 3.200000e+00
      vertex   -5.204912e+00 -1.831239e+01 6.400000e+00
      vertex   -5.406837e+00 -1.834940e+01 6.400000e+00
    endloop
  endfacet
  facet normal 2.975031e-01 -9.547209e-01 0.000000e+00
    outer loop
      vertex   -5.406837e+00 -1.834940e+01 3.200000e+00
      vertex   -5.406837e+00 -1.834940e+01 6.400000e+00
      vertex   -5.602828e+00 -1.841047e+01 3.200000e+00
    endloop
  endfacet
  facet normal 2.975031e-01 -9.547209e-01 0.000000e+00
    outer loop
      vertex   -5.602828e+00 -1.841047e+01 3.200000e+00
      vertex   -5.406837e+00 -1.834940e+01 6.400000e+00
      vertex   -5.602828e+00 -1.841047e+01 6.400000e+00
    endloop
  endfacet
  facet normal 4.104128e-01 -9.118998e-01 0.000000e+00
    outer loop
      vertex   -5.602828e+00 -1.841047e+01 3.200000e+00
      vertex   -5.602828e+00 -1.841047e+01 6.400000e+00
      vertex   -5.790029e+00 -1.849472e+01 3.200000e+00
    endloop
  endfacet
  facet normal 4.104128e-01 -9.118998e-01 0.000000e+00
    outer loop
      vertex   -5.790029e+00 -1.849472e+01 3.200000e+00
      vertex   -5.602828e+00 -1.841047e+01 6.400000e+00
      vertex   -5.790029e+00 -1.849472e+01 6.400000e+00
    endloop
  endfacet
  facet normal 5.173378e-01 -8.557813e-01 0.000000e+00
    outer loop
      vertex   -5.790029e+00 -1.849472e+01 3.200000e+00
      vertex   -5.790029e+00 -1.849472e+01 6.400000e+00
      vertex   -5.965710e+00 -1.860093e+01 3.200000e+00
    endloop
  endfacet
  facet normal 5.173378e-01 -8.557813e-01 0.000000e+00
    outer loop
      vertex   -5.965710e+00 -1.860093e+01 3.200000e+00
      vertex   -5.790029e+00 -1.849472e+01 6.400000e+00
      vertex   -5.965710e+00 -1.860093e+01 6.400000e+00
    endloop
  endfacet
  facet normal 6.167189e-01 -7.871835e-01 0.000000e+00
    outer loop
      vertex   -5.965710e+00 -1.860093e+01 3.200000e+00
      vertex   -5.965710e+00 -1.860093e+01 6.400000e+00
      vertex   -6.127309e+00 -1.872753e+01 3.200000e+00
    endloop
  endfacet
  facet normal 6.167189e-01 -7.871835e-01 0.000000e+00
    outer loop
      vertex   -6.127309e+00 -1.872753e+01 3.200000e+00
      vertex   -5.965710e+00 -1.860093e+01 6.400000e+00
      vertex   -6.127309e+00 -1.872753e+01 6.400000e+00
    endloop
  endfacet
  facet normal 7.071068e-01 -7.071068e-01 0.000000e+00
    outer loop
      vertex   -6.127309e+00 -1.872753e+01 3.200000e+00
      vertex   -6.127309e+00 -1.872753e+01 6.400000e+00
      vertex   -6.272468e+00 -1.887269e+01 3.200000e+00
    endloop
  endfacet
  facet normal 7.071068e-01 -7.071068e-01 0.000000e+00
    outer loop
      vertex   -6.272468e+00 -1.887269e+01 3.200000e+00
      vertex   -6.127309e+00 -1.872753e+01 6.400000e+00
      vertex   -6.272468e+00 -1.887269e+01 6.400000e+00
    endloop
  endfacet
  facet normal 7.871835e-01 -6.167189e-01 0.000000e+00
    outer loop
      vertex   -6.272468e+00 -1.887269e+01 3.200000e+00
      vertex   -6.272468e+00 -1.887269e+01 6.400000e+00
      vertex   -6.399073e+00 -1.903429e+01 3.200000e+00
    endloop
  endfacet
  facet normal 7.871835e-01 -6.167189e-01 0.000000e+00
    outer loop
      vertex   -6.399073e+00 -1.903429e+01 3.200000e+00
      vertex   -6.272468e+00 -1.887269e+01 6.400000e+00
      vertex   -6.399073e+00 -1.903429e+01 6.400000e+00
    endloop
  endfacet
  facet normal 8.557813e-01 -5.173378e-01 0.000000e+00
    outer loop
      vertex   -6.399073e+00 -1.903429e+01 3.200000e+00
      vertex   -6.399073e+00 -1.903429e+01 6.400000e+00
      vertex   -6.505275e+00 -1.920997e+01 3.200000e+00
    endloop
  endfacet
  facet normal 8.557813e-01 -5.173378e-01 0.000000e+00
    outer loop
      vertex   -6.505275e+00 -1.920997e+01 3.200000e+00
      vertex   -6.399073e+00 -1.903429e+01 6.400000e+00
      vertex   -6.505275e+00 -1.920997e+01 6.400000e+00
    endloop
  endfacet
  facet normal 9.118998e-01 -4.104128e-01 0.000000e+00
    outer loop
      vertex   -6.505275e+00 -1.920997e+01 3.200000e+00
      vertex   -6.505275e+00 -1.920997e+01 6.400000e+00
      vertex   -6.589528e+00 -1.939717e+01 3.200000e+00
    endloop
  endfacet
  facet normal 9.118998e-01 -4.104128e-01 0.000000e+00
    outer loop
      vertex   -6.589528e+00 -1.939717e+01 3.200000e+00
      vertex   -6.505275e+00 -1.920997e+01 6.400000e+00
      vertex   -6.589528e+00 -1.939717e+01 6.400000e+00
    endloop
  endfacet
  facet normal 9.547209e-01 -2.975031e-01 0.000000e+00
    outer loop
      vertex   -6.589528e+00 -1.939717e+01 3.200000e+00
      vertex   -6.589528e+00 -1.939717e+01 6.400000e+00
      vertex   -6.650601e+00 -1.959316e+01 3.200000e+00
    endloop
  endfacet
  facet normal 9.547209e-01 -2.975031e-01 0.000000e+00
    outer loop
      vertex   -6.650601e+00 -1.959316e+01 3.200000e+00
      vertex   -6.589528e+00 -1.939717e+01 6.400000e+00
      vertex   -6.650601e+00 -1.959316e+01 6.400000e+00
    endloop
  endfacet
  facet normal 9.836199e-01 -1.802550e-01 0.000000e+00
    outer loop
      vertex   -6.650601e+00 -1.959316e+01 3.200000e+00
      vertex   -6.650601e+00 -1.959316e+01 6.400000e+00
      vertex   -6.687605e+00 -1.979509e+01 3.200000e+00
    endloop
  endfacet
  facet normal 9.836199e-01 -1.802550e-01 0.000000e+00
    outer loop
      vertex   -6.687605e+00 -1.979509e+01 3.200000e+00
      vertex   -6.650601e+00 -1.959316e+01 6.400000e+00
      vertex   -6.687605e+00 -1.979509e+01 6.400000e+00
    endloop
  endfacet
  facet normal -7.065877e-01 -3.831007e-02 7.065877e-01
    outer loop
      vertex   7.100000e+00 2.100000e+01 6.000000e+00
      vertex   7.087690e+00 2.122705e+01 6.000000e+00
      vertex   6.700000e+00 2.100000e+01 5.600000e+00
    endloop
  endfacet
  facet normal -7.052070e-01 -4.265717e-02 7.077170e-01
    outer loop
      vertex   6.700000e+00 2.100000e+01 5.600000e+00
      vertex   7.087690e+00 2.122705e+01 6.000000e+00
      vertex   6.687605e+00 2.120491e+01 5.600000e+00
    endloop
  endfacet
  facet normal -6.991926e-01 -1.146268e-01 7.056844e-01
    outer loop
      vertex   6.687605e+00 2.120491e+01 5.600000e+00
      vertex   7.087690e+00 2.122705e+01 6.000000e+00
      vertex   7.050903e+00 2.145144e+01 6.000000e+00
    endloop
  endfacet
  facet normal -6.939744e-01 -1.271755e-01 7.086790e-01
    outer loop
      vertex   6.687605e+00 2.120491e+01 5.600000e+00
      vertex   7.050903e+00 2.145144e+01 6.000000e+00
      vertex   6.650601e+00 2.140684e+01 5.600000e+00
    endloop
  endfacet
  facet normal -6.833429e-01 -1.897292e-01 7.050144e-01
    outer loop
      vertex   6.650601e+00 2.140684e+01 5.600000e+00
      vertex   7.050903e+00 2.145144e+01 6.000000e+00
      vertex   6.990072e+00 2.167053e+01 6.000000e+00
    endloop
  endfacet
  facet normal -6.729410e-01 -2.096969e-01 7.093501e-01
    outer loop
      vertex   6.650601e+00 2.140684e+01 5.600000e+00
      vertex   6.990072e+00 2.167053e+01 6.000000e+00
      vertex   6.589528e+00 2.160283e+01 5.600000e+00
    endloop
  endfacet
  facet normal -6.592249e-01 -2.626592e-01 7.045798e-01
    outer loop
      vertex   6.589528e+00 2.160283e+01 5.600000e+00
      vertex   6.990072e+00 2.167053e+01 6.000000e+00
      vertex   6.905908e+00 2.188177e+01 6.000000e+00
    endloop
  endfacet
  facet normal -6.424070e-01 -2.891239e-01 7.097328e-01
    outer loop
      vertex   6.589528e+00 2.160283e+01 5.600000e+00
      vertex   6.905908e+00 2.188177e+01 6.000000e+00
      vertex   6.505275e+00 2.179003e+01 5.600000e+00
    endloop
  endfacet
  facet normal -6.271355e-01 -3.324862e-01 7.043820e-01
    outer loop
      vertex   6.505275e+00 2.179003e+01 5.600000e+00
      vertex   6.905908e+00 2.188177e+01 6.000000e+00
      vertex   6.799400e+00 2.208266e+01 6.000000e+00
    endloop
  endfacet
  facet normal -6.027907e-01 -3.643997e-01 7.098283e-01
    outer loop
      vertex   6.505275e+00 2.179003e+01 5.600000e+00
      vertex   6.799400e+00 2.208266e+01 6.000000e+00
      vertex   6.399073e+00 2.196571e+01 5.600000e+00
    endloop
  endfacet
  facet normal -5.874786e-01 -3.983204e-01 7.044216e-01
    outer loop
      vertex   6.399073e+00 2.196571e+01 5.600000e+00
      vertex   6.799400e+00 2.208266e+01 6.000000e+00
      vertex   6.671795e+00 2.227087e+01 6.000000e+00
    endloop
  endfacet
  facet normal -5.546238e-01 -4.345200e-01 7.096372e-01
    outer loop
      vertex   6.399073e+00 2.196571e+01 5.600000e+00
      vertex   6.671795e+00 2.227087e+01 6.000000e+00
      vertex   6.272468e+00 2.212731e+01 5.600000e+00
    endloop
  endfacet
  facet normal -5.407593e-01 -4.593251e-01 7.046984e-01
    outer loop
      vertex   6.272468e+00 2.212731e+01 5.600000e+00
      vertex   6.671795e+00 2.227087e+01 6.000000e+00
      vertex   6.524591e+00 2.244417e+01 6.000000e+00
    endloop
  endfacet
  facet normal -4.985450e-01 -4.985450e-01 7.091585e-01
    outer loop
      vertex   6.272468e+00 2.212731e+01 5.600000e+00
      vertex   6.524591e+00 2.244417e+01 6.000000e+00
      vertex   6.127309e+00 2.227247e+01 5.600000e+00
    endloop
  endfacet
  facet normal -4.875767e-01 -5.147285e-01 7.052117e-01
    outer loop
      vertex   6.127309e+00 2.227247e+01 5.600000e+00
      vertex   6.524591e+00 2.244417e+01 6.000000e+00
      vertex   6.359511e+00 2.260054e+01 6.000000e+00
    endloop
  endfacet
  facet normal -4.352928e-01 -5.556102e-01 7.083908e-01
    outer loop
      vertex   6.127309e+00 2.227247e+01 5.600000e+00
      vertex   6.359511e+00 2.260054e+01 6.000000e+00
      vertex   5.965710e+00 2.239907e+01 5.600000e+00
    endloop
  endfacet
  facet normal -4.286159e-01 -5.638345e-01 7.059597e-01
    outer loop
      vertex   5.965710e+00 2.239907e+01 5.600000e+00
      vertex   6.359511e+00 2.260054e+01 6.000000e+00
      vertex   6.178493e+00 2.273815e+01 6.000000e+00
    endloop
  endfacet
  facet normal -3.656969e-01 -6.049366e-01 7.073312e-01
    outer loop
      vertex   5.965710e+00 2.239907e+01 5.600000e+00
      vertex   6.178493e+00 2.273815e+01 6.000000e+00
      vertex   5.790029e+00 2.250528e+01 5.600000e+00
    endloop
  endfacet
  facet normal -3.646375e-01 -6.060322e-01 7.069402e-01
    outer loop
      vertex   5.790029e+00 2.250528e+01 5.600000e+00
      vertex   6.178493e+00 2.273815e+01 6.000000e+00
      vertex   5.983658e+00 2.285538e+01 6.000000e+00
    endloop
  endfacet
  facet normal -2.972612e-01 -6.425196e-01 7.062608e-01
    outer loop
      vertex   5.790029e+00 2.250528e+01 5.600000e+00
      vertex   5.983658e+00 2.285538e+01 6.000000e+00
      vertex   5.777290e+00 2.295085e+01 6.000000e+00
    endloop
  endfacet
  facet normal -2.898097e-01 -6.439308e-01 7.080702e-01
    outer loop
      vertex   5.790029e+00 2.250528e+01 5.600000e+00
      vertex   5.777290e+00 2.295085e+01 6.000000e+00
      vertex   5.602828e+00 2.258953e+01 5.600000e+00
    endloop
  endfacet
  facet normal -2.263128e-01 -6.716725e-01 7.054350e-01
    outer loop
      vertex   5.602828e+00 2.258953e+01 5.600000e+00
      vertex   5.777290e+00 2.295085e+01 6.000000e+00
      vertex   5.561810e+00 2.302345e+01 6.000000e+00
    endloop
  endfacet
  facet normal -2.098212e-01 -6.733398e-01 7.089349e-01
    outer loop
      vertex   5.602828e+00 2.258953e+01 5.600000e+00
      vertex   5.561810e+00 2.302345e+01 6.000000e+00
      vertex   5.406837e+00 2.265060e+01 5.600000e+00
    endloop
  endfacet
  facet normal -1.524921e-01 -6.927785e-01 7.048433e-01
    outer loop
      vertex   5.406837e+00 2.265060e+01 5.600000e+00
      vertex   5.561810e+00 2.302345e+01 6.000000e+00
      vertex   5.339742e+00 2.307234e+01 6.000000e+00
    endloop
  endfacet
  facet normal -1.270250e-01 -6.931528e-01 7.095096e-01
    outer loop
      vertex   5.406837e+00 2.265060e+01 5.600000e+00
      vertex   5.339742e+00 2.307234e+01 6.000000e+00
      vertex   5.204912e+00 2.268761e+01 5.600000e+00
    endloop
  endfacet
  facet normal -7.673384e-02 -7.055560e-01 7.044875e-01
    outer loop
      vertex   5.204912e+00 2.268761e+01 5.600000e+00
      vertex   5.339742e+00 2.307234e+01 6.000000e+00
      vertex   5.113692e+00 2.309692e+01 6.000000e+00
    endloop
  endfacet
  facet normal -4.253102e-02 -7.031217e-01 7.097965e-01
    outer loop
      vertex   5.204912e+00 2.268761e+01 5.600000e+00
      vertex   5.113692e+00 2.309692e+01 6.000000e+00
      vertex   5.000000e+00 2.270000e+01 5.600000e+00
    endloop
  endfacet
  facet normal -2.406808e-12 -7.098342e-01 7.043688e-01
    outer loop
      vertex   5.000000e+00 2.270000e+01 5.600000e+00
      vertex   5.113692e+00 2.309692e+01 6.000000e+00
      vertex   4.886308e+00 2.309692e+01 6.000000e+00
    endloop
  endfacet
  facet normal 4.253102e-02 -7.031217e-01 7.097965e-01
    outer loop
      vertex   5.000000e+00 2.270000e+01 5.600000e+00
      vertex   4.886308e+00 2.309692e+01 6.000000e+00
      vertex   4.795088e+00 2.268761e+01 5.600000e+00
    endloop
  endfacet
  facet normal 7.673384e-02 -7.055560e-01 7.044875e-01
    outer loop
      vertex   4.795088e+00 2.268761e+01 5.600000e+00
      vertex   4.886308e+00 2.309692e+01 6.000000e+00
      vertex   4.660258e+00 2.307234e+01 6.000000e+00
    endloop
  endfacet
  facet normal 1.270250e-01 -6.931528e-01 7.095096e-01
    outer loop
      vertex   4.795088e+00 2.268761e+01 5.600000e+00
      vertex   4.660258e+00 2.307234e+01 6.000000e+00
      vertex   4.593163e+00 2.265060e+01 5.600000e+00
    endloop
  endfacet
  facet normal 1.524921e-01 -6.927785e-01 7.048433e-01
    outer loop
      vertex   4.593163e+00 2.265060e+01 5.600000e+00
      vertex   4.660258e+00 2.307234e+01 6.000000e+00
      vertex   4.438190e+00 2.302345e+01 6.000000e+00
    endloop
  endfacet
  facet normal 2.098212e-01 -6.733398e-01 7.089349e-01
    outer loop
      vertex   4.593163e+00 2.265060e+01 5.600000e+00
      vertex   4.438190e+00 2.302345e+01 6.000000e+00
      vertex   4.397172e+00 2.258953e+01 5.600000e+00
    endloop
  endfacet
  facet normal 2.263128e-01 -6.716725e-01 7.054350e-01
    outer loop
      vertex   4.397172e+00 2.258953e+01 5.600000e+00
      vertex   4.438190e+00 2.302345e+01 6.000000e+00
      vertex   4.222710e+00 2.295085e+01 6.000000e+00
    endloop
  endfacet
  facet normal 2.898097e-01 -6.439308e-01 7.080702e-01
    outer loop
      vertex   4.397172e+00 2.258953e+01 5.600000e+00
      vertex   4.222710e+00 2.295085e+01 6.000000e+00
      vertex   4.209971e+00 2.250528e+01 5.600000e+00
    endloop
  endfacet
  facet normal 2.972612e-01 -6.425196e-01 7.062608e-01
    outer loop
      vertex   4.209971e+00 2.250528e+01 5.600000e+00
      vertex   4.222710e+00 2.295085e+01 6.000000e+00
      vertex   4.016342e+00 2.285538e+01 6.000000e+00
    endloop
  endfacet
  facet normal 3.646375e-01 -6.060322e-01 7.069402e-01
    outer loop
      vertex   4.209971e+00 2.250528e+01 5.600000e+00
      vertex   4.016342e+00 2.285538e+01 6.000000e+00
      vertex   3.821507e+00 2.273815e+01 6.000000e+00
    endloop
  endfacet
  facet normal 3.656969e-01 -6.049366e-01 7.073312e-01
    outer loop
      vertex   4.209971e+00 2.250528e+01 5.600000e+00
      vertex   3.821507e+00 2.273815e+01 6.000000e+00
      vertex   4.034290e+00 2.239907e+01 5.600000e+00
    endloop
  endfacet
  facet normal 4.286159e-01 -5.638345e-01 7.059597e-01
    outer loop
      vertex   4.034290e+00 2.239907e+01 5.600000e+00
      vertex   3.821507e+00 2.273815e+01 6.000000e+00
      vertex   3.640489e+00 2.260054e+01 6.000000e+00
    endloop
  endfacet
  facet normal 4.352928e-01 -5.556102e-01 7.083908e-01
    outer loop
      vertex   4.034290e+00 2.239907e+01 5.600000e+00
      vertex   3.640489e+00 2.260054e+01 6.000000e+00
      vertex   3.872691e+00 2.227247e+01 5.600000e+00
    endloop
  endfacet
  facet normal 4.875767e-01 -5.147285e-01 7.052117e-01
    outer loop
      vertex   3.872691e+00 2.227247e+01 5.600000e+00
      vertex   3.640489e+00 2.260054e+01 6.000000e+00
      vertex   3.475409e+00 2.244417e+01 6.000000e+00
    endloop
  endfacet
  facet normal 4.985450e-01 -4.985450e-01 7.091585e-01
    outer loop
      vertex   3.872691e+00 2.227247e+01 5.600000e+00
      vertex   3.475409e+00 2.244417e+01 6.000000e+00
      vertex   3.727532e+00 2.212731e+01 5.600000e+00
    endloop
  endfacet
  facet normal 5.407593e-01 -4.593251e-01 7.046984e-01
    outer loop
      vertex   3.727532e+00 2.212731e+01 5.600000e+00
      vertex   3.475409e+00 2.244417e+01 6.000000e+00
      vertex   3.328205e+00 2.227087e+01 6.000000e+00
    endloop
  endfacet
  facet normal 5.546238e-01 -4.345200e-01 7.096372e-01
    outer loop
      vertex   3.727532e+00 2.212731e+01 5.600000e+00
      vertex   3.328205e+00 2.227087e+01 6.000000e+00
      vertex   3.600927e+00 2.196571e+01 5.600000e+00
    endloop
  endfacet
  facet normal 5.874786e-01 -3.983204e-01 7.044216e-01
    outer loop
      vertex   3.600927e+00 2.196571e+01 5.600000e+00
      vertex   3.328205e+00 2.227087e+01 6.000000e+00
      vertex   3.200600e+00 2.208266e+01 6.000000e+00
    endloop
  endfacet
  facet normal 6.027907e-01 -3.643997e-01 7.098283e-01
    outer loop
      vertex   3.600927e+00 2.196571e+01 5.600000e+00
      vertex   3.200600e+00 2.208266e+01 6.000000e+00
      vertex   3.494725e+00 2.179003e+01 5.600000e+00
    endloop
  endfacet
  facet normal 6.271355e-01 -3.324862e-01 7.043820e-01
    outer loop
      vertex   3.494725e+00 2.179003e+01 5.600000e+00
      vertex   3.200600e+00 2.208266e+01 6.000000e+00
      vertex   3.094092e+00 2.188177e+01 6.000000e+00
    endloop
  endfacet
  facet normal 6.424070e-01 -2.891239e-01 7.097328e-01
    outer loop
      vertex   3.494725e+00 2.179003e+01 5.600000e+00
      vertex   3.094092e+00 2.188177e+01 6.000000e+00
      vertex   3.410472e+00 2.160283e+01 5.600000e+00
    endloop
  endfacet
  facet normal 6.592249e-01 -2.626592e-01 7.045798e-01
    outer loop
      vertex   3.410472e+00 2.160283e+01 5.600000e+00
      vertex   3.094092e+00 2.188177e+01 6.000000e+00
      vertex   3.009928e+00 2.167053e+01 6.000000e+00
    endloop
  endfacet
  facet normal 6.729410e-01 -2.096969e-01 7.093501e-01
    outer loop
      vertex   3.410472e+00 2.160283e+01 5.600000e+00
      vertex   3.009928e+00 2.167053e+01 6.000000e+00
      vertex   3.349399e+00 2.140684e+01 5.600000e+00
    endloop
  endfacet
  facet normal 6.833429e-01 -1.897292e-01 7.050144e-01
    outer loop
      vertex   3.349399e+00 2.140684e+01 5.600000e+00
      vertex   3.009928e+00 2.167053e+01 6.000000e+00
      vertex   2.949097e+00 2.145144e+01 6.000000e+00
    endloop
  endfacet
  facet normal 6.939744e-01 -1.271755e-01 7.086790e-01
    outer loop
      vertex   3.349399e+00 2.140684e+01 5.600000e+00
      vertex   2.949097e+00 2.145144e+01 6.000000e+00
      vertex   3.312395e+00 2.120491e+01 5.600000e+00
    endloop
  endfacet
  facet normal 6.991926e-01 -1.146268e-01 7.056844e-01
    outer loop
      vertex   3.312395e+00 2.120491e+01 5.600000e+00
      vertex   2.949097e+00 2.145144e+01 6.000000e+00
      vertex   2.912310e+00 2.122705e+01 6.000000e+00
    endloop
  endfacet
  facet normal 7.052070e-01 -4.265717e-02 7.077170e-01
    outer loop
      vertex   3.312395e+00 2.120491e+01 5.600000e+00
      vertex   2.912310e+00 2.122705e+01 6.000000e+00
      vertex   3.300000e+00 2.100000e+01 5.600000e+00
    endloop
  endfacet
  facet normal 7.065877e-01 -3.831007e-02 7.065877e-01
    outer loop
      vertex   3.300000e+00 2.100000e+01 5.600000e+00
      vertex   2.912310e+00 2.122705e+01 6.000000e+00
      vertex   2.900000e+00 2.100000e+01 6.000000e+00
    endloop
  endfacet
  facet normal -7.071068e-01 -1.325158e-13 7.071068e-01
    outer loop
      vertex   6.700000e+00 1.300000e+01 5.600000e+00
      vertex   7.100000e+00 1.300000e+01 6.000000e+00
      vertex   6.700000e+00 2.100000e+01 5.600000e+00
    endloop
  endfacet
  facet normal -7.071068e-01 -1.324398e-13 7.071068e-01
    outer loop
      vertex   6.700000e+00 2.100000e+01 5.600000e+00
      vertex   7.100000e+00 1.300000e+01 6.000000e+00
      vertex   7.100000e+00 2.100000e+01 6.000000e+00
    endloop
  endfacet
  facet normal 7.065877e-01 3.831007e-02 7.065877e-01
    outer loop
      vertex   2.900000e+00 1.300000e+01 6.000000e+00
      vertex   2.912310e+00 1.277295e+01 6.000000e+00
      vertex   3.300000e+00 1.300000e+01 5.600000e+00
    endloop
  endfacet
  facet normal 7.052070e-01 4.265717e-02 7.077170e-01
    outer loop
      vertex   3.300000e+00 1.300000e+01 5.600000e+00
      vertex   2.912310e+00 1.277295e+01 6.000000e+00
      vertex   3.312395e+00 1.279509e+01 5.600000e+00
    endloop
  endfacet
  facet normal 6.991926e-01 1.146268e-01 7.056844e-01
    outer loop
      vertex   3.312395e+00 1.279509e+01 5.600000e+00
      vertex   2.912310e+00 1.277295e+01 6.000000e+00
      vertex   2.949097e+00 1.254856e+01 6.000000e+00
    endloop
  endfacet
  facet normal 6.939744e-01 1.271755e-01 7.086790e-01
    outer loop
      vertex   3.312395e+00 1.279509e+01 5.600000e+00
      vertex   2.949097e+00 1.254856e+01 6.000000e+00
      vertex   3.349399e+00 1.259316e+01 5.600000e+00
    endloop
  endfacet
  facet normal 6.833429e-01 1.897292e-01 7.050144e-01
    outer loop
      vertex   3.349399e+00 1.259316e+01 5.600000e+00
      vertex   2.949097e+00 1.254856e+01 6.000000e+00
      vertex   3.009928e+00 1.232947e+01 6.000000e+00
    endloop
  endfacet
  facet normal 6.729410e-01 2.096969e-01 7.093501e-01
    outer loop
      vertex   3.349399e+00 1.259316e+01 5.600000e+00
      vertex   3.009928e+00 1.232947e+01 6.000000e+00
      vertex   3.410472e+00 1.239717e+01 5.600000e+00
    endloop
  endfacet
  facet normal 6.592249e-01 2.626592e-01 7.045798e-01
    outer loop
      vertex   3.410472e+00 1.239717e+01 5.600000e+00
      vertex   3.009928e+00 1.232947e+01 6.000000e+00
      vertex   3.094092e+00 1.211823e+01 6.000000e+00
    endloop
  endfacet
  facet normal 6.424070e-01 2.891239e-01 7.097328e-01
    outer loop
      vertex   3.410472e+00 1.239717e+01 5.600000e+00
      vertex   3.094092e+00 1.211823e+01 6.000000e+00
      vertex   3.494725e+00 1.220997e+01 5.600000e+00
    endloop
  endfacet
  facet normal 6.271355e-01 3.324862e-01 7.043820e-01
    outer loop
      vertex   3.494725e+00 1.220997e+01 5.600000e+00
      vertex   3.094092e+00 1.211823e+01 6.000000e+00
      vertex   3.200600e+00 1.191734e+01 6.000000e+00
    endloop
  endfacet
  facet normal 6.027907e-01 3.643997e-01 7.098283e-01
    outer loop
      vertex   3.494725e+00 1.220997e+01 5.600000e+00
      vertex   3.200600e+00 1.191734e+01 6.000000e+00
      vertex   3.600927e+00 1.203429e+01 5.600000e+00
    endloop
  endfacet
  facet normal 5.874786e-01 3.983204e-01 7.044216e-01
    outer loop
      vertex   3.600927e+00 1.203429e+01 5.600000e+00
      vertex   3.200600e+00 1.191734e+01 6.000000e+00
      vertex   3.328205e+00 1.172913e+01 6.000000e+00
    endloop
  endfacet
  facet normal 5.546238e-01 4.345200e-01 7.096372e-01
    outer loop
      vertex   3.600927e+00 1.203429e+01 5.600000e+00
      vertex   3.328205e+00 1.172913e+01 6.000000e+00
      vertex   3.727532e+00 1.187269e+01 5.600000e+00
    endloop
  endfacet
  facet normal 5.407593e-01 4.593251e-01 7.046984e-01
    outer loop
      vertex   3.727532e+00 1.187269e+01 5.600000e+00
      vertex   3.328205e+00 1.172913e+01 6.000000e+00
      vertex   3.475409e+00 1.155583e+01 6.000000e+00
    endloop
  endfacet
  facet normal 4.985450e-01 4.985450e-01 7.091585e-01
    outer loop
      vertex   3.727532e+00 1.187269e+01 5.600000e+00
      vertex   3.475409e+00 1.155583e+01 6.000000e+00
      vertex   3.872691e+00 1.172753e+01 5.600000e+00
    endloop
  endfacet
  facet normal 4.875767e-01 5.147285e-01 7.052117e-01
    outer loop
      vertex   3.872691e+00 1.172753e+01 5.600000e+00
      vertex   3.475409e+00 1.155583e+01 6.000000e+00
      vertex   3.640489e+00 1.139946e+01 6.000000e+00
    endloop
  endfacet
  facet normal 4.352928e-01 5.556102e-01 7.083908e-01
    outer loop
      vertex   3.872691e+00 1.172753e+01 5.600000e+00
      vertex   3.640489e+00 1.139946e+01 6.000000e+00
      vertex   4.034290e+00 1.160093e+01 5.600000e+00
    endloop
  endfacet
  facet normal 4.286159e-01 5.638345e-01 7.059597e-01
    outer loop
      vertex   4.034290e+00 1.160093e+01 5.600000e+00
      vertex   3.640489e+00 1.139946e+01 6.000000e+00
      vertex   3.821507e+00 1.126185e+01 6.000000e+00
    endloop
  endfacet
  facet normal 3.656969e-01 6.049366e-01 7.073312e-01
    outer loop
      vertex   4.034290e+00 1.160093e+01 5.600000e+00
      vertex   3.821507e+00 1.126185e+01 6.000000e+00
      vertex   4.209971e+00 1.149472e+01 5.600000e+00
    endloop
  endfacet
  facet normal 3.646375e-01 6.060322e-01 7.069402e-01
    outer loop
      vertex   4.209971e+00 1.149472e+01 5.600000e+00
      vertex   3.821507e+00 1.126185e+01 6.000000e+00
      vertex   4.016342e+00 1.114462e+01 6.000000e+00
    endloop
  endfacet
  facet normal 2.972612e-01 6.425196e-01 7.062608e-01
    outer loop
      vertex   4.209971e+00 1.149472e+01 5.600000e+00
      vertex   4.016342e+00 1.114462e+01 6.000000e+00
      vertex   4.222710e+00 1.104915e+01 6.000000e+00
    endloop
  endfacet
  facet normal 2.898097e-01 6.439308e-01 7.080702e-01
    outer loop
      vertex   4.209971e+00 1.149472e+01 5.600000e+00
      vertex   4.222710e+00 1.104915e+01 6.000000e+00
      vertex   4.397172e+00 1.141047e+01 5.600000e+00
    endloop
  endfacet
  facet normal 2.263128e-01 6.716725e-01 7.054350e-01
    outer loop
      vertex   4.397172e+00 1.141047e+01 5.600000e+00
      vertex   4.222710e+00 1.104915e+01 6.000000e+00
      vertex   4.438190e+00 1.097655e+01 6.000000e+00
    endloop
  endfacet
  facet normal 2.098212e-01 6.733398e-01 7.089349e-01
    outer loop
      vertex   4.397172e+00 1.141047e+01 5.600000e+00
      vertex   4.438190e+00 1.097655e+01 6.000000e+00
      vertex   4.593163e+00 1.134940e+01 5.600000e+00
    endloop
  endfacet
  facet normal 1.524921e-01 6.927785e-01 7.048433e-01
    outer loop
      vertex   4.593163e+00 1.134940e+01 5.600000e+00
      vertex   4.438190e+00 1.097655e+01 6.000000e+00
      vertex   4.660258e+00 1.092766e+01 6.000000e+00
    endloop
  endfacet
  facet normal 1.270250e-01 6.931528e-01 7.095096e-01
    outer loop
      vertex   4.593163e+00 1.134940e+01 5.600000e+00
      vertex   4.660258e+00 1.092766e+01 6.000000e+00
      vertex   4.795088e+00 1.131239e+01 5.600000e+00
    endloop
  endfacet
  facet normal 7.673384e-02 7.055560e-01 7.044875e-01
    outer loop
      vertex   4.795088e+00 1.131239e+01 5.600000e+00
      vertex   4.660258e+00 1.092766e+01 6.000000e+00
      vertex   4.886308e+00 1.090308e+01 6.000000e+00
    endloop
  endfacet
  facet normal 4.253102e-02 7.031217e-01 7.097965e-01
    outer loop
      vertex   4.795088e+00 1.131239e+01 5.600000e+00
      vertex   4.886308e+00 1.090308e+01 6.000000e+00
      vertex   5.000000e+00 1.130000e+01 5.600000e+00
    endloop
  endfacet
  facet normal 3.438112e-12 7.098342e-01 7.043688e-01
    outer loop
      vertex   5.000000e+00 1.130000e+01 5.600000e+00
      vertex   4.886308e+00 1.090308e+01 6.000000e+00
      vertex   5.113692e+00 1.090308e+01 6.000000e+00
    endloop
  endfacet
  facet normal -4.253102e-02 7.031217e-01 7.097965e-01
    outer loop
      vertex   5.000000e+00 1.130000e+01 5.600000e+00
      vertex   5.113692e+00 1.090308e+01 6.000000e+00
      vertex   5.204912e+00 1.131239e+01 5.600000e+00
    endloop
  endfacet
  facet normal -7.673384e-02 7.055560e-01 7.044875e-01
    outer loop
      vertex   5.204912e+00 1.131239e+01 5.600000e+00
      vertex   5.113692e+00 1.090308e+01 6.000000e+00
      vertex   5.339742e+00 1.092766e+01 6.000000e+00
    endloop
  endfacet
  facet normal -1.270250e-01 6.931528e-01 7.095096e-01
    outer loop
      vertex   5.204912e+00 1.131239e+01 5.600000e+00
      vertex   5.339742e+00 1.092766e+01 6.000000e+00
      vertex   5.406837e+00 1.134940e+01 5.600000e+00
    endloop
  endfacet
  facet normal -1.524921e-01 6.927785e-01 7.048433e-01
    outer loop
      vertex   5.406837e+00 1.134940e+01 5.600000e+00
      vertex   5.339742e+00 1.092766e+01 6.000000e+00
      vertex   5.561810e+00 1.097655e+01 6.000000e+00
    endloop
  endfacet
  facet normal -2.098212e-01 6.733398e-01 7.089349e-01
    outer loop
      vertex   5.406837e+00 1.134940e+01 5.600000e+00
      vertex   5.561810e+00 1.097655e+01 6.000000e+00
      vertex   5.602828e+00 1.141047e+01 5.600000e+00
    endloop
  endfacet
  facet normal -2.263128e-01 6.716725e-01 7.054350e-01
    outer loop
      vertex   5.602828e+00 1.141047e+01 5.600000e+00
      vertex   5.561810e+00 1.097655e+01 6.000000e+00
      vertex   5.777290e+00 1.104915e+01 6.000000e+00
    endloop
  endfacet
  facet normal -2.898097e-01 6.439308e-01 7.080702e-01
    outer loop
      vertex   5.602828e+00 1.141047e+01 5.600000e+00
      vertex   5.777290e+00 1.104915e+01 6.000000e+00
      vertex   5.790029e+00 1.149472e+01 5.600000e+00
    endloop
  endfacet
  facet normal -2.972612e-01 6.425196e-01 7.062608e-01
    outer loop
      vertex   5.790029e+00 1.149472e+01 5.600000e+00
      vertex   5.777290e+00 1.104915e+01 6.000000e+00
      vertex   5.983658e+00 1.114462e+01 6.000000e+00
    endloop
  endfacet
  facet normal -3.646375e-01 6.060322e-01 7.069402e-01
    outer loop
      vertex   5.790029e+00 1.149472e+01 5.600000e+00
      vertex   5.983658e+00 1.114462e+01 6.000000e+00
      vertex   6.178493e+00 1.126185e+01 6.000000e+00
    endloop
  endfacet
  facet normal -3.656969e-01 6.049366e-01 7.073312e-01
    outer loop
      vertex   5.790029e+00 1.149472e+01 5.600000e+00
      vertex   6.178493e+00 1.126185e+01 6.000000e+00
      vertex   5.965710e+00 1.160093e+01 5.600000e+00
    endloop
  endfacet
  facet normal -4.286159e-01 5.638345e-01 7.059597e-01
    outer loop
      vertex   5.965710e+00 1.160093e+01 5.600000e+00
      vertex   6.178493e+00 1.126185e+01 6.000000e+00
      vertex   6.359511e+00 1.139946e+01 6.000000e+00
    endloop
  endfacet
  facet normal -4.352928e-01 5.556102e-01 7.083908e-01
    outer loop
      vertex   5.965710e+00 1.160093e+01 5.600000e+00
      vertex   6.359511e+00 1.139946e+01 6.000000e+00
      vertex   6.127309e+00 1.172753e+01 5.600000e+00
    endloop
  endfacet
  facet normal -4.875767e-01 5.147285e-01 7.052117e-01
    outer loop
      vertex   6.127309e+00 1.172753e+01 5.600000e+00
      vertex   6.359511e+00 1.139946e+01 6.000000e+00
      vertex   6.524591e+00 1.155583e+01 6.000000e+00
    endloop
  endfacet
  facet normal -4.985450e-01 4.985450e-01 7.091585e-01
    outer loop
      vertex   6.127309e+00 1.172753e+01 5.600000e+00
      vertex   6.524591e+00 1.155583e+01 6.000000e+00
      vertex   6.272468e+00 1.187269e+01 5.600000e+00
    endloop
  endfacet
  facet normal -5.407593e-01 4.593251e-01 7.046984e-01
    outer loop
      vertex   6.272468e+00 1.187269e+01 5.600000e+00
      vertex   6.524591e+00 1.155583e+01 6.000000e+00
      vertex   6.671795e+00 1.172913e+01 6.000000e+00
    endloop
  endfacet
  facet normal -5.546238e-01 4.345200e-01 7.096372e-01
    outer loop
      vertex   6.272468e+00 1.187269e+01 5.600000e+00
      vertex   6.671795e+00 1.172913e+01 6.000000e+00
      vertex   6.399073e+00 1.203429e+01 5.600000e+00
    endloop
  endfacet
  facet normal -5.874786e-01 3.983204e-01 7.044216e-01
    outer loop
      vertex   6.399073e+00 1.203429e+01 5.600000e+00
      vertex   6.671795e+00 1.172913e+01 6.000000e+00
      vertex   6.799400e+00 1.191734e+01 6.000000e+00
    endloop
  endfacet
  facet normal -6.027907e-01 3.643997e-01 7.098283e-01
    outer loop
      vertex   6.399073e+00 1.203429e+01 5.600000e+00
      vertex   6.799400e+00 1.191734e+01 6.000000e+00
      vertex   6.505275e+00 1.220997e+01 5.600000e+00
    endloop
  endfacet
  facet normal -6.271355e-01 3.324862e-01 7.043820e-01
    outer loop
      vertex   6.505275e+00 1.220997e+01 5.600000e+00
      vertex   6.799400e+00 1.191734e+01 6.000000e+00
      vertex   6.905908e+00 1.211823e+01 6.000000e+00
    endloop
  endfacet
  facet normal -6.424070e-01 2.891239e-01 7.097328e-01
    outer loop
      vertex   6.505275e+00 1.220997e+01 5.600000e+00
      vertex   6.905908e+00 1.211823e+01 6.000000e+00
      vertex   6.589528e+00 1.239717e+01 5.600000e+00
    endloop
  endfacet
  facet normal -6.592249e-01 2.626592e-01 7.045798e-01
    outer loop
      vertex   6.589528e+00 1.239717e+01 5.600000e+00
      vertex   6.905908e+00 1.211823e+01 6.000000e+00
      vertex   6.990072e+00 1.232947e+01 6.000000e+00
    endloop
  endfacet
  facet normal -6.729410e-01 2.096969e-01 7.093501e-01
    outer loop
      vertex   6.589528e+00 1.239717e+01 5.600000e+00
      vertex   6.990072e+00 1.232947e+01 6.000000e+00
      vertex   6.650601e+00 1.259316e+01 5.600000e+00
    endloop
  endfacet
  facet normal -6.833429e-01 1.897292e-01 7.050144e-01
    outer loop
      vertex   6.650601e+00 1.259316e+01 5.600000e+00
      vertex   6.990072e+00 1.232947e+01 6.000000e+00
      vertex   7.050903e+00 1.254856e+01 6.000000e+00
    endloop
  endfacet
  facet normal -6.939744e-01 1.271755e-01 7.086790e-01
    outer loop
      vertex   6.650601e+00 1.259316e+01 5.600000e+00
      vertex   7.050903e+00 1.254856e+01 6.000000e+00
      vertex   6.687605e+00 1.279509e+01 5.600000e+00
    endloop
  endfacet
  facet normal -6.991926e-01 1.146268e-01 7.056844e-01
    outer loop
      vertex   6.687605e+00 1.279509e+01 5.600000e+00
      vertex   7.050903e+00 1.254856e+01 6.000000e+00
      vertex   7.087690e+00 1.277295e+01 6.000000e+00
    endloop
  endfacet
  facet normal -7.052070e-01 4.265717e-02 7.077170e-01
    outer loop
      vertex   6.687605e+00 1.279509e+01 5.600000e+00
      vertex   7.087690e+00 1.277295e+01 6.000000e+00
      vertex   6.700000e+00 1.300000e+01 5.600000e+00
    endloop
  endfacet
  facet normal -7.065877e-01 3.831007e-02 7.065877e-01
    outer loop
      vertex   6.700000e+00 1.300000e+01 5.600000e+00
      vertex   7.087690e+00 1.277295e+01 6.000000e+00
      vertex   7.100000e+00 1.300000e+01 6.000000e+00
    endloop
  endfacet
  facet normal 7.071068e-01 7.490911e-13 7.071068e-01
    outer loop
      vertex   3.300000e+00 2.100000e+01 5.600000e+00
      vertex   2.900000e+00 2.100000e+01 6.000000e+00
      vertex   3.300000e+00 1.300000e+01 5.600000e+00
    endloop
  endfacet
  facet normal 7.071068e-01 7.491304e-13 7.071068e-01
    outer loop
      vertex   3.300000e+00 1.300000e+01 5.600000e+00
      vertex   2.900000e+00 2.100000e+01 6.000000e+00
      vertex   2.900000e+00 1.300000e+01 6.000000e+00
    endloop
  endfacet
  facet normal -1.000000e+00 -1.874056e-13 -0.000000e+00
    outer loop
      vertex   6.700000e+00 1.300000e+01 5.600000e+00
      vertex   6.700000e+00 2.100000e+01 5.600000e+00
      vertex   6.700000e+00 1.300000e+01 3.200000e+00
    endloop
  endfacet
  facet normal -1.000000e+00 -1.874056e-13 0.000000e+00
    outer loop
      vertex   6.700000e+00 1.300000e+01 3.200000e+00
      vertex   6.700000e+00 2.100000e+01 5.600000e+00
      vertex   6.700000e+00 2.100000e+01 3.200000e+00
    endloop
  endfacet
  facet normal -9.981756e-01 -6.037850e-02 0.000000e+00
    outer loop
      vertex   6.700000e+00 2.100000e+01 3.200000e+00
      vertex   6.700000e+00 2.100000e+01 5.600000e+00
      vertex   6.687605e+00 2.120491e+01 3.200000e+00
    endloop
  endfacet
  facet normal -9.981756e-01 -6.037850e-02 0.000000e+00
    outer loop
      vertex   6.687605e+00 2.120491e+01 3.200000e+00
      vertex   6.700000e+00 2.100000e+01 5.600000e+00
      vertex   6.687605e+00 2.120491e+01 5.600000e+00
    endloop
  endfacet
  facet normal -9.836199e-01 -1.802550e-01 0.000000e+00
    outer loop
      vertex   6.687605e+00 2.120491e+01 3.200000e+00
      vertex   6.687605e+00 2.120491e+01 5.600000e+00
      vertex   6.650601e+00 2.140684e+01 3.200000e+00
    endloop
  endfacet
  facet normal -9.836199e-01 -1.802550e-01 0.000000e+00
    outer loop
      vertex   6.650601e+00 2.140684e+01 3.200000e+00
      vertex   6.687605e+00 2.120491e+01 5.600000e+00
      vertex   6.650601e+00 2.140684e+01 5.600000e+00
    endloop
  endfacet
  facet normal -9.547209e-01 -2.975031e-01 0.000000e+00
    outer loop
      vertex   6.650601e+00 2.140684e+01 3.200000e+00
      vertex   6.650601e+00 2.140684e+01 5.600000e+00
      vertex   6.589528e+00 2.160283e+01 3.200000e+00
    endloop
  endfacet
  facet normal -9.547209e-01 -2.975031e-01 0.000000e+00
    outer loop
      vertex   6.589528e+00 2.160283e+01 3.200000e+00
      vertex   6.650601e+00 2.140684e+01 5.600000e+00
      vertex   6.589528e+00 2.160283e+01 5.600000e+00
    endloop
  endfacet
  facet normal -9.118998e-01 -4.104128e-01 0.000000e+00
    outer loop
      vertex   6.589528e+00 2.160283e+01 3.200000e+00
      vertex   6.589528e+00 2.160283e+01 5.600000e+00
      vertex   6.505275e+00 2.179003e+01 3.200000e+00
    endloop
  endfacet
  facet normal -9.118998e-01 -4.104128e-01 3.374707e-16
    outer loop
      vertex   6.505275e+00 2.179003e+01 3.200000e+00
      vertex   6.589528e+00 2.160283e+01 5.600000e+00
      vertex   6.505275e+00 2.179003e+01 5.600000e+00
    endloop
  endfacet
  facet normal -8.557813e-01 -5.173378e-01 3.167027e-16
    outer loop
      vertex   6.505275e+00 2.179003e+01 3.200000e+00
      vertex   6.505275e+00 2.179003e+01 5.600000e+00
      vertex   6.399073e+00 2.196571e+01 3.200000e+00
    endloop
  endfacet
  facet normal -8.557813e-01 -5.173378e-01 0.000000e+00
    outer loop
      vertex   6.399073e+00 2.196571e+01 3.200000e+00
      vertex   6.505275e+00 2.179003e+01 5.600000e+00
      vertex   6.399073e+00 2.196571e+01 5.600000e+00
    endloop
  endfacet
  facet normal -7.871835e-01 -6.167189e-01 0.000000e+00
    outer loop
      vertex   6.399073e+00 2.196571e+01 3.200000e+00
      vertex   6.399073e+00 2.196571e+01 5.600000e+00
      vertex   6.272468e+00 2.212731e+01 3.200000e+00
    endloop
  endfacet
  facet normal -7.871835e-01 -6.167189e-01 0.000000e+00
    outer loop
      vertex   6.272468e+00 2.212731e+01 3.200000e+00
      vertex   6.399073e+00 2.196571e+01 5.600000e+00
      vertex   6.272468e+00 2.212731e+01 5.600000e+00
    endloop
  endfacet
  facet normal -7.071068e-01 -7.071068e-01 0.000000e+00
    outer loop
      vertex   6.272468e+00 2.212731e+01 3.200000e+00
      vertex   6.272468e+00 2.212731e+01 5.600000e+00
      vertex   6.127309e+00 2.227247e+01 3.200000e+00
    endloop
  endfacet
  facet normal -7.071068e-01 -7.071068e-01 -2.616821e-16
    outer loop
      vertex   6.127309e+00 2.227247e+01 3.200000e+00
      vertex   6.272468e+00 2.212731e+01 5.600000e+00
      vertex   6.127309e+00 2.227247e+01 5.600000e+00
    endloop
  endfacet
  facet normal -6.167189e-01 -7.871835e-01 -2.282318e-16
    outer loop
      vertex   6.127309e+00 2.227247e+01 3.200000e+00
      vertex   6.127309e+00 2.227247e+01 5.600000e+00
      vertex   5.965710e+00 2.239907e+01 3.200000e+00
    endloop
  endfacet
  facet normal -6.167189e-01 -7.871835e-01 0.000000e+00
    outer loop
      vertex   5.965710e+00 2.239907e+01 3.200000e+00
      vertex   6.127309e+00 2.227247e+01 5.600000e+00
      vertex   5.965710e+00 2.239907e+01 5.600000e+00
    endloop
  endfacet
  facet normal -5.173378e-01 -8.557813e-01 0.000000e+00
    outer loop
      vertex   5.965710e+00 2.239907e+01 3.200000e+00
      vertex   5.965710e+00 2.239907e+01 5.600000e+00
      vertex   5.790029e+00 2.250528e+01 3.200000e+00
    endloop
  endfacet
  facet normal -5.173378e-01 -8.557813e-01 0.000000e+00
    outer loop
      vertex   5.790029e+00 2.250528e+01 3.200000e+00
      vertex   5.965710e+00 2.239907e+01 5.600000e+00
      vertex   5.790029e+00 2.250528e+01 5.600000e+00
    endloop
  endfacet
  facet normal -4.104128e-01 -9.118998e-01 0.000000e+00
    outer loop
      vertex   5.790029e+00 2.250528e+01 3.200000e+00
      vertex   5.790029e+00 2.250528e+01 5.600000e+00
      vertex   5.602828e+00 2.258953e+01 3.200000e+00
    endloop
  endfacet
  facet normal -4.104128e-01 -9.118998e-01 0.000000e+00
    outer loop
      vertex   5.602828e+00 2.258953e+01 3.200000e+00
      vertex   5.790029e+00 2.250528e+01 5.600000e+00
      vertex   5.602828e+00 2.258953e+01 5.600000e+00
    endloop
  endfacet
  facet normal -2.975031e-01 -9.547209e-01 0.000000e+00
    outer loop
      vertex   5.602828e+00 2.258953e+01 3.200000e+00
      vertex   5.602828e+00 2.258953e+01 5.600000e+00
      vertex   5.406837e+00 2.265060e+01 3.200000e+00
    endloop
  endfacet
  facet normal -2.975031e-01 -9.547209e-01 0.000000e+00
    outer loop
      vertex   5.406837e+00 2.265060e+01 3.200000e+00
      vertex   5.602828e+00 2.258953e+01 5.600000e+00
      vertex   5.406837e+00 2.265060e+01 5.600000e+00
    endloop
  endfacet
  facet normal -1.802550e-01 -9.836199e-01 0.000000e+00
    outer loop
      vertex   5.406837e+00 2.265060e+01 3.200000e+00
      vertex   5.406837e+00 2.265060e+01 5.600000e+00
      vertex   5.204912e+00 2.268761e+01 3.200000e+00
    endloop
  endfacet
  facet normal -1.802550e-01 -9.836199e-01 -1.334155e-16
    outer loop
      vertex   5.204912e+00 2.268761e+01 3.200000e+00
      vertex   5.406837e+00 2.265060e+01 5.600000e+00
      vertex   5.204912e+00 2.268761e+01 5.600000e+00
    endloop
  endfacet
  facet normal -6.037850e-02 -9.981756e-01 -4.468907e-17
    outer loop
      vertex   5.204912e+00 2.268761e+01 3.200000e+00
      vertex   5.204912e+00 2.268761e+01 5.600000e+00
      vertex   5.000000e+00 2.270000e+01 3.200000e+00
    endloop
  endfacet
  facet normal -6.037850e-02 -9.981756e-01 0.000000e+00
    outer loop
      vertex   5.000000e+00 2.270000e+01 3.200000e+00
      vertex   5.204912e+00 2.268761e+01 5.600000e+00
      vertex   5.000000e+00 2.270000e+01 5.600000e+00
    endloop
  endfacet
  facet normal 6.037850e-02 -9.981756e-01 0.000000e+00
    outer loop
      vertex   5.000000e+00 2.270000e+01 3.200000e+00
      vertex   5.000000e+00 2.270000e+01 5.600000e+00
      vertex   4.795088e+00 2.268761e+01 3.200000e+00
    endloop
  endfacet
  facet normal 6.037850e-02 -9.981756e-01 2.234453e-17
    outer loop
      vertex   4.795088e+00 2.268761e+01 3.200000e+00
      vertex   5.000000e+00 2.270000e+01 5.600000e+00
      vertex   4.795088e+00 2.268761e+01 5.600000e+00
    endloop
  endfacet
  facet normal 1.802550e-01 -9.836199e-01 6.670776e-17
    outer loop
      vertex   4.795088e+00 2.268761e+01 3.200000e+00
      vertex   4.795088e+00 2.268761e+01 5.600000e+00
      vertex   4.593163e+00 2.265060e+01 3.200000e+00
    endloop
  endfacet
  facet normal 1.802550e-01 -9.836199e-01 6.670776e-17
    outer loop
      vertex   4.593163e+00 2.265060e+01 3.200000e+00
      vertex   4.795088e+00 2.268761e+01 5.600000e+00
      vertex   4.593163e+00 2.265060e+01 5.600000e+00
    endloop
  endfacet
  facet normal 2.975031e-01 -9.547209e-01 1.100982e-16
    outer loop
      vertex   4.593163e+00 2.265060e+01 3.200000e+00
      vertex   4.593163e+00 2.265060e+01 5.600000e+00
      vertex   4.397172e+00 2.258953e+01 3.200000e+00
    endloop
  endfacet
  facet normal 2.975031e-01 -9.547209e-01 0.000000e+00
    outer loop
      vertex   4.397172e+00 2.258953e+01 3.200000e+00
      vertex   4.593163e+00 2.265060e+01 5.600000e+00
      vertex   4.397172e+00 2.258953e+01 5.600000e+00
    endloop
  endfacet
  facet normal 4.104128e-01 -9.118998e-01 0.000000e+00
    outer loop
      vertex   4.397172e+00 2.258953e+01 3.200000e+00
      vertex   4.397172e+00 2.258953e+01 5.600000e+00
      vertex   4.209971e+00 2.250528e+01 3.200000e+00
    endloop
  endfacet
  facet normal 4.104128e-01 -9.118998e-01 0.000000e+00
    outer loop
      vertex   4.209971e+00 2.250528e+01 3.200000e+00
      vertex   4.397172e+00 2.258953e+01 5.600000e+00
      vertex   4.209971e+00 2.250528e+01 5.600000e+00
    endloop
  endfacet
  facet normal 5.173378e-01 -8.557813e-01 0.000000e+00
    outer loop
      vertex   4.209971e+00 2.250528e+01 3.200000e+00
      vertex   4.209971e+00 2.250528e+01 5.600000e+00
      vertex   4.034290e+00 2.239907e+01 3.200000e+00
    endloop
  endfacet
  facet normal 5.173378e-01 -8.557813e-01 1.914535e-16
    outer loop
      vertex   4.034290e+00 2.239907e+01 3.200000e+00
      vertex   4.209971e+00 2.250528e+01 5.600000e+00
      vertex   4.034290e+00 2.239907e+01 5.600000e+00
    endloop
  endfacet
  facet normal 6.167189e-01 -7.871835e-01 2.282318e-16
    outer loop
      vertex   4.034290e+00 2.239907e+01 3.200000e+00
      vertex   4.034290e+00 2.239907e+01 5.600000e+00
      vertex   3.872691e+00 2.227247e+01 3.200000e+00
    endloop
  endfacet
  facet normal 6.167189e-01 -7.871835e-01 2.282318e-16
    outer loop
      vertex   3.872691e+00 2.227247e+01 3.200000e+00
      vertex   4.034290e+00 2.239907e+01 5.600000e+00
      vertex   3.872691e+00 2.227247e+01 5.600000e+00
    endloop
  endfacet
  facet normal 7.071068e-01 -7.071068e-01 2.616821e-16
    outer loop
      vertex   3.872691e+00 2.227247e+01 3.200000e+00
      vertex   3.872691e+00 2.227247e+01 5.600000e+00
      vertex   3.727532e+00 2.212731e+01 3.200000e+00
    endloop
  endfacet
  facet normal 7.071068e-01 -7.071068e-01 1.308410e-16
    outer loop
      vertex   3.727532e+00 2.212731e+01 3.200000e+00
      vertex   3.872691e+00 2.227247e+01 5.600000e+00
      vertex   3.727532e+00 2.212731e+01 5.600000e+00
    endloop
  endfacet
  facet normal 7.871835e-01 -6.167189e-01 1.456582e-16
    outer loop
      vertex   3.727532e+00 2.212731e+01 3.200000e+00
      vertex   3.727532e+00 2.212731e+01 5.600000e+00
      vertex   3.600927e+00 2.196571e+01 3.200000e+00
    endloop
  endfacet
  facet normal 7.871835e-01 -6.167189e-01 0.000000e+00
    outer loop
      vertex   3.600927e+00 2.196571e+01 3.200000e+00
      vertex   3.727532e+00 2.212731e+01 5.600000e+00
      vertex   3.600927e+00 2.196571e+01 5.600000e+00
    endloop
  endfacet
  facet normal 8.557813e-01 -5.173378e-01 0.000000e+00
    outer loop
      vertex   3.600927e+00 2.196571e+01 3.200000e+00
      vertex   3.600927e+00 2.196571e+01 5.600000e+00
      vertex   3.494725e+00 2.179003e+01 3.200000e+00
    endloop
  endfacet
  facet normal 8.557813e-01 -5.173378e-01 0.000000e+00
    outer loop
      vertex   3.494725e+00 2.179003e+01 3.200000e+00
      vertex   3.600927e+00 2.196571e+01 5.600000e+00
      vertex   3.494725e+00 2.179003e+01 5.600000e+00
    endloop
  endfacet
  facet normal 9.118998e-01 -4.104128e-01 0.000000e+00
    outer loop
      vertex   3.494725e+00 2.179003e+01 3.200000e+00
      vertex   3.494725e+00 2.179003e+01 5.600000e+00
      vertex   3.410472e+00 2.160283e+01 3.200000e+00
    endloop
  endfacet
  facet normal 9.118998e-01 -4.104128e-01 0.000000e+00
    outer loop
      vertex   3.410472e+00 2.160283e+01 3.200000e+00
      vertex   3.494725e+00 2.179003e+01 5.600000e+00
      vertex   3.410472e+00 2.160283e+01 5.600000e+00
    endloop
  endfacet
  facet normal 9.547209e-01 -2.975031e-01 0.000000e+00
    outer loop
      vertex   3.410472e+00 2.160283e+01 3.200000e+00
      vertex   3.410472e+00 2.160283e+01 5.600000e+00
      vertex   3.349399e+00 2.140684e+01 3.200000e+00
    endloop
  endfacet
  facet normal 9.547209e-01 -2.975031e-01 0.000000e+00
    outer loop
      vertex   3.349399e+00 2.140684e+01 3.200000e+00
      vertex   3.410472e+00 2.160283e+01 5.600000e+00
      vertex   3.349399e+00 2.140684e+01 5.600000e+00
    endloop
  endfacet
  facet normal 9.836199e-01 -1.802550e-01 0.000000e+00
    outer loop
      vertex   3.349399e+00 2.140684e+01 3.200000e+00
      vertex   3.349399e+00 2.140684e+01 5.600000e+00
      vertex   3.312395e+00 2.120491e+01 3.200000e+00
    endloop
  endfacet
  facet normal 9.836199e-01 -1.802550e-01 0.000000e+00
    outer loop
      vertex   3.312395e+00 2.120491e+01 3.200000e+00
      vertex   3.349399e+00 2.140684e+01 5.600000e+00
      vertex   3.312395e+00 2.120491e+01 5.600000e+00
    endloop
  endfacet
  facet normal 9.981756e-01 -6.037850e-02 0.000000e+00
    outer loop
      vertex   3.312395e+00 2.120491e+01 3.200000e+00
      vertex   3.312395e+00 2.120491e+01 5.600000e+00
      vertex   3.300000e+00 2.100000e+01 3.200000e+00
    endloop
  endfacet
  facet normal 9.981756e-01 -6.037850e-02 0.000000e+00
    outer loop
      vertex   3.300000e+00 2.100000e+01 3.200000e+00
      vertex   3.312395e+00 2.120491e+01 5.600000e+00
      vertex   3.300000e+00 2.100000e+01 5.600000e+00
    endloop
  endfacet
  facet normal 0.000000e+00 0.000000e+00 1.000000e+00
    outer loop
      vertex   -7.100000e+00 1.300000e+01 6.000000e+00
      vertex   -7.100000e+00 2.100000e+01 6.000000e+00
      vertex   -9.600000e+00 2.683431e+01 6.000000e+00
    endloop
  endfacet
  facet normal 0.000000e+00 0.000000e+00 1.000000e+00
    outer loop
      vertex   -9.600000e+00 2.683431e+01 6.000000e+00
      vertex   -7.100000e+00 2.100000e+01 6.000000e+00
      vertex   -7.087690e+00 2.122705e+01 6.000000e+00
    endloop
  endfacet
  facet normal 0.000000e+00 0.000000e+00 1.000000e+00
    outer loop
      vertex   -9.600000e+00 2.683431e+01 6.000000e+00
      vertex   -7.087690e+00 2.122705e+01 6.000000e+00
      vertex   -7.050903e+00 2.145144e+01 6.000000e+00
    endloop
  endfacet
  facet normal 0.000000e+00 -0.000000e+00 1.000000e+00
    outer loop
      vertex   -7.050903e+00 2.145144e+01 6.000000e+00
      vertex   -6.990072e+00 2.167053e+01 6.000000e+00
      vertex   -9.600000e+00 2.683431e+01 6.000000e+00
    endloop
  endfacet
  facet normal 0.000000e+00 0.000000e+00 1.000000e+00
    outer loop
      vertex   -9.600000e+00 2.683431e+01 6.000000e+00
      vertex   -6.990072e+00 2.167053e+01 6.000000e+00
      vertex   -6.905908e+00 2.188177e+01 6.000000e+00
    endloop
  endfacet
  facet normal -0.000000e+00 0.000000e+00 1.000000e+00
    outer loop
      vertex   -9.600000e+00 2.683431e+01 6.000000e+00
      vertex   -6.905908e+00 2.188177e+01 6.000000e+00
      vertex   -6.834315e+00 2.960000e+01 6.000000e+00
    endloop
  endfacet
  facet normal 0.000000e+00 0.000000e+00 1.000000e+00
    outer loop
      vertex   -6.834315e+00 2.960000e+01 6.000000e+00
      vertex   -6.905908e+00 2.188177e+01 6.000000e+00
      vertex   -6.799400e+00 2.208266e+01 6.000000e+00
    endloop
  endfacet
  facet normal 0.000000e+00 0.000000e+00 1.000000e+00
    outer loop
      vertex   -6.834315e+00 2.960000e+01 6.000000e+00
      vertex   -6.799400e+00 2.208266e+01 6.000000e+00
      vertex   -6.671795e+00 2.227087e+01 6.000000e+00
    endloop
  endfacet
  facet normal 0.000000e+00 -0.000000e+00 1.000000e+00
    outer loop
      vertex   -6.671795e+00 2.227087e+01 6.000000e+00
      vertex   -6.524591e+00 2.244417e+01 6.000000e+00
      vertex   -6.834315e+00 2.960000e+01 6.000000e+00
    endloop
  endfacet
  facet normal 0.000000e+00 0.000000e+00 1.000000e+00
    outer loop
      vertex   -6.834315e+00 2.960000e+01 6.000000e+00
      vertex   -6.524591e+00 2.244417e+01 6.000000e+00
      vertex   -6.359511e+00 2.260054e+01 6.000000e+00
    endloop
  endfacet
  facet normal 0.000000e+00 0.000000e+00 1.000000e+00
    outer loop
      vertex   -6.834315e+00 2.960000e+01 6.000000e+00
      vertex   -6.359511e+00 2.260054e+01 6.000000e+00
      vertex   -6.178493e+00 2.273815e+01 6.000000e+00
    endloop
  endfacet
  facet normal 0.000000e+00 -0.000000e+00 1.000000e+00
    outer loop
      vertex   -6.178493e+00 2.273815e+01 6.000000e+00
      vertex   -5.983658e+00 2.285538e+01 6.000000e+00
      vertex   -6.834315e+00 2.960000e+01 6.000000e+00
    endloop
  endfacet
  facet normal 0.000000e+00 0.000000e+00 1.000000e+00
    outer loop
      vertex   -6.834315e+00 2.960000e+01 6.000000e+00
      vertex   -5.983658e+00 2.285538e+01 6.000000e+00
      vertex   -5.777290e+00 2.295085e+01 6.000000e+00
    endloop
  endfacet
  facet normal 0.000000e+00 0.000000e+00 1.000000e+00
    outer loop
      vertex   -6.834315e+00 2.960000e+01 6.000000e+00
      vertex   -5.777290e+00 2.295085e+01 6.000000e+00
      vertex   -5.561810e+00 2.302345e+01 6.000000e+00
    endloop
  endfacet
  facet normal 0.000000e+00 -0.000000e+00 1.000000e+00
    outer loop
      vertex   -5.561810e+00 2.302345e+01 6.000000e+00
      vertex   -5.339742e+00 2.307234e+01 6.000000e+00
      vertex   -6.834315e+00 2.960000e+01 6.000000e+00
    endloop
  endfacet
  facet normal 0.000000e+00 0.000000e+00 1.000000e+00
    outer loop
      vertex   -6.834315e+00 2.960000e+01 6.000000e+00
      vertex   -5.339742e+00 2.307234e+01 6.000000e+00
      vertex   -5.113692e+00 2.309692e+01 6.000000e+00
    endloop
  endfacet
  facet normal 0.000000e+00 0.000000e+00 1.000000e+00
    outer loop
      vertex   -6.834315e+00 2.960000e+01 6.000000e+00
      vertex   -5.113692e+00 2.309692e+01 6.000000e+00
      vertex   -4.886308e+00 2.309692e+01 6.000000e+00
    endloop
  endfacet
  facet normal -0.000000e+00 -0.000000e+00 1.000000e+00
    outer loop
      vertex   -4.886308e+00 2.309692e+01 6.000000e+00
      vertex   -4.660258e+00 2.307234e+01 6.000000e+00
      vertex   -6.834315e+00 2.960000e+01 6.000000e+00
    endloop
  endfacet
  facet normal 0.000000e+00 0.000000e+00 1.000000e+00
    outer loop
      vertex   -6.834315e+00 2.960000e+01 6.000000e+00
      vertex   -4.660258e+00 2.307234e+01 6.000000e+00
      vertex   -4.438190e+00 2.302345e+01 6.000000e+00
    endloop
  endfacet
  facet normal 0.000000e+00 0.000000e+00 1.000000e+00
    outer loop
      vertex   -6.834315e+00 2.960000e+01 6.000000e+00
      vertex   -4.438190e+00 2.302345e+01 6.000000e+00
      vertex   -4.222710e+00 2.295085e+01 6.000000e+00
    endloop
  endfacet
  facet normal -0.000000e+00 -0.000000e+00 1.000000e+00
    outer loop
      vertex   -4.222710e+00 2.295085e+01 6.000000e+00
      vertex   -4.016342e+00 2.285538e+01 6.000000e+00
      vertex   -6.834315e+00 2.960000e+01 6.000000e+00
    endloop
  endfacet
  facet normal 0.000000e+00 0.000000e+00 1.000000e+00
    outer loop
      vertex   -6.834315e+00 2.960000e+01 6.000000e+00
      vertex   -4.016342e+00 2.285538e+01 6.000000e+00
      vertex   -3.821507e+00 2.273815e+01 6.000000e+00
    endloop
  endfacet
  facet normal 0.000000e+00 0.000000e+00 1.000000e+00
    outer loop
      vertex   -6.834315e+00 2.960000e+01 6.000000e+00
      vertex   -3.821507e+00 2.273815e+01 6.000000e+00
      vertex   -3.640489e+00 2.260054e+01 6.000000e+00
    endloop
  endfacet
  facet normal -0.000000e+00 -0.000000e+00 1.000000e+00
    outer loop
      vertex   -3.640489e+00 2.260054e+01 6.000000e+00
      vertex   -3.475409e+00 2.244417e+01 6.000000e+00
      vertex   -6.834315e+00 2.960000e+01 6.000000e+00
    endloop
  endfacet
  facet normal 0.000000e+00 0.000000e+00 1.000000e+00
    outer loop
      vertex   -6.834315e+00 2.960000e+01 6.000000e+00
      vertex   -3.475409e+00 2.244417e+01 6.000000e+00
      vertex   -3.328205e+00 2.227087e+01 6.000000e+00
    endloop
  endfacet
  facet normal 0.000000e+00 0.000000e+00 1.000000e+00
    outer loop
      vertex   -6.834315e+00 2.960000e+01 6.000000e+00
      vertex   -3.328205e+00 2.227087e+01 6.000000e+00
      vertex   3.328205e+00 2.227087e+01 6.000000e+00
    endloop
  endfacet
  facet normal 0.000000e+00 0.000000e+00 1.000000e+00
    outer loop
      vertex   3.328205e+00 2.227087e+01 6.000000e+00
      vertex   -3.328205e+00 2.227087e+01 6.000000e+00
      vertex   3.200600e+00 2.208266e+01 6.000000e+00
    endloop
  endfacet
  facet normal 0.000000e+00 0.000000e+00 1.000000e+00
    outer loop
      vertex   3.200600e+00 2.208266e+01 6.000000e+00
      vertex   -3.328205e+00 2.227087e+01 6.000000e+00
      vertex   -3.200600e+00 2.208266e+01 6.000000e+00
    endloop
  endfacet
  facet normal 0.000000e+00 0.000000e+00 1.000000e+00
    outer loop
      vertex   3.200600e+00 2.208266e+01 6.000000e+00
      vertex   -3.200600e+00 2.208266e+01 6.000000e+00
      vertex   3.094092e+00 2.188177e+01 6.000000e+00
    endloop
  endfacet
  facet normal 0.000000e+00 0.000000e+00 1.000000e+00
    outer loop
      vertex   3.094092e+00 2.188177e+01 6.000000e+00
      vertex   -3.200600e+00 2.208266e+01 6.000000e+00
      vertex   -3.094092e+00 2.188177e+01 6.000000e+00
    endloop
  endfacet
  facet normal 0.000000e+00 0.000000e+00 1.000000e+00
    outer loop
      vertex   3.094092e+00 2.188177e+01 6.000000e+00
      vertex   -3.094092e+00 2.188177e+01 6.000000e+00
      vertex   3.009928e+00 2.167053e+01 6.000000e+00
    endloop
  endfacet
  facet normal 0.000000e+00 0.000000e+00 1.000000e+00
    outer loop
      vertex   3.009928e+00 2.167053e+01 6.000000e+00
      vertex   -3.094092e+00 2.188177e+01 6.000000e+00
      vertex   -3.009928e+00 2.167053e+01 6.000000e+00
    endloop
  endfacet
  facet normal 0.000000e+00 0.000000e+00 1.000000e+00
    outer loop
      vertex   3.009928e+00 2.167053e+01 6.000000e+00
      vertex   -3.009928e+00 2.167053e+01 6.000000e+00
      vertex   2.949097e+00 2.145144e+01 6.000000e+00
    endloop
  endfacet
  facet normal 0.000000e+00 0.000000e+00 1.000000e+00
    outer loop
      vertex   2.949097e+00 2.145144e+01 6.000000e+00
      vertex   -3.009928e+00 2.167053e+01 6.000000e+00
      vertex   -2.949097e+00 2.145144e+01 6.000000e+00
    endloop
  endfacet
  facet normal 0.000000e+00 0.000000e+00 1.000000e+00
    outer loop
      vertex   2.949097e+00 2.145144e+01 6.000000e+00
      vertex   -2.949097e+00 2.145144e+01 6.000000e+00
      vertex   2.912310e+00 2.122705e+01 6.000000e+00
    endloop
  endfacet
  facet normal 0.000000e+00 0.000000e+00 1.000000e+00
    outer loop
      vertex   2.912310e+00 2.122705e+01 6.000000e+00
      vertex   -2.949097e+00 2.145144e+01 6.000000e+00
      vertex   -2.912310e+00 2.122705e+01 6.000000e+00
    endloop
  endfacet
  facet normal 0.000000e+00 0.000000e+00 1.000000e+00
    outer loop
      vertex   2.912310e+00 2.122705e+01 6.000000e+00
      vertex   -2.912310e+00 2.122705e+01 6.000000e+00
      vertex   2.900000e+00 2.100000e+01 6.000000e+00
    endloop
  endfacet
  facet normal 0.000000e+00 0.000000e+00 1.000000e+00
    outer loop
      vertex   2.900000e+00 2.100000e+01 6.000000e+00
      vertex   -2.912310e+00 2.122705e+01 6.000000e+00
      vertex   -2.900000e+00 2.100000e+01 6.000000e+00
    endloop
  endfacet
  facet normal 0.000000e+00 0.000000e+00 1.000000e+00
    outer loop
      vertex   2.900000e+00 2.100000e+01 6.000000e+00
      vertex   -2.900000e+00 2.100000e+01 6.000000e+00
      vertex   2.900000e+00 1.300000e+01 6.000000e+00
    endloop
  endfacet
  facet normal 0.000000e+00 0.000000e+00 1.000000e+00
    outer loop
      vertex   2.900000e+00 1.300000e+01 6.000000e+00
      vertex   -2.900000e+00 2.100000e+01 6.000000e+00
      vertex   -2.900000e+00 1.300000e+01 6.000000e+00
    endloop
  endfacet
  facet normal 0.000000e+00 0.000000e+00 1.000000e+00
    outer loop
      vertex   2.900000e+00 1.300000e+01 6.000000e+00
      vertex   -2.900000e+00 1.300000e+01 6.000000e+00
      vertex   2.912310e+00 1.277295e+01 6.000000e+00
    endloop
  endfacet
  facet normal 0.000000e+00 0.000000e+00 1.000000e+00
    outer loop
      vertex   2.912310e+00 1.277295e+01 6.000000e+00
      vertex   -2.900000e+00 1.300000e+01 6.000000e+00
      vertex   -2.912310e+00 1.277295e+01 6.000000e+00
    endloop
  endfacet
  facet normal 0.000000e+00 0.000000e+00 1.000000e+00
    outer loop
      vertex   2.912310e+00 1.277295e+01 6.000000e+00
      vertex   -2.912310e+00 1.277295e+01 6.000000e+00
      vertex   2.949097e+00 1.254856e+01 6.000000e+00
    endloop
  endfacet
  facet normal 0.000000e+00 0.000000e+00 1.000000e+00
    outer loop
      vertex   2.949097e+00 1.254856e+01 6.000000e+00
      vertex   -2.912310e+00 1.277295e+01 6.000000e+00
      vertex   -2.949097e+00 1.254856e+01 6.000000e+00
    endloop
  endfacet
  facet normal 0.000000e+00 0.000000e+00 1.000000e+00
    outer loop
      vertex   2.949097e+00 1.254856e+01 6.000000e+00
      vertex   -2.949097e+00 1.254856e+01 6.000000e+00
      vertex   3.009928e+00 1.232947e+01 6.000000e+00
    endloop
  endfacet
  facet normal 0.000000e+00 0.000000e+00 1.000000e+00
    outer loop
      vertex   3.009928e+00 1.232947e+01 6.000000e+00
      vertex   -2.949097e+00 1.254856e+01 6.000000e+00
      vertex   -3.009928e+00 1.232947e+01 6.000000e+00
    endloop
  endfacet
  facet normal 0.000000e+00 0.000000e+00 1.000000e+00
    outer loop
      vertex   3.009928e+00 1.232947e+01 6.000000e+00
      vertex   -3.009928e+00 1.232947e+01 6.000000e+00
      vertex   3.094092e+00 1.211823e+01 6.000000e+00
    endloop
  endfacet
  facet normal 0.000000e+00 0.000000e+00 1.000000e+00
    outer loop
      vertex   3.094092e+00 1.211823e+01 6.000000e+00
      vertex   -3.009928e+00 1.232947e+01 6.000000e+00
      vertex   -3.094092e+00 1.211823e+01 6.000000e+00
    endloop
  endfacet
  facet normal 0.000000e+00 0.000000e+00 1.000000e+00
    outer loop
      vertex   3.094092e+00 1.211823e+01 6.000000e+00
      vertex   -3.094092e+00 1.211823e+01 6.000000e+00
      vertex   3.200600e+00 1.191734e+01 6.000000e+00
    endloop
  endfacet
  facet normal 0.000000e+00 0.000000e+00 1.000000e+00
    outer loop
      vertex   3.200600e+00 1.191734e+01 6.000000e+00
      vertex   -3.094092e+00 1.211823e+01 6.000000e+00
      vertex   -3.200600e+00 1.191734e+01 6.000000e+00
    endloop
  endfacet
  facet normal 0.000000e+00 0.000000e+00 1.000000e+00
    outer loop
      vertex   3.200600e+00 1.191734e+01 6.000000e+00
      vertex   -3.200600e+00 1.191734e+01 6.000000e+00
      vertex   3.328205e+00 1.172913e+01 6.000000e+00
    endloop
  endfacet
  facet normal 0.000000e+00 0.000000e+00 1.000000e+00
    outer loop
      vertex   3.328205e+00 1.172913e+01 6.000000e+00
      vertex   -3.200600e+00 1.191734e+01 6.000000e+00
      vertex   -3.328205e+00 1.172913e+01 6.000000e+00
    endloop
  endfacet
  facet normal 0.000000e+00 0.000000e+00 1.000000e+00
    outer loop
      vertex   3.328205e+00 1.172913e+01 6.000000e+00
      vertex   -3.328205e+00 1.172913e+01 6.000000e+00
      vertex   9.000000e+00 -1.550000e+01 6.000000e+00
    endloop
  endfacet
  facet normal 0.000000e+00 0.000000e+00 1.000000e+00
    outer loop
      vertex   9.000000e+00 -1.550000e+01 6.000000e+00
      vertex   -3.328205e+00 1.172913e+01 6.000000e+00
      vertex   -9.000000e+00 -1.550000e+01 6.000000e+00
    endloop
  endfacet
  facet normal 0.000000e+00 0.000000e+00 1.000000e+00
    outer loop
      vertex   -9.000000e+00 -1.550000e+01 6.000000e+00
      vertex   -3.328205e+00 1.172913e+01 6.000000e+00
      vertex   -3.475409e+00 1.155583e+01 6.000000e+00
    endloop
  endfacet
  facet normal 0.000000e+00 0.000000e+00 1.000000e+00
    outer loop
      vertex   -9.000000e+00 -1.550000e+01 6.000000e+00
      vertex   -3.475409e+00 1.155583e+01 6.000000e+00
      vertex   -3.640489e+00 1.139946e+01 6.000000e+00
    endloop
  endfacet
  facet normal 0.000000e+00 0.000000e+00 1.000000e+00
    outer loop
      vertex   -3.640489e+00 1.139946e+01 6.000000e+00
      vertex   -3.821507e+00 1.126185e+01 6.000000e+00
      vertex   -9.000000e+00 -1.550000e+01 6.000000e+00
    endloop
  endfacet
  facet normal 0.000000e+00 0.000000e+00 1.000000e+00
    outer loop
      vertex   -9.000000e+00 -1.550000e+01 6.000000e+00
      vertex   -3.821507e+00 1.126185e+01 6.000000e+00
      vertex   -4.016342e+00 1.114462e+01 6.000000e+00
    endloop
  endfacet
  facet normal 0.000000e+00 0.000000e+00 1.000000e+00
    outer loop
      vertex   -9.000000e+00 -1.550000e+01 6.000000e+00
      vertex   -4.016342e+00 1.114462e+01 6.000000e+00
      vertex   -4.222710e+00 1.104915e+01 6.000000e+00
    endloop
  endfacet
  facet normal 0.000000e+00 0.000000e+00 1.000000e+00
    outer loop
      vertex   -4.222710e+00 1.104915e+01 6.000000e+00
      vertex   -4.438190e+00 1.097655e+01 6.000000e+00
      vertex   -9.000000e+00 -1.550000e+01 6.000000e+00
    endloop
  endfacet
  facet normal 0.000000e+00 0.000000e+00 1.000000e+00
    outer loop
      vertex   -9.000000e+00 -1.550000e+01 6.000000e+00
      vertex   -4.438190e+00 1.097655e+01 6.000000e+00
      vertex   -4.660258e+00 1.092766e+01 6.000000e+00
    endloop
  endfacet
  facet normal 0.000000e+00 0.000000e+00 1.000000e+00
    outer loop
      vertex   -9.000000e+00 -1.550000e+01 6.000000e+00
      vertex   -4.660258e+00 1.092766e+01 6.000000e+00
      vertex   -4.886308e+00 1.090308e+01 6.000000e+00
    endloop
  endfacet
  facet normal 0.000000e+00 0.000000e+00 1.000000e+00
    outer loop
      vertex   -4.886308e+00 1.090308e+01 6.000000e+00
      vertex   -5.113692e+00 1.090308e+01 6.000000e+00
      vertex   -9.000000e+00 -1.550000e+01 6.000000e+00
    endloop
  endfacet
  facet normal 0.000000e+00 0.000000e+00 1.000000e+00
    outer loop
      vertex   -9.000000e+00 -1.550000e+01 6.000000e+00
      vertex   -5.113692e+00 1.090308e+01 6.000000e+00
      vertex   -5.339742e+00 1.092766e+01 6.000000e+00
    endloop
  endfacet
  facet normal 0.000000e+00 0.000000e+00 1.000000e+00
    outer loop
      vertex   -9.000000e+00 -1.550000e+01 6.000000e+00
      vertex   -5.339742e+00 1.092766e+01 6.000000e+00
      vertex   -5.561810e+00 1.097655e+01 6.000000e+00
    endloop
  endfacet
  facet normal 0.000000e+00 0.000000e+00 1.000000e+00
    outer loop
      vertex   -5.561810e+00 1.097655e+01 6.000000e+00
      vertex   -5.777290e+00 1.104915e+01 6.000000e+00
      vertex   -9.000000e+00 -1.550000e+01 6.000000e+00
    endloop
  endfacet
  facet normal 0.000000e+00 0.000000e+00 1.000000e+00
    outer loop
      vertex   -9.000000e+00 -1.550000e+01 6.000000e+00
      vertex   -5.777290e+00 1.104915e+01 6.000000e+00
      vertex   -5.983658e+00 1.114462e+01 6.000000e+00
    endloop
  endfacet
  facet normal 0.000000e+00 0.000000e+00 1.000000e+00
    outer loop
      vertex   -9.000000e+00 -1.550000e+01 6.000000e+00
      vertex   -5.983658e+00 1.114462e+01 6.000000e+00
      vertex   -6.178493e+00 1.126185e+01 6.000000e+00
    endloop
  endfacet
  facet normal 0.000000e+00 0.000000e+00 1.000000e+00
    outer loop
      vertex   -6.178493e+00 1.126185e+01 6.000000e+00
      vertex   -6.359511e+00 1.139946e+01 6.000000e+00
      vertex   -9.000000e+00 -1.550000e+01 6.000000e+00
    endloop
  endfacet
  facet normal 0.000000e+00 0.000000e+00 1.000000e+00
    outer loop
      vertex   -9.000000e+00 -1.550000e+01 6.000000e+00
      vertex   -6.359511e+00 1.139946e+01 6.000000e+00
      vertex   -6.524591e+00 1.155583e+01 6.000000e+00
    endloop
  endfacet
  facet normal 0.000000e+00 0.000000e+00 1.000000e+00
    outer loop
      vertex   -9.000000e+00 -1.550000e+01 6.000000e+00
      vertex   -6.524591e+00 1.155583e+01 6.000000e+00
      vertex   -6.671795e+00 1.172913e+01 6.000000e+00
    endloop
  endfacet
  facet normal 0.000000e+00 0.000000e+00 1.000000e+00
    outer loop
      vertex   -6.671795e+00 1.172913e+01 6.000000e+00
      vertex   -6.799400e+00 1.191734e+01 6.000000e+00
      vertex   -9.000000e+00 -1.550000e+01 6.000000e+00
    endloop
  endfacet
  facet normal 0.000000e+00 0.000000e+00 1.000000e+00
    outer loop
      vertex   -9.000000e+00 -1.550000e+01 6.000000e+00
      vertex   -6.799400e+00 1.191734e+01 6.000000e+00
      vertex   -6.905908e+00 1.211823e+01 6.000000e+00
    endloop
  endfacet
  facet normal 0.000000e+00 0.000000e+00 1.000000e+00
    outer loop
      vertex   -9.000000e+00 -1.550000e+01 6.000000e+00
      vertex   -6.905908e+00 1.211823e+01 6.000000e+00
      vertex   -6.990072e+00 1.232947e+01 6.000000e+00
    endloop
  endfacet
  facet normal 0.000000e+00 0.000000e+00 1.000000e+00
    outer loop
      vertex   -6.990072e+00 1.232947e+01 6.000000e+00
      vertex   -7.050903e+00 1.254856e+01 6.000000e+00
      vertex   -9.000000e+00 -1.550000e+01 6.000000e+00
    endloop
  endfacet
  facet normal 0.000000e+00 0.000000e+00 1.000000e+00
    outer loop
      vertex   -9.000000e+00 -1.550000e+01 6.000000e+00
      vertex   -7.050903e+00 1.254856e+01 6.000000e+00
      vertex   -7.087690e+00 1.277295e+01 6.000000e+00
    endloop
  endfacet
  facet normal 0.000000e+00 -0.000000e+00 1.000000e+00
    outer loop
      vertex   -9.000000e+00 -1.550000e+01 6.000000e+00
      vertex   -7.087690e+00 1.277295e+01 6.000000e+00
      vertex   -9.600000e+00 2.683431e+01 6.000000e+00
    endloop
  endfacet
  facet normal 0.000000e+00 0.000000e+00 1.000000e+00
    outer loop
      vertex   -9.600000e+00 2.683431e+01 6.000000e+00
      vertex   -7.087690e+00 1.277295e+01 6.000000e+00
      vertex   -7.100000e+00 1.300000e+01 6.000000e+00
    endloop
  endfacet
  facet normal 0.000000e+00 0.000000e+00 1.000000e+00
    outer loop
      vertex   -9.000000e+00 -2.450000e+01 6.000000e+00
      vertex   6.834315e+00 -2.960000e+01 6.000000e+00
      vertex   9.000000e+00 -2.450000e+01 6.000000e+00
    endloop
  endfacet
  facet normal 0.000000e+00 0.000000e+00 1.000000e+00
    outer loop
      vertex   9.000000e+00 -2.450000e+01 6.000000e+00
      vertex   6.834315e+00 -2.960000e+01 6.000000e+00
      vertex   9.600000e+00 -2.683431e+01 6.000000e+00
    endloop
  endfacet
  facet normal -0.000000e+00 0.000000e+00 1.000000e+00
    outer loop
      vertex   9.000000e+00 -2.450000e+01 6.000000e+00
      vertex   9.600000e+00 -2.683431e+01 6.000000e+00
      vertex   9.000000e+00 -1.550000e+01 6.000000e+00
    endloop
  endfacet
  facet normal -0.000000e+00 0.000000e+00 1.000000e+00
    outer loop
      vertex   9.000000e+00 -1.550000e+01 6.000000e+00
      vertex   9.600000e+00 -2.683431e+01 6.000000e+00
      vertex   9.600000e+00 2.683431e+01 6.000000e+00
    endloop
  endfacet
  facet normal 0.000000e+00 -0.000000e+00 1.000000e+00
    outer loop
      vertex   9.000000e+00 -1.550000e+01 6.000000e+00
      vertex   9.600000e+00 2.683431e+01 6.000000e+00
      vertex   7.087690e+00 1.277295e+01 6.000000e+00
    endloop
  endfacet
  facet normal 0.000000e+00 0.000000e+00 1.000000e+00
    outer loop
      vertex   7.087690e+00 1.277295e+01 6.000000e+00
      vertex   9.600000e+00 2.683431e+01 6.000000e+00
      vertex   7.100000e+00 1.300000e+01 6.000000e+00
    endloop
  endfacet
  facet normal 0.000000e+00 -0.000000e+00 1.000000e+00
    outer loop
      vertex   7.100000e+00 1.300000e+01 6.000000e+00
      vertex   9.600000e+00 2.683431e+01 6.000000e+00
      vertex   7.100000e+00 2.100000e+01 6.000000e+00
    endloop
  endfacet
  facet normal 0.000000e+00 -0.000000e+00 1.000000e+00
    outer loop
      vertex   7.100000e+00 2.100000e+01 6.000000e+00
      vertex   9.600000e+00 2.683431e+01 6.000000e+00
      vertex   7.087690e+00 2.122705e+01 6.000000e+00
    endloop
  endfacet
  facet normal 0.000000e+00 -0.000000e+00 1.000000e+00
    outer loop
      vertex   7.087690e+00 2.122705e+01 6.000000e+00
      vertex   9.600000e+00 2.683431e+01 6.000000e+00
      vertex   7.050903e+00 2.145144e+01 6.000000e+00
    endloop
  endfacet
  facet normal 0.000000e+00 -0.000000e+00 1.000000e+00
    outer loop
      vertex   7.050903e+00 2.145144e+01 6.000000e+00
      vertex   9.600000e+00 2.683431e+01 6.000000e+00
      vertex   6.990072e+00 2.167053e+01 6.000000e+00
    endloop
  endfacet
  facet normal 0.000000e+00 -0.000000e+00 1.000000e+00
    outer loop
      vertex   6.990072e+00 2.167053e+01 6.000000e+00
      vertex   9.600000e+00 2.683431e+01 6.000000e+00
      vertex   6.905908e+00 2.188177e+01 6.000000e+00
    endloop
  endfacet
  facet normal 0.000000e+00 -0.000000e+00 1.000000e+00
    outer loop
      vertex   6.905908e+00 2.188177e+01 6.000000e+00
      vertex   9.600000e+00 2.683431e+01 6.000000e+00
      vertex   6.834315e+00 2.960000e+01 6.000000e+00
    endloop
  endfacet
  facet normal 0.000000e+00 0.000000e+00 1.000000e+00
    outer loop
      vertex   6.905908e+00 2.188177e+01 6.000000e+00
      vertex   6.834315e+00 2.960000e+01 6.000000e+00
      vertex   6.799400e+00 2.208266e+01 6.000000e+00
    endloop
  endfacet
  facet normal 0.000000e+00 -0.000000e+00 1.000000e+00
    outer loop
      vertex   6.799400e+00 2.208266e+01 6.000000e+00
      vertex   6.834315e+00 2.960000e+01 6.000000e+00
      vertex   6.671795e+00 2.227087e+01 6.000000e+00
    endloop
  endfacet
  facet normal 0.000000e+00 -0.000000e+00 1.000000e+00
    outer loop
      vertex   6.671795e+00 2.227087e+01 6.000000e+00
      vertex   6.834315e+00 2.960000e+01 6.000000e+00
      vertex   6.524591e+00 2.244417e+01 6.000000e+00
    endloop
  endfacet
  facet normal 0.000000e+00 -0.000000e+00 1.000000e+00
    outer loop
      vertex   6.524591e+00 2.244417e+01 6.000000e+00
      vertex   6.834315e+00 2.960000e+01 6.000000e+00
      vertex   6.359511e+00 2.260054e+01 6.000000e+00
    endloop
  endfacet
  facet normal 0.000000e+00 -0.000000e+00 1.000000e+00
    outer loop
      vertex   6.359511e+00 2.260054e+01 6.000000e+00
      vertex   6.834315e+00 2.960000e+01 6.000000e+00
      vertex   6.178493e+00 2.273815e+01 6.000000e+00
    endloop
  endfacet
  facet normal 0.000000e+00 -0.000000e+00 1.000000e+00
    outer loop
      vertex   6.178493e+00 2.273815e+01 6.000000e+00
      vertex   6.834315e+00 2.960000e+01 6.000000e+00
      vertex   5.983658e+00 2.285538e+01 6.000000e+00
    endloop
  endfacet
  facet normal 0.000000e+00 -0.000000e+00 1.000000e+00
    outer loop
      vertex   5.983658e+00 2.285538e+01 6.000000e+00
      vertex   6.834315e+00 2.960000e+01 6.000000e+00
      vertex   5.777290e+00 2.295085e+01 6.000000e+00
    endloop
  endfacet
  facet normal 0.000000e+00 -0.000000e+00 1.000000e+00
    outer loop
      vertex   5.777290e+00 2.295085e+01 6.000000e+00
      vertex   6.834315e+00 2.960000e+01 6.000000e+00
      vertex   5.561810e+00 2.302345e+01 6.000000e+00
    endloop
  endfacet
  facet normal 0.000000e+00 -0.000000e+00 1.000000e+00
    outer loop
      vertex   5.561810e+00 2.302345e+01 6.000000e+00
      vertex   6.834315e+00 2.960000e+01 6.000000e+00
      vertex   5.339742e+00 2.307234e+01 6.000000e+00
    endloop
  endfacet
  facet normal 0.000000e+00 -0.000000e+00 1.000000e+00
    outer loop
      vertex   5.339742e+00 2.307234e+01 6.000000e+00
      vertex   6.834315e+00 2.960000e+01 6.000000e+00
      vertex   5.113692e+00 2.309692e+01 6.000000e+00
    endloop
  endfacet
  facet normal 0.000000e+00 -0.000000e+00 1.000000e+00
    outer loop
      vertex   5.113692e+00 2.309692e+01 6.000000e+00
      vertex   6.834315e+00 2.960000e+01 6.000000e+00
      vertex   4.886308e+00 2.309692e+01 6.000000e+00
    endloop
  endfacet
  facet normal 0.000000e+00 -0.000000e+00 1.000000e+00
    outer loop
      vertex   4.886308e+00 2.309692e+01 6.000000e+00
      vertex   6.834315e+00 2.960000e+01 6.000000e+00
      vertex   4.660258e+00 2.307234e+01 6.000000e+00
    endloop
  endfacet
  facet normal 0.000000e+00 -0.000000e+00 1.000000e+00
    outer loop
      vertex   4.660258e+00 2.307234e+01 6.000000e+00
      vertex   6.834315e+00 2.960000e+01 6.000000e+00
      vertex   4.438190e+00 2.302345e+01 6.000000e+00
    endloop
  endfacet
  facet normal 0.000000e+00 -0.000000e+00 1.000000e+00
    outer loop
      vertex   4.438190e+00 2.302345e+01 6.000000e+00
      vertex   6.834315e+00 2.960000e+01 6.000000e+00
      vertex   4.222710e+00 2.295085e+01 6.000000e+00
    endloop
  endfacet
  facet normal 0.000000e+00 -0.000000e+00 1.000000e+00
    outer loop
      vertex   4.222710e+00 2.295085e+01 6.000000e+00
      vertex   6.834315e+00 2.960000e+01 6.000000e+00
      vertex   4.016342e+00 2.285538e+01 6.000000e+00
    endloop
  endfacet
  facet normal 0.000000e+00 -0.000000e+00 1.000000e+00
    outer loop
      vertex   4.016342e+00 2.285538e+01 6.000000e+00
      vertex   6.834315e+00 2.960000e+01 6.000000e+00
      vertex   3.821507e+00 2.273815e+01 6.000000e+00
    endloop
  endfacet
  facet normal 0.000000e+00 -0.000000e+00 1.000000e+00
    outer loop
      vertex   3.821507e+00 2.273815e+01 6.000000e+00
      vertex   6.834315e+00 2.960000e+01 6.000000e+00
      vertex   3.640489e+00 2.260054e+01 6.000000e+00
    endloop
  endfacet
  facet normal 0.000000e+00 -0.000000e+00 1.000000e+00
    outer loop
      vertex   3.640489e+00 2.260054e+01 6.000000e+00
      vertex   6.834315e+00 2.960000e+01 6.000000e+00
      vertex   3.475409e+00 2.244417e+01 6.000000e+00
    endloop
  endfacet
  facet normal 0.000000e+00 -0.000000e+00 1.000000e+00
    outer loop
      vertex   3.475409e+00 2.244417e+01 6.000000e+00
      vertex   6.834315e+00 2.960000e+01 6.000000e+00
      vertex   3.328205e+00 2.227087e+01 6.000000e+00
    endloop
  endfacet
  facet normal 0.000000e+00 -0.000000e+00 1.000000e+00
    outer loop
      vertex   3.328205e+00 2.227087e+01 6.000000e+00
      vertex   6.834315e+00 2.960000e+01 6.000000e+00
      vertex   -6.834315e+00 2.960000e+01 6.000000e+00
    endloop
  endfacet
  facet normal 0.000000e+00 0.000000e+00 1.000000e+00
    outer loop
      vertex   -9.000000e+00 -1.550000e+01 6.000000e+00
      vertex   -9.600000e+00 -2.683431e+01 6.000000e+00
      vertex   -9.000000e+00 -2.450000e+01 6.000000e+00
    endloop
  endfacet
  facet normal 0.000000e+00 0.000000e+00 1.000000e+00
    outer loop
      vertex   -9.000000e+00 -2.450000e+01 6.000000e+00
      vertex   -9.600000e+00 -2.683431e+01 6.000000e+00
      vertex   -6.834315e+00 -2.960000e+01 6.000000e+00
    endloop
  endfacet
  facet normal 0.000000e+00 0.000000e+00 1.000000e+00
    outer loop
      vertex   -9.000000e+00 -2.450000e+01 6.000000e+00
      vertex   -6.834315e+00 -2.960000e+01 6.000000e+00
      vertex   6.834315e+00 -2.960000e+01 6.000000e+00
    endloop
  endfacet
  facet normal 0.000000e+00 0.000000e+00 1.000000e+00
    outer loop
      vertex   -9.600000e+00 2.683431e+01 6.000000e+00
      vertex   -9.600000e+00 -2.683431e+01 6.000000e+00
      vertex   -9.000000e+00 -1.550000e+01 6.000000e+00
    endloop
  endfacet
  facet normal 0.000000e+00 0.000000e+00 1.000000e+00
    outer loop
      vertex   7.087690e+00 1.277295e+01 6.000000e+00
      vertex   7.050903e+00 1.254856e+01 6.000000e+00
      vertex   9.000000e+00 -1.550000e+01 6.000000e+00
    endloop
  endfacet
  facet normal 0.000000e+00 0.000000e+00 1.000000e+00
    outer loop
      vertex   9.000000e+00 -1.550000e+01 6.000000e+00
      vertex   7.050903e+00 1.254856e+01 6.000000e+00
      vertex   6.990072e+00 1.232947e+01 6.000000e+00
    endloop
  endfacet
  facet normal 0.000000e+00 0.000000e+00 1.000000e+00
    outer loop
      vertex   9.000000e+00 -1.550000e+01 6.000000e+00
      vertex   6.990072e+00 1.232947e+01 6.000000e+00
      vertex   6.905908e+00 1.211823e+01 6.000000e+00
    endloop
  endfacet
  facet normal 0.000000e+00 0.000000e+00 1.000000e+00
    outer loop
      vertex   6.905908e+00 1.211823e+01 6.000000e+00
      vertex   6.799400e+00 1.191734e+01 6.000000e+00
      vertex   9.000000e+00 -1.550000e+01 6.000000e+00
    endloop
  endfacet
  facet normal 0.000000e+00 0.000000e+00 1.000000e+00
    outer loop
      vertex   9.000000e+00 -1.550000e+01 6.000000e+00
      vertex   6.799400e+00 1.191734e+01 6.000000e+00
      vertex   6.671795e+00 1.172913e+01 6.000000e+00
    endloop
  endfacet
  facet normal 0.000000e+00 0.000000e+00 1.000000e+00
    outer loop
      vertex   9.000000e+00 -1.550000e+01 6.000000e+00
      vertex   6.671795e+00 1.172913e+01 6.000000e+00
      vertex   6.524591e+00 1.155583e+01 6.000000e+00
    endloop
  endfacet
  facet normal 0.000000e+00 0.000000e+00 1.000000e+00
    outer loop
      vertex   6.524591e+00 1.155583e+01 6.000000e+00
      vertex   6.359511e+00 1.139946e+01 6.000000e+00
      vertex   9.000000e+00 -1.550000e+01 6.000000e+00
    endloop
  endfacet
  facet normal 0.000000e+00 0.000000e+00 1.000000e+00
    outer loop
      vertex   9.000000e+00 -1.550000e+01 6.000000e+00
      vertex   6.359511e+00 1.139946e+01 6.000000e+00
      vertex   6.178493e+00 1.126185e+01 6.000000e+00
    endloop
  endfacet
  facet normal 0.000000e+00 0.000000e+00 1.000000e+00
    outer loop
      vertex   9.000000e+00 -1.550000e+01 6.000000e+00
      vertex   6.178493e+00 1.126185e+01 6.000000e+00
      vertex   5.983658e+00 1.114462e+01 6.000000e+00
    endloop
  endfacet
  facet normal 0.000000e+00 0.000000e+00 1.000000e+00
    outer loop
      vertex   5.983658e+00 1.114462e+01 6.000000e+00
      vertex   5.777290e+00 1.104915e+01 6.000000e+00
      vertex   9.000000e+00 -1.550000e+01 6.000000e+00
    endloop
  endfacet
  facet normal 0.000000e+00 0.000000e+00 1.000000e+00
    outer loop
      vertex   9.000000e+00 -1.550000e+01 6.000000e+00
      vertex   5.777290e+00 1.104915e+01 6.000000e+00
      vertex   5.561810e+00 1.097655e+01 6.000000e+00
    endloop
  endfacet
  facet normal 0.000000e+00 0.000000e+00 1.000000e+00
    outer loop
      vertex   9.000000e+00 -1.550000e+01 6.000000e+00
      vertex   5.561810e+00 1.097655e+01 6.000000e+00
      vertex   5.339742e+00 1.092766e+01 6.000000e+00
    endloop
  endfacet
  facet normal 0.000000e+00 0.000000e+00 1.000000e+00
    outer loop
      vertex   5.339742e+00 1.092766e+01 6.000000e+00
      vertex   5.113692e+00 1.090308e+01 6.000000e+00
      vertex   9.000000e+00 -1.550000e+01 6.000000e+00
    endloop
  endfacet
  facet normal 0.000000e+00 0.000000e+00 1.000000e+00
    outer loop
      vertex   9.000000e+00 -1.550000e+01 6.000000e+00
      vertex   5.113692e+00 1.090308e+01 6.000000e+00
      vertex   4.886308e+00 1.090308e+01 6.000000e+00
    endloop
  endfacet
  facet normal 0.000000e+00 0.000000e+00 1.000000e+00
    outer loop
      vertex   9.000000e+00 -1.550000e+01 6.000000e+00
      vertex   4.886308e+00 1.090308e+01 6.000000e+00
      vertex   4.660258e+00 1.092766e+01 6.000000e+00
    endloop
  endfacet
  facet normal 0.000000e+00 0.000000e+00 1.000000e+00
    outer loop
      vertex   4.660258e+00 1.092766e+01 6.000000e+00
      vertex   4.438190e+00 1.097655e+01 6.000000e+00
      vertex   9.000000e+00 -1.550000e+01 6.000000e+00
    endloop
  endfacet
  facet normal 0.000000e+00 0.000000e+00 1.000000e+00
    outer loop
      vertex   9.000000e+00 -1.550000e+01 6.000000e+00
      vertex   4.438190e+00 1.097655e+01 6.000000e+00
      vertex   4.222710e+00 1.104915e+01 6.000000e+00
    endloop
  endfacet
  facet normal 0.000000e+00 0.000000e+00 1.000000e+00
    outer loop
      vertex   9.000000e+00 -1.550000e+01 6.000000e+00
      vertex   4.222710e+00 1.104915e+01 6.000000e+00
      vertex   4.016342e+00 1.114462e+01 6.000000e+00
    endloop
  endfacet
  facet normal 0.000000e+00 0.000000e+00 1.000000e+00
    outer loop
      vertex   4.016342e+00 1.114462e+01 6.000000e+00
      vertex   3.821507e+00 1.126185e+01 6.000000e+00
      vertex   9.000000e+00 -1.550000e+01 6.000000e+00
    endloop
  endfacet
  facet normal 0.000000e+00 0.000000e+00 1.000000e+00
    outer loop
      vertex   9.000000e+00 -1.550000e+01 6.000000e+00
      vertex   3.821507e+00 1.126185e+01 6.000000e+00
      vertex   3.640489e+00 1.139946e+01 6.000000e+00
    endloop
  endfacet
  facet normal 0.000000e+00 0.000000e+00 1.000000e+00
    outer loop
      vertex   9.000000e+00 -1.550000e+01 6.000000e+00
      vertex   3.640489e+00 1.139946e+01 6.000000e+00
      vertex   3.475409e+00 1.155583e+01 6.000000e+00
    endloop
  endfacet
  facet normal 0.000000e+00 0.000000e+00 1.000000e+00
    outer loop
      vertex   3.475409e+00 1.155583e+01 6.000000e+00
      vertex   3.328205e+00 1.172913e+01 6.000000e+00
      vertex   9.000000e+00 -1.550000e+01 6.000000e+00
    endloop
  endfacet
  facet normal -7.065877e-01 -3.831007e-02 7.065877e-01
    outer loop
      vertex   -2.900000e+00 2.100000e+01 6.000000e+00
      vertex   -2.912310e+00 2.122705e+01 6.000000e+00
      vertex   -3.300000e+00 2.100000e+01 5.600000e+00
    endloop
  endfacet
  facet normal -7.052070e-01 -4.265717e-02 7.077170e-01
    outer loop
      vertex   -3.300000e+00 2.100000e+01 5.600000e+00
      vertex   -2.912310e+00 2.122705e+01 6.000000e+00
      vertex   -3.312395e+00 2.120491e+01 5.600000e+00
    endloop
  endfacet
  facet normal -6.991926e-01 -1.146268e-01 7.056844e-01
    outer loop
      vertex   -3.312395e+00 2.120491e+01 5.600000e+00
      vertex   -2.912310e+00 2.122705e+01 6.000000e+00
      vertex   -2.949097e+00 2.145144e+01 6.000000e+00
    endloop
  endfacet
  facet normal -6.939744e-01 -1.271755e-01 7.086790e-01
    outer loop
      vertex   -3.312395e+00 2.120491e+01 5.600000e+00
      vertex   -2.949097e+00 2.145144e+01 6.000000e+00
      vertex   -3.349399e+00 2.140684e+01 5.600000e+00
    endloop
  endfacet
  facet normal -6.833429e-01 -1.897292e-01 7.050144e-01
    outer loop
      vertex   -3.349399e+00 2.140684e+01 5.600000e+00
      vertex   -2.949097e+00 2.145144e+01 6.000000e+00
      vertex   -3.009928e+00 2.167053e+01 6.000000e+00
    endloop
  endfacet
  facet normal -6.729410e-01 -2.096969e-01 7.093501e-01
    outer loop
      vertex   -3.349399e+00 2.140684e+01 5.600000e+00
      vertex   -3.009928e+00 2.167053e+01 6.000000e+00
      vertex   -3.410472e+00 2.160283e+01 5.600000e+00
    endloop
  endfacet
  facet normal -6.592249e-01 -2.626592e-01 7.045798e-01
    outer loop
      vertex   -3.410472e+00 2.160283e+01 5.600000e+00
      vertex   -3.009928e+00 2.167053e+01 6.000000e+00
      vertex   -3.094092e+00 2.188177e+01 6.000000e+00
    endloop
  endfacet
  facet normal -6.424070e-01 -2.891239e-01 7.097328e-01
    outer loop
      vertex   -3.410472e+00 2.160283e+01 5.600000e+00
      vertex   -3.094092e+00 2.188177e+01 6.000000e+00
      vertex   -3.494725e+00 2.179003e+01 5.600000e+00
    endloop
  endfacet
  facet normal -6.271355e-01 -3.324862e-01 7.043820e-01
    outer loop
      vertex   -3.494725e+00 2.179003e+01 5.600000e+00
      vertex   -3.094092e+00 2.188177e+01 6.000000e+00
      vertex   -3.200600e+00 2.208266e+01 6.000000e+00
    endloop
  endfacet
  facet normal -6.027907e-01 -3.643997e-01 7.098283e-01
    outer loop
      vertex   -3.494725e+00 2.179003e+01 5.600000e+00
      vertex   -3.200600e+00 2.208266e+01 6.000000e+00
      vertex   -3.600927e+00 2.196571e+01 5.600000e+00
    endloop
  endfacet
  facet normal -5.874786e-01 -3.983204e-01 7.044216e-01
    outer loop
      vertex   -3.600927e+00 2.196571e+01 5.600000e+00
      vertex   -3.200600e+00 2.208266e+01 6.000000e+00
      vertex   -3.328205e+00 2.227087e+01 6.000000e+00
    endloop
  endfacet
  facet normal -5.546238e-01 -4.345200e-01 7.096372e-01
    outer loop
      vertex   -3.600927e+00 2.196571e+01 5.600000e+00
      vertex   -3.328205e+00 2.227087e+01 6.000000e+00
      vertex   -3.727532e+00 2.212731e+01 5.600000e+00
    endloop
  endfacet
  facet normal -5.407593e-01 -4.593251e-01 7.046984e-01
    outer loop
      vertex   -3.727532e+00 2.212731e+01 5.600000e+00
      vertex   -3.328205e+00 2.227087e+01 6.000000e+00
      vertex   -3.475409e+00 2.244417e+01 6.000000e+00
    endloop
  endfacet
  facet normal -4.985450e-01 -4.985450e-01 7.091585e-01
    outer loop
      vertex   -3.727532e+00 2.212731e+01 5.600000e+00
      vertex   -3.475409e+00 2.244417e+01 6.000000e+00
      vertex   -3.872691e+00 2.227247e+01 5.600000e+00
    endloop
  endfacet
  facet normal -4.875767e-01 -5.147285e-01 7.052117e-01
    outer loop
      vertex   -3.872691e+00 2.227247e+01 5.600000e+00
      vertex   -3.475409e+00 2.244417e+01 6.000000e+00
      vertex   -3.640489e+00 2.260054e+01 6.000000e+00
    endloop
  endfacet
  facet normal -4.352928e-01 -5.556102e-01 7.083908e-01
    outer loop
      vertex   -3.872691e+00 2.227247e+01 5.600000e+00
      vertex   -3.640489e+00 2.260054e+01 6.000000e+00
      vertex   -4.034290e+00 2.239907e+01 5.600000e+00
    endloop
  endfacet
  facet normal -4.286159e-01 -5.638345e-01 7.059597e-01
    outer loop
      vertex   -4.034290e+00 2.239907e+01 5.600000e+00
      vertex   -3.640489e+00 2.260054e+01 6.000000e+00
      vertex   -3.821507e+00 2.273815e+01 6.000000e+00
    endloop
  endfacet
  facet normal -3.656969e-01 -6.049366e-01 7.073312e-01
    outer loop
      vertex   -4.034290e+00 2.239907e+01 5.600000e+00
      vertex   -3.821507e+00 2.273815e+01 6.000000e+00
      vertex   -4.209971e+00 2.250528e+01 5.600000e+00
    endloop
  endfacet
  facet normal -3.646375e-01 -6.060322e-01 7.069402e-01
    outer loop
      vertex   -4.209971e+00 2.250528e+01 5.600000e+00
      vertex   -3.821507e+00 2.273815e+01 6.000000e+00
      vertex   -4.016342e+00 2.285538e+01 6.000000e+00
    endloop
  endfacet
  facet normal -2.972612e-01 -6.425196e-01 7.062608e-01
    outer loop
      vertex   -4.209971e+00 2.250528e+01 5.600000e+00
      vertex   -4.016342e+00 2.285538e+01 6.000000e+00
      vertex   -4.222710e+00 2.295085e+01 6.000000e+00
    endloop
  endfacet
  facet normal -2.898097e-01 -6.439308e-01 7.080702e-01
    outer loop
      vertex   -4.209971e+00 2.250528e+01 5.600000e+00
      vertex   -4.222710e+00 2.295085e+01 6.000000e+00
      vertex   -4.397172e+00 2.258953e+01 5.600000e+00
    endloop
  endfacet
  facet normal -2.263128e-01 -6.716725e-01 7.054350e-01
    outer loop
      vertex   -4.397172e+00 2.258953e+01 5.600000e+00
      vertex   -4.222710e+00 2.295085e+01 6.000000e+00
      vertex   -4.438190e+00 2.302345e+01 6.000000e+00
    endloop
  endfacet
  facet normal -2.098212e-01 -6.733398e-01 7.089349e-01
    outer loop
      vertex   -4.397172e+00 2.258953e+01 5.600000e+00
      vertex   -4.438190e+00 2.302345e+01 6.000000e+00
      vertex   -4.593163e+00 2.265060e+01 5.600000e+00
    endloop
  endfacet
  facet normal -1.524921e-01 -6.927785e-01 7.048433e-01
    outer loop
      vertex   -4.593163e+00 2.265060e+01 5.600000e+00
      vertex   -4.438190e+00 2.302345e+01 6.000000e+00
      vertex   -4.660258e+00 2.307234e+01 6.000000e+00
    endloop
  endfacet
  facet normal -1.270250e-01 -6.931528e-01 7.095096e-01
    outer loop
      vertex   -4.593163e+00 2.265060e+01 5.600000e+00
      vertex   -4.660258e+00 2.307234e+01 6.000000e+00
      vertex   -4.795088e+00 2.268761e+01 5.600000e+00
    endloop
  endfacet
  facet normal -7.673384e-02 -7.055560e-01 7.044875e-01
    outer loop
      vertex   -4.795088e+00 2.268761e+01 5.600000e+00
      vertex   -4.660258e+00 2.307234e+01 6.000000e+00
      vertex   -4.886308e+00 2.309692e+01 6.000000e+00
    endloop
  endfacet
  facet normal -4.253102e-02 -7.031217e-01 7.097965e-01
    outer loop
      vertex   -4.795088e+00 2.268761e+01 5.600000e+00
      vertex   -4.886308e+00 2.309692e+01 6.000000e+00
      vertex   -5.000000e+00 2.270000e+01 5.600000e+00
    endloop
  endfacet
  facet normal 7.873953e-13 -7.098342e-01 7.043688e-01
    outer loop
      vertex   -5.000000e+00 2.270000e+01 5.600000e+00
      vertex   -4.886308e+00 2.309692e+01 6.000000e+00
      vertex   -5.113692e+00 2.309692e+01 6.000000e+00
    endloop
  endfacet
  facet normal 4.253102e-02 -7.031217e-01 7.097965e-01
    outer loop
      vertex   -5.000000e+00 2.270000e+01 5.600000e+00
      vertex   -5.113692e+00 2.309692e+01 6.000000e+00
      vertex   -5.204912e+00 2.268761e+01 5.600000e+00
    endloop
  endfacet
  facet normal 7.673384e-02 -7.055560e-01 7.044875e-01
    outer loop
      vertex   -5.204912e+00 2.268761e+01 5.600000e+00
      vertex   -5.113692e+00 2.309692e+01 6.000000e+00
      vertex   -5.339742e+00 2.307234e+01 6.000000e+00
    endloop
  endfacet
  facet normal 1.270250e-01 -6.931528e-01 7.095096e-01
    outer loop
      vertex   -5.204912e+00 2.268761e+01 5.600000e+00
      vertex   -5.339742e+00 2.307234e+01 6.000000e+00
      vertex   -5.406837e+00 2.265060e+01 5.600000e+00
    endloop
  endfacet
  facet normal 1.524921e-01 -6.927785e-01 7.048433e-01
    outer loop
      vertex   -5.406837e+00 2.265060e+01 5.600000e+00
      vertex   -5.339742e+00 2.307234e+01 6.000000e+00
      vertex   -5.561810e+00 2.302345e+01 6.000000e+00
    endloop
  endfacet
  facet normal 2.098212e-01 -6.733398e-01 7.089349e-01
    outer loop
      vertex   -5.406837e+00 2.265060e+01 5.600000e+00
      vertex   -5.561810e+00 2.302345e+01 6.000000e+00
      vertex   -5.602828e+00 2.258953e+01 5.600000e+00
    endloop
  endfacet
  facet normal 2.263128e-01 -6.716725e-01 7.054350e-01
    outer loop
      vertex   -5.602828e+00 2.258953e+01 5.600000e+00
      vertex   -5.561810e+00 2.302345e+01 6.000000e+00
      vertex   -5.777290e+00 2.295085e+01 6.000000e+00
    endloop
  endfacet
  facet normal 2.898097e-01 -6.439308e-01 7.080702e-01
    outer loop
      vertex   -5.602828e+00 2.258953e+01 5.600000e+00
      vertex   -5.777290e+00 2.295085e+01 6.000000e+00
      vertex   -5.790029e+00 2.250528e+01 5.600000e+00
    endloop
  endfacet
  facet normal 2.972612e-01 -6.425196e-01 7.062608e-01
    outer loop
      vertex   -5.790029e+00 2.250528e+01 5.600000e+00
      vertex   -5.777290e+00 2.295085e+01 6.000000e+00
      vertex   -5.983658e+00 2.285538e+01 6.000000e+00
    endloop
  endfacet
  facet normal 3.646375e-01 -6.060322e-01 7.069402e-01
    outer loop
      vertex   -5.790029e+00 2.250528e+01 5.600000e+00
      vertex   -5.983658e+00 2.285538e+01 6.000000e+00
      vertex   -6.178493e+00 2.273815e+01 6.000000e+00
    endloop
  endfacet
  facet normal 3.656969e-01 -6.049366e-01 7.073312e-01
    outer loop
      vertex   -5.790029e+00 2.250528e+01 5.600000e+00
      vertex   -6.178493e+00 2.273815e+01 6.000000e+00
      vertex   -5.965710e+00 2.239907e+01 5.600000e+00
    endloop
  endfacet
  facet normal 4.286159e-01 -5.638345e-01 7.059597e-01
    outer loop
      vertex   -5.965710e+00 2.239907e+01 5.600000e+00
      vertex   -6.178493e+00 2.273815e+01 6.000000e+00
      vertex   -6.359511e+00 2.260054e+01 6.000000e+00
    endloop
  endfacet
  facet normal 4.352928e-01 -5.556102e-01 7.083908e-01
    outer loop
      vertex   -5.965710e+00 2.239907e+01 5.600000e+00
      vertex   -6.359511e+00 2.260054e+01 6.000000e+00
      vertex   -6.127309e+00 2.227247e+01 5.600000e+00
    endloop
  endfacet
  facet normal 4.875767e-01 -5.147285e-01 7.052117e-01
    outer loop
      vertex   -6.127309e+00 2.227247e+01 5.600000e+00
      vertex   -6.359511e+00 2.260054e+01 6.000000e+00
      vertex   -6.524591e+00 2.244417e+01 6.000000e+00
    endloop
  endfacet
  facet normal 4.985450e-01 -4.985450e-01 7.091585e-01
    outer loop
      vertex   -6.127309e+00 2.227247e+01 5.600000e+00
      vertex   -6.524591e+00 2.244417e+01 6.000000e+00
      vertex   -6.272468e+00 2.212731e+01 5.600000e+00
    endloop
  endfacet
  facet normal 5.407593e-01 -4.593251e-01 7.046984e-01
    outer loop
      vertex   -6.272468e+00 2.212731e+01 5.600000e+00
      vertex   -6.524591e+00 2.244417e+01 6.000000e+00
      vertex   -6.671795e+00 2.227087e+01 6.000000e+00
    endloop
  endfacet
  facet normal 5.546238e-01 -4.345200e-01 7.096372e-01
    outer loop
      vertex   -6.272468e+00 2.212731e+01 5.600000e+00
      vertex   -6.671795e+00 2.227087e+01 6.000000e+00
      vertex   -6.399073e+00 2.196571e+01 5.600000e+00
    endloop
  endfacet
  facet normal 5.874786e-01 -3.983204e-01 7.044216e-01
    outer loop
      vertex   -6.399073e+00 2.196571e+01 5.600000e+00
      vertex   -6.671795e+00 2.227087e+01 6.000000e+00
      vertex   -6.799400e+00 2.208266e+01 6.000000e+00
    endloop
  endfacet
  facet normal 6.027907e-01 -3.643997e-01 7.098283e-01
    outer loop
      vertex   -6.399073e+00 2.196571e+01 5.600000e+00
      vertex   -6.799400e+00 2.208266e+01 6.000000e+00
      vertex   -6.505275e+00 2.179003e+01 5.600000e+00
    endloop
  endfacet
  facet normal 6.271355e-01 -3.324862e-01 7.043820e-01
    outer loop
      vertex   -6.505275e+00 2.179003e+01 5.600000e+00
      vertex   -6.799400e+00 2.208266e+01 6.000000e+00
      vertex   -6.905908e+00 2.188177e+01 6.000000e+00
    endloop
  endfacet
  facet normal 6.424070e-01 -2.891239e-01 7.097328e-01
    outer loop
      vertex   -6.505275e+00 2.179003e+01 5.600000e+00
      vertex   -6.905908e+00 2.188177e+01 6.000000e+00
      vertex   -6.589528e+00 2.160283e+01 5.600000e+00
    endloop
  endfacet
  facet normal 6.592249e-01 -2.626592e-01 7.045798e-01
    outer loop
      vertex   -6.589528e+00 2.160283e+01 5.600000e+00
      vertex   -6.905908e+00 2.188177e+01 6.000000e+00
      vertex   -6.990072e+00 2.167053e+01 6.000000e+00
    endloop
  endfacet
  facet normal 6.729410e-01 -2.096969e-01 7.093501e-01
    outer loop
      vertex   -6.589528e+00 2.160283e+01 5.600000e+00
      vertex   -6.990072e+00 2.167053e+01 6.000000e+00
      vertex   -6.650601e+00 2.140684e+01 5.600000e+00
    endloop
  endfacet
  facet normal 6.833429e-01 -1.897292e-01 7.050144e-01
    outer loop
      vertex   -6.650601e+00 2.140684e+01 5.600000e+00
      vertex   -6.990072e+00 2.167053e+01 6.000000e+00
      vertex   -7.050903e+00 2.145144e+01 6.000000e+00
    endloop
  endfacet
  facet normal 6.939744e-01 -1.271755e-01 7.086790e-01
    outer loop
      vertex   -6.650601e+00 2.140684e+01 5.600000e+00
      vertex   -7.050903e+00 2.145144e+01 6.000000e+00
      vertex   -6.687605e+00 2.120491e+01 5.600000e+00
    endloop
  endfacet
  facet normal 6.991926e-01 -1.146268e-01 7.056844e-01
    outer loop
      vertex   -6.687605e+00 2.120491e+01 5.600000e+00
      vertex   -7.050903e+00 2.145144e+01 6.000000e+00
      vertex   -7.087690e+00 2.122705e+01 6.000000e+00
    endloop
  endfacet
  facet normal 7.052070e-01 -4.265717e-02 7.077170e-01
    outer loop
      vertex   -6.687605e+00 2.120491e+01 5.600000e+00
      vertex   -7.087690e+00 2.122705e+01 6.000000e+00
      vertex   -6.700000e+00 2.100000e+01 5.600000e+00
    endloop
  endfacet
  facet normal 7.065877e-01 -3.831007e-02 7.065877e-01
    outer loop
      vertex   -6.700000e+00 2.100000e+01 5.600000e+00
      vertex   -7.087690e+00 2.122705e+01 6.000000e+00
      vertex   -7.100000e+00 2.100000e+01 6.000000e+00
    endloop
  endfacet
  facet normal -7.071068e-01 5.543996e-13 7.071068e-01
    outer loop
      vertex   -3.300000e+00 1.300000e+01 5.600000e+00
      vertex   -2.900000e+00 1.300000e+01 6.000000e+00
      vertex   -3.300000e+00 2.100000e+01 5.600000e+00
    endloop
  endfacet
  facet normal -7.071068e-01 6.505641e-13 7.071068e-01
    outer loop
      vertex   -3.300000e+00 2.100000e+01 5.600000e+00
      vertex   -2.900000e+00 1.300000e+01 6.000000e+00
      vertex   -2.900000e+00 2.100000e+01 6.000000e+00
    endloop
  endfacet
  facet normal 7.065877e-01 3.831007e-02 7.065877e-01
    outer loop
      vertex   -7.100000e+00 1.300000e+01 6.000000e+00
      vertex   -7.087690e+00 1.277295e+01 6.000000e+00
      vertex   -6.700000e+00 1.300000e+01 5.600000e+00
    endloop
  endfacet
  facet normal 7.052070e-01 4.265717e-02 7.077170e-01
    outer loop
      vertex   -6.700000e+00 1.300000e+01 5.600000e+00
      vertex   -7.087690e+00 1.277295e+01 6.000000e+00
      vertex   -6.687605e+00 1.279509e+01 5.600000e+00
    endloop
  endfacet
  facet normal 6.991926e-01 1.146268e-01 7.056844e-01
    outer loop
      vertex   -6.687605e+00 1.279509e+01 5.600000e+00
      vertex   -7.087690e+00 1.277295e+01 6.000000e+00
      vertex   -7.050903e+00 1.254856e+01 6.000000e+00
    endloop
  endfacet
  facet normal 6.939744e-01 1.271755e-01 7.086790e-01
    outer loop
      vertex   -6.687605e+00 1.279509e+01 5.600000e+00
      vertex   -7.050903e+00 1.254856e+01 6.000000e+00
      vertex   -6.650601e+00 1.259316e+01 5.600000e+00
    endloop
  endfacet
  facet normal 6.833429e-01 1.897292e-01 7.050144e-01
    outer loop
      vertex   -6.650601e+00 1.259316e+01 5.600000e+00
      vertex   -7.050903e+00 1.254856e+01 6.000000e+00
      vertex   -6.990072e+00 1.232947e+01 6.000000e+00
    endloop
  endfacet
  facet normal 6.729410e-01 2.096969e-01 7.093501e-01
    outer loop
      vertex   -6.650601e+00 1.259316e+01 5.600000e+00
      vertex   -6.990072e+00 1.232947e+01 6.000000e+00
      vertex   -6.589528e+00 1.239717e+01 5.600000e+00
    endloop
  endfacet
  facet normal 6.592249e-01 2.626592e-01 7.045798e-01
    outer loop
      vertex   -6.589528e+00 1.239717e+01 5.600000e+00
      vertex   -6.990072e+00 1.232947e+01 6.000000e+00
      vertex   -6.905908e+00 1.211823e+01 6.000000e+00
    endloop
  endfacet
  facet normal 6.424070e-01 2.891239e-01 7.097328e-01
    outer loop
      vertex   -6.589528e+00 1.239717e+01 5.600000e+00
      vertex   -6.905908e+00 1.211823e+01 6.000000e+00
      vertex   -6.505275e+00 1.220997e+01 5.600000e+00
    endloop
  endfacet
  facet normal 6.271355e-01 3.324862e-01 7.043820e-01
    outer loop
      vertex   -6.505275e+00 1.220997e+01 5.600000e+00
      vertex   -6.905908e+00 1.211823e+01 6.000000e+00
      vertex   -6.799400e+00 1.191734e+01 6.000000e+00
    endloop
  endfacet
  facet normal 6.027907e-01 3.643997e-01 7.098283e-01
    outer loop
      vertex   -6.505275e+00 1.220997e+01 5.600000e+00
      vertex   -6.799400e+00 1.191734e+01 6.000000e+00
      vertex   -6.399073e+00 1.203429e+01 5.600000e+00
    endloop
  endfacet
  facet normal 5.874786e-01 3.983204e-01 7.044216e-01
    outer loop
      vertex   -6.399073e+00 1.203429e+01 5.600000e+00
      vertex   -6.799400e+00 1.191734e+01 6.000000e+00
      vertex   -6.671795e+00 1.172913e+01 6.000000e+00
    endloop
  endfacet
  facet normal 5.546238e-01 4.345200e-01 7.096372e-01
    outer loop
      vertex   -6.399073e+00 1.203429e+01 5.600000e+00
      vertex   -6.671795e+00 1.172913e+01 6.000000e+00
      vertex   -6.272468e+00 1.187269e+01 5.600000e+00
    endloop
  endfacet
  facet normal 5.407593e-01 4.593251e-01 7.046984e-01
    outer loop
      vertex   -6.272468e+00 1.187269e+01 5.600000e+00
      vertex   -6.671795e+00 1.172913e+01 6.000000e+00
      vertex   -6.524591e+00 1.155583e+01 6.000000e+00
    endloop
  endfacet
  facet normal 4.985450e-01 4.985450e-01 7.091585e-01
    outer loop
      vertex   -6.272468e+00 1.187269e+01 5.600000e+00
      vertex   -6.524591e+00 1.155583e+01 6.000000e+00
      vertex   -6.127309e+00 1.172753e+01 5.600000e+00
    endloop
  endfacet
  facet normal 4.875767e-01 5.147285e-01 7.052117e-01
    outer loop
      vertex   -6.127309e+00 1.172753e+01 5.600000e+00
      vertex   -6.524591e+00 1.155583e+01 6.000000e+00
      vertex   -6.359511e+00 1.139946e+01 6.000000e+00
    endloop
  endfacet
  facet normal 4.352928e-01 5.556102e-01 7.083908e-01
    outer loop
      vertex   -6.127309e+00 1.172753e+01 5.600000e+00
      vertex   -6.359511e+00 1.139946e+01 6.000000e+00
      vertex   -5.965710e+00 1.160093e+01 5.600000e+00
    endloop
  endfacet
  facet normal 4.286159e-01 5.638345e-01 7.059597e-01
    outer loop
      vertex   -5.965710e+00 1.160093e+01 5.600000e+00
      vertex   -6.359511e+00 1.139946e+01 6.000000e+00
      vertex   -6.178493e+00 1.126185e+01 6.000000e+00
    endloop
  endfacet
  facet normal 3.656969e-01 6.049366e-01 7.073312e-01
    outer loop
      vertex   -5.965710e+00 1.160093e+01 5.600000e+00
      vertex   -6.178493e+00 1.126185e+01 6.000000e+00
      vertex   -5.790029e+00 1.149472e+01 5.600000e+00
    endloop
  endfacet
  facet normal 3.646375e-01 6.060322e-01 7.069402e-01
    outer loop
      vertex   -5.790029e+00 1.149472e+01 5.600000e+00
      vertex   -6.178493e+00 1.126185e+01 6.000000e+00
      vertex   -5.983658e+00 1.114462e+01 6.000000e+00
    endloop
  endfacet
  facet normal 2.972612e-01 6.425196e-01 7.062608e-01
    outer loop
      vertex   -5.790029e+00 1.149472e+01 5.600000e+00
      vertex   -5.983658e+00 1.114462e+01 6.000000e+00
      vertex   -5.777290e+00 1.104915e+01 6.000000e+00
    endloop
  endfacet
  facet normal 2.898097e-01 6.439308e-01 7.080702e-01
    outer loop
      vertex   -5.790029e+00 1.149472e+01 5.600000e+00
      vertex   -5.777290e+00 1.104915e+01 6.000000e+00
      vertex   -5.602828e+00 1.141047e+01 5.600000e+00
    endloop
  endfacet
  facet normal 2.263128e-01 6.716725e-01 7.054350e-01
    outer loop
      vertex   -5.602828e+00 1.141047e+01 5.600000e+00
      vertex   -5.777290e+00 1.104915e+01 6.000000e+00
      vertex   -5.561810e+00 1.097655e+01 6.000000e+00
    endloop
  endfacet
  facet normal 2.098212e-01 6.733398e-01 7.089349e-01
    outer loop
      vertex   -5.602828e+00 1.141047e+01 5.600000e+00
      vertex   -5.561810e+00 1.097655e+01 6.000000e+00
      vertex   -5.406837e+00 1.134940e+01 5.600000e+00
    endloop
  endfacet
  facet normal 1.524921e-01 6.927785e-01 7.048433e-01
    outer loop
      vertex   -5.406837e+00 1.134940e+01 5.600000e+00
      vertex   -5.561810e+00 1.097655e+01 6.000000e+00
      vertex   -5.339742e+00 1.092766e+01 6.000000e+00
    endloop
  endfacet
  facet normal 1.270250e-01 6.931528e-01 7.095096e-01
    outer loop
      vertex   -5.406837e+00 1.134940e+01 5.600000e+00
      vertex   -5.339742e+00 1.092766e+01 6.000000e+00
      vertex   -5.204912e+00 1.131239e+01 5.600000e+00
    endloop
  endfacet
  facet normal 7.673384e-02 7.055560e-01 7.044875e-01
    outer loop
      vertex   -5.204912e+00 1.131239e+01 5.600000e+00
      vertex   -5.339742e+00 1.092766e+01 6.000000e+00
      vertex   -5.113692e+00 1.090308e+01 6.000000e+00
    endloop
  endfacet
  facet normal 4.253102e-02 7.031217e-01 7.097965e-01
    outer loop
      vertex   -5.204912e+00 1.131239e+01 5.600000e+00
      vertex   -5.113692e+00 1.090308e+01 6.000000e+00
      vertex   -5.000000e+00 1.130000e+01 5.600000e+00
    endloop
  endfacet
  facet normal 4.125865e-12 7.098342e-01 7.043688e-01
    outer loop
      vertex   -5.000000e+00 1.130000e+01 5.600000e+00
      vertex   -5.113692e+00 1.090308e+01 6.000000e+00
      vertex   -4.886308e+00 1.090308e+01 6.000000e+00
    endloop
  endfacet
  facet normal -4.253102e-02 7.031217e-01 7.097965e-01
    outer loop
      vertex   -5.000000e+00 1.130000e+01 5.600000e+00
      vertex   -4.886308e+00 1.090308e+01 6.000000e+00
      vertex   -4.795088e+00 1.131239e+01 5.600000e+00
    endloop
  endfacet
  facet normal -7.673384e-02 7.055560e-01 7.044875e-01
    outer loop
      vertex   -4.795088e+00 1.131239e+01 5.600000e+00
      vertex   -4.886308e+00 1.090308e+01 6.000000e+00
      vertex   -4.660258e+00 1.092766e+01 6.000000e+00
    endloop
  endfacet
  facet normal -1.270250e-01 6.931528e-01 7.095096e-01
    outer loop
      vertex   -4.795088e+00 1.131239e+01 5.600000e+00
      vertex   -4.660258e+00 1.092766e+01 6.000000e+00
      vertex   -4.593163e+00 1.134940e+01 5.600000e+00
    endloop
  endfacet
  facet normal -1.524921e-01 6.927785e-01 7.048433e-01
    outer loop
      vertex   -4.593163e+00 1.134940e+01 5.600000e+00
      vertex   -4.660258e+00 1.092766e+01 6.000000e+00
      vertex   -4.438190e+00 1.097655e+01 6.000000e+00
    endloop
  endfacet
  facet normal -2.098212e-01 6.733398e-01 7.089349e-01
    outer loop
      vertex   -4.593163e+00 1.134940e+01 5.600000e+00
      vertex   -4.438190e+00 1.097655e+01 6.000000e+00
      vertex   -4.397172e+00 1.141047e+01 5.600000e+00
    endloop
  endfacet
  facet normal -2.263128e-01 6.716725e-01 7.054350e-01
    outer loop
      vertex   -4.397172e+00 1.141047e+01 5.600000e+00
      vertex   -4.438190e+00 1.097655e+01 6.000000e+00
      vertex   -4.222710e+00 1.104915e+01 6.000000e+00
    endloop
  endfacet
  facet normal -2.898097e-01 6.439308e-01 7.080702e-01
    outer loop
      vertex   -4.397172e+00 1.141047e+01 5.600000e+00
      vertex   -4.222710e+00 1.104915e+01 6.000000e+00
      vertex   -4.209971e+00 1.149472e+01 5.600000e+00
    endloop
  endfacet
  facet normal -2.972612e-01 6.425196e-01 7.062608e-01
    outer loop
      vertex   -4.209971e+00 1.149472e+01 5.600000e+00
      vertex   -4.222710e+00 1.104915e+01 6.000000e+00
      vertex   -4.016342e+00 1.114462e+01 6.000000e+00
    endloop
  endfacet
  facet normal -3.646375e-01 6.060322e-01 7.069402e-01
    outer loop
      vertex   -4.209971e+00 1.149472e+01 5.600000e+00
      vertex   -4.016342e+00 1.114462e+01 6.000000e+00
      vertex   -3.821507e+00 1.126185e+01 6.000000e+00
    endloop
  endfacet
  facet normal -3.656969e-01 6.049366e-01 7.073312e-01
    outer loop
      vertex   -4.209971e+00 1.149472e+01 5.600000e+00
      vertex   -3.821507e+00 1.126185e+01 6.000000e+00
      vertex   -4.034290e+00 1.160093e+01 5.600000e+00
    endloop
  endfacet
  facet normal -4.286159e-01 5.638345e-01 7.059597e-01
    outer loop
      vertex   -4.034290e+00 1.160093e+01 5.600000e+00
      vertex   -3.821507e+00 1.126185e+01 6.000000e+00
      vertex   -3.640489e+00 1.139946e+01 6.000000e+00
    endloop
  endfacet
  facet normal -4.352928e-01 5.556102e-01 7.083908e-01
    outer loop
      vertex   -4.034290e+00 1.160093e+01 5.600000e+00
      vertex   -3.640489e+00 1.139946e+01 6.000000e+00
      vertex   -3.872691e+00 1.172753e+01 5.600000e+00
    endloop
  endfacet
  facet normal -4.875767e-01 5.147285e-01 7.052117e-01
    outer loop
      vertex   -3.872691e+00 1.172753e+01 5.600000e+00
      vertex   -3.640489e+00 1.139946e+01 6.000000e+00
      vertex   -3.475409e+00 1.155583e+01 6.000000e+00
    endloop
  endfacet
  facet normal -4.985450e-01 4.985450e-01 7.091585e-01
    outer loop
      vertex   -3.872691e+00 1.172753e+01 5.600000e+00
      vertex   -3.475409e+00 1.155583e+01 6.000000e+00
      vertex   -3.727532e+00 1.187269e+01 5.600000e+00
    endloop
  endfacet
  facet normal -5.407593e-01 4.593251e-01 7.046984e-01
    outer loop
      vertex   -3.727532e+00 1.187269e+01 5.600000e+00
      vertex   -3.475409e+00 1.155583e+01 6.000000e+00
      vertex   -3.328205e+00 1.172913e+01 6.000000e+00
    endloop
  endfacet
  facet normal -5.546238e-01 4.345200e-01 7.096372e-01
    outer loop
      vertex   -3.727532e+00 1.187269e+01 5.600000e+00
      vertex   -3.328205e+00 1.172913e+01 6.000000e+00
      vertex   -3.600927e+00 1.203429e+01 5.600000e+00
    endloop
  endfacet
  facet normal -5.874786e-01 3.983204e-01 7.044216e-01
    outer loop
      vertex   -3.600927e+00 1.203429e+01 5.600000e+00
      vertex   -3.328205e+00 1.172913e+01 6.000000e+00
      vertex   -3.200600e+00 1.191734e+01 6.000000e+00
    endloop
  endfacet
  facet normal -6.027907e-01 3.643997e-01 7.098283e-01
    outer loop
      vertex   -3.600927e+00 1.203429e+01 5.600000e+00
      vertex   -3.200600e+00 1.191734e+01 6.000000e+00
      vertex   -3.494725e+00 1.220997e+01 5.600000e+00
    endloop
  endfacet
  facet normal -6.271355e-01 3.324862e-01 7.043820e-01
    outer loop
      vertex   -3.494725e+00 1.220997e+01 5.600000e+00
      vertex   -3.200600e+00 1.191734e+01 6.000000e+00
      vertex   -3.094092e+00 1.211823e+01 6.000000e+00
    endloop
  endfacet
  facet normal -6.424070e-01 2.891239e-01 7.097328e-01
    outer loop
      vertex   -3.494725e+00 1.220997e+01 5.600000e+00
      vertex   -3.094092e+00 1.211823e+01 6.000000e+00
      vertex   -3.410472e+00 1.239717e+01 5.600000e+00
    endloop
  endfacet
  facet normal -6.592249e-01 2.626592e-01 7.045798e-01
    outer loop
      vertex   -3.410472e+00 1.239717e+01 5.600000e+00
      vertex   -3.094092e+00 1.211823e+01 6.000000e+00
      vertex   -3.009928e+00 1.232947e+01 6.000000e+00
    endloop
  endfacet
  facet normal -6.729410e-01 2.096969e-01 7.093501e-01
    outer loop
      vertex   -3.410472e+00 1.239717e+01 5.600000e+00
      vertex   -3.009928e+00 1.232947e+01 6.000000e+00
      vertex   -3.349399e+00 1.259316e+01 5.600000e+00
    endloop
  endfacet
  facet normal -6.833429e-01 1.897292e-01 7.050144e-01
    outer loop
      vertex   -3.349399e+00 1.259316e+01 5.600000e+00
      vertex   -3.009928e+00 1.232947e+01 6.000000e+00
      vertex   -2.949097e+00 1.254856e+01 6.000000e+00
    endloop
  endfacet
  facet normal -6.939744e-01 1.271755e-01 7.086790e-01
    outer loop
      vertex   -3.349399e+00 1.259316e+01 5.600000e+00
      vertex   -2.949097e+00 1.254856e+01 6.000000e+00
      vertex   -3.312395e+00 1.279509e+01 5.600000e+00
    endloop
  endfacet
  facet normal -6.991926e-01 1.146268e-01 7.056844e-01
    outer loop
      vertex   -3.312395e+00 1.279509e+01 5.600000e+00
      vertex   -2.949097e+00 1.254856e+01 6.000000e+00
      vertex   -2.912310e+00 1.277295e+01 6.000000e+00
    endloop
  endfacet
  facet normal -7.052070e-01 4.265717e-02 7.077170e-01
    outer loop
      vertex   -3.312395e+00 1.279509e+01 5.600000e+00
      vertex   -2.912310e+00 1.277295e+01 6.000000e+00
      vertex   -3.300000e+00 1.300000e+01 5.600000e+00
    endloop
  endfacet
  facet normal -7.065877e-01 3.831007e-02 7.065877e-01
    outer loop
      vertex   -3.300000e+00 1.300000e+01 5.600000e+00
      vertex   -2.912310e+00 1.277295e+01 6.000000e+00
      vertex   -2.900000e+00 1.300000e+01 6.000000e+00
    endloop
  endfacet
  facet normal 7.071068e-01 8.852181e-13 7.071068e-01
    outer loop
      vertex   -6.700000e+00 2.100000e+01 5.600000e+00
      vertex   -7.100000e+00 2.100000e+01 6.000000e+00
      vertex   -6.700000e+00 1.300000e+01 5.600000e+00
    endloop
  endfacet
  facet normal 7.071068e-01 8.597851e-13 7.071068e-01
    outer loop
      vertex   -6.700000e+00 1.300000e+01 5.600000e+00
      vertex   -7.100000e+00 2.100000e+01 6.000000e+00
      vertex   -7.100000e+00 1.300000e+01 6.000000e+00
    endloop
  endfacet
  facet normal -1.000000e+00 7.840395e-13 0.000000e+00
    outer loop
      vertex   -3.300000e+00 1.300000e+01 5.600000e+00
      vertex   -3.300000e+00 2.100000e+01 5.600000e+00
      vertex   -3.300000e+00 1.300000e+01 3.200000e+00
    endloop
  endfacet
  facet normal -1.000000e+00 7.840395e-13 0.000000e+00
    outer loop
      vertex   -3.300000e+00 1.300000e+01 3.200000e+00
      vertex   -3.300000e+00 2.100000e+01 5.600000e+00
      vertex   -3.300000e+00 2.100000e+01 3.200000e+00
    endloop
  endfacet
  facet normal -9.981756e-01 -6.037850e-02 0.000000e+00
    outer loop
      vertex   -3.300000e+00 2.100000e+01 3.200000e+00
      vertex   -3.300000e+00 2.100000e+01 5.600000e+00
      vertex   -3.312395e+00 2.120491e+01 3.200000e+00
    endloop
  endfacet
  facet normal -9.981756e-01 -6.037850e-02 8.937813e-17
    outer loop
      vertex   -3.312395e+00 2.120491e+01 3.200000e+00
      vertex   -3.300000e+00 2.100000e+01 5.600000e+00
      vertex   -3.312395e+00 2.120491e+01 5.600000e+00
    endloop
  endfacet
  facet normal -9.836199e-01 -1.802550e-01 2.668311e-16
    outer loop
      vertex   -3.312395e+00 2.120491e+01 3.200000e+00
      vertex   -3.312395e+00 2.120491e+01 5.600000e+00
      vertex   -3.349399e+00 2.140684e+01 3.200000e+00
    endloop
  endfacet
  facet normal -9.836199e-01 -1.802550e-01 1.820062e-16
    outer loop
      vertex   -3.349399e+00 2.140684e+01 3.200000e+00
      vertex   -3.312395e+00 2.120491e+01 5.600000e+00
      vertex   -3.349399e+00 2.140684e+01 5.600000e+00
    endloop
  endfacet
  facet normal -9.547209e-01 -2.975031e-01 1.766588e-16
    outer loop
      vertex   -3.349399e+00 2.140684e+01 3.200000e+00
      vertex   -3.349399e+00 2.140684e+01 5.600000e+00
      vertex   -3.410472e+00 2.160283e+01 3.200000e+00
    endloop
  endfacet
  facet normal -9.547209e-01 -2.975031e-01 -1.766588e-16
    outer loop
      vertex   -3.410472e+00 2.160283e+01 3.200000e+00
      vertex   -3.349399e+00 2.140684e+01 5.600000e+00
      vertex   -3.410472e+00 2.160283e+01 5.600000e+00
    endloop
  endfacet
  facet normal -9.118998e-01 -4.104128e-01 -1.687354e-16
    outer loop
      vertex   -3.410472e+00 2.160283e+01 3.200000e+00
      vertex   -3.410472e+00 2.160283e+01 5.600000e+00
      vertex   -3.494725e+00 2.179003e+01 3.200000e+00
    endloop
  endfacet
  facet normal -9.118998e-01 -4.104128e-01 6.075330e-16
    outer loop
      vertex   -3.494725e+00 2.179003e+01 3.200000e+00
      vertex   -3.410472e+00 2.160283e+01 5.600000e+00
      vertex   -3.494725e+00 2.179003e+01 5.600000e+00
    endloop
  endfacet
  facet normal -8.557813e-01 -5.173378e-01 7.658138e-16
    outer loop
      vertex   -3.494725e+00 2.179003e+01 3.200000e+00
      vertex   -3.494725e+00 2.179003e+01 5.600000e+00
      vertex   -3.600927e+00 2.196571e+01 3.200000e+00
    endloop
  endfacet
  facet normal -8.557813e-01 -5.173378e-01 3.167027e-16
    outer loop
      vertex   -3.600927e+00 2.196571e+01 3.200000e+00
      vertex   -3.494725e+00 2.179003e+01 5.600000e+00
      vertex   -3.600927e+00 2.196571e+01 5.600000e+00
    endloop
  endfacet
  facet normal -7.871835e-01 -6.167189e-01 2.913164e-16
    outer loop
      vertex   -3.600927e+00 2.196571e+01 3.200000e+00
      vertex   -3.600927e+00 2.196571e+01 5.600000e+00
      vertex   -3.727532e+00 2.212731e+01 3.200000e+00
    endloop
  endfacet
  facet normal -7.871835e-01 -6.167189e-01 0.000000e+00
    outer loop
      vertex   -3.727532e+00 2.212731e+01 3.200000e+00
      vertex   -3.600927e+00 2.196571e+01 5.600000e+00
      vertex   -3.727532e+00 2.212731e+01 5.600000e+00
    endloop
  endfacet
  facet normal -7.071068e-01 -7.071068e-01 0.000000e+00
    outer loop
      vertex   -3.727532e+00 2.212731e+01 3.200000e+00
      vertex   -3.727532e+00 2.212731e+01 5.600000e+00
      vertex   -3.872691e+00 2.227247e+01 3.200000e+00
    endloop
  endfacet
  facet normal -7.071068e-01 -7.071068e-01 0.000000e+00
    outer loop
      vertex   -3.872691e+00 2.227247e+01 3.200000e+00
      vertex   -3.727532e+00 2.212731e+01 5.600000e+00
      vertex   -3.872691e+00 2.227247e+01 5.600000e+00
    endloop
  endfacet
  facet normal -6.167189e-01 -7.871835e-01 0.000000e+00
    outer loop
      vertex   -3.872691e+00 2.227247e+01 3.200000e+00
      vertex   -3.872691e+00 2.227247e+01 5.600000e+00
      vertex   -4.034290e+00 2.239907e+01 3.200000e+00
    endloop
  endfacet
  facet normal -6.167189e-01 -7.871835e-01 0.000000e+00
    outer loop
      vertex   -4.034290e+00 2.239907e+01 3.200000e+00
      vertex   -3.872691e+00 2.227247e+01 5.600000e+00
      vertex   -4.034290e+00 2.239907e+01 5.600000e+00
    endloop
  endfacet
  facet normal -5.173378e-01 -8.557813e-01 0.000000e+00
    outer loop
      vertex   -4.034290e+00 2.239907e+01 3.200000e+00
      vertex   -4.034290e+00 2.239907e+01 5.600000e+00
      vertex   -4.209971e+00 2.250528e+01 3.200000e+00
    endloop
  endfacet
  facet normal -5.173378e-01 -8.557813e-01 -1.914535e-16
    outer loop
      vertex   -4.209971e+00 2.250528e+01 3.200000e+00
      vertex   -4.034290e+00 2.239907e+01 5.600000e+00
      vertex   -4.209971e+00 2.250528e+01 5.600000e+00
    endloop
  endfacet
  facet normal -4.104128e-01 -9.118998e-01 -1.518832e-16
    outer loop
      vertex   -4.209971e+00 2.250528e+01 3.200000e+00
      vertex   -4.209971e+00 2.250528e+01 5.600000e+00
      vertex   -4.397172e+00 2.258953e+01 3.200000e+00
    endloop
  endfacet
  facet normal -4.104128e-01 -9.118998e-01 -1.518832e-16
    outer loop
      vertex   -4.397172e+00 2.258953e+01 3.200000e+00
      vertex   -4.209971e+00 2.250528e+01 5.600000e+00
      vertex   -4.397172e+00 2.258953e+01 5.600000e+00
    endloop
  endfacet
  facet normal -2.975031e-01 -9.547209e-01 -1.100982e-16
    outer loop
      vertex   -4.397172e+00 2.258953e+01 3.200000e+00
      vertex   -4.397172e+00 2.258953e+01 5.600000e+00
      vertex   -4.593163e+00 2.265060e+01 3.200000e+00
    endloop
  endfacet
  facet normal -2.975031e-01 -9.547209e-01 0.000000e+00
    outer loop
      vertex   -4.593163e+00 2.265060e+01 3.200000e+00
      vertex   -4.397172e+00 2.258953e+01 5.600000e+00
      vertex   -4.593163e+00 2.265060e+01 5.600000e+00
    endloop
  endfacet
  facet normal -1.802550e-01 -9.836199e-01 0.000000e+00
    outer loop
      vertex   -4.593163e+00 2.265060e+01 3.200000e+00
      vertex   -4.593163e+00 2.265060e+01 5.600000e+00
      vertex   -4.795088e+00 2.268761e+01 3.200000e+00
    endloop
  endfacet
  facet normal -1.802550e-01 -9.836199e-01 -6.670776e-17
    outer loop
      vertex   -4.795088e+00 2.268761e+01 3.200000e+00
      vertex   -4.593163e+00 2.265060e+01 5.600000e+00
      vertex   -4.795088e+00 2.268761e+01 5.600000e+00
    endloop
  endfacet
  facet normal -6.037850e-02 -9.981756e-01 -2.234453e-17
    outer loop
      vertex   -4.795088e+00 2.268761e+01 3.200000e+00
      vertex   -4.795088e+00 2.268761e+01 5.600000e+00
      vertex   -5.000000e+00 2.270000e+01 3.200000e+00
    endloop
  endfacet
  facet normal -6.037850e-02 -9.981756e-01 -4.468907e-17
    outer loop
      vertex   -5.000000e+00 2.270000e+01 3.200000e+00
      vertex   -4.795088e+00 2.268761e+01 5.600000e+00
      vertex   -5.000000e+00 2.270000e+01 5.600000e+00
    endloop
  endfacet
  facet normal 6.037850e-02 -9.981756e-01 4.468907e-17
    outer loop
      vertex   -5.000000e+00 2.270000e+01 3.200000e+00
      vertex   -5.000000e+00 2.270000e+01 5.600000e+00
      vertex   -5.204912e+00 2.268761e+01 3.200000e+00
    endloop
  endfacet
  facet normal 6.037850e-02 -9.981756e-01 0.000000e+00
    outer loop
      vertex   -5.204912e+00 2.268761e+01 3.200000e+00
      vertex   -5.000000e+00 2.270000e+01 5.600000e+00
      vertex   -5.204912e+00 2.268761e+01 5.600000e+00
    endloop
  endfacet
  facet normal 1.802550e-01 -9.836199e-01 0.000000e+00
    outer loop
      vertex   -5.204912e+00 2.268761e+01 3.200000e+00
      vertex   -5.204912e+00 2.268761e+01 5.600000e+00
      vertex   -5.406837e+00 2.265060e+01 3.200000e+00
    endloop
  endfacet
  facet normal 1.802550e-01 -9.836199e-01 6.670776e-17
    outer loop
      vertex   -5.406837e+00 2.265060e+01 3.200000e+00
      vertex   -5.204912e+00 2.268761e+01 5.600000e+00
      vertex   -5.406837e+00 2.265060e+01 5.600000e+00
    endloop
  endfacet
  facet normal 2.975031e-01 -9.547209e-01 1.100982e-16
    outer loop
      vertex   -5.406837e+00 2.265060e+01 3.200000e+00
      vertex   -5.406837e+00 2.265060e+01 5.600000e+00
      vertex   -5.602828e+00 2.258953e+01 3.200000e+00
    endloop
  endfacet
  facet normal 2.975031e-01 -9.547209e-01 1.100982e-16
    outer loop
      vertex   -5.602828e+00 2.258953e+01 3.200000e+00
      vertex   -5.406837e+00 2.265060e+01 5.600000e+00
      vertex   -5.602828e+00 2.258953e+01 5.600000e+00
    endloop
  endfacet
  facet normal 4.104128e-01 -9.118998e-01 1.518832e-16
    outer loop
      vertex   -5.602828e+00 2.258953e+01 3.200000e+00
      vertex   -5.602828e+00 2.258953e+01 5.600000e+00
      vertex   -5.790029e+00 2.250528e+01 3.200000e+00
    endloop
  endfacet
  facet normal 4.104128e-01 -9.118998e-01 0.000000e+00
    outer loop
      vertex   -5.790029e+00 2.250528e+01 3.200000e+00
      vertex   -5.602828e+00 2.258953e+01 5.600000e+00
      vertex   -5.790029e+00 2.250528e+01 5.600000e+00
    endloop
  endfacet
  facet normal 5.173378e-01 -8.557813e-01 0.000000e+00
    outer loop
      vertex   -5.790029e+00 2.250528e+01 3.200000e+00
      vertex   -5.790029e+00 2.250528e+01 5.600000e+00
      vertex   -5.965710e+00 2.239907e+01 3.200000e+00
    endloop
  endfacet
  facet normal 5.173378e-01 -8.557813e-01 0.000000e+00
    outer loop
      vertex   -5.965710e+00 2.239907e+01 3.200000e+00
      vertex   -5.790029e+00 2.250528e+01 5.600000e+00
      vertex   -5.965710e+00 2.239907e+01 5.600000e+00
    endloop
  endfacet
  facet normal 6.167189e-01 -7.871835e-01 0.000000e+00
    outer loop
      vertex   -5.965710e+00 2.239907e+01 3.200000e+00
      vertex   -5.965710e+00 2.239907e+01 5.600000e+00
      vertex   -6.127309e+00 2.227247e+01 3.200000e+00
    endloop
  endfacet
  facet normal 6.167189e-01 -7.871835e-01 0.000000e+00
    outer loop
      vertex   -6.127309e+00 2.227247e+01 3.200000e+00
      vertex   -5.965710e+00 2.239907e+01 5.600000e+00
      vertex   -6.127309e+00 2.227247e+01 5.600000e+00
    endloop
  endfacet
  facet normal 7.071068e-01 -7.071068e-01 0.000000e+00
    outer loop
      vertex   -6.127309e+00 2.227247e+01 3.200000e+00
      vertex   -6.127309e+00 2.227247e+01 5.600000e+00
      vertex   -6.272468e+00 2.212731e+01 3.200000e+00
    endloop
  endfacet
  facet normal 7.071068e-01 -7.071068e-01 0.000000e+00
    outer loop
      vertex   -6.272468e+00 2.212731e+01 3.200000e+00
      vertex   -6.127309e+00 2.227247e+01 5.600000e+00
      vertex   -6.272468e+00 2.212731e+01 5.600000e+00
    endloop
  endfacet
  facet normal 7.871835e-01 -6.167189e-01 0.000000e+00
    outer loop
      vertex   -6.272468e+00 2.212731e+01 3.200000e+00
      vertex   -6.272468e+00 2.212731e+01 5.600000e+00
      vertex   -6.399073e+00 2.196571e+01 3.200000e+00
    endloop
  endfacet
  facet normal 7.871835e-01 -6.167189e-01 2.913164e-16
    outer loop
      vertex   -6.399073e+00 2.196571e+01 3.200000e+00
      vertex   -6.272468e+00 2.212731e+01 5.600000e+00
      vertex   -6.399073e+00 2.196571e+01 5.600000e+00
    endloop
  endfacet
  facet normal 8.557813e-01 -5.173378e-01 3.167027e-16
    outer loop
      vertex   -6.399073e+00 2.196571e+01 3.200000e+00
      vertex   -6.399073e+00 2.196571e+01 5.600000e+00
      vertex   -6.505275e+00 2.179003e+01 3.200000e+00
    endloop
  endfacet
  facet normal 8.557813e-01 -5.173378e-01 -7.658138e-16
    outer loop
      vertex   -6.505275e+00 2.179003e+01 3.200000e+00
      vertex   -6.399073e+00 2.196571e+01 5.600000e+00
      vertex   -6.505275e+00 2.179003e+01 5.600000e+00
    endloop
  endfacet
  facet normal 9.118998e-01 -4.104128e-01 -6.075330e-16
    outer loop
      vertex   -6.505275e+00 2.179003e+01 3.200000e+00
      vertex   -6.505275e+00 2.179003e+01 5.600000e+00
      vertex   -6.589528e+00 2.160283e+01 3.200000e+00
    endloop
  endfacet
  facet normal 9.118998e-01 -4.104128e-01 0.000000e+00
    outer loop
      vertex   -6.589528e+00 2.160283e+01 3.200000e+00
      vertex   -6.505275e+00 2.179003e+01 5.600000e+00
      vertex   -6.589528e+00 2.160283e+01 5.600000e+00
    endloop
  endfacet
  facet normal 9.547209e-01 -2.975031e-01 0.000000e+00
    outer loop
      vertex   -6.589528e+00 2.160283e+01 3.200000e+00
      vertex   -6.589528e+00 2.160283e+01 5.600000e+00
      vertex   -6.650601e+00 2.140684e+01 3.200000e+00
    endloop
  endfacet
  facet normal 9.547209e-01 -2.975031e-01 3.533177e-16
    outer loop
      vertex   -6.650601e+00 2.140684e+01 3.200000e+00
      vertex   -6.589528e+00 2.160283e+01 5.600000e+00
      vertex   -6.650601e+00 2.140684e+01 5.600000e+00
    endloop
  endfacet
  facet normal 9.836199e-01 -1.802550e-01 3.640125e-16
    outer loop
      vertex   -6.650601e+00 2.140684e+01 3.200000e+00
      vertex   -6.650601e+00 2.140684e+01 5.600000e+00
      vertex   -6.687605e+00 2.120491e+01 3.200000e+00
    endloop
  endfacet
  facet normal 9.836199e-01 -1.802550e-01 3.640125e-16
    outer loop
      vertex   -6.687605e+00 2.120491e+01 3.200000e+00
      vertex   -6.650601e+00 2.140684e+01 5.600000e+00
      vertex   -6.687605e+00 2.120491e+01 5.600000e+00
    endloop
  endfacet
  facet normal 9.981756e-01 -6.037850e-02 3.693992e-16
    outer loop
      vertex   -6.687605e+00 2.120491e+01 3.200000e+00
      vertex   -6.687605e+00 2.120491e+01 5.600000e+00
      vertex   -6.700000e+00 2.100000e+01 3.200000e+00
    endloop
  endfacet
  facet normal 9.981756e-01 -6.037850e-02 0.000000e+00
    outer loop
      vertex   -6.700000e+00 2.100000e+01 3.200000e+00
      vertex   -6.687605e+00 2.120491e+01 5.600000e+00
      vertex   -6.700000e+00 2.100000e+01 5.600000e+00
    endloop
  endfacet
  facet normal -7.071068e-01 -2.340425e-16 7.071068e-01
    outer loop
      vertex   -9.600000e+00 -2.683431e+01 6.000000e+00
      vertex   -9.600000e+00 2.683431e+01 6.000000e+00
      vertex   -1.000000e+01 -2.700000e+01 5.600000e+00
    endloop
  endfacet
  facet normal -7.071068e-01 -1.860850e-16 7.071068e-01
    outer loop
      vertex   -1.000000e+01 -2.700000e+01 5.600000e+00
      vertex   -9.600000e+00 2.683431e+01 6.000000e+00
      vertex   -1.000000e+01 2.700000e+01 5.600000e+00
    endloop
  endfacet
  facet normal -5.000000e-01 5.000000e-01 7.071068e-01
    outer loop
      vertex   -6.834315e+00 2.960000e+01 6.000000e+00
      vertex   -7.000000e+00 3.000000e+01 5.600000e+00
      vertex   -9.600000e+00 2.683431e+01 6.000000e+00
    endloop
  endfacet
  facet normal -5.000000e-01 5.000000e-01 7.071068e-01
    outer loop
      vertex   -9.600000e+00 2.683431e+01 6.000000e+00
      vertex   -7.000000e+00 3.000000e+01 5.600000e+00
      vertex   -1.000000e+01 2.700000e+01 5.600000e+00
    endloop
  endfacet
  facet normal -0.000000e+00 7.071068e-01 7.071068e-01
    outer loop
      vertex   -6.834315e+00 2.960000e+01 6.000000e+00
      vertex   6.834315e+00 2.960000e+01 6.000000e+00
      vertex   -7.000000e+00 3.000000e+01 5.600000e+00
    endloop
  endfacet
  facet normal -0.000000e+00 7.071068e-01 7.071068e-01
    outer loop
      vertex   -7.000000e+00 3.000000e+01 5.600000e+00
      vertex   6.834315e+00 2.960000e+01 6.000000e+00
      vertex   7.000000e+00 3.000000e+01 5.600000e+00
    endloop
  endfacet
  facet normal 5.000000e-01 5.000000e-01 7.071068e-01
    outer loop
      vertex   6.834315e+00 2.960000e+01 6.000000e+00
      vertex   9.600000e+00 2.683431e+01 6.000000e+00
      vertex   7.000000e+00 3.000000e+01 5.600000e+00
    endloop
  endfacet
  facet normal 5.000000e-01 5.000000e-01 7.071068e-01
    outer loop
      vertex   7.000000e+00 3.000000e+01 5.600000e+00
      vertex   9.600000e+00 2.683431e+01 6.000000e+00
      vertex   1.000000e+01 2.700000e+01 5.600000e+00
    endloop
  endfacet
  facet normal 7.071068e-01 -0.000000e+00 7.071068e-01
    outer loop
      vertex   9.600000e+00 -2.683431e+01 6.000000e+00
      vertex   1.000000e+01 -2.700000e+01 5.600000e+00
      vertex   9.600000e+00 2.683431e+01 6.000000e+00
    endloop
  endfacet
  facet normal 7.071068e-01 0.000000e+00 7.071068e-01
    outer loop
      vertex   9.600000e+00 2.683431e+01 6.000000e+00
      vertex   1.000000e+01 -2.700000e+01 5.600000e+00
      vertex   1.000000e+01 2.700000e+01 5.600000e+00
    endloop
  endfacet
  facet normal 5.000000e-01 -5.000000e-01 7.071068e-01
    outer loop
      vertex   1.000000e+01 -2.700000e+01 5.600000e+00
      vertex   9.600000e+00 -2.683431e+01 6.000000e+00
      vertex   7.000000e+00 -3.000000e+01 5.600000e+00
    endloop
  endfacet
  facet normal 5.000000e-01 -5.000000e-01 7.071068e-01
    outer loop
      vertex   7.000000e+00 -3.000000e+01 5.600000e+00
      vertex   9.600000e+00 -2.683431e+01 6.000000e+00
      vertex   6.834315e+00 -2.960000e+01 6.000000e+00
    endloop
  endfacet
  facet normal 1.794391e-16 -7.071068e-01 7.071068e-01
    outer loop
      vertex   -7.000000e+00 -3.000000e+01 5.600000e+00
      vertex   7.000000e+00 -3.000000e+01 5.600000e+00
      vertex   -6.834315e+00 -2.960000e+01 6.000000e+00
    endloop
  endfacet
  facet normal 1.837893e-16 -7.071068e-01 7.071068e-01
    outer loop
      vertex   -6.834315e+00 -2.960000e+01 6.000000e+00
      vertex   7.000000e+00 -3.000000e+01 5.600000e+00
      vertex   6.834315e+00 -2.960000e+01 6.000000e+00
    endloop
  endfacet
  facet normal -5.000000e-01 -5.000000e-01 7.071068e-01
    outer loop
      vertex   -1.000000e+01 -2.700000e+01 5.600000e+00
      vertex   -7.000000e+00 -3.000000e+01 5.600000e+00
      vertex   -9.600000e+00 -2.683431e+01 6.000000e+00
    endloop
  endfacet
  facet normal -5.000000e-01 -5.000000e-01 7.071068e-01
    outer loop
      vertex   -9.600000e+00 -2.683431e+01 6.000000e+00
      vertex   -7.000000e+00 -3.000000e+01 5.600000e+00
      vertex   -6.834315e+00 -2.960000e+01 6.000000e+00
    endloop
  endfacet
  facet normal -1.000000e+00 -2.631640e-16 0.000000e+00
    outer loop
      vertex   -1.000000e+01 2.700000e+01 4.000000e-01
      vertex   -1.000000e+01 -2.700000e+01 4.000000e-01
      vertex   -1.000000e+01 2.700000e+01 5.600000e+00
    endloop
  endfacet
  facet normal -1.000000e+00 -2.631640e-16 0.000000e+00
    outer loop
      vertex   -1.000000e+01 2.700000e+01 5.600000e+00
      vertex   -1.000000e+01 -2.700000e+01 4.000000e-01
      vertex   -1.000000e+01 -2.700000e+01 5.600000e+00
    endloop
  endfacet
  facet normal 0.000000e+00 -0.000000e+00 1.000000e+00
    outer loop
      vertex   3.312395e+00 -2.020491e+01 3.200000e+00
      vertex   6.687605e+00 -2.020491e+01 3.200000e+00
      vertex   3.300000e+00 -2.000000e+01 3.200000e+00
    endloop
  endfacet
  facet normal -0.000000e+00 0.000000e+00 1.000000e+00
    outer loop
      vertex   3.300000e+00 -2.000000e+01 3.200000e+00
      vertex   6.687605e+00 -2.020491e+01 3.200000e+00
      vertex   6.700000e+00 -2.000000e+01 3.200000e+00
    endloop
  endfacet
  facet normal 0.000000e+00 0.000000e+00 1.000000e+00
    outer loop
      vertex   3.300000e+00 -2.000000e+01 3.200000e+00
      vertex   6.700000e+00 -2.000000e+01 3.200000e+00
      vertex   3.312395e+00 -1.979509e+01 3.200000e+00
    endloop
  endfacet
  facet normal -0.000000e+00 0.000000e+00 1.000000e+00
    outer loop
      vertex   3.312395e+00 -1.979509e+01 3.200000e+00
      vertex   6.700000e+00 -2.000000e+01 3.200000e+00
      vertex   6.687605e+00 -1.979509e+01 3.200000e+00
    endloop
  endfacet
  facet normal 0.000000e+00 0.000000e+00 1.000000e+00
    outer loop
      vertex   3.312395e+00 -1.979509e+01 3.200000e+00
      vertex   6.687605e+00 -1.979509e+01 3.200000e+00
      vertex   3.349399e+00 -1.959316e+01 3.200000e+00
    endloop
  endfacet
  facet normal -0.000000e+00 0.000000e+00 1.000000e+00
    outer loop
      vertex   3.349399e+00 -1.959316e+01 3.200000e+00
      vertex   6.687605e+00 -1.979509e+01 3.200000e+00
      vertex   6.650601e+00 -1.959316e+01 3.200000e+00
    endloop
  endfacet
  facet normal 0.000000e+00 0.000000e+00 1.000000e+00
    outer loop
      vertex   3.349399e+00 -1.959316e+01 3.200000e+00
      vertex   6.650601e+00 -1.959316e+01 3.200000e+00
      vertex   3.410472e+00 -1.939717e+01 3.200000e+00
    endloop
  endfacet
  facet normal -0.000000e+00 0.000000e+00 1.000000e+00
    outer loop
      vertex   3.410472e+00 -1.939717e+01 3.200000e+00
      vertex   6.650601e+00 -1.959316e+01 3.200000e+00
      vertex   6.589528e+00 -1.939717e+01 3.200000e+00
    endloop
  endfacet
  facet normal 0.000000e+00 0.000000e+00 1.000000e+00
    outer loop
      vertex   3.410472e+00 -1.939717e+01 3.200000e+00
      vertex   6.589528e+00 -1.939717e+01 3.200000e+00
      vertex   3.494725e+00 -1.920997e+01 3.200000e+00
    endloop
  endfacet
  facet normal -0.000000e+00 0.000000e+00 1.000000e+00
    outer loop
      vertex   3.494725e+00 -1.920997e+01 3.200000e+00
      vertex   6.589528e+00 -1.939717e+01 3.200000e+00
      vertex   6.505275e+00 -1.920997e+01 3.200000e+00
    endloop
  endfacet
  facet normal 0.000000e+00 0.000000e+00 1.000000e+00
    outer loop
      vertex   3.494725e+00 -1.920997e+01 3.200000e+00
      vertex   6.505275e+00 -1.920997e+01 3.200000e+00
      vertex   3.600927e+00 -1.903429e+01 3.200000e+00
    endloop
  endfacet
  facet normal -0.000000e+00 0.000000e+00 1.000000e+00
    outer loop
      vertex   3.600927e+00 -1.903429e+01 3.200000e+00
      vertex   6.505275e+00 -1.920997e+01 3.200000e+00
      vertex   6.399073e+00 -1.903429e+01 3.200000e+00
    endloop
  endfacet
  facet normal 0.000000e+00 0.000000e+00 1.000000e+00
    outer loop
      vertex   3.600927e+00 -1.903429e+01 3.200000e+00
      vertex   6.399073e+00 -1.903429e+01 3.200000e+00
      vertex   3.727532e+00 -1.887269e+01 3.200000e+00
    endloop
  endfacet
  facet normal -0.000000e+00 0.000000e+00 1.000000e+00
    outer loop
      vertex   3.727532e+00 -1.887269e+01 3.200000e+00
      vertex   6.399073e+00 -1.903429e+01 3.200000e+00
      vertex   6.272468e+00 -1.887269e+01 3.200000e+00
    endloop
  endfacet
  facet normal 0.000000e+00 0.000000e+00 1.000000e+00
    outer loop
      vertex   3.727532e+00 -1.887269e+01 3.200000e+00
      vertex   6.272468e+00 -1.887269e+01 3.200000e+00
      vertex   3.872691e+00 -1.872753e+01 3.200000e+00
    endloop
  endfacet
  facet normal -0.000000e+00 0.000000e+00 1.000000e+00
    outer loop
      vertex   3.872691e+00 -1.872753e+01 3.200000e+00
      vertex   6.272468e+00 -1.887269e+01 3.200000e+00
      vertex   6.127309e+00 -1.872753e+01 3.200000e+00
    endloop
  endfacet
  facet normal 0.000000e+00 0.000000e+00 1.000000e+00
    outer loop
      vertex   3.872691e+00 -1.872753e+01 3.200000e+00
      vertex   6.127309e+00 -1.872753e+01 3.200000e+00
      vertex   4.034290e+00 -1.860093e+01 3.200000e+00
    endloop
  endfacet
  facet normal -0.000000e+00 0.000000e+00 1.000000e+00
    outer loop
      vertex   4.034290e+00 -1.860093e+01 3.200000e+00
      vertex   6.127309e+00 -1.872753e+01 3.200000e+00
      vertex   5.965710e+00 -1.860093e+01 3.200000e+00
    endloop
  endfacet
  facet normal 0.000000e+00 0.000000e+00 1.000000e+00
    outer loop
      vertex   4.034290e+00 -1.860093e+01 3.200000e+00
      vertex   5.965710e+00 -1.860093e+01 3.200000e+00
      vertex   4.209971e+00 -1.849472e+01 3.200000e+00
    endloop
  endfacet
  facet normal -0.000000e+00 0.000000e+00 1.000000e+00
    outer loop
      vertex   4.209971e+00 -1.849472e+01 3.200000e+00
      vertex   5.965710e+00 -1.860093e+01 3.200000e+00
      vertex   5.790029e+00 -1.849472e+01 3.200000e+00
    endloop
  endfacet
  facet normal 0.000000e+00 0.000000e+00 1.000000e+00
    outer loop
      vertex   4.209971e+00 -1.849472e+01 3.200000e+00
      vertex   5.790029e+00 -1.849472e+01 3.200000e+00
      vertex   4.397172e+00 -1.841047e+01 3.200000e+00
    endloop
  endfacet
  facet normal -0.000000e+00 0.000000e+00 1.000000e+00
    outer loop
      vertex   4.397172e+00 -1.841047e+01 3.200000e+00
      vertex   5.790029e+00 -1.849472e+01 3.200000e+00
      vertex   5.602828e+00 -1.841047e+01 3.200000e+00
    endloop
  endfacet
  facet normal 0.000000e+00 0.000000e+00 1.000000e+00
    outer loop
      vertex   4.397172e+00 -1.841047e+01 3.200000e+00
      vertex   5.602828e+00 -1.841047e+01 3.200000e+00
      vertex   4.593163e+00 -1.834940e+01 3.200000e+00
    endloop
  endfacet
  facet normal -0.000000e+00 0.000000e+00 1.000000e+00
    outer loop
      vertex   4.593163e+00 -1.834940e+01 3.200000e+00
      vertex   5.602828e+00 -1.841047e+01 3.200000e+00
      vertex   5.406837e+00 -1.834940e+01 3.200000e+00
    endloop
  endfacet
  facet normal 0.000000e+00 0.000000e+00 1.000000e+00
    outer loop
      vertex   4.593163e+00 -1.834940e+01 3.200000e+00
      vertex   5.406837e+00 -1.834940e+01 3.200000e+00
      vertex   4.795088e+00 -1.831239e+01 3.200000e+00
    endloop
  endfacet
  facet normal -0.000000e+00 0.000000e+00 1.000000e+00
    outer loop
      vertex   4.795088e+00 -1.831239e+01 3.200000e+00
      vertex   5.406837e+00 -1.834940e+01 3.200000e+00
      vertex   5.204912e+00 -1.831239e+01 3.200000e+00
    endloop
  endfacet
  facet normal 0.000000e+00 0.000000e+00 1.000000e+00
    outer loop
      vertex   4.795088e+00 -1.831239e+01 3.200000e+00
      vertex   5.204912e+00 -1.831239e+01 3.200000e+00
      vertex   5.000000e+00 -1.830000e+01 3.200000e+00
    endloop
  endfacet
  facet normal 0.000000e+00 0.000000e+00 1.000000e+00
    outer loop
      vertex   6.687605e+00 -2.020491e+01 3.200000e+00
      vertex   3.312395e+00 -2.020491e+01 3.200000e+00
      vertex   6.650601e+00 -2.040684e+01 3.200000e+00
    endloop
  endfacet
  facet normal 0.000000e+00 0.000000e+00 1.000000e+00
    outer loop
      vertex   6.650601e+00 -2.040684e+01 3.200000e+00
      vertex   3.312395e+00 -2.020491e+01 3.200000e+00
      vertex   3.349399e+00 -2.040684e+01 3.200000e+00
    endloop
  endfacet
  facet normal 0.000000e+00 0.000000e+00 1.000000e+00
    outer loop
      vertex   6.650601e+00 -2.040684e+01 3.200000e+00
      vertex   3.349399e+00 -2.040684e+01 3.200000e+00
      vertex   6.589528e+00 -2.060283e+01 3.200000e+00
    endloop
  endfacet
  facet normal 0.000000e+00 0.000000e+00 1.000000e+00
    outer loop
      vertex   6.589528e+00 -2.060283e+01 3.200000e+00
      vertex   3.349399e+00 -2.040684e+01 3.200000e+00
      vertex   3.410472e+00 -2.060283e+01 3.200000e+00
    endloop
  endfacet
  facet normal 0.000000e+00 0.000000e+00 1.000000e+00
    outer loop
      vertex   6.589528e+00 -2.060283e+01 3.200000e+00
      vertex   3.410472e+00 -2.060283e+01 3.200000e+00
      vertex   6.505275e+00 -2.079003e+01 3.200000e+00
    endloop
  endfacet
  facet normal 0.000000e+00 0.000000e+00 1.000000e+00
    outer loop
      vertex   6.505275e+00 -2.079003e+01 3.200000e+00
      vertex   3.410472e+00 -2.060283e+01 3.200000e+00
      vertex   3.494725e+00 -2.079003e+01 3.200000e+00
    endloop
  endfacet
  facet normal 0.000000e+00 0.000000e+00 1.000000e+00
    outer loop
      vertex   6.505275e+00 -2.079003e+01 3.200000e+00
      vertex   3.494725e+00 -2.079003e+01 3.200000e+00
      vertex   6.399073e+00 -2.096571e+01 3.200000e+00
    endloop
  endfacet
  facet normal 0.000000e+00 0.000000e+00 1.000000e+00
    outer loop
      vertex   6.399073e+00 -2.096571e+01 3.200000e+00
      vertex   3.494725e+00 -2.079003e+01 3.200000e+00
      vertex   3.600927e+00 -2.096571e+01 3.200000e+00
    endloop
  endfacet
  facet normal 0.000000e+00 0.000000e+00 1.000000e+00
    outer loop
      vertex   6.399073e+00 -2.096571e+01 3.200000e+00
      vertex   3.600927e+00 -2.096571e+01 3.200000e+00
      vertex   6.272468e+00 -2.112731e+01 3.200000e+00
    endloop
  endfacet
  facet normal 0.000000e+00 0.000000e+00 1.000000e+00
    outer loop
      vertex   6.272468e+00 -2.112731e+01 3.200000e+00
      vertex   3.600927e+00 -2.096571e+01 3.200000e+00
      vertex   3.727532e+00 -2.112731e+01 3.200000e+00
    endloop
  endfacet
  facet normal 0.000000e+00 0.000000e+00 1.000000e+00
    outer loop
      vertex   6.272468e+00 -2.112731e+01 3.200000e+00
      vertex   3.727532e+00 -2.112731e+01 3.200000e+00
      vertex   6.127309e+00 -2.127247e+01 3.200000e+00
    endloop
  endfacet
  facet normal 0.000000e+00 0.000000e+00 1.000000e+00
    outer loop
      vertex   6.127309e+00 -2.127247e+01 3.200000e+00
      vertex   3.727532e+00 -2.112731e+01 3.200000e+00
      vertex   3.872691e+00 -2.127247e+01 3.200000e+00
    endloop
  endfacet
  facet normal 0.000000e+00 0.000000e+00 1.000000e+00
    outer loop
      vertex   6.127309e+00 -2.127247e+01 3.200000e+00
      vertex   3.872691e+00 -2.127247e+01 3.200000e+00
      vertex   5.965710e+00 -2.139907e+01 3.200000e+00
    endloop
  endfacet
  facet normal 0.000000e+00 0.000000e+00 1.000000e+00
    outer loop
      vertex   5.965710e+00 -2.139907e+01 3.200000e+00
      vertex   3.872691e+00 -2.127247e+01 3.200000e+00
      vertex   4.034290e+00 -2.139907e+01 3.200000e+00
    endloop
  endfacet
  facet normal 0.000000e+00 0.000000e+00 1.000000e+00
    outer loop
      vertex   5.965710e+00 -2.139907e+01 3.200000e+00
      vertex   4.034290e+00 -2.139907e+01 3.200000e+00
      vertex   5.790029e+00 -2.150528e+01 3.200000e+00
    endloop
  endfacet
  facet normal 0.000000e+00 0.000000e+00 1.000000e+00
    outer loop
      vertex   5.790029e+00 -2.150528e+01 3.200000e+00
      vertex   4.034290e+00 -2.139907e+01 3.200000e+00
      vertex   4.209971e+00 -2.150528e+01 3.200000e+00
    endloop
  endfacet
  facet normal 0.000000e+00 0.000000e+00 1.000000e+00
    outer loop
      vertex   5.790029e+00 -2.150528e+01 3.200000e+00
      vertex   4.209971e+00 -2.150528e+01 3.200000e+00
      vertex   5.602828e+00 -2.158953e+01 3.200000e+00
    endloop
  endfacet
  facet normal 0.000000e+00 0.000000e+00 1.000000e+00
    outer loop
      vertex   5.602828e+00 -2.158953e+01 3.200000e+00
      vertex   4.209971e+00 -2.150528e+01 3.200000e+00
      vertex   4.397172e+00 -2.158953e+01 3.200000e+00
    endloop
  endfacet
  facet normal 0.000000e+00 0.000000e+00 1.000000e+00
    outer loop
      vertex   5.602828e+00 -2.158953e+01 3.200000e+00
      vertex   4.397172e+00 -2.158953e+01 3.200000e+00
      vertex   5.406837e+00 -2.165060e+01 3.200000e+00
    endloop
  endfacet
  facet normal 0.000000e+00 0.000000e+00 1.000000e+00
    outer loop
      vertex   5.406837e+00 -2.165060e+01 3.200000e+00
      vertex   4.397172e+00 -2.158953e+01 3.200000e+00
      vertex   4.593163e+00 -2.165060e+01 3.200000e+00
    endloop
  endfacet
  facet normal 0.000000e+00 0.000000e+00 1.000000e+00
    outer loop
      vertex   5.406837e+00 -2.165060e+01 3.200000e+00
      vertex   4.593163e+00 -2.165060e+01 3.200000e+00
      vertex   5.204912e+00 -2.168761e+01 3.200000e+00
    endloop
  endfacet
  facet normal 0.000000e+00 0.000000e+00 1.000000e+00
    outer loop
      vertex   5.204912e+00 -2.168761e+01 3.200000e+00
      vertex   4.593163e+00 -2.165060e+01 3.200000e+00
      vertex   4.795088e+00 -2.168761e+01 3.200000e+00
    endloop
  endfacet
  facet normal 0.000000e+00 0.000000e+00 1.000000e+00
    outer loop
      vertex   5.204912e+00 -2.168761e+01 3.200000e+00
      vertex   4.795088e+00 -2.168761e+01 3.200000e+00
      vertex   5.000000e+00 -2.170000e+01 3.200000e+00
    endloop
  endfacet
  facet normal 0.000000e+00 -0.000000e+00 1.000000e+00
    outer loop
      vertex   -6.700000e+00 1.300000e+01 3.200000e+00
      vertex   -5.790029e+00 2.250528e+01 3.200000e+00
      vertex   -6.700000e+00 2.100000e+01 3.200000e+00
    endloop
  endfacet
  facet normal 0.000000e+00 0.000000e+00 1.000000e+00
    outer loop
      vertex   -6.700000e+00 2.100000e+01 3.200000e+00
      vertex   -5.790029e+00 2.250528e+01 3.200000e+00
      vertex   -5.965710e+00 2.239907e+01 3.200000e+00
    endloop
  endfacet
  facet normal 0.000000e+00 0.000000e+00 1.000000e+00
    outer loop
      vertex   -6.700000e+00 2.100000e+01 3.200000e+00
      vertex   -5.965710e+00 2.239907e+01 3.200000e+00
      vertex   -6.127309e+00 2.227247e+01 3.200000e+00
    endloop
  endfacet
  facet normal -0.000000e+00 -0.000000e+00 1.000000e+00
    outer loop
      vertex   -6.687605e+00 1.279509e+01 3.200000e+00
      vertex   -6.650601e+00 1.259316e+01 3.200000e+00
      vertex   -6.700000e+00 1.300000e+01 3.200000e+00
    endloop
  endfacet
  facet normal 0.000000e+00 0.000000e+00 1.000000e+00
    outer loop
      vertex   -6.700000e+00 1.300000e+01 3.200000e+00
      vertex   -6.650601e+00 1.259316e+01 3.200000e+00
      vertex   -6.589528e+00 1.239717e+01 3.200000e+00
    endloop
  endfacet
  facet normal 0.000000e+00 0.000000e+00 1.000000e+00
    outer loop
      vertex   -6.700000e+00 1.300000e+01 3.200000e+00
      vertex   -6.589528e+00 1.239717e+01 3.200000e+00
      vertex   -6.505275e+00 1.220997e+01 3.200000e+00
    endloop
  endfacet
  facet normal -0.000000e+00 -0.000000e+00 1.000000e+00
    outer loop
      vertex   -6.399073e+00 1.203429e+01 3.200000e+00
      vertex   -3.600927e+00 1.203429e+01 3.200000e+00
      vertex   -6.505275e+00 1.220997e+01 3.200000e+00
    endloop
  endfacet
  facet normal -0.000000e+00 0.000000e+00 1.000000e+00
    outer loop
      vertex   -6.505275e+00 1.220997e+01 3.200000e+00
      vertex   -3.600927e+00 1.203429e+01 3.200000e+00
      vertex   -5.000000e+00 2.270000e+01 3.200000e+00
    endloop
  endfacet
  facet normal 0.000000e+00 0.000000e+00 1.000000e+00
    outer loop
      vertex   -6.505275e+00 1.220997e+01 3.200000e+00
      vertex   -5.000000e+00 2.270000e+01 3.200000e+00
      vertex   -5.204912e+00 2.268761e+01 3.200000e+00
    endloop
  endfacet
  facet normal 0.000000e+00 0.000000e+00 1.000000e+00
    outer loop
      vertex   -3.600927e+00 1.203429e+01 3.200000e+00
      vertex   -6.399073e+00 1.203429e+01 3.200000e+00
      vertex   -3.727532e+00 1.187269e+01 3.200000e+00
    endloop
  endfacet
  facet normal 0.000000e+00 0.000000e+00 1.000000e+00
    outer loop
      vertex   -3.727532e+00 1.187269e+01 3.200000e+00
      vertex   -6.399073e+00 1.203429e+01 3.200000e+00
      vertex   -6.272468e+00 1.187269e+01 3.200000e+00
    endloop
  endfacet
  facet normal 0.000000e+00 0.000000e+00 1.000000e+00
    outer loop
      vertex   -3.727532e+00 1.187269e+01 3.200000e+00
      vertex   -6.272468e+00 1.187269e+01 3.200000e+00
      vertex   -3.872691e+00 1.172753e+01 3.200000e+00
    endloop
  endfacet
  facet normal 0.000000e+00 0.000000e+00 1.000000e+00
    outer loop
      vertex   -3.872691e+00 1.172753e+01 3.200000e+00
      vertex   -6.272468e+00 1.187269e+01 3.200000e+00
      vertex   -6.127309e+00 1.172753e+01 3.200000e+00
    endloop
  endfacet
  facet normal 0.000000e+00 0.000000e+00 1.000000e+00
    outer loop
      vertex   -3.872691e+00 1.172753e+01 3.200000e+00
      vertex   -6.127309e+00 1.172753e+01 3.200000e+00
      vertex   -4.034290e+00 1.160093e+01 3.200000e+00
    endloop
  endfacet
  facet normal 0.000000e+00 0.000000e+00 1.000000e+00
    outer loop
      vertex   -4.034290e+00 1.160093e+01 3.200000e+00
      vertex   -6.127309e+00 1.172753e+01 3.200000e+00
      vertex   -5.965710e+00 1.160093e+01 3.200000e+00
    endloop
  endfacet
  facet normal 0.000000e+00 0.000000e+00 1.000000e+00
    outer loop
      vertex   -4.034290e+00 1.160093e+01 3.200000e+00
      vertex   -5.965710e+00 1.160093e+01 3.200000e+00
      vertex   -4.209971e+00 1.149472e+01 3.200000e+00
    endloop
  endfacet
  facet normal 0.000000e+00 0.000000e+00 1.000000e+00
    outer loop
      vertex   -4.209971e+00 1.149472e+01 3.200000e+00
      vertex   -5.965710e+00 1.160093e+01 3.200000e+00
      vertex   -5.790029e+00 1.149472e+01 3.200000e+00
    endloop
  endfacet
  facet normal 0.000000e+00 0.000000e+00 1.000000e+00
    outer loop
      vertex   -4.209971e+00 1.149472e+01 3.200000e+00
      vertex   -5.790029e+00 1.149472e+01 3.200000e+00
      vertex   -4.397172e+00 1.141047e+01 3.200000e+00
    endloop
  endfacet
  facet normal 0.000000e+00 0.000000e+00 1.000000e+00
    outer loop
      vertex   -4.397172e+00 1.141047e+01 3.200000e+00
      vertex   -5.790029e+00 1.149472e+01 3.200000e+00
      vertex   -5.602828e+00 1.141047e+01 3.200000e+00
    endloop
  endfacet
  facet normal 0.000000e+00 0.000000e+00 1.000000e+00
    outer loop
      vertex   -4.397172e+00 1.141047e+01 3.200000e+00
      vertex   -5.602828e+00 1.141047e+01 3.200000e+00
      vertex   -4.593163e+00 1.134940e+01 3.200000e+00
    endloop
  endfacet
  facet normal 0.000000e+00 0.000000e+00 1.000000e+00
    outer loop
      vertex   -4.593163e+00 1.134940e+01 3.200000e+00
      vertex   -5.602828e+00 1.141047e+01 3.200000e+00
      vertex   -5.406837e+00 1.134940e+01 3.200000e+00
    endloop
  endfacet
  facet normal 0.000000e+00 0.000000e+00 1.000000e+00
    outer loop
      vertex   -4.593163e+00 1.134940e+01 3.200000e+00
      vertex   -5.406837e+00 1.134940e+01 3.200000e+00
      vertex   -4.795088e+00 1.131239e+01 3.200000e+00
    endloop
  endfacet
  facet normal 0.000000e+00 0.000000e+00 1.000000e+00
    outer loop
      vertex   -4.795088e+00 1.131239e+01 3.200000e+00
      vertex   -5.406837e+00 1.134940e+01 3.200000e+00
      vertex   -5.204912e+00 1.131239e+01 3.200000e+00
    endloop
  endfacet
  facet normal 0.000000e+00 0.000000e+00 1.000000e+00
    outer loop
      vertex   -4.795088e+00 1.131239e+01 3.200000e+00
      vertex   -5.204912e+00 1.131239e+01 3.200000e+00
      vertex   -5.000000e+00 1.130000e+01 3.200000e+00
    endloop
  endfacet
  facet normal 0.000000e+00 -0.000000e+00 1.000000e+00
    outer loop
      vertex   -3.494725e+00 1.220997e+01 3.200000e+00
      vertex   -3.300000e+00 1.300000e+01 3.200000e+00
      vertex   -3.600927e+00 1.203429e+01 3.200000e+00
    endloop
  endfacet
  facet normal 0.000000e+00 -0.000000e+00 1.000000e+00
    outer loop
      vertex   -3.600927e+00 1.203429e+01 3.200000e+00
      vertex   -3.300000e+00 1.300000e+01 3.200000e+00
      vertex   -4.795088e+00 2.268761e+01 3.200000e+00
    endloop
  endfacet
  facet normal 0.000000e+00 0.000000e+00 1.000000e+00
    outer loop
      vertex   -3.600927e+00 1.203429e+01 3.200000e+00
      vertex   -4.795088e+00 2.268761e+01 3.200000e+00
      vertex   -5.000000e+00 2.270000e+01 3.200000e+00
    endloop
  endfacet
  facet normal 0.000000e+00 0.000000e+00 1.000000e+00
    outer loop
      vertex   -3.494725e+00 1.220997e+01 3.200000e+00
      vertex   -3.410472e+00 1.239717e+01 3.200000e+00
      vertex   -3.300000e+00 1.300000e+01 3.200000e+00
    endloop
  endfacet
  facet normal 0.000000e+00 0.000000e+00 1.000000e+00
    outer loop
      vertex   -3.300000e+00 1.300000e+01 3.200000e+00
      vertex   -3.410472e+00 1.239717e+01 3.200000e+00
      vertex   -3.349399e+00 1.259316e+01 3.200000e+00
    endloop
  endfacet
  facet normal 0.000000e+00 0.000000e+00 1.000000e+00
    outer loop
      vertex   -3.300000e+00 1.300000e+01 3.200000e+00
      vertex   -3.349399e+00 1.259316e+01 3.200000e+00
      vertex   -3.312395e+00 1.279509e+01 3.200000e+00
    endloop
  endfacet
  facet normal 0.000000e+00 0.000000e+00 1.000000e+00
    outer loop
      vertex   -3.300000e+00 2.100000e+01 3.200000e+00
      vertex   -4.209971e+00 2.250528e+01 3.200000e+00
      vertex   -3.300000e+00 1.300000e+01 3.200000e+00
    endloop
  endfacet
  facet normal 0.000000e+00 0.000000e+00 1.000000e+00
    outer loop
      vertex   -3.300000e+00 1.300000e+01 3.200000e+00
      vertex   -4.209971e+00 2.250528e+01 3.200000e+00
      vertex   -4.397172e+00 2.258953e+01 3.200000e+00
    endloop
  endfacet
  facet normal 0.000000e+00 0.000000e+00 1.000000e+00
    outer loop
      vertex   -3.300000e+00 1.300000e+01 3.200000e+00
      vertex   -4.397172e+00 2.258953e+01 3.200000e+00
      vertex   -4.593163e+00 2.265060e+01 3.200000e+00
    endloop
  endfacet
  facet normal 0.000000e+00 0.000000e+00 1.000000e+00
    outer loop
      vertex   -3.312395e+00 2.120491e+01 3.200000e+00
      vertex   -3.349399e+00 2.140684e+01 3.200000e+00
      vertex   -3.300000e+00 2.100000e+01 3.200000e+00
    endloop
  endfacet
  facet normal 0.000000e+00 0.000000e+00 1.000000e+00
    outer loop
      vertex   -3.300000e+00 2.100000e+01 3.200000e+00
      vertex   -3.349399e+00 2.140684e+01 3.200000e+00
      vertex   -3.410472e+00 2.160283e+01 3.200000e+00
    endloop
  endfacet
  facet normal 0.000000e+00 0.000000e+00 1.000000e+00
    outer loop
      vertex   -3.300000e+00 2.100000e+01 3.200000e+00
      vertex   -3.410472e+00 2.160283e+01 3.200000e+00
      vertex   -3.494725e+00 2.179003e+01 3.200000e+00
    endloop
  endfacet
  facet normal 0.000000e+00 0.000000e+00 1.000000e+00
    outer loop
      vertex   -3.494725e+00 2.179003e+01 3.200000e+00
      vertex   -3.600927e+00 2.196571e+01 3.200000e+00
      vertex   -3.300000e+00 2.100000e+01 3.200000e+00
    endloop
  endfacet
  facet normal 0.000000e+00 0.000000e+00 1.000000e+00
    outer loop
      vertex   -3.300000e+00 2.100000e+01 3.200000e+00
      vertex   -3.600927e+00 2.196571e+01 3.200000e+00
      vertex   -3.727532e+00 2.212731e+01 3.200000e+00
    endloop
  endfacet
  facet normal 0.000000e+00 0.000000e+00 1.000000e+00
    outer loop
      vertex   -3.300000e+00 2.100000e+01 3.200000e+00
      vertex   -3.727532e+00 2.212731e+01 3.200000e+00
      vertex   -3.872691e+00 2.227247e+01 3.200000e+00
    endloop
  endfacet
  facet normal 0.000000e+00 0.000000e+00 1.000000e+00
    outer loop
      vertex   -3.872691e+00 2.227247e+01 3.200000e+00
      vertex   -4.034290e+00 2.239907e+01 3.200000e+00
      vertex   -3.300000e+00 2.100000e+01 3.200000e+00
    endloop
  endfacet
  facet normal 0.000000e+00 0.000000e+00 1.000000e+00
    outer loop
      vertex   -3.300000e+00 2.100000e+01 3.200000e+00
      vertex   -4.034290e+00 2.239907e+01 3.200000e+00
      vertex   -4.209971e+00 2.250528e+01 3.200000e+00
    endloop
  endfacet
  facet normal 0.000000e+00 0.000000e+00 1.000000e+00
    outer loop
      vertex   -4.593163e+00 2.265060e+01 3.200000e+00
      vertex   -4.795088e+00 2.268761e+01 3.200000e+00
      vertex   -3.300000e+00 1.300000e+01 3.200000e+00
    endloop
  endfacet
  facet normal 0.000000e+00 -0.000000e+00 1.000000e+00
    outer loop
      vertex   -6.505275e+00 1.220997e+01 3.200000e+00
      vertex   -5.204912e+00 2.268761e+01 3.200000e+00
      vertex   -6.700000e+00 1.300000e+01 3.200000e+00
    endloop
  endfacet
  facet normal 0.000000e+00 0.000000e+00 1.000000e+00
    outer loop
      vertex   -6.700000e+00 1.300000e+01 3.200000e+00
      vertex   -5.204912e+00 2.268761e+01 3.200000e+00
      vertex   -5.406837e+00 2.265060e+01 3.200000e+00
    endloop
  endfacet
  facet normal 0.000000e+00 0.000000e+00 1.000000e+00
    outer loop
      vertex   -6.700000e+00 1.300000e+01 3.200000e+00
      vertex   -5.406837e+00 2.265060e+01 3.200000e+00
      vertex   -5.602828e+00 2.258953e+01 3.200000e+00
    endloop
  endfacet
  facet normal 0.000000e+00 0.000000e+00 1.000000e+00
    outer loop
      vertex   -5.602828e+00 2.258953e+01 3.200000e+00
      vertex   -5.790029e+00 2.250528e+01 3.200000e+00
      vertex   -6.700000e+00 1.300000e+01 3.200000e+00
    endloop
  endfacet
  facet normal 0.000000e+00 0.000000e+00 1.000000e+00
    outer loop
      vertex   -6.127309e+00 2.227247e+01 3.200000e+00
      vertex   -6.272468e+00 2.212731e+01 3.200000e+00
      vertex   -6.700000e+00 2.100000e+01 3.200000e+00
    endloop
  endfacet
  facet normal 0.000000e+00 0.000000e+00 1.000000e+00
    outer loop
      vertex   -6.700000e+00 2.100000e+01 3.200000e+00
      vertex   -6.272468e+00 2.212731e+01 3.200000e+00
      vertex   -6.399073e+00 2.196571e+01 3.200000e+00
    endloop
  endfacet
  facet normal 0.000000e+00 0.000000e+00 1.000000e+00
    outer loop
      vertex   -6.700000e+00 2.100000e+01 3.200000e+00
      vertex   -6.399073e+00 2.196571e+01 3.200000e+00
      vertex   -6.505275e+00 2.179003e+01 3.200000e+00
    endloop
  endfacet
  facet normal 0.000000e+00 0.000000e+00 1.000000e+00
    outer loop
      vertex   -6.505275e+00 2.179003e+01 3.200000e+00
      vertex   -6.589528e+00 2.160283e+01 3.200000e+00
      vertex   -6.700000e+00 2.100000e+01 3.200000e+00
    endloop
  endfacet
  facet normal 0.000000e+00 0.000000e+00 1.000000e+00
    outer loop
      vertex   -6.700000e+00 2.100000e+01 3.200000e+00
      vertex   -6.589528e+00 2.160283e+01 3.200000e+00
      vertex   -6.650601e+00 2.140684e+01 3.200000e+00
    endloop
  endfacet
  facet normal 0.000000e+00 0.000000e+00 1.000000e+00
    outer loop
      vertex   -6.700000e+00 2.100000e+01 3.200000e+00
      vertex   -6.650601e+00 2.140684e+01 3.200000e+00
      vertex   -6.687605e+00 2.120491e+01 3.200000e+00
    endloop
  endfacet
  facet normal 9.981756e-01 6.037850e-02 -0.000000e+00
    outer loop
      vertex   -6.700000e+00 1.300000e+01 3.200000e+00
      vertex   -6.700000e+00 1.300000e+01 5.600000e+00
      vertex   -6.687605e+00 1.279509e+01 3.200000e+00
    endloop
  endfacet
  facet normal 9.981756e-01 6.037850e-02 -0.000000e+00
    outer loop
      vertex   -6.687605e+00 1.279509e+01 3.200000e+00
      vertex   -6.700000e+00 1.300000e+01 5.600000e+00
      vertex   -6.687605e+00 1.279509e+01 5.600000e+00
    endloop
  endfacet
  facet normal 9.836199e-01 1.802550e-01 -0.000000e+00
    outer loop
      vertex   -6.687605e+00 1.279509e+01 3.200000e+00
      vertex   -6.687605e+00 1.279509e+01 5.600000e+00
      vertex   -6.650601e+00 1.259316e+01 3.200000e+00
    endloop
  endfacet
  facet normal 9.836199e-01 1.802550e-01 -2.305970e-16
    outer loop
      vertex   -6.650601e+00 1.259316e+01 3.200000e+00
      vertex   -6.687605e+00 1.279509e+01 5.600000e+00
      vertex   -6.650601e+00 1.259316e+01 5.600000e+00
    endloop
  endfacet
  facet normal 9.547209e-01 2.975031e-01 -1.331212e-16
    outer loop
      vertex   -6.650601e+00 1.259316e+01 3.200000e+00
      vertex   -6.650601e+00 1.259316e+01 5.600000e+00
      vertex   -6.589528e+00 1.239717e+01 3.200000e+00
    endloop
  endfacet
  facet normal 9.547209e-01 2.975031e-01 -0.000000e+00
    outer loop
      vertex   -6.589528e+00 1.239717e+01 3.200000e+00
      vertex   -6.650601e+00 1.259316e+01 5.600000e+00
      vertex   -6.589528e+00 1.239717e+01 5.600000e+00
    endloop
  endfacet
  facet normal 9.118998e-01 4.104128e-01 -0.000000e+00
    outer loop
      vertex   -6.589528e+00 1.239717e+01 3.200000e+00
      vertex   -6.589528e+00 1.239717e+01 5.600000e+00
      vertex   -6.505275e+00 1.220997e+01 3.200000e+00
    endloop
  endfacet
  facet normal 9.118998e-01 4.104128e-01 -0.000000e+00
    outer loop
      vertex   -6.505275e+00 1.220997e+01 3.200000e+00
      vertex   -6.589528e+00 1.239717e+01 5.600000e+00
      vertex   -6.505275e+00 1.220997e+01 5.600000e+00
    endloop
  endfacet
  facet normal 8.557813e-01 5.173378e-01 -0.000000e+00
    outer loop
      vertex   -6.505275e+00 1.220997e+01 3.200000e+00
      vertex   -6.505275e+00 1.220997e+01 5.600000e+00
      vertex   -6.399073e+00 1.203429e+01 3.200000e+00
    endloop
  endfacet
  facet normal 8.557813e-01 5.173378e-01 -0.000000e+00
    outer loop
      vertex   -6.399073e+00 1.203429e+01 3.200000e+00
      vertex   -6.505275e+00 1.220997e+01 5.600000e+00
      vertex   -6.399073e+00 1.203429e+01 5.600000e+00
    endloop
  endfacet
  facet normal 7.871835e-01 6.167189e-01 -0.000000e+00
    outer loop
      vertex   -6.399073e+00 1.203429e+01 3.200000e+00
      vertex   -6.399073e+00 1.203429e+01 5.600000e+00
      vertex   -6.272468e+00 1.187269e+01 3.200000e+00
    endloop
  endfacet
  facet normal 7.871835e-01 6.167189e-01 -0.000000e+00
    outer loop
      vertex   -6.272468e+00 1.187269e+01 3.200000e+00
      vertex   -6.399073e+00 1.203429e+01 5.600000e+00
      vertex   -6.272468e+00 1.187269e+01 5.600000e+00
    endloop
  endfacet
  facet normal 7.071068e-01 7.071068e-01 -0.000000e+00
    outer loop
      vertex   -6.272468e+00 1.187269e+01 3.200000e+00
      vertex   -6.272468e+00 1.187269e+01 5.600000e+00
      vertex   -6.127309e+00 1.172753e+01 3.200000e+00
    endloop
  endfacet
  facet normal 7.071068e-01 7.071068e-01 -0.000000e+00
    outer loop
      vertex   -6.127309e+00 1.172753e+01 3.200000e+00
      vertex   -6.272468e+00 1.187269e+01 5.600000e+00
      vertex   -6.127309e+00 1.172753e+01 5.600000e+00
    endloop
  endfacet
  facet normal 6.167189e-01 7.871835e-01 -0.000000e+00
    outer loop
      vertex   -6.127309e+00 1.172753e+01 3.200000e+00
      vertex   -6.127309e+00 1.172753e+01 5.600000e+00
      vertex   -5.965710e+00 1.160093e+01 3.200000e+00
    endloop
  endfacet
  facet normal 6.167189e-01 7.871835e-01 -0.000000e+00
    outer loop
      vertex   -5.965710e+00 1.160093e+01 3.200000e+00
      vertex   -6.127309e+00 1.172753e+01 5.600000e+00
      vertex   -5.965710e+00 1.160093e+01 5.600000e+00
    endloop
  endfacet
  facet normal 5.173378e-01 8.557813e-01 -0.000000e+00
    outer loop
      vertex   -5.965710e+00 1.160093e+01 3.200000e+00
      vertex   -5.965710e+00 1.160093e+01 5.600000e+00
      vertex   -5.790029e+00 1.149472e+01 3.200000e+00
    endloop
  endfacet
  facet normal 5.173378e-01 8.557813e-01 -0.000000e+00
    outer loop
      vertex   -5.790029e+00 1.149472e+01 3.200000e+00
      vertex   -5.965710e+00 1.160093e+01 5.600000e+00
      vertex   -5.790029e+00 1.149472e+01 5.600000e+00
    endloop
  endfacet
  facet normal 4.104128e-01 9.118998e-01 -0.000000e+00
    outer loop
      vertex   -5.790029e+00 1.149472e+01 3.200000e+00
      vertex   -5.790029e+00 1.149472e+01 5.600000e+00
      vertex   -5.602828e+00 1.141047e+01 3.200000e+00
    endloop
  endfacet
  facet normal 4.104128e-01 9.118998e-01 -0.000000e+00
    outer loop
      vertex   -5.602828e+00 1.141047e+01 3.200000e+00
      vertex   -5.790029e+00 1.149472e+01 5.600000e+00
      vertex   -5.602828e+00 1.141047e+01 5.600000e+00
    endloop
  endfacet
  facet normal 2.975031e-01 9.547209e-01 -0.000000e+00
    outer loop
      vertex   -5.602828e+00 1.141047e+01 3.200000e+00
      vertex   -5.602828e+00 1.141047e+01 5.600000e+00
      vertex   -5.406837e+00 1.134940e+01 3.200000e+00
    endloop
  endfacet
  facet normal 2.975031e-01 9.547209e-01 -1.100982e-16
    outer loop
      vertex   -5.406837e+00 1.134940e+01 3.200000e+00
      vertex   -5.602828e+00 1.141047e+01 5.600000e+00
      vertex   -5.406837e+00 1.134940e+01 5.600000e+00
    endloop
  endfacet
  facet normal 1.802550e-01 9.836199e-01 -6.670776e-17
    outer loop
      vertex   -5.406837e+00 1.134940e+01 3.200000e+00
      vertex   -5.406837e+00 1.134940e+01 5.600000e+00
      vertex   -5.204912e+00 1.131239e+01 3.200000e+00
    endloop
  endfacet
  facet normal 1.802550e-01 9.836199e-01 -6.670776e-17
    outer loop
      vertex   -5.204912e+00 1.131239e+01 3.200000e+00
      vertex   -5.406837e+00 1.134940e+01 5.600000e+00
      vertex   -5.204912e+00 1.131239e+01 5.600000e+00
    endloop
  endfacet
  facet normal 6.037850e-02 9.981756e-01 -2.234453e-17
    outer loop
      vertex   -5.204912e+00 1.131239e+01 3.200000e+00
      vertex   -5.204912e+00 1.131239e+01 5.600000e+00
      vertex   -5.000000e+00 1.130000e+01 3.200000e+00
    endloop
  endfacet
  facet normal 6.037850e-02 9.981756e-01 -2.234453e-17
    outer loop
      vertex   -5.000000e+00 1.130000e+01 3.200000e+00
      vertex   -5.204912e+00 1.131239e+01 5.600000e+00
      vertex   -5.000000e+00 1.130000e+01 5.600000e+00
    endloop
  endfacet
  facet normal -6.037850e-02 9.981756e-01 2.234453e-17
    outer loop
      vertex   -5.000000e+00 1.130000e+01 3.200000e+00
      vertex   -5.000000e+00 1.130000e+01 5.600000e+00
      vertex   -4.795088e+00 1.131239e+01 3.200000e+00
    endloop
  endfacet
  facet normal -6.037850e-02 9.981756e-01 0.000000e+00
    outer loop
      vertex   -4.795088e+00 1.131239e+01 3.200000e+00
      vertex   -5.000000e+00 1.130000e+01 5.600000e+00
      vertex   -4.795088e+00 1.131239e+01 5.600000e+00
    endloop
  endfacet
  facet normal -1.802550e-01 9.836199e-01 0.000000e+00
    outer loop
      vertex   -4.795088e+00 1.131239e+01 3.200000e+00
      vertex   -4.795088e+00 1.131239e+01 5.600000e+00
      vertex   -4.593163e+00 1.134940e+01 3.200000e+00
    endloop
  endfacet
  facet normal -1.802550e-01 9.836199e-01 0.000000e+00
    outer loop
      vertex   -4.593163e+00 1.134940e+01 3.200000e+00
      vertex   -4.795088e+00 1.131239e+01 5.600000e+00
      vertex   -4.593163e+00 1.134940e+01 5.600000e+00
    endloop
  endfacet
  facet normal -2.975031e-01 9.547209e-01 0.000000e+00
    outer loop
      vertex   -4.593163e+00 1.134940e+01 3.200000e+00
      vertex   -4.593163e+00 1.134940e+01 5.600000e+00
      vertex   -4.397172e+00 1.141047e+01 3.200000e+00
    endloop
  endfacet
  facet normal -2.975031e-01 9.547209e-01 0.000000e+00
    outer loop
      vertex   -4.397172e+00 1.141047e+01 3.200000e+00
      vertex   -4.593163e+00 1.134940e+01 5.600000e+00
      vertex   -4.397172e+00 1.141047e+01 5.600000e+00
    endloop
  endfacet
  facet normal -4.104128e-01 9.118998e-01 0.000000e+00
    outer loop
      vertex   -4.397172e+00 1.141047e+01 3.200000e+00
      vertex   -4.397172e+00 1.141047e+01 5.600000e+00
      vertex   -4.209971e+00 1.149472e+01 3.200000e+00
    endloop
  endfacet
  facet normal -4.104128e-01 9.118998e-01 0.000000e+00
    outer loop
      vertex   -4.209971e+00 1.149472e+01 3.200000e+00
      vertex   -4.397172e+00 1.141047e+01 5.600000e+00
      vertex   -4.209971e+00 1.149472e+01 5.600000e+00
    endloop
  endfacet
  facet normal -5.173378e-01 8.557813e-01 0.000000e+00
    outer loop
      vertex   -4.209971e+00 1.149472e+01 3.200000e+00
      vertex   -4.209971e+00 1.149472e+01 5.600000e+00
      vertex   -4.034290e+00 1.160093e+01 3.200000e+00
    endloop
  endfacet
  facet normal -5.173378e-01 8.557813e-01 0.000000e+00
    outer loop
      vertex   -4.034290e+00 1.160093e+01 3.200000e+00
      vertex   -4.209971e+00 1.149472e+01 5.600000e+00
      vertex   -4.034290e+00 1.160093e+01 5.600000e+00
    endloop
  endfacet
  facet normal -6.167189e-01 7.871835e-01 0.000000e+00
    outer loop
      vertex   -4.034290e+00 1.160093e+01 3.200000e+00
      vertex   -4.034290e+00 1.160093e+01 5.600000e+00
      vertex   -3.872691e+00 1.172753e+01 3.200000e+00
    endloop
  endfacet
  facet normal -6.167189e-01 7.871835e-01 2.282318e-16
    outer loop
      vertex   -3.872691e+00 1.172753e+01 3.200000e+00
      vertex   -4.034290e+00 1.160093e+01 5.600000e+00
      vertex   -3.872691e+00 1.172753e+01 5.600000e+00
    endloop
  endfacet
  facet normal -7.071068e-01 7.071068e-01 2.616821e-16
    outer loop
      vertex   -3.872691e+00 1.172753e+01 3.200000e+00
      vertex   -3.872691e+00 1.172753e+01 5.600000e+00
      vertex   -3.727532e+00 1.187269e+01 3.200000e+00
    endloop
  endfacet
  facet normal -7.071068e-01 7.071068e-01 2.616821e-16
    outer loop
      vertex   -3.727532e+00 1.187269e+01 3.200000e+00
      vertex   -3.872691e+00 1.172753e+01 5.600000e+00
      vertex   -3.727532e+00 1.187269e+01 5.600000e+00
    endloop
  endfacet
  facet normal -7.871835e-01 6.167189e-01 2.913164e-16
    outer loop
      vertex   -3.727532e+00 1.187269e+01 3.200000e+00
      vertex   -3.727532e+00 1.187269e+01 5.600000e+00
      vertex   -3.600927e+00 1.203429e+01 3.200000e+00
    endloop
  endfacet
  facet normal -7.871835e-01 6.167189e-01 0.000000e+00
    outer loop
      vertex   -3.600927e+00 1.203429e+01 3.200000e+00
      vertex   -3.727532e+00 1.187269e+01 5.600000e+00
      vertex   -3.600927e+00 1.203429e+01 5.600000e+00
    endloop
  endfacet
  facet normal -8.557813e-01 5.173378e-01 0.000000e+00
    outer loop
      vertex   -3.600927e+00 1.203429e+01 3.200000e+00
      vertex   -3.600927e+00 1.203429e+01 5.600000e+00
      vertex   -3.494725e+00 1.220997e+01 3.200000e+00
    endloop
  endfacet
  facet normal -8.557813e-01 5.173378e-01 -2.245556e-16
    outer loop
      vertex   -3.494725e+00 1.220997e+01 3.200000e+00
      vertex   -3.600927e+00 1.203429e+01 5.600000e+00
      vertex   -3.494725e+00 1.220997e+01 5.600000e+00
    endloop
  endfacet
  facet normal -9.118998e-01 4.104128e-01 -1.350311e-16
    outer loop
      vertex   -3.494725e+00 1.220997e+01 3.200000e+00
      vertex   -3.494725e+00 1.220997e+01 5.600000e+00
      vertex   -3.410472e+00 1.239717e+01 3.200000e+00
    endloop
  endfacet
  facet normal -9.118998e-01 4.104128e-01 0.000000e+00
    outer loop
      vertex   -3.410472e+00 1.239717e+01 3.200000e+00
      vertex   -3.494725e+00 1.220997e+01 5.600000e+00
      vertex   -3.410472e+00 1.239717e+01 5.600000e+00
    endloop
  endfacet
  facet normal -9.547209e-01 2.975031e-01 0.000000e+00
    outer loop
      vertex   -3.410472e+00 1.239717e+01 3.200000e+00
      vertex   -3.410472e+00 1.239717e+01 5.600000e+00
      vertex   -3.349399e+00 1.259316e+01 3.200000e+00
    endloop
  endfacet
  facet normal -9.547209e-01 2.975031e-01 1.766588e-16
    outer loop
      vertex   -3.349399e+00 1.259316e+01 3.200000e+00
      vertex   -3.410472e+00 1.239717e+01 5.600000e+00
      vertex   -3.349399e+00 1.259316e+01 5.600000e+00
    endloop
  endfacet
  facet normal -9.836199e-01 1.802550e-01 1.820062e-16
    outer loop
      vertex   -3.349399e+00 1.259316e+01 3.200000e+00
      vertex   -3.349399e+00 1.259316e+01 5.600000e+00
      vertex   -3.312395e+00 1.279509e+01 3.200000e+00
    endloop
  endfacet
  facet normal -9.836199e-01 1.802550e-01 0.000000e+00
    outer loop
      vertex   -3.312395e+00 1.279509e+01 3.200000e+00
      vertex   -3.349399e+00 1.259316e+01 5.600000e+00
      vertex   -3.312395e+00 1.279509e+01 5.600000e+00
    endloop
  endfacet
  facet normal -9.981756e-01 6.037850e-02 0.000000e+00
    outer loop
      vertex   -3.312395e+00 1.279509e+01 3.200000e+00
      vertex   -3.312395e+00 1.279509e+01 5.600000e+00
      vertex   -3.300000e+00 1.300000e+01 3.200000e+00
    endloop
  endfacet
  facet normal -9.981756e-01 6.037850e-02 0.000000e+00
    outer loop
      vertex   -3.300000e+00 1.300000e+01 3.200000e+00
      vertex   -3.312395e+00 1.279509e+01 5.600000e+00
      vertex   -3.300000e+00 1.300000e+01 5.600000e+00
    endloop
  endfacet
  facet normal 1.000000e+00 1.251887e-12 0.000000e+00
    outer loop
      vertex   -6.700000e+00 2.100000e+01 5.600000e+00
      vertex   -6.700000e+00 1.300000e+01 5.600000e+00
      vertex   -6.700000e+00 2.100000e+01 3.200000e+00
    endloop
  endfacet
  facet normal 1.000000e+00 1.251887e-12 0.000000e+00
    outer loop
      vertex   -6.700000e+00 2.100000e+01 3.200000e+00
      vertex   -6.700000e+00 1.300000e+01 5.600000e+00
      vertex   -6.700000e+00 1.300000e+01 3.200000e+00
    endloop
  endfacet
  facet normal 0.000000e+00 -0.000000e+00 1.000000e+00
    outer loop
      vertex   -6.687605e+00 -2.020491e+01 3.200000e+00
      vertex   -3.312395e+00 -2.020491e+01 3.200000e+00
      vertex   -6.700000e+00 -2.000000e+01 3.200000e+00
    endloop
  endfacet
  facet normal -0.000000e+00 0.000000e+00 1.000000e+00
    outer loop
      vertex   -6.700000e+00 -2.000000e+01 3.200000e+00
      vertex   -3.312395e+00 -2.020491e+01 3.200000e+00
      vertex   -3.300000e+00 -2.000000e+01 3.200000e+00
    endloop
  endfacet
  facet normal 0.000000e+00 0.000000e+00 1.000000e+00
    outer loop
      vertex   -6.700000e+00 -2.000000e+01 3.200000e+00
      vertex   -3.300000e+00 -2.000000e+01 3.200000e+00
      vertex   -6.687605e+00 -1.979509e+01 3.200000e+00
    endloop
  endfacet
  facet normal -0.000000e+00 0.000000e+00 1.000000e+00
    outer loop
      vertex   -6.687605e+00 -1.979509e+01 3.200000e+00
      vertex   -3.300000e+00 -2.000000e+01 3.200000e+00
      vertex   -3.312395e+00 -1.979509e+01 3.200000e+00
    endloop
  endfacet
  facet normal 0.000000e+00 0.000000e+00 1.000000e+00
    outer loop
      vertex   -6.687605e+00 -1.979509e+01 3.200000e+00
      vertex   -3.312395e+00 -1.979509e+01 3.200000e+00
      vertex   -6.650601e+00 -1.959316e+01 3.200000e+00
    endloop
  endfacet
  facet normal -0.000000e+00 0.000000e+00 1.000000e+00
    outer loop
      vertex   -6.650601e+00 -1.959316e+01 3.200000e+00
      vertex   -3.312395e+00 -1.979509e+01 3.200000e+00
      vertex   -3.349399e+00 -1.959316e+01 3.200000e+00
    endloop
  endfacet
  facet normal 0.000000e+00 0.000000e+00 1.000000e+00
    outer loop
      vertex   -6.650601e+00 -1.959316e+01 3.200000e+00
      vertex   -3.349399e+00 -1.959316e+01 3.200000e+00
      vertex   -6.589528e+00 -1.939717e+01 3.200000e+00
    endloop
  endfacet
  facet normal -0.000000e+00 0.000000e+00 1.000000e+00
    outer loop
      vertex   -6.589528e+00 -1.939717e+01 3.200000e+00
      vertex   -3.349399e+00 -1.959316e+01 3.200000e+00
      vertex   -3.410472e+00 -1.939717e+01 3.200000e+00
    endloop
  endfacet
  facet normal 0.000000e+00 0.000000e+00 1.000000e+00
    outer loop
      vertex   -6.589528e+00 -1.939717e+01 3.200000e+00
      vertex   -3.410472e+00 -1.939717e+01 3.200000e+00
      vertex   -6.505275e+00 -1.920997e+01 3.200000e+00
    endloop
  endfacet
  facet normal -0.000000e+00 0.000000e+00 1.000000e+00
    outer loop
      vertex   -6.505275e+00 -1.920997e+01 3.200000e+00
      vertex   -3.410472e+00 -1.939717e+01 3.200000e+00
      vertex   -3.494725e+00 -1.920997e+01 3.200000e+00
    endloop
  endfacet
  facet normal 0.000000e+00 0.000000e+00 1.000000e+00
    outer loop
      vertex   -6.505275e+00 -1.920997e+01 3.200000e+00
      vertex   -3.494725e+00 -1.920997e+01 3.200000e+00
      vertex   -6.399073e+00 -1.903429e+01 3.200000e+00
    endloop
  endfacet
  facet normal -0.000000e+00 0.000000e+00 1.000000e+00
    outer loop
      vertex   -6.399073e+00 -1.903429e+01 3.200000e+00
      vertex   -3.494725e+00 -1.920997e+01 3.200000e+00
      vertex   -3.600927e+00 -1.903429e+01 3.200000e+00
    endloop
  endfacet
  facet normal 0.000000e+00 0.000000e+00 1.000000e+00
    outer loop
      vertex   -6.399073e+00 -1.903429e+01 3.200000e+00
      vertex   -3.600927e+00 -1.903429e+01 3.200000e+00
      vertex   -6.272468e+00 -1.887269e+01 3.200000e+00
    endloop
  endfacet
  facet normal -0.000000e+00 0.000000e+00 1.000000e+00
    outer loop
      vertex   -6.272468e+00 -1.887269e+01 3.200000e+00
      vertex   -3.600927e+00 -1.903429e+01 3.200000e+00
      vertex   -3.727532e+00 -1.887269e+01 3.200000e+00
    endloop
  endfacet
  facet normal 0.000000e+00 0.000000e+00 1.000000e+00
    outer loop
      vertex   -6.272468e+00 -1.887269e+01 3.200000e+00
      vertex   -3.727532e+00 -1.887269e+01 3.200000e+00
      vertex   -6.127309e+00 -1.872753e+01 3.200000e+00
    endloop
  endfacet
  facet normal -0.000000e+00 0.000000e+00 1.000000e+00
    outer loop
      vertex   -6.127309e+00 -1.872753e+01 3.200000e+00
      vertex   -3.727532e+00 -1.887269e+01 3.200000e+00
      vertex   -3.872691e+00 -1.872753e+01 3.200000e+00
    endloop
  endfacet
  facet normal 0.000000e+00 0.000000e+00 1.000000e+00
    outer loop
      vertex   -6.127309e+00 -1.872753e+01 3.200000e+00
      vertex   -3.872691e+00 -1.872753e+01 3.200000e+00
      vertex   -5.965710e+00 -1.860093e+01 3.200000e+00
    endloop
  endfacet
  facet normal -0.000000e+00 0.000000e+00 1.000000e+00
    outer loop
      vertex   -5.965710e+00 -1.860093e+01 3.200000e+00
      vertex   -3.872691e+00 -1.872753e+01 3.200000e+00
      vertex   -4.034290e+00 -1.860093e+01 3.200000e+00
    endloop
  endfacet
  facet normal 0.000000e+00 0.000000e+00 1.000000e+00
    outer loop
      vertex   -5.965710e+00 -1.860093e+01 3.200000e+00
      vertex   -4.034290e+00 -1.860093e+01 3.200000e+00
      vertex   -5.790029e+00 -1.849472e+01 3.200000e+00
    endloop
  endfacet
  facet normal -0.000000e+00 0.000000e+00 1.000000e+00
    outer loop
      vertex   -5.790029e+00 -1.849472e+01 3.200000e+00
      vertex   -4.034290e+00 -1.860093e+01 3.200000e+00
      vertex   -4.209971e+00 -1.849472e+01 3.200000e+00
    endloop
  endfacet
  facet normal 0.000000e+00 0.000000e+00 1.000000e+00
    outer loop
      vertex   -5.790029e+00 -1.849472e+01 3.200000e+00
      vertex   -4.209971e+00 -1.849472e+01 3.200000e+00
      vertex   -5.602828e+00 -1.841047e+01 3.200000e+00
    endloop
  endfacet
  facet normal -0.000000e+00 0.000000e+00 1.000000e+00
    outer loop
      vertex   -5.602828e+00 -1.841047e+01 3.200000e+00
      vertex   -4.209971e+00 -1.849472e+01 3.200000e+00
      vertex   -4.397172e+00 -1.841047e+01 3.200000e+00
    endloop
  endfacet
  facet normal 0.000000e+00 0.000000e+00 1.000000e+00
    outer loop
      vertex   -5.602828e+00 -1.841047e+01 3.200000e+00
      vertex   -4.397172e+00 -1.841047e+01 3.200000e+00
      vertex   -5.406837e+00 -1.834940e+01 3.200000e+00
    endloop
  endfacet
  facet normal -0.000000e+00 0.000000e+00 1.000000e+00
    outer loop
      vertex   -5.406837e+00 -1.834940e+01 3.200000e+00
      vertex   -4.397172e+00 -1.841047e+01 3.200000e+00
      vertex   -4.593163e+00 -1.834940e+01 3.200000e+00
    endloop
  endfacet
  facet normal 0.000000e+00 0.000000e+00 1.000000e+00
    outer loop
      vertex   -5.406837e+00 -1.834940e+01 3.200000e+00
      vertex   -4.593163e+00 -1.834940e+01 3.200000e+00
      vertex   -5.204912e+00 -1.831239e+01 3.200000e+00
    endloop
  endfacet
  facet normal -0.000000e+00 0.000000e+00 1.000000e+00
    outer loop
      vertex   -5.204912e+00 -1.831239e+01 3.200000e+00
      vertex   -4.593163e+00 -1.834940e+01 3.200000e+00
      vertex   -4.795088e+00 -1.831239e+01 3.200000e+00
    endloop
  endfacet
  facet normal 0.000000e+00 0.000000e+00 1.000000e+00
    outer loop
      vertex   -5.204912e+00 -1.831239e+01 3.200000e+00
      vertex   -4.795088e+00 -1.831239e+01 3.200000e+00
      vertex   -5.000000e+00 -1.830000e+01 3.200000e+00
    endloop
  endfacet
  facet normal 0.000000e+00 0.000000e+00 1.000000e+00
    outer loop
      vertex   -3.312395e+00 -2.020491e+01 3.200000e+00
      vertex   -6.687605e+00 -2.020491e+01 3.200000e+00
      vertex   -3.349399e+00 -2.040684e+01 3.200000e+00
    endloop
  endfacet
  facet normal 0.000000e+00 0.000000e+00 1.000000e+00
    outer loop
      vertex   -3.349399e+00 -2.040684e+01 3.200000e+00
      vertex   -6.687605e+00 -2.020491e+01 3.200000e+00
      vertex   -6.650601e+00 -2.040684e+01 3.200000e+00
    endloop
  endfacet
  facet normal 0.000000e+00 0.000000e+00 1.000000e+00
    outer loop
      vertex   -3.349399e+00 -2.040684e+01 3.200000e+00
      vertex   -6.650601e+00 -2.040684e+01 3.200000e+00
      vertex   -3.410472e+00 -2.060283e+01 3.200000e+00
    endloop
  endfacet
  facet normal 0.000000e+00 0.000000e+00 1.000000e+00
    outer loop
      vertex   -3.410472e+00 -2.060283e+01 3.200000e+00
      vertex   -6.650601e+00 -2.040684e+01 3.200000e+00
      vertex   -6.589528e+00 -2.060283e+01 3.200000e+00
    endloop
  endfacet
  facet normal 0.000000e+00 0.000000e+00 1.000000e+00
    outer loop
      vertex   -3.410472e+00 -2.060283e+01 3.200000e+00
      vertex   -6.589528e+00 -2.060283e+01 3.200000e+00
      vertex   -3.494725e+00 -2.079003e+01 3.200000e+00
    endloop
  endfacet
  facet normal 0.000000e+00 0.000000e+00 1.000000e+00
    outer loop
      vertex   -3.494725e+00 -2.079003e+01 3.200000e+00
      vertex   -6.589528e+00 -2.060283e+01 3.200000e+00
      vertex   -6.505275e+00 -2.079003e+01 3.200000e+00
    endloop
  endfacet
  facet normal 0.000000e+00 0.000000e+00 1.000000e+00
    outer loop
      vertex   -3.494725e+00 -2.079003e+01 3.200000e+00
      vertex   -6.505275e+00 -2.079003e+01 3.200000e+00
      vertex   -3.600927e+00 -2.096571e+01 3.200000e+00
    endloop
  endfacet
  facet normal 0.000000e+00 0.000000e+00 1.000000e+00
    outer loop
      vertex   -3.600927e+00 -2.096571e+01 3.200000e+00
      vertex   -6.505275e+00 -2.079003e+01 3.200000e+00
      vertex   -6.399073e+00 -2.096571e+01 3.200000e+00
    endloop
  endfacet
  facet normal 0.000000e+00 0.000000e+00 1.000000e+00
    outer loop
      vertex   -3.600927e+00 -2.096571e+01 3.200000e+00
      vertex   -6.399073e+00 -2.096571e+01 3.200000e+00
      vertex   -3.727532e+00 -2.112731e+01 3.200000e+00
    endloop
  endfacet
  facet normal 0.000000e+00 0.000000e+00 1.000000e+00
    outer loop
      vertex   -3.727532e+00 -2.112731e+01 3.200000e+00
      vertex   -6.399073e+00 -2.096571e+01 3.200000e+00
      vertex   -6.272468e+00 -2.112731e+01 3.200000e+00
    endloop
  endfacet
  facet normal 0.000000e+00 0.000000e+00 1.000000e+00
    outer loop
      vertex   -3.727532e+00 -2.112731e+01 3.200000e+00
      vertex   -6.272468e+00 -2.112731e+01 3.200000e+00
      vertex   -3.872691e+00 -2.127247e+01 3.200000e+00
    endloop
  endfacet
  facet normal 0.000000e+00 0.000000e+00 1.000000e+00
    outer loop
      vertex   -3.872691e+00 -2.127247e+01 3.200000e+00
      vertex   -6.272468e+00 -2.112731e+01 3.200000e+00
      vertex   -6.127309e+00 -2.127247e+01 3.200000e+00
    endloop
  endfacet
  facet normal 0.000000e+00 0.000000e+00 1.000000e+00
    outer loop
      vertex   -3.872691e+00 -2.127247e+01 3.200000e+00
      vertex   -6.127309e+00 -2.127247e+01 3.200000e+00
      vertex   -4.034290e+00 -2.139907e+01 3.200000e+00
    endloop
  endfacet
  facet normal 0.000000e+00 0.000000e+00 1.000000e+00
    outer loop
      vertex   -4.034290e+00 -2.139907e+01 3.200000e+00
      vertex   -6.127309e+00 -2.127247e+01 3.200000e+00
      vertex   -5.965710e+00 -2.139907e+01 3.200000e+00
    endloop
  endfacet
  facet normal 0.000000e+00 0.000000e+00 1.000000e+00
    outer loop
      vertex   -4.034290e+00 -2.139907e+01 3.200000e+00
      vertex   -5.965710e+00 -2.139907e+01 3.200000e+00
      vertex   -4.209971e+00 -2.150528e+01 3.200000e+00
    endloop
  endfacet
  facet normal 0.000000e+00 0.000000e+00 1.000000e+00
    outer loop
      vertex   -4.209971e+00 -2.150528e+01 3.200000e+00
      vertex   -5.965710e+00 -2.139907e+01 3.200000e+00
      vertex   -5.790029e+00 -2.150528e+01 3.200000e+00
    endloop
  endfacet
  facet normal 0.000000e+00 0.000000e+00 1.000000e+00
    outer loop
      vertex   -4.209971e+00 -2.150528e+01 3.200000e+00
      vertex   -5.790029e+00 -2.150528e+01 3.200000e+00
      vertex   -4.397172e+00 -2.158953e+01 3.200000e+00
    endloop
  endfacet
  facet normal 0.000000e+00 0.000000e+00 1.000000e+00
    outer loop
      vertex   -4.397172e+00 -2.158953e+01 3.200000e+00
      vertex   -5.790029e+00 -2.150528e+01 3.200000e+00
      vertex   -5.602828e+00 -2.158953e+01 3.200000e+00
    endloop
  endfacet
  facet normal 0.000000e+00 0.000000e+00 1.000000e+00
    outer loop
      vertex   -4.397172e+00 -2.158953e+01 3.200000e+00
      vertex   -5.602828e+00 -2.158953e+01 3.200000e+00
      vertex   -4.593163e+00 -2.165060e+01 3.200000e+00
    endloop
  endfacet
  facet normal 0.000000e+00 0.000000e+00 1.000000e+00
    outer loop
      vertex   -4.593163e+00 -2.165060e+01 3.200000e+00
      vertex   -5.602828e+00 -2.158953e+01 3.200000e+00
      vertex   -5.406837e+00 -2.165060e+01 3.200000e+00
    endloop
  endfacet
  facet normal 0.000000e+00 0.000000e+00 1.000000e+00
    outer loop
      vertex   -4.593163e+00 -2.165060e+01 3.200000e+00
      vertex   -5.406837e+00 -2.165060e+01 3.200000e+00
      vertex   -4.795088e+00 -2.168761e+01 3.200000e+00
    endloop
  endfacet
  facet normal 0.000000e+00 0.000000e+00 1.000000e+00
    outer loop
      vertex   -4.795088e+00 -2.168761e+01 3.200000e+00
      vertex   -5.406837e+00 -2.165060e+01 3.200000e+00
      vertex   -5.204912e+00 -2.168761e+01 3.200000e+00
    endloop
  endfacet
  facet normal 0.000000e+00 0.000000e+00 1.000000e+00
    outer loop
      vertex   -4.795088e+00 -2.168761e+01 3.200000e+00
      vertex   -5.204912e+00 -2.168761e+01 3.200000e+00
      vertex   -5.000000e+00 -2.170000e+01 3.200000e+00
    endloop
  endfacet
  facet normal 0.000000e+00 0.000000e+00 1.000000e+00
    outer loop
      vertex   6.700000e+00 2.100000e+01 3.200000e+00
      vertex   5.790029e+00 2.250528e+01 3.200000e+00
      vertex   6.700000e+00 1.300000e+01 3.200000e+00
    endloop
  endfacet
  facet normal 0.000000e+00 0.000000e+00 1.000000e+00
    outer loop
      vertex   6.700000e+00 1.300000e+01 3.200000e+00
      vertex   5.790029e+00 2.250528e+01 3.200000e+00
      vertex   5.602828e+00 2.258953e+01 3.200000e+00
    endloop
  endfacet
  facet normal 0.000000e+00 0.000000e+00 1.000000e+00
    outer loop
      vertex   6.700000e+00 1.300000e+01 3.200000e+00
      vertex   5.602828e+00 2.258953e+01 3.200000e+00
      vertex   5.406837e+00 2.265060e+01 3.200000e+00
    endloop
  endfacet
  facet normal 0.000000e+00 0.000000e+00 1.000000e+00
    outer loop
      vertex   6.687605e+00 2.120491e+01 3.200000e+00
      vertex   6.650601e+00 2.140684e+01 3.200000e+00
      vertex   6.700000e+00 2.100000e+01 3.200000e+00
    endloop
  endfacet
  facet normal 0.000000e+00 0.000000e+00 1.000000e+00
    outer loop
      vertex   6.700000e+00 2.100000e+01 3.200000e+00
      vertex   6.650601e+00 2.140684e+01 3.200000e+00
      vertex   6.589528e+00 2.160283e+01 3.200000e+00
    endloop
  endfacet
  facet normal 0.000000e+00 0.000000e+00 1.000000e+00
    outer loop
      vertex   6.700000e+00 2.100000e+01 3.200000e+00
      vertex   6.589528e+00 2.160283e+01 3.200000e+00
      vertex   6.505275e+00 2.179003e+01 3.200000e+00
    endloop
  endfacet
  facet normal 0.000000e+00 0.000000e+00 1.000000e+00
    outer loop
      vertex   6.505275e+00 2.179003e+01 3.200000e+00
      vertex   6.399073e+00 2.196571e+01 3.200000e+00
      vertex   6.700000e+00 2.100000e+01 3.200000e+00
    endloop
  endfacet
  facet normal 0.000000e+00 0.000000e+00 1.000000e+00
    outer loop
      vertex   6.700000e+00 2.100000e+01 3.200000e+00
      vertex   6.399073e+00 2.196571e+01 3.200000e+00
      vertex   6.272468e+00 2.212731e+01 3.200000e+00
    endloop
  endfacet
  facet normal 0.000000e+00 0.000000e+00 1.000000e+00
    outer loop
      vertex   6.700000e+00 2.100000e+01 3.200000e+00
      vertex   6.272468e+00 2.212731e+01 3.200000e+00
      vertex   6.127309e+00 2.227247e+01 3.200000e+00
    endloop
  endfacet
  facet normal 0.000000e+00 0.000000e+00 1.000000e+00
    outer loop
      vertex   6.127309e+00 2.227247e+01 3.200000e+00
      vertex   5.965710e+00 2.239907e+01 3.200000e+00
      vertex   6.700000e+00 2.100000e+01 3.200000e+00
    endloop
  endfacet
  facet normal 0.000000e+00 0.000000e+00 1.000000e+00
    outer loop
      vertex   6.700000e+00 2.100000e+01 3.200000e+00
      vertex   5.965710e+00 2.239907e+01 3.200000e+00
      vertex   5.790029e+00 2.250528e+01 3.200000e+00
    endloop
  endfacet
  facet normal 0.000000e+00 0.000000e+00 1.000000e+00
    outer loop
      vertex   5.406837e+00 2.265060e+01 3.200000e+00
      vertex   5.204912e+00 2.268761e+01 3.200000e+00
      vertex   6.700000e+00 1.300000e+01 3.200000e+00
    endloop
  endfacet
  facet normal 0.000000e+00 0.000000e+00 1.000000e+00
    outer loop
      vertex   6.700000e+00 1.300000e+01 3.200000e+00
      vertex   5.204912e+00 2.268761e+01 3.200000e+00
      vertex   6.399073e+00 1.203429e+01 3.200000e+00
    endloop
  endfacet
  facet normal 0.000000e+00 0.000000e+00 1.000000e+00
    outer loop
      vertex   6.700000e+00 1.300000e+01 3.200000e+00
      vertex   6.399073e+00 1.203429e+01 3.200000e+00
      vertex   6.505275e+00 1.220997e+01 3.200000e+00
    endloop
  endfacet
  facet normal 0.000000e+00 0.000000e+00 1.000000e+00
    outer loop
      vertex   5.204912e+00 2.268761e+01 3.200000e+00
      vertex   5.000000e+00 2.270000e+01 3.200000e+00
      vertex   6.399073e+00 1.203429e+01 3.200000e+00
    endloop
  endfacet
  facet normal 0.000000e+00 0.000000e+00 1.000000e+00
    outer loop
      vertex   6.399073e+00 1.203429e+01 3.200000e+00
      vertex   5.000000e+00 2.270000e+01 3.200000e+00
      vertex   3.494725e+00 1.220997e+01 3.200000e+00
    endloop
  endfacet
  facet normal 0.000000e+00 0.000000e+00 1.000000e+00
    outer loop
      vertex   6.399073e+00 1.203429e+01 3.200000e+00
      vertex   3.494725e+00 1.220997e+01 3.200000e+00
      vertex   3.600927e+00 1.203429e+01 3.200000e+00
    endloop
  endfacet
  facet normal 0.000000e+00 0.000000e+00 1.000000e+00
    outer loop
      vertex   5.000000e+00 2.270000e+01 3.200000e+00
      vertex   4.795088e+00 2.268761e+01 3.200000e+00
      vertex   3.494725e+00 1.220997e+01 3.200000e+00
    endloop
  endfacet
  facet normal 0.000000e+00 -0.000000e+00 1.000000e+00
    outer loop
      vertex   3.494725e+00 1.220997e+01 3.200000e+00
      vertex   4.795088e+00 2.268761e+01 3.200000e+00
      vertex   3.300000e+00 1.300000e+01 3.200000e+00
    endloop
  endfacet
  facet normal 0.000000e+00 0.000000e+00 1.000000e+00
    outer loop
      vertex   3.494725e+00 1.220997e+01 3.200000e+00
      vertex   3.300000e+00 1.300000e+01 3.200000e+00
      vertex   3.410472e+00 1.239717e+01 3.200000e+00
    endloop
  endfacet
  facet normal 0.000000e+00 0.000000e+00 1.000000e+00
    outer loop
      vertex   3.410472e+00 1.239717e+01 3.200000e+00
      vertex   3.300000e+00 1.300000e+01 3.200000e+00
      vertex   3.349399e+00 1.259316e+01 3.200000e+00
    endloop
  endfacet
  facet normal 0.000000e+00 0.000000e+00 1.000000e+00
    outer loop
      vertex   3.349399e+00 1.259316e+01 3.200000e+00
      vertex   3.300000e+00 1.300000e+01 3.200000e+00
      vertex   3.312395e+00 1.279509e+01 3.200000e+00
    endloop
  endfacet
  facet normal 0.000000e+00 0.000000e+00 1.000000e+00
    outer loop
      vertex   4.795088e+00 2.268761e+01 3.200000e+00
      vertex   4.593163e+00 2.265060e+01 3.200000e+00
      vertex   3.300000e+00 1.300000e+01 3.200000e+00
    endloop
  endfacet
  facet normal 0.000000e+00 0.000000e+00 1.000000e+00
    outer loop
      vertex   3.300000e+00 1.300000e+01 3.200000e+00
      vertex   4.593163e+00 2.265060e+01 3.200000e+00
      vertex   4.397172e+00 2.258953e+01 3.200000e+00
    endloop
  endfacet
  facet normal 0.000000e+00 0.000000e+00 1.000000e+00
    outer loop
      vertex   3.300000e+00 1.300000e+01 3.200000e+00
      vertex   4.397172e+00 2.258953e+01 3.200000e+00
      vertex   4.209971e+00 2.250528e+01 3.200000e+00
    endloop
  endfacet
  facet normal 0.000000e+00 -0.000000e+00 1.000000e+00
    outer loop
      vertex   3.300000e+00 1.300000e+01 3.200000e+00
      vertex   4.209971e+00 2.250528e+01 3.200000e+00
      vertex   3.300000e+00 2.100000e+01 3.200000e+00
    endloop
  endfacet
  facet normal 0.000000e+00 0.000000e+00 1.000000e+00
    outer loop
      vertex   3.300000e+00 2.100000e+01 3.200000e+00
      vertex   4.209971e+00 2.250528e+01 3.200000e+00
      vertex   4.034290e+00 2.239907e+01 3.200000e+00
    endloop
  endfacet
  facet normal 0.000000e+00 0.000000e+00 1.000000e+00
    outer loop
      vertex   3.300000e+00 2.100000e+01 3.200000e+00
      vertex   4.034290e+00 2.239907e+01 3.200000e+00
      vertex   3.872691e+00 2.227247e+01 3.200000e+00
    endloop
  endfacet
  facet normal 0.000000e+00 0.000000e+00 1.000000e+00
    outer loop
      vertex   3.872691e+00 2.227247e+01 3.200000e+00
      vertex   3.727532e+00 2.212731e+01 3.200000e+00
      vertex   3.300000e+00 2.100000e+01 3.200000e+00
    endloop
  endfacet
  facet normal 0.000000e+00 0.000000e+00 1.000000e+00
    outer loop
      vertex   3.300000e+00 2.100000e+01 3.200000e+00
      vertex   3.727532e+00 2.212731e+01 3.200000e+00
      vertex   3.600927e+00 2.196571e+01 3.200000e+00
    endloop
  endfacet
  facet normal 0.000000e+00 0.000000e+00 1.000000e+00
    outer loop
      vertex   3.300000e+00 2.100000e+01 3.200000e+00
      vertex   3.600927e+00 2.196571e+01 3.200000e+00
      vertex   3.494725e+00 2.179003e+01 3.200000e+00
    endloop
  endfacet
  facet normal 0.000000e+00 0.000000e+00 1.000000e+00
    outer loop
      vertex   3.494725e+00 2.179003e+01 3.200000e+00
      vertex   3.410472e+00 2.160283e+01 3.200000e+00
      vertex   3.300000e+00 2.100000e+01 3.200000e+00
    endloop
  endfacet
  facet normal 0.000000e+00 0.000000e+00 1.000000e+00
    outer loop
      vertex   3.300000e+00 2.100000e+01 3.200000e+00
      vertex   3.410472e+00 2.160283e+01 3.200000e+00
      vertex   3.349399e+00 2.140684e+01 3.200000e+00
    endloop
  endfacet
  facet normal 0.000000e+00 0.000000e+00 1.000000e+00
    outer loop
      vertex   3.300000e+00 2.100000e+01 3.200000e+00
      vertex   3.349399e+00 2.140684e+01 3.200000e+00
      vertex   3.312395e+00 2.120491e+01 3.200000e+00
    endloop
  endfacet
  facet normal 0.000000e+00 0.000000e+00 1.000000e+00
    outer loop
      vertex   6.399073e+00 1.203429e+01 3.200000e+00
      vertex   3.600927e+00 1.203429e+01 3.200000e+00
      vertex   6.272468e+00 1.187269e+01 3.200000e+00
    endloop
  endfacet
  facet normal 0.000000e+00 0.000000e+00 1.000000e+00
    outer loop
      vertex   6.272468e+00 1.187269e+01 3.200000e+00
      vertex   3.600927e+00 1.203429e+01 3.200000e+00
      vertex   3.727532e+00 1.187269e+01 3.200000e+00
    endloop
  endfacet
  facet normal 0.000000e+00 0.000000e+00 1.000000e+00
    outer loop
      vertex   6.272468e+00 1.187269e+01 3.200000e+00
      vertex   3.727532e+00 1.187269e+01 3.200000e+00
      vertex   6.127309e+00 1.172753e+01 3.200000e+00
    endloop
  endfacet
  facet normal 0.000000e+00 0.000000e+00 1.000000e+00
    outer loop
      vertex   6.127309e+00 1.172753e+01 3.200000e+00
      vertex   3.727532e+00 1.187269e+01 3.200000e+00
      vertex   3.872691e+00 1.172753e+01 3.200000e+00
    endloop
  endfacet
  facet normal 0.000000e+00 0.000000e+00 1.000000e+00
    outer loop
      vertex   6.127309e+00 1.172753e+01 3.200000e+00
      vertex   3.872691e+00 1.172753e+01 3.200000e+00
      vertex   5.965710e+00 1.160093e+01 3.200000e+00
    endloop
  endfacet
  facet normal 0.000000e+00 0.000000e+00 1.000000e+00
    outer loop
      vertex   5.965710e+00 1.160093e+01 3.200000e+00
      vertex   3.872691e+00 1.172753e+01 3.200000e+00
      vertex   4.034290e+00 1.160093e+01 3.200000e+00
    endloop
  endfacet
  facet normal 0.000000e+00 0.000000e+00 1.000000e+00
    outer loop
      vertex   5.965710e+00 1.160093e+01 3.200000e+00
      vertex   4.034290e+00 1.160093e+01 3.200000e+00
      vertex   5.790029e+00 1.149472e+01 3.200000e+00
    endloop
  endfacet
  facet normal 0.000000e+00 0.000000e+00 1.000000e+00
    outer loop
      vertex   5.790029e+00 1.149472e+01 3.200000e+00
      vertex   4.034290e+00 1.160093e+01 3.200000e+00
      vertex   4.209971e+00 1.149472e+01 3.200000e+00
    endloop
  endfacet
  facet normal 0.000000e+00 0.000000e+00 1.000000e+00
    outer loop
      vertex   5.790029e+00 1.149472e+01 3.200000e+00
      vertex   4.209971e+00 1.149472e+01 3.200000e+00
      vertex   5.602828e+00 1.141047e+01 3.200000e+00
    endloop
  endfacet
  facet normal 0.000000e+00 0.000000e+00 1.000000e+00
    outer loop
      vertex   5.602828e+00 1.141047e+01 3.200000e+00
      vertex   4.209971e+00 1.149472e+01 3.200000e+00
      vertex   4.397172e+00 1.141047e+01 3.200000e+00
    endloop
  endfacet
  facet normal 0.000000e+00 0.000000e+00 1.000000e+00
    outer loop
      vertex   5.602828e+00 1.141047e+01 3.200000e+00
      vertex   4.397172e+00 1.141047e+01 3.200000e+00
      vertex   5.406837e+00 1.134940e+01 3.200000e+00
    endloop
  endfacet
  facet normal 0.000000e+00 0.000000e+00 1.000000e+00
    outer loop
      vertex   5.406837e+00 1.134940e+01 3.200000e+00
      vertex   4.397172e+00 1.141047e+01 3.200000e+00
      vertex   4.593163e+00 1.134940e+01 3.200000e+00
    endloop
  endfacet
  facet normal 0.000000e+00 0.000000e+00 1.000000e+00
    outer loop
      vertex   5.406837e+00 1.134940e+01 3.200000e+00
      vertex   4.593163e+00 1.134940e+01 3.200000e+00
      vertex   5.204912e+00 1.131239e+01 3.200000e+00
    endloop
  endfacet
  facet normal 0.000000e+00 0.000000e+00 1.000000e+00
    outer loop
      vertex   5.204912e+00 1.131239e+01 3.200000e+00
      vertex   4.593163e+00 1.134940e+01 3.200000e+00
      vertex   4.795088e+00 1.131239e+01 3.200000e+00
    endloop
  endfacet
  facet normal 0.000000e+00 0.000000e+00 1.000000e+00
    outer loop
      vertex   5.204912e+00 1.131239e+01 3.200000e+00
      vertex   4.795088e+00 1.131239e+01 3.200000e+00
      vertex   5.000000e+00 1.130000e+01 3.200000e+00
    endloop
  endfacet
  facet normal 0.000000e+00 0.000000e+00 1.000000e+00
    outer loop
      vertex   6.505275e+00 1.220997e+01 3.200000e+00
      vertex   6.589528e+00 1.239717e+01 3.200000e+00
      vertex   6.700000e+00 1.300000e+01 3.200000e+00
    endloop
  endfacet
  facet normal 0.000000e+00 0.000000e+00 1.000000e+00
    outer loop
      vertex   6.700000e+00 1.300000e+01 3.200000e+00
      vertex   6.589528e+00 1.239717e+01 3.200000e+00
      vertex   6.650601e+00 1.259316e+01 3.200000e+00
    endloop
  endfacet
  facet normal 0.000000e+00 0.000000e+00 1.000000e+00
    outer loop
      vertex   6.700000e+00 1.300000e+01 3.200000e+00
      vertex   6.650601e+00 1.259316e+01 3.200000e+00
      vertex   6.687605e+00 1.279509e+01 3.200000e+00
    endloop
  endfacet
  facet normal -7.071068e-01 7.071068e-01 0.000000e+00
    outer loop
      vertex   -1.000000e+01 2.700000e+01 4.000000e-01
      vertex   -1.000000e+01 2.700000e+01 5.600000e+00
      vertex   -7.000000e+00 3.000000e+01 4.000000e-01
    endloop
  endfacet
  facet normal -7.071068e-01 7.071068e-01 0.000000e+00
    outer loop
      vertex   -7.000000e+00 3.000000e+01 4.000000e-01
      vertex   -1.000000e+01 2.700000e+01 5.600000e+00
      vertex   -7.000000e+00 3.000000e+01 5.600000e+00
    endloop
  endfacet
  facet normal 0.000000e+00 1.000000e+00 -0.000000e+00
    outer loop
      vertex   7.000000e+00 3.000000e+01 4.000000e-01
      vertex   -7.000000e+00 3.000000e+01 4.000000e-01
      vertex   7.000000e+00 3.000000e+01 5.600000e+00
    endloop
  endfacet
  facet normal 0.000000e+00 1.000000e+00 0.000000e+00
    outer loop
      vertex   7.000000e+00 3.000000e+01 5.600000e+00
      vertex   -7.000000e+00 3.000000e+01 4.000000e-01
      vertex   -7.000000e+00 3.000000e+01 5.600000e+00
    endloop
  endfacet
  facet normal 7.071068e-01 7.071068e-01 -0.000000e+00
    outer loop
      vertex   7.000000e+00 3.000000e+01 4.000000e-01
      vertex   7.000000e+00 3.000000e+01 5.600000e+00
      vertex   1.000000e+01 2.700000e+01 4.000000e-01
    endloop
  endfacet
  facet normal 7.071068e-01 7.071068e-01 -0.000000e+00
    outer loop
      vertex   1.000000e+01 2.700000e+01 4.000000e-01
      vertex   7.000000e+00 3.000000e+01 5.600000e+00
      vertex   1.000000e+01 2.700000e+01 5.600000e+00
    endloop
  endfacet
  facet normal 0.000000e+00 0.000000e+00 -1.000000e+00
    outer loop
      vertex   2.012429e+00 -2.027280e+01 3.000000e+00
      vertex   2.000000e+00 -2.000000e+01 3.000000e+00
      vertex   7.996891e+00 -2.013654e+01 3.000000e+00
    endloop
  endfacet
  facet normal 0.000000e+00 0.000000e+00 -1.000000e+00
    outer loop
      vertex   7.996891e+00 -2.013654e+01 3.000000e+00
      vertex   2.000000e+00 -2.000000e+01 3.000000e+00
      vertex   2.012429e+00 -1.972720e+01 3.000000e+00
    endloop
  endfacet
  facet normal 0.000000e+00 0.000000e+00 -1.000000e+00
    outer loop
      vertex   7.996891e+00 -2.013654e+01 3.000000e+00
      vertex   2.012429e+00 -1.972720e+01 3.000000e+00
      vertex   2.049615e+00 -1.945665e+01 3.000000e+00
    endloop
  endfacet
  facet normal 0.000000e+00 0.000000e+00 -1.000000e+00
    outer loop
      vertex   2.049615e+00 -1.945665e+01 3.000000e+00
      vertex   2.111248e+00 -1.919061e+01 3.000000e+00
      vertex   7.996891e+00 -2.013654e+01 3.000000e+00
    endloop
  endfacet
  facet normal 0.000000e+00 0.000000e+00 -1.000000e+00
    outer loop
      vertex   7.996891e+00 -2.013654e+01 3.000000e+00
      vertex   2.111248e+00 -1.919061e+01 3.000000e+00
      vertex   2.196818e+00 -1.893127e+01 3.000000e+00
    endloop
  endfacet
  facet normal 0.000000e+00 0.000000e+00 -1.000000e+00
    outer loop
      vertex   7.996891e+00 -2.013654e+01 3.000000e+00
      vertex   2.196818e+00 -1.893127e+01 3.000000e+00
      vertex   2.305617e+00 -1.868080e+01 3.000000e+00
    endloop
  endfacet
  facet normal 0.000000e+00 0.000000e+00 -1.000000e+00
    outer loop
      vertex   2.305617e+00 -1.868080e+01 3.000000e+00
      vertex   2.436742e+00 -1.844125e+01 3.000000e+00
      vertex   7.996891e+00 -2.013654e+01 3.000000e+00
    endloop
  endfacet
  facet normal 0.000000e+00 0.000000e+00 -1.000000e+00
    outer loop
      vertex   7.996891e+00 -2.013654e+01 3.000000e+00
      vertex   2.436742e+00 -1.844125e+01 3.000000e+00
      vertex   2.589107e+00 -1.821462e+01 3.000000e+00
    endloop
  endfacet
  facet normal 0.000000e+00 0.000000e+00 -1.000000e+00
    outer loop
      vertex   7.996891e+00 -2.013654e+01 3.000000e+00
      vertex   2.589107e+00 -1.821462e+01 3.000000e+00
      vertex   2.761449e+00 -1.800278e+01 3.000000e+00
    endloop
  endfacet
  facet normal 0.000000e+00 0.000000e+00 -1.000000e+00
    outer loop
      vertex   2.761449e+00 -1.800278e+01 3.000000e+00
      vertex   2.952341e+00 -1.780749e+01 3.000000e+00
      vertex   7.996891e+00 -2.013654e+01 3.000000e+00
    endloop
  endfacet
  facet normal 0.000000e+00 0.000000e+00 -1.000000e+00
    outer loop
      vertex   7.996891e+00 -2.013654e+01 3.000000e+00
      vertex   2.952341e+00 -1.780749e+01 3.000000e+00
      vertex   3.160200e+00 -1.763037e+01 3.000000e+00
    endloop
  endfacet
  facet normal 0.000000e+00 0.000000e+00 -1.000000e+00
    outer loop
      vertex   7.996891e+00 -2.013654e+01 3.000000e+00
      vertex   3.160200e+00 -1.763037e+01 3.000000e+00
      vertex   3.383304e+00 -1.747289e+01 3.000000e+00
    endloop
  endfacet
  facet normal 0.000000e+00 0.000000e+00 -1.000000e+00
    outer loop
      vertex   3.383304e+00 -1.747289e+01 3.000000e+00
      vertex   3.619805e+00 -1.733634e+01 3.000000e+00
      vertex   7.996891e+00 -2.013654e+01 3.000000e+00
    endloop
  endfacet
  facet normal 0.000000e+00 0.000000e+00 -1.000000e+00
    outer loop
      vertex   7.996891e+00 -2.013654e+01 3.000000e+00
      vertex   3.619805e+00 -1.733634e+01 3.000000e+00
      vertex   3.867742e+00 -1.722187e+01 3.000000e+00
    endloop
  endfacet
  facet normal 0.000000e+00 0.000000e+00 -1.000000e+00
    outer loop
      vertex   7.996891e+00 -2.013654e+01 3.000000e+00
      vertex   3.867742e+00 -1.722187e+01 3.000000e+00
      vertex   4.125062e+00 -1.713042e+01 3.000000e+00
    endloop
  endfacet
  facet normal 0.000000e+00 0.000000e+00 -1.000000e+00
    outer loop
      vertex   4.125062e+00 -1.713042e+01 3.000000e+00
      vertex   4.389632e+00 -1.706275e+01 3.000000e+00
      vertex   7.996891e+00 -2.013654e+01 3.000000e+00
    endloop
  endfacet
  facet normal 0.000000e+00 0.000000e+00 -1.000000e+00
    outer loop
      vertex   7.996891e+00 -2.013654e+01 3.000000e+00
      vertex   4.389632e+00 -1.706275e+01 3.000000e+00
      vertex   4.659259e+00 -1.701941e+01 3.000000e+00
    endloop
  endfacet
  facet normal 0.000000e+00 0.000000e+00 -1.000000e+00
    outer loop
      vertex   7.996891e+00 -2.013654e+01 3.000000e+00
      vertex   4.659259e+00 -1.701941e+01 3.000000e+00
      vertex   7.996891e+00 -1.986346e+01 3.000000e+00
    endloop
  endfacet
  facet normal 0.000000e+00 0.000000e+00 -1.000000e+00
    outer loop
      vertex   7.996891e+00 -1.986346e+01 3.000000e+00
      vertex   4.659259e+00 -1.701941e+01 3.000000e+00
      vertex   4.931710e+00 -1.700078e+01 3.000000e+00
    endloop
  endfacet
  facet normal 0.000000e+00 0.000000e+00 -1.000000e+00
    outer loop
      vertex   7.996891e+00 -1.986346e+01 3.000000e+00
      vertex   4.931710e+00 -1.700078e+01 3.000000e+00
      vertex   5.204727e+00 -1.700699e+01 3.000000e+00
    endloop
  endfacet
  facet normal 0.000000e+00 0.000000e+00 -1.000000e+00
    outer loop
      vertex   5.204727e+00 -1.700699e+01 3.000000e+00
      vertex   5.476048e+00 -1.703801e+01 3.000000e+00
      vertex   7.996891e+00 -1.986346e+01 3.000000e+00
    endloop
  endfacet
  facet normal 0.000000e+00 0.000000e+00 -1.000000e+00
    outer loop
      vertex   7.996891e+00 -1.986346e+01 3.000000e+00
      vertex   5.476048e+00 -1.703801e+01 3.000000e+00
      vertex   5.743423e+00 -1.709357e+01 3.000000e+00
    endloop
  endfacet
  facet normal 0.000000e+00 0.000000e+00 -1.000000e+00
    outer loop
      vertex   7.996891e+00 -1.986346e+01 3.000000e+00
      vertex   5.743423e+00 -1.709357e+01 3.000000e+00
      vertex   6.004639e+00 -1.717322e+01 3.000000e+00
    endloop
  endfacet
  facet normal 0.000000e+00 0.000000e+00 -1.000000e+00
    outer loop
      vertex   6.004639e+00 -1.717322e+01 3.000000e+00
      vertex   6.257530e+00 -1.727629e+01 3.000000e+00
      vertex   7.996891e+00 -1.986346e+01 3.000000e+00
    endloop
  endfacet
  facet normal 0.000000e+00 0.000000e+00 -1.000000e+00
    outer loop
      vertex   7.996891e+00 -1.986346e+01 3.000000e+00
      vertex   6.257530e+00 -1.727629e+01 3.000000e+00
      vertex   6.500000e+00 -1.740192e+01 3.000000e+00
    endloop
  endfacet
  facet normal 0.000000e+00 0.000000e+00 -1.000000e+00
    outer loop
      vertex   7.996891e+00 -1.986346e+01 3.000000e+00
      vertex   6.500000e+00 -1.740192e+01 3.000000e+00
      vertex   6.730041e+00 -1.754909e+01 3.000000e+00
    endloop
  endfacet
  facet normal 0.000000e+00 0.000000e+00 -1.000000e+00
    outer loop
      vertex   6.730041e+00 -1.754909e+01 3.000000e+00
      vertex   6.945746e+00 -1.771657e+01 3.000000e+00
      vertex   7.996891e+00 -1.986346e+01 3.000000e+00
    endloop
  endfacet
  facet normal 0.000000e+00 0.000000e+00 -1.000000e+00
    outer loop
      vertex   7.996891e+00 -1.986346e+01 3.000000e+00
      vertex   6.945746e+00 -1.771657e+01 3.000000e+00
      vertex   7.145329e+00 -1.790296e+01 3.000000e+00
    endloop
  endfacet
  facet normal 0.000000e+00 0.000000e+00 -1.000000e+00
    outer loop
      vertex   7.996891e+00 -1.986346e+01 3.000000e+00
      vertex   7.145329e+00 -1.790296e+01 3.000000e+00
      vertex   7.327134e+00 -1.810674e+01 3.000000e+00
    endloop
  endfacet
  facet normal 0.000000e+00 0.000000e+00 -1.000000e+00
    outer loop
      vertex   7.327134e+00 -1.810674e+01 3.000000e+00
      vertex   7.489656e+00 -1.832620e+01 3.000000e+00
      vertex   7.996891e+00 -1.986346e+01 3.000000e+00
    endloop
  endfacet
  facet normal 0.000000e+00 0.000000e+00 -1.000000e+00
    outer loop
      vertex   7.996891e+00 -1.986346e+01 3.000000e+00
      vertex   7.489656e+00 -1.832620e+01 3.000000e+00
      vertex   7.631548e+00 -1.855953e+01 3.000000e+00
    endloop
  endfacet
  facet normal 0.000000e+00 0.000000e+00 -1.000000e+00
    outer loop
      vertex   7.996891e+00 -1.986346e+01 3.000000e+00
      vertex   7.631548e+00 -1.855953e+01 3.000000e+00
      vertex   7.751634e+00 -1.880480e+01 3.000000e+00
    endloop
  endfacet
  facet normal 0.000000e+00 0.000000e+00 -1.000000e+00
    outer loop
      vertex   7.751634e+00 -1.880480e+01 3.000000e+00
      vertex   7.848919e+00 -1.905997e+01 3.000000e+00
      vertex   7.996891e+00 -1.986346e+01 3.000000e+00
    endloop
  endfacet
  facet normal 0.000000e+00 0.000000e+00 -1.000000e+00
    outer loop
      vertex   7.996891e+00 -1.986346e+01 3.000000e+00
      vertex   7.848919e+00 -1.905997e+01 3.000000e+00
      vertex   7.922597e+00 -1.932293e+01 3.000000e+00
    endloop
  endfacet
  facet normal 0.000000e+00 0.000000e+00 -1.000000e+00
    outer loop
      vertex   7.996891e+00 -1.986346e+01 3.000000e+00
      vertex   7.922597e+00 -1.932293e+01 3.000000e+00
      vertex   7.972058e+00 -1.959150e+01 3.000000e+00
    endloop
  endfacet
  facet normal 0.000000e+00 0.000000e+00 -1.000000e+00
    outer loop
      vertex   7.996891e+00 -2.013654e+01 3.000000e+00
      vertex   7.972058e+00 -2.040850e+01 3.000000e+00
      vertex   2.012429e+00 -2.027280e+01 3.000000e+00
    endloop
  endfacet
  facet normal 0.000000e+00 0.000000e+00 -1.000000e+00
    outer loop
      vertex   2.012429e+00 -2.027280e+01 3.000000e+00
      vertex   7.972058e+00 -2.040850e+01 3.000000e+00
      vertex   2.049615e+00 -2.054335e+01 3.000000e+00
    endloop
  endfacet
  facet normal 0.000000e+00 0.000000e+00 -1.000000e+00
    outer loop
      vertex   2.049615e+00 -2.054335e+01 3.000000e+00
      vertex   7.972058e+00 -2.040850e+01 3.000000e+00
      vertex   7.922597e+00 -2.067707e+01 3.000000e+00
    endloop
  endfacet
  facet normal 0.000000e+00 0.000000e+00 -1.000000e+00
    outer loop
      vertex   2.049615e+00 -2.054335e+01 3.000000e+00
      vertex   7.922597e+00 -2.067707e+01 3.000000e+00
      vertex   2.111248e+00 -2.080939e+01 3.000000e+00
    endloop
  endfacet
  facet normal 0.000000e+00 0.000000e+00 -1.000000e+00
    outer loop
      vertex   2.111248e+00 -2.080939e+01 3.000000e+00
      vertex   7.922597e+00 -2.067707e+01 3.000000e+00
      vertex   7.848919e+00 -2.094003e+01 3.000000e+00
    endloop
  endfacet
  facet normal 0.000000e+00 0.000000e+00 -1.000000e+00
    outer loop
      vertex   2.111248e+00 -2.080939e+01 3.000000e+00
      vertex   7.848919e+00 -2.094003e+01 3.000000e+00
      vertex   2.196818e+00 -2.106873e+01 3.000000e+00
    endloop
  endfacet
  facet normal 0.000000e+00 0.000000e+00 -1.000000e+00
    outer loop
      vertex   2.196818e+00 -2.106873e+01 3.000000e+00
      vertex   7.848919e+00 -2.094003e+01 3.000000e+00
      vertex   7.751634e+00 -2.119520e+01 3.000000e+00
    endloop
  endfacet
  facet normal 0.000000e+00 0.000000e+00 -1.000000e+00
    outer loop
      vertex   2.196818e+00 -2.106873e+01 3.000000e+00
      vertex   7.751634e+00 -2.119520e+01 3.000000e+00
      vertex   2.305617e+00 -2.131920e+01 3.000000e+00
    endloop
  endfacet
  facet normal 0.000000e+00 0.000000e+00 -1.000000e+00
    outer loop
      vertex   2.305617e+00 -2.131920e+01 3.000000e+00
      vertex   7.751634e+00 -2.119520e+01 3.000000e+00
      vertex   7.631548e+00 -2.144047e+01 3.000000e+00
    endloop
  endfacet
  facet normal 0.000000e+00 0.000000e+00 -1.000000e+00
    outer loop
      vertex   2.305617e+00 -2.131920e+01 3.000000e+00
      vertex   7.631548e+00 -2.144047e+01 3.000000e+00
      vertex   2.436742e+00 -2.155875e+01 3.000000e+00
    endloop
  endfacet
  facet normal 0.000000e+00 0.000000e+00 -1.000000e+00
    outer loop
      vertex   2.436742e+00 -2.155875e+01 3.000000e+00
      vertex   7.631548e+00 -2.144047e+01 3.000000e+00
      vertex   7.489656e+00 -2.167380e+01 3.000000e+00
    endloop
  endfacet
  facet normal 0.000000e+00 0.000000e+00 -1.000000e+00
    outer loop
      vertex   2.436742e+00 -2.155875e+01 3.000000e+00
      vertex   7.489656e+00 -2.167380e+01 3.000000e+00
      vertex   2.589107e+00 -2.178538e+01 3.000000e+00
    endloop
  endfacet
  facet normal 0.000000e+00 0.000000e+00 -1.000000e+00
    outer loop
      vertex   2.589107e+00 -2.178538e+01 3.000000e+00
      vertex   7.489656e+00 -2.167380e+01 3.000000e+00
      vertex   7.327134e+00 -2.189326e+01 3.000000e+00
    endloop
  endfacet
  facet normal 0.000000e+00 0.000000e+00 -1.000000e+00
    outer loop
      vertex   2.589107e+00 -2.178538e+01 3.000000e+00
      vertex   7.327134e+00 -2.189326e+01 3.000000e+00
      vertex   2.761449e+00 -2.199722e+01 3.000000e+00
    endloop
  endfacet
  facet normal 0.000000e+00 0.000000e+00 -1.000000e+00
    outer loop
      vertex   2.761449e+00 -2.199722e+01 3.000000e+00
      vertex   7.327134e+00 -2.189326e+01 3.000000e+00
      vertex   7.145329e+00 -2.209704e+01 3.000000e+00
    endloop
  endfacet
  facet normal 0.000000e+00 0.000000e+00 -1.000000e+00
    outer loop
      vertex   2.761449e+00 -2.199722e+01 3.000000e+00
      vertex   7.145329e+00 -2.209704e+01 3.000000e+00
      vertex   2.952341e+00 -2.219251e+01 3.000000e+00
    endloop
  endfacet
  facet normal 0.000000e+00 0.000000e+00 -1.000000e+00
    outer loop
      vertex   2.952341e+00 -2.219251e+01 3.000000e+00
      vertex   7.145329e+00 -2.209704e+01 3.000000e+00
      vertex   6.945746e+00 -2.228343e+01 3.000000e+00
    endloop
  endfacet
  facet normal 0.000000e+00 0.000000e+00 -1.000000e+00
    outer loop
      vertex   2.952341e+00 -2.219251e+01 3.000000e+00
      vertex   6.945746e+00 -2.228343e+01 3.000000e+00
      vertex   3.160200e+00 -2.236963e+01 3.000000e+00
    endloop
  endfacet
  facet normal 0.000000e+00 0.000000e+00 -1.000000e+00
    outer loop
      vertex   3.160200e+00 -2.236963e+01 3.000000e+00
      vertex   6.945746e+00 -2.228343e+01 3.000000e+00
      vertex   6.730041e+00 -2.245091e+01 3.000000e+00
    endloop
  endfacet
  facet normal 0.000000e+00 0.000000e+00 -1.000000e+00
    outer loop
      vertex   3.160200e+00 -2.236963e+01 3.000000e+00
      vertex   6.730041e+00 -2.245091e+01 3.000000e+00
      vertex   3.383304e+00 -2.252711e+01 3.000000e+00
    endloop
  endfacet
  facet normal 0.000000e+00 0.000000e+00 -1.000000e+00
    outer loop
      vertex   3.383304e+00 -2.252711e+01 3.000000e+00
      vertex   6.730041e+00 -2.245091e+01 3.000000e+00
      vertex   6.500000e+00 -2.259808e+01 3.000000e+00
    endloop
  endfacet
  facet normal 0.000000e+00 0.000000e+00 -1.000000e+00
    outer loop
      vertex   3.383304e+00 -2.252711e+01 3.000000e+00
      vertex   6.500000e+00 -2.259808e+01 3.000000e+00
      vertex   3.619805e+00 -2.266366e+01 3.000000e+00
    endloop
  endfacet
  facet normal 0.000000e+00 0.000000e+00 -1.000000e+00
    outer loop
      vertex   3.619805e+00 -2.266366e+01 3.000000e+00
      vertex   6.500000e+00 -2.259808e+01 3.000000e+00
      vertex   6.257530e+00 -2.272371e+01 3.000000e+00
    endloop
  endfacet
  facet normal 0.000000e+00 0.000000e+00 -1.000000e+00
    outer loop
      vertex   3.619805e+00 -2.266366e+01 3.000000e+00
      vertex   6.257530e+00 -2.272371e+01 3.000000e+00
      vertex   3.867742e+00 -2.277813e+01 3.000000e+00
    endloop
  endfacet
  facet normal 0.000000e+00 0.000000e+00 -1.000000e+00
    outer loop
      vertex   3.867742e+00 -2.277813e+01 3.000000e+00
      vertex   6.257530e+00 -2.272371e+01 3.000000e+00
      vertex   6.004639e+00 -2.282678e+01 3.000000e+00
    endloop
  endfacet
  facet normal 0.000000e+00 0.000000e+00 -1.000000e+00
    outer loop
      vertex   3.867742e+00 -2.277813e+01 3.000000e+00
      vertex   6.004639e+00 -2.282678e+01 3.000000e+00
      vertex   4.125062e+00 -2.286958e+01 3.000000e+00
    endloop
  endfacet
  facet normal 0.000000e+00 0.000000e+00 -1.000000e+00
    outer loop
      vertex   4.125062e+00 -2.286958e+01 3.000000e+00
      vertex   6.004639e+00 -2.282678e+01 3.000000e+00
      vertex   5.743423e+00 -2.290643e+01 3.000000e+00
    endloop
  endfacet
  facet normal 0.000000e+00 0.000000e+00 -1.000000e+00
    outer loop
      vertex   4.125062e+00 -2.286958e+01 3.000000e+00
      vertex   5.743423e+00 -2.290643e+01 3.000000e+00
      vertex   4.389632e+00 -2.293725e+01 3.000000e+00
    endloop
  endfacet
  facet normal 0.000000e+00 0.000000e+00 -1.000000e+00
    outer loop
      vertex   4.389632e+00 -2.293725e+01 3.000000e+00
      vertex   5.743423e+00 -2.290643e+01 3.000000e+00
      vertex   5.476048e+00 -2.296199e+01 3.000000e+00
    endloop
  endfacet
  facet normal 0.000000e+00 0.000000e+00 -1.000000e+00
    outer loop
      vertex   4.389632e+00 -2.293725e+01 3.000000e+00
      vertex   5.476048e+00 -2.296199e+01 3.000000e+00
      vertex   4.659259e+00 -2.298059e+01 3.000000e+00
    endloop
  endfacet
  facet normal 0.000000e+00 0.000000e+00 -1.000000e+00
    outer loop
      vertex   4.659259e+00 -2.298059e+01 3.000000e+00
      vertex   5.476048e+00 -2.296199e+01 3.000000e+00
      vertex   5.204727e+00 -2.299301e+01 3.000000e+00
    endloop
  endfacet
  facet normal 0.000000e+00 0.000000e+00 -1.000000e+00
    outer loop
      vertex   4.659259e+00 -2.298059e+01 3.000000e+00
      vertex   5.204727e+00 -2.299301e+01 3.000000e+00
      vertex   4.931710e+00 -2.299922e+01 3.000000e+00
    endloop
  endfacet
  facet normal -9.989932e-01 4.486080e-02 0.000000e+00
    outer loop
      vertex   8.000000e+00 1.300001e+01 3.000000e+00
      vertex   8.000000e+00 1.300001e+01 4.000000e-01
      vertex   7.987924e+00 1.273109e+01 3.000000e+00
    endloop
  endfacet
  facet normal -9.989932e-01 4.486080e-02 0.000000e+00
    outer loop
      vertex   7.987924e+00 1.273109e+01 3.000000e+00
      vertex   8.000000e+00 1.300001e+01 4.000000e-01
      vertex   7.987924e+00 1.273109e+01 4.000000e-01
    endloop
  endfacet
  facet normal -9.909503e-01 1.342294e-01 0.000000e+00
    outer loop
      vertex   7.987924e+00 1.273109e+01 3.000000e+00
      vertex   7.987924e+00 1.273109e+01 4.000000e-01
      vertex   7.951791e+00 1.246434e+01 4.000000e-01
    endloop
  endfacet
  facet normal -9.909503e-01 1.342294e-01 0.000000e+00
    outer loop
      vertex   7.987924e+00 1.273109e+01 3.000000e+00
      vertex   7.951791e+00 1.246434e+01 4.000000e-01
      vertex   7.951791e+00 1.246434e+01 3.000000e+00
    endloop
  endfacet
  facet normal -9.749288e-01 2.225172e-01 0.000000e+00
    outer loop
      vertex   7.951791e+00 1.246434e+01 3.000000e+00
      vertex   7.951791e+00 1.246434e+01 4.000000e-01
      vertex   7.891892e+00 1.220190e+01 4.000000e-01
    endloop
  endfacet
  facet normal -9.749288e-01 2.225172e-01 -3.370839e-16
    outer loop
      vertex   7.951791e+00 1.246434e+01 3.000000e+00
      vertex   7.891892e+00 1.220190e+01 4.000000e-01
      vertex   7.891892e+00 1.220190e+01 3.000000e+00
    endloop
  endfacet
  facet normal -9.510577e-01 3.090135e-01 -3.248880e-16
    outer loop
      vertex   7.891892e+00 1.220190e+01 3.000000e+00
      vertex   7.891892e+00 1.220190e+01 4.000000e-01
      vertex   7.808708e+00 1.194589e+01 4.000000e-01
    endloop
  endfacet
  facet normal -9.510577e-01 3.090135e-01 -7.633959e-16
    outer loop
      vertex   7.891892e+00 1.220190e+01 3.000000e+00
      vertex   7.808708e+00 1.194589e+01 4.000000e-01
      vertex   7.808708e+00 1.194589e+01 3.000000e+00
    endloop
  endfacet
  facet normal -9.195292e-01 3.930217e-01 -6.738350e-16
    outer loop
      vertex   7.808708e+00 1.194589e+01 3.000000e+00
      vertex   7.808708e+00 1.194589e+01 4.000000e-01
      vertex   7.702911e+00 1.169836e+01 4.000000e-01
    endloop
  endfacet
  facet normal -9.195292e-01 3.930217e-01 -3.618695e-16
    outer loop
      vertex   7.808708e+00 1.194589e+01 3.000000e+00
      vertex   7.702911e+00 1.169836e+01 4.000000e-01
      vertex   7.702911e+00 1.169836e+01 3.000000e+00
    endloop
  endfacet
  facet normal -8.805972e-01 4.738656e-01 -2.778848e-16
    outer loop
      vertex   7.702911e+00 1.169836e+01 3.000000e+00
      vertex   7.702911e+00 1.169836e+01 4.000000e-01
      vertex   7.575352e+00 1.146131e+01 4.000000e-01
    endloop
  endfacet
  facet normal -8.805972e-01 4.738656e-01 2.478558e-17
    outer loop
      vertex   7.702911e+00 1.169836e+01 3.000000e+00
      vertex   7.575352e+00 1.146131e+01 4.000000e-01
      vertex   7.575352e+00 1.146131e+01 3.000000e+00
    endloop
  endfacet
  facet normal -8.345751e-01 5.508942e-01 9.128192e-17
    outer loop
      vertex   7.575352e+00 1.146131e+01 3.000000e+00
      vertex   7.575352e+00 1.146131e+01 4.000000e-01
      vertex   7.427057e+00 1.123665e+01 4.000000e-01
    endloop
  endfacet
  facet normal -8.345751e-01 5.508942e-01 0.000000e+00
    outer loop
      vertex   7.575352e+00 1.146131e+01 3.000000e+00
      vertex   7.427057e+00 1.123665e+01 4.000000e-01
      vertex   7.427057e+00 1.123665e+01 3.000000e+00
    endloop
  endfacet
  facet normal -7.818335e-01 6.234872e-01 0.000000e+00
    outer loop
      vertex   7.427057e+00 1.123665e+01 3.000000e+00
      vertex   7.427057e+00 1.123665e+01 4.000000e-01
      vertex   7.259221e+00 1.102619e+01 4.000000e-01
    endloop
  endfacet
  facet normal -7.818335e-01 6.234872e-01 -1.586277e-16
    outer loop
      vertex   7.427057e+00 1.123665e+01 3.000000e+00
      vertex   7.259221e+00 1.102619e+01 4.000000e-01
      vertex   7.259221e+00 1.102619e+01 3.000000e+00
    endloop
  endfacet
  facet normal -7.227971e-01 6.910604e-01 -2.252296e-16
    outer loop
      vertex   7.259221e+00 1.102619e+01 3.000000e+00
      vertex   7.259221e+00 1.102619e+01 4.000000e-01
      vertex   7.073195e+00 1.083162e+01 4.000000e-01
    endloop
  endfacet
  facet normal -7.227971e-01 6.910604e-01 2.280273e-16
    outer loop
      vertex   7.259221e+00 1.102619e+01 3.000000e+00
      vertex   7.073195e+00 1.083162e+01 4.000000e-01
      vertex   7.073195e+00 1.083162e+01 3.000000e+00
    endloop
  endfacet
  facet normal -6.579410e-01 7.530695e-01 2.897504e-16
    outer loop
      vertex   7.073195e+00 1.083162e+01 3.000000e+00
      vertex   7.073195e+00 1.083162e+01 4.000000e-01
      vertex   6.870476e+00 1.065451e+01 4.000000e-01
    endloop
  endfacet
  facet normal -6.579410e-01 7.530695e-01 3.569124e-16
    outer loop
      vertex   7.073195e+00 1.083162e+01 3.000000e+00
      vertex   6.870476e+00 1.065451e+01 4.000000e-01
      vertex   6.870476e+00 1.065451e+01 3.000000e+00
    endloop
  endfacet
  facet normal -5.877876e-01 8.090153e-01 5.030841e-16
    outer loop
      vertex   6.870476e+00 1.065451e+01 3.000000e+00
      vertex   6.870476e+00 1.065451e+01 4.000000e-01
      vertex   6.652698e+00 1.049629e+01 4.000000e-01
    endloop
  endfacet
  facet normal -5.877876e-01 8.090153e-01 0.000000e+00
    outer loop
      vertex   6.870476e+00 1.065451e+01 3.000000e+00
      vertex   6.652698e+00 1.049629e+01 4.000000e-01
      vertex   6.652698e+00 1.049629e+01 3.000000e+00
    endloop
  endfacet
  facet normal -5.129017e-01 8.584473e-01 0.000000e+00
    outer loop
      vertex   6.652698e+00 1.049629e+01 3.000000e+00
      vertex   6.652698e+00 1.049629e+01 4.000000e-01
      vertex   6.421613e+00 1.035822e+01 4.000000e-01
    endloop
  endfacet
  facet normal -5.129017e-01 8.584473e-01 -1.685420e-16
    outer loop
      vertex   6.652698e+00 1.049629e+01 3.000000e+00
      vertex   6.421613e+00 1.035822e+01 4.000000e-01
      vertex   6.421613e+00 1.035822e+01 3.000000e+00
    endloop
  endfacet
  facet normal -4.338862e-01 9.009677e-01 -1.482186e-16
    outer loop
      vertex   6.421613e+00 1.035822e+01 3.000000e+00
      vertex   6.421613e+00 1.035822e+01 4.000000e-01
      vertex   6.179082e+00 1.024142e+01 4.000000e-01
    endloop
  endfacet
  facet normal -4.338862e-01 9.009677e-01 0.000000e+00
    outer loop
      vertex   6.421613e+00 1.035822e+01 3.000000e+00
      vertex   6.179082e+00 1.024142e+01 4.000000e-01
      vertex   6.179082e+00 1.024142e+01 3.000000e+00
    endloop
  endfacet
  facet normal -3.513773e-01 9.362339e-01 0.000000e+00
    outer loop
      vertex   6.179082e+00 1.024142e+01 3.000000e+00
      vertex   6.179082e+00 1.024142e+01 4.000000e-01
      vertex   5.927058e+00 1.014683e+01 4.000000e-01
    endloop
  endfacet
  facet normal -3.513773e-01 9.362339e-01 -1.189708e-16
    outer loop
      vertex   6.179082e+00 1.024142e+01 3.000000e+00
      vertex   5.927058e+00 1.014683e+01 4.000000e-01
      vertex   5.927058e+00 1.014683e+01 3.000000e+00
    endloop
  endfacet
  facet normal -2.660393e-01 9.639622e-01 -9.088090e-17
    outer loop
      vertex   5.927058e+00 1.014683e+01 3.000000e+00
      vertex   5.927058e+00 1.014683e+01 4.000000e-01
      vertex   5.667570e+00 1.007522e+01 4.000000e-01
    endloop
  endfacet
  facet normal -2.660393e-01 9.639622e-01 0.000000e+00
    outer loop
      vertex   5.927058e+00 1.014683e+01 3.000000e+00
      vertex   5.667570e+00 1.007522e+01 4.000000e-01
      vertex   5.667570e+00 1.007522e+01 3.000000e+00
    endloop
  endfacet
  facet normal -1.785593e-01 9.839292e-01 0.000000e+00
    outer loop
      vertex   5.667570e+00 1.007522e+01 3.000000e+00
      vertex   5.667570e+00 1.007522e+01 4.000000e-01
      vertex   5.402707e+00 1.002715e+01 4.000000e-01
    endloop
  endfacet
  facet normal -1.785593e-01 9.839292e-01 -6.196395e-17
    outer loop
      vertex   5.667570e+00 1.007522e+01 3.000000e+00
      vertex   5.402707e+00 1.002715e+01 4.000000e-01
      vertex   5.402707e+00 1.002715e+01 3.000000e+00
    endloop
  endfacet
  facet normal -8.964160e-02 9.959741e-01 -3.062220e-17
    outer loop
      vertex   5.402707e+00 1.002715e+01 3.000000e+00
      vertex   5.402707e+00 1.002715e+01 4.000000e-01
      vertex   5.134601e+00 1.000302e+01 4.000000e-01
    endloop
  endfacet
  facet normal -8.964160e-02 9.959741e-01 -3.098198e-17
    outer loop
      vertex   5.402707e+00 1.002715e+01 3.000000e+00
      vertex   5.134601e+00 1.000302e+01 4.000000e-01
      vertex   5.134601e+00 1.000302e+01 3.000000e+00
    endloop
  endfacet
  facet normal -2.189461e-06 1.000000e+00 -7.479353e-22
    outer loop
      vertex   5.134601e+00 1.000302e+01 3.000000e+00
      vertex   5.134601e+00 1.000302e+01 4.000000e-01
      vertex   4.865412e+00 1.000302e+01 4.000000e-01
    endloop
  endfacet
  facet normal -2.189461e-06 1.000000e+00 0.000000e+00
    outer loop
      vertex   5.134601e+00 1.000302e+01 3.000000e+00
      vertex   4.865412e+00 1.000302e+01 4.000000e-01
      vertex   4.865412e+00 1.000302e+01 3.000000e+00
    endloop
  endfacet
  facet normal 8.963724e-02 9.959745e-01 0.000000e+00
    outer loop
      vertex   4.865412e+00 1.000302e+01 3.000000e+00
      vertex   4.865412e+00 1.000302e+01 4.000000e-01
      vertex   4.597306e+00 1.002715e+01 4.000000e-01
    endloop
  endfacet
  facet normal 8.963724e-02 9.959745e-01 -2.974270e-17
    outer loop
      vertex   4.865412e+00 1.000302e+01 3.000000e+00
      vertex   4.597306e+00 1.002715e+01 4.000000e-01
      vertex   4.597306e+00 1.002715e+01 3.000000e+00
    endloop
  endfacet
  facet normal 1.785550e-01 9.839299e-01 -6.099564e-17
    outer loop
      vertex   4.597306e+00 1.002715e+01 3.000000e+00
      vertex   4.597306e+00 1.002715e+01 4.000000e-01
      vertex   4.332443e+00 1.007521e+01 4.000000e-01
    endloop
  endfacet
  facet normal 1.785550e-01 9.839299e-01 6.196395e-17
    outer loop
      vertex   4.597306e+00 1.002715e+01 3.000000e+00
      vertex   4.332443e+00 1.007521e+01 4.000000e-01
      vertex   4.332443e+00 1.007521e+01 3.000000e+00
    endloop
  endfacet
  facet normal 2.660350e-01 9.639634e-01 9.087946e-17
    outer loop
      vertex   4.332443e+00 1.007521e+01 3.000000e+00
      vertex   4.332443e+00 1.007521e+01 4.000000e-01
      vertex   4.072954e+00 1.014683e+01 4.000000e-01
    endloop
  endfacet
  facet normal 2.660350e-01 9.639634e-01 0.000000e+00
    outer loop
      vertex   4.332443e+00 1.007521e+01 3.000000e+00
      vertex   4.072954e+00 1.014683e+01 4.000000e-01
      vertex   4.072954e+00 1.014683e+01 3.000000e+00
    endloop
  endfacet
  facet normal 3.513732e-01 9.362355e-01 0.000000e+00
    outer loop
      vertex   4.072954e+00 1.014683e+01 3.000000e+00
      vertex   4.072954e+00 1.014683e+01 4.000000e-01
      vertex   3.820930e+00 1.024141e+01 4.000000e-01
    endloop
  endfacet
  facet normal 3.513732e-01 9.362355e-01 1.189708e-16
    outer loop
      vertex   4.072954e+00 1.014683e+01 3.000000e+00
      vertex   3.820930e+00 1.024141e+01 4.000000e-01
      vertex   3.820930e+00 1.024141e+01 3.000000e+00
    endloop
  endfacet
  facet normal 4.338823e-01 9.009696e-01 1.482173e-16
    outer loop
      vertex   3.820930e+00 1.024141e+01 3.000000e+00
      vertex   3.820930e+00 1.024141e+01 4.000000e-01
      vertex   3.578398e+00 1.035821e+01 4.000000e-01
    endloop
  endfacet
  facet normal 4.338823e-01 9.009696e-01 2.230702e-16
    outer loop
      vertex   3.820930e+00 1.024141e+01 3.000000e+00
      vertex   3.578398e+00 1.035821e+01 4.000000e-01
      vertex   3.578398e+00 1.035821e+01 3.000000e+00
    endloop
  endfacet
  facet normal 5.128980e-01 8.584496e-01 2.628144e-16
    outer loop
      vertex   3.578398e+00 1.035821e+01 3.000000e+00
      vertex   3.578398e+00 1.035821e+01 4.000000e-01
      vertex   3.347313e+00 1.049628e+01 4.000000e-01
    endloop
  endfacet
  facet normal 5.128980e-01 8.584496e-01 0.000000e+00
    outer loop
      vertex   3.578398e+00 1.035821e+01 3.000000e+00
      vertex   3.347313e+00 1.049628e+01 4.000000e-01
      vertex   3.347313e+00 1.049628e+01 3.000000e+00
    endloop
  endfacet
  facet normal 5.877841e-01 8.090178e-01 0.000000e+00
    outer loop
      vertex   3.347313e+00 1.049628e+01 3.000000e+00
      vertex   3.347313e+00 1.049628e+01 4.000000e-01
      vertex   3.129534e+00 1.065450e+01 4.000000e-01
    endloop
  endfacet
  facet normal 5.877841e-01 8.090178e-01 2.577700e-16
    outer loop
      vertex   3.347313e+00 1.049628e+01 3.000000e+00
      vertex   3.129534e+00 1.065450e+01 4.000000e-01
      vertex   3.129534e+00 1.065450e+01 3.000000e+00
    endloop
  endfacet
  facet normal 6.579377e-01 7.530723e-01 1.773754e-16
    outer loop
      vertex   3.129534e+00 1.065450e+01 3.000000e+00
      vertex   3.129534e+00 1.065450e+01 4.000000e-01
      vertex   2.926815e+00 1.083161e+01 4.000000e-01
    endloop
  endfacet
  facet normal 6.579377e-01 7.530723e-01 0.000000e+00
    outer loop
      vertex   3.129534e+00 1.065450e+01 3.000000e+00
      vertex   2.926815e+00 1.083161e+01 4.000000e-01
      vertex   2.926815e+00 1.083161e+01 3.000000e+00
    endloop
  endfacet
  facet normal 7.227940e-01 6.910635e-01 0.000000e+00
    outer loop
      vertex   2.926815e+00 1.083161e+01 3.000000e+00
      vertex   2.926815e+00 1.083161e+01 4.000000e-01
      vertex   2.740788e+00 1.102618e+01 4.000000e-01
    endloop
  endfacet
  facet normal 7.227940e-01 6.910635e-01 -1.288850e-16
    outer loop
      vertex   2.926815e+00 1.083161e+01 3.000000e+00
      vertex   2.740788e+00 1.102618e+01 4.000000e-01
      vertex   2.740788e+00 1.102618e+01 3.000000e+00
    endloop
  endfacet
  facet normal 7.818308e-01 6.234907e-01 -1.335395e-16
    outer loop
      vertex   2.740788e+00 1.102618e+01 3.000000e+00
      vertex   2.740788e+00 1.102618e+01 4.000000e-01
      vertex   2.572951e+00 1.123664e+01 4.000000e-01
    endloop
  endfacet
  facet normal 7.818308e-01 6.234907e-01 0.000000e+00
    outer loop
      vertex   2.740788e+00 1.102618e+01 3.000000e+00
      vertex   2.572951e+00 1.123664e+01 4.000000e-01
      vertex   2.572951e+00 1.123664e+01 3.000000e+00
    endloop
  endfacet
  facet normal 8.345727e-01 5.508978e-01 0.000000e+00
    outer loop
      vertex   2.572951e+00 1.123664e+01 3.000000e+00
      vertex   2.572951e+00 1.123664e+01 4.000000e-01
      vertex   2.424655e+00 1.146130e+01 4.000000e-01
    endloop
  endfacet
  facet normal 8.345727e-01 5.508978e-01 0.000000e+00
    outer loop
      vertex   2.572951e+00 1.123664e+01 3.000000e+00
      vertex   2.424655e+00 1.146130e+01 4.000000e-01
      vertex   2.424655e+00 1.146130e+01 3.000000e+00
    endloop
  endfacet
  facet normal 8.805951e-01 4.738694e-01 0.000000e+00
    outer loop
      vertex   2.424655e+00 1.146130e+01 3.000000e+00
      vertex   2.424655e+00 1.146130e+01 4.000000e-01
      vertex   2.297094e+00 1.169835e+01 4.000000e-01
    endloop
  endfacet
  facet normal 8.805951e-01 4.738694e-01 0.000000e+00
    outer loop
      vertex   2.424655e+00 1.146130e+01 3.000000e+00
      vertex   2.297094e+00 1.169835e+01 4.000000e-01
      vertex   2.297094e+00 1.169835e+01 3.000000e+00
    endloop
  endfacet
  facet normal 9.195275e-01 3.930257e-01 0.000000e+00
    outer loop
      vertex   2.297094e+00 1.169835e+01 3.000000e+00
      vertex   2.297094e+00 1.169835e+01 4.000000e-01
      vertex   2.191296e+00 1.194587e+01 4.000000e-01
    endloop
  endfacet
  facet normal 9.195275e-01 3.930257e-01 2.676843e-16
    outer loop
      vertex   2.297094e+00 1.169835e+01 3.000000e+00
      vertex   2.191296e+00 1.194587e+01 4.000000e-01
      vertex   2.191296e+00 1.194587e+01 3.000000e+00
    endloop
  endfacet
  facet normal 9.510563e-01 3.090176e-01 2.111252e-16
    outer loop
      vertex   2.191296e+00 1.194587e+01 3.000000e+00
      vertex   2.191296e+00 1.194587e+01 4.000000e-01
      vertex   2.108112e+00 1.220189e+01 4.000000e-01
    endloop
  endfacet
  facet normal 9.510563e-01 3.090176e-01 0.000000e+00
    outer loop
      vertex   2.191296e+00 1.194587e+01 3.000000e+00
      vertex   2.108112e+00 1.220189e+01 4.000000e-01
      vertex   2.108112e+00 1.220189e+01 3.000000e+00
    endloop
  endfacet
  facet normal 9.749278e-01 2.225215e-01 0.000000e+00
    outer loop
      vertex   2.108112e+00 1.220189e+01 3.000000e+00
      vertex   2.108112e+00 1.220189e+01 4.000000e-01
      vertex   2.048212e+00 1.246433e+01 4.000000e-01
    endloop
  endfacet
  facet normal 9.749278e-01 2.225215e-01 0.000000e+00
    outer loop
      vertex   2.108112e+00 1.220189e+01 3.000000e+00
      vertex   2.048212e+00 1.246433e+01 4.000000e-01
      vertex   2.048212e+00 1.246433e+01 3.000000e+00
    endloop
  endfacet
  facet normal 9.909497e-01 1.342337e-01 0.000000e+00
    outer loop
      vertex   2.048212e+00 1.246433e+01 3.000000e+00
      vertex   2.048212e+00 1.246433e+01 4.000000e-01
      vertex   2.012077e+00 1.273108e+01 4.000000e-01
    endloop
  endfacet
  facet normal 9.909497e-01 1.342337e-01 9.170665e-17
    outer loop
      vertex   2.048212e+00 1.246433e+01 3.000000e+00
      vertex   2.012077e+00 1.273108e+01 4.000000e-01
      vertex   2.012077e+00 1.273108e+01 3.000000e+00
    endloop
  endfacet
  facet normal 9.989931e-01 4.486518e-02 3.065252e-17
    outer loop
      vertex   2.012077e+00 1.273108e+01 3.000000e+00
      vertex   2.012077e+00 1.273108e+01 4.000000e-01
      vertex   2.000000e+00 1.300000e+01 3.000000e+00
    endloop
  endfacet
  facet normal 9.989931e-01 4.486518e-02 0.000000e+00
    outer loop
      vertex   2.000000e+00 1.300000e+01 3.000000e+00
      vertex   2.012077e+00 1.273108e+01 4.000000e-01
      vertex   2.000000e+00 1.300000e+01 4.000000e-01
    endloop
  endfacet
  facet normal 1.000000e+00 -1.328768e-12 0.000000e+00
    outer loop
      vertex   2.000000e+00 1.300000e+01 4.000000e-01
      vertex   2.000000e+00 2.100001e+01 4.000000e-01
      vertex   2.000000e+00 1.300000e+01 3.000000e+00
    endloop
  endfacet
  facet normal 1.000000e+00 -1.328768e-12 0.000000e+00
    outer loop
      vertex   2.000000e+00 1.300000e+01 3.000000e+00
      vertex   2.000000e+00 2.100001e+01 4.000000e-01
      vertex   2.000000e+00 2.100001e+01 3.000000e+00
    endloop
  endfacet
  facet normal 0.000000e+00 -0.000000e+00 -1.000000e+00
    outer loop
      vertex   2.012078e+00 2.126893e+01 3.000000e+00
      vertex   8.000000e+00 2.100002e+01 3.000000e+00
      vertex   2.000000e+00 2.100001e+01 3.000000e+00
    endloop
  endfacet
  facet normal 0.000000e+00 0.000000e+00 -1.000000e+00
    outer loop
      vertex   2.000000e+00 2.100001e+01 3.000000e+00
      vertex   8.000000e+00 2.100002e+01 3.000000e+00
      vertex   8.000000e+00 1.300001e+01 3.000000e+00
    endloop
  endfacet
  facet normal 0.000000e+00 -0.000000e+00 -1.000000e+00
    outer loop
      vertex   2.000000e+00 2.100001e+01 3.000000e+00
      vertex   8.000000e+00 1.300001e+01 3.000000e+00
      vertex   2.000000e+00 1.300000e+01 3.000000e+00
    endloop
  endfacet
  facet normal 0.000000e+00 0.000000e+00 -1.000000e+00
    outer loop
      vertex   2.000000e+00 1.300000e+01 3.000000e+00
      vertex   8.000000e+00 1.300001e+01 3.000000e+00
      vertex   7.987924e+00 1.273109e+01 3.000000e+00
    endloop
  endfacet
  facet normal 0.000000e+00 0.000000e+00 -1.000000e+00
    outer loop
      vertex   2.000000e+00 1.300000e+01 3.000000e+00
      vertex   7.987924e+00 1.273109e+01 3.000000e+00
      vertex   2.012077e+00 1.273108e+01 3.000000e+00
    endloop
  endfacet
  facet normal 0.000000e+00 0.000000e+00 -1.000000e+00
    outer loop
      vertex   2.012077e+00 1.273108e+01 3.000000e+00
      vertex   7.987924e+00 1.273109e+01 3.000000e+00
      vertex   7.951791e+00 1.246434e+01 3.000000e+00
    endloop
  endfacet
  facet normal 0.000000e+00 0.000000e+00 -1.000000e+00
    outer loop
      vertex   2.012077e+00 1.273108e+01 3.000000e+00
      vertex   7.951791e+00 1.246434e+01 3.000000e+00
      vertex   2.048212e+00 1.246433e+01 3.000000e+00
    endloop
  endfacet
  facet normal 0.000000e+00 0.000000e+00 -1.000000e+00
    outer loop
      vertex   2.048212e+00 1.246433e+01 3.000000e+00
      vertex   7.951791e+00 1.246434e+01 3.000000e+00
      vertex   7.891892e+00 1.220190e+01 3.000000e+00
    endloop
  endfacet
  facet normal 0.000000e+00 0.000000e+00 -1.000000e+00
    outer loop
      vertex   2.048212e+00 1.246433e+01 3.000000e+00
      vertex   7.891892e+00 1.220190e+01 3.000000e+00
      vertex   2.108112e+00 1.220189e+01 3.000000e+00
    endloop
  endfacet
  facet normal 0.000000e+00 0.000000e+00 -1.000000e+00
    outer loop
      vertex   2.108112e+00 1.220189e+01 3.000000e+00
      vertex   7.891892e+00 1.220190e+01 3.000000e+00
      vertex   7.808708e+00 1.194589e+01 3.000000e+00
    endloop
  endfacet
  facet normal 0.000000e+00 0.000000e+00 -1.000000e+00
    outer loop
      vertex   2.108112e+00 1.220189e+01 3.000000e+00
      vertex   7.808708e+00 1.194589e+01 3.000000e+00
      vertex   2.191296e+00 1.194587e+01 3.000000e+00
    endloop
  endfacet
  facet normal 0.000000e+00 0.000000e+00 -1.000000e+00
    outer loop
      vertex   2.191296e+00 1.194587e+01 3.000000e+00
      vertex   7.808708e+00 1.194589e+01 3.000000e+00
      vertex   7.702911e+00 1.169836e+01 3.000000e+00
    endloop
  endfacet
  facet normal 0.000000e+00 0.000000e+00 -1.000000e+00
    outer loop
      vertex   2.191296e+00 1.194587e+01 3.000000e+00
      vertex   7.702911e+00 1.169836e+01 3.000000e+00
      vertex   2.297094e+00 1.169835e+01 3.000000e+00
    endloop
  endfacet
  facet normal 0.000000e+00 0.000000e+00 -1.000000e+00
    outer loop
      vertex   2.297094e+00 1.169835e+01 3.000000e+00
      vertex   7.702911e+00 1.169836e+01 3.000000e+00
      vertex   7.575352e+00 1.146131e+01 3.000000e+00
    endloop
  endfacet
  facet normal 0.000000e+00 0.000000e+00 -1.000000e+00
    outer loop
      vertex   2.297094e+00 1.169835e+01 3.000000e+00
      vertex   7.575352e+00 1.146131e+01 3.000000e+00
      vertex   2.424655e+00 1.146130e+01 3.000000e+00
    endloop
  endfacet
  facet normal 0.000000e+00 0.000000e+00 -1.000000e+00
    outer loop
      vertex   2.424655e+00 1.146130e+01 3.000000e+00
      vertex   7.575352e+00 1.146131e+01 3.000000e+00
      vertex   7.427057e+00 1.123665e+01 3.000000e+00
    endloop
  endfacet
  facet normal 0.000000e+00 0.000000e+00 -1.000000e+00
    outer loop
      vertex   2.424655e+00 1.146130e+01 3.000000e+00
      vertex   7.427057e+00 1.123665e+01 3.000000e+00
      vertex   2.572951e+00 1.123664e+01 3.000000e+00
    endloop
  endfacet
  facet normal 0.000000e+00 0.000000e+00 -1.000000e+00
    outer loop
      vertex   2.572951e+00 1.123664e+01 3.000000e+00
      vertex   7.427057e+00 1.123665e+01 3.000000e+00
      vertex   7.259221e+00 1.102619e+01 3.000000e+00
    endloop
  endfacet
  facet normal 0.000000e+00 0.000000e+00 -1.000000e+00
    outer loop
      vertex   2.572951e+00 1.123664e+01 3.000000e+00
      vertex   7.259221e+00 1.102619e+01 3.000000e+00
      vertex   2.740788e+00 1.102618e+01 3.000000e+00
    endloop
  endfacet
  facet normal 0.000000e+00 0.000000e+00 -1.000000e+00
    outer loop
      vertex   2.740788e+00 1.102618e+01 3.000000e+00
      vertex   7.259221e+00 1.102619e+01 3.000000e+00
      vertex   7.073195e+00 1.083162e+01 3.000000e+00
    endloop
  endfacet
  facet normal 0.000000e+00 0.000000e+00 -1.000000e+00
    outer loop
      vertex   2.740788e+00 1.102618e+01 3.000000e+00
      vertex   7.073195e+00 1.083162e+01 3.000000e+00
      vertex   2.926815e+00 1.083161e+01 3.000000e+00
    endloop
  endfacet
  facet normal 0.000000e+00 0.000000e+00 -1.000000e+00
    outer loop
      vertex   2.926815e+00 1.083161e+01 3.000000e+00
      vertex   7.073195e+00 1.083162e+01 3.000000e+00
      vertex   6.870476e+00 1.065451e+01 3.000000e+00
    endloop
  endfacet
  facet normal 0.000000e+00 0.000000e+00 -1.000000e+00
    outer loop
      vertex   2.926815e+00 1.083161e+01 3.000000e+00
      vertex   6.870476e+00 1.065451e+01 3.000000e+00
      vertex   3.129534e+00 1.065450e+01 3.000000e+00
    endloop
  endfacet
  facet normal 0.000000e+00 0.000000e+00 -1.000000e+00
    outer loop
      vertex   3.129534e+00 1.065450e+01 3.000000e+00
      vertex   6.870476e+00 1.065451e+01 3.000000e+00
      vertex   6.652698e+00 1.049629e+01 3.000000e+00
    endloop
  endfacet
  facet normal 0.000000e+00 0.000000e+00 -1.000000e+00
    outer loop
      vertex   3.129534e+00 1.065450e+01 3.000000e+00
      vertex   6.652698e+00 1.049629e+01 3.000000e+00
      vertex   3.347313e+00 1.049628e+01 3.000000e+00
    endloop
  endfacet
  facet normal 0.000000e+00 0.000000e+00 -1.000000e+00
    outer loop
      vertex   3.347313e+00 1.049628e+01 3.000000e+00
      vertex   6.652698e+00 1.049629e+01 3.000000e+00
      vertex   6.421613e+00 1.035822e+01 3.000000e+00
    endloop
  endfacet
  facet normal 0.000000e+00 0.000000e+00 -1.000000e+00
    outer loop
      vertex   3.347313e+00 1.049628e+01 3.000000e+00
      vertex   6.421613e+00 1.035822e+01 3.000000e+00
      vertex   3.578398e+00 1.035821e+01 3.000000e+00
    endloop
  endfacet
  facet normal 0.000000e+00 0.000000e+00 -1.000000e+00
    outer loop
      vertex   3.578398e+00 1.035821e+01 3.000000e+00
      vertex   6.421613e+00 1.035822e+01 3.000000e+00
      vertex   6.179082e+00 1.024142e+01 3.000000e+00
    endloop
  endfacet
  facet normal 0.000000e+00 0.000000e+00 -1.000000e+00
    outer loop
      vertex   3.578398e+00 1.035821e+01 3.000000e+00
      vertex   6.179082e+00 1.024142e+01 3.000000e+00
      vertex   3.820930e+00 1.024141e+01 3.000000e+00
    endloop
  endfacet
  facet normal 0.000000e+00 0.000000e+00 -1.000000e+00
    outer loop
      vertex   3.820930e+00 1.024141e+01 3.000000e+00
      vertex   6.179082e+00 1.024142e+01 3.000000e+00
      vertex   5.927058e+00 1.014683e+01 3.000000e+00
    endloop
  endfacet
  facet normal 0.000000e+00 0.000000e+00 -1.000000e+00
    outer loop
      vertex   3.820930e+00 1.024141e+01 3.000000e+00
      vertex   5.927058e+00 1.014683e+01 3.000000e+00
      vertex   4.072954e+00 1.014683e+01 3.000000e+00
    endloop
  endfacet
  facet normal 0.000000e+00 0.000000e+00 -1.000000e+00
    outer loop
      vertex   4.072954e+00 1.014683e+01 3.000000e+00
      vertex   5.927058e+00 1.014683e+01 3.000000e+00
      vertex   5.667570e+00 1.007522e+01 3.000000e+00
    endloop
  endfacet
  facet normal 0.000000e+00 0.000000e+00 -1.000000e+00
    outer loop
      vertex   4.072954e+00 1.014683e+01 3.000000e+00
      vertex   5.667570e+00 1.007522e+01 3.000000e+00
      vertex   4.332443e+00 1.007521e+01 3.000000e+00
    endloop
  endfacet
  facet normal 0.000000e+00 0.000000e+00 -1.000000e+00
    outer loop
      vertex   4.332443e+00 1.007521e+01 3.000000e+00
      vertex   5.667570e+00 1.007522e+01 3.000000e+00
      vertex   5.402707e+00 1.002715e+01 3.000000e+00
    endloop
  endfacet
  facet normal 0.000000e+00 0.000000e+00 -1.000000e+00
    outer loop
      vertex   4.332443e+00 1.007521e+01 3.000000e+00
      vertex   5.402707e+00 1.002715e+01 3.000000e+00
      vertex   4.597306e+00 1.002715e+01 3.000000e+00
    endloop
  endfacet
  facet normal 0.000000e+00 0.000000e+00 -1.000000e+00
    outer loop
      vertex   4.597306e+00 1.002715e+01 3.000000e+00
      vertex   5.402707e+00 1.002715e+01 3.000000e+00
      vertex   5.134601e+00 1.000302e+01 3.000000e+00
    endloop
  endfacet
  facet normal 0.000000e+00 0.000000e+00 -1.000000e+00
    outer loop
      vertex   4.597306e+00 1.002715e+01 3.000000e+00
      vertex   5.134601e+00 1.000302e+01 3.000000e+00
      vertex   4.865412e+00 1.000302e+01 3.000000e+00
    endloop
  endfacet
  facet normal 0.000000e+00 -0.000000e+00 -1.000000e+00
    outer loop
      vertex   2.048214e+00 2.153568e+01 3.000000e+00
      vertex   2.108115e+00 2.179812e+01 3.000000e+00
      vertex   2.012078e+00 2.126893e+01 3.000000e+00
    endloop
  endfacet
  facet normal 0.000000e+00 0.000000e+00 -1.000000e+00
    outer loop
      vertex   2.012078e+00 2.126893e+01 3.000000e+00
      vertex   2.108115e+00 2.179812e+01 3.000000e+00
      vertex   2.191299e+00 2.205413e+01 3.000000e+00
    endloop
  endfacet
  facet normal 0.000000e+00 0.000000e+00 -1.000000e+00
    outer loop
      vertex   2.012078e+00 2.126893e+01 3.000000e+00
      vertex   2.191299e+00 2.205413e+01 3.000000e+00
      vertex   2.297098e+00 2.230166e+01 3.000000e+00
    endloop
  endfacet
  facet normal 0.000000e+00 -0.000000e+00 -1.000000e+00
    outer loop
      vertex   2.297098e+00 2.230166e+01 3.000000e+00
      vertex   2.424658e+00 2.253871e+01 3.000000e+00
      vertex   2.012078e+00 2.126893e+01 3.000000e+00
    endloop
  endfacet
  facet normal 0.000000e+00 0.000000e+00 -1.000000e+00
    outer loop
      vertex   2.012078e+00 2.126893e+01 3.000000e+00
      vertex   2.424658e+00 2.253871e+01 3.000000e+00
      vertex   2.572954e+00 2.276336e+01 3.000000e+00
    endloop
  endfacet
  facet normal 0.000000e+00 0.000000e+00 -1.000000e+00
    outer loop
      vertex   2.012078e+00 2.126893e+01 3.000000e+00
      vertex   2.572954e+00 2.276336e+01 3.000000e+00
      vertex   2.740790e+00 2.297382e+01 3.000000e+00
    endloop
  endfacet
  facet normal 0.000000e+00 -0.000000e+00 -1.000000e+00
    outer loop
      vertex   2.740790e+00 2.297382e+01 3.000000e+00
      vertex   2.926817e+00 2.316839e+01 3.000000e+00
      vertex   2.012078e+00 2.126893e+01 3.000000e+00
    endloop
  endfacet
  facet normal 0.000000e+00 0.000000e+00 -1.000000e+00
    outer loop
      vertex   2.012078e+00 2.126893e+01 3.000000e+00
      vertex   2.926817e+00 2.316839e+01 3.000000e+00
      vertex   3.129535e+00 2.334550e+01 3.000000e+00
    endloop
  endfacet
  facet normal 0.000000e+00 0.000000e+00 -1.000000e+00
    outer loop
      vertex   2.012078e+00 2.126893e+01 3.000000e+00
      vertex   3.129535e+00 2.334550e+01 3.000000e+00
      vertex   3.347313e+00 2.350372e+01 3.000000e+00
    endloop
  endfacet
  facet normal 0.000000e+00 -0.000000e+00 -1.000000e+00
    outer loop
      vertex   3.347313e+00 2.350372e+01 3.000000e+00
      vertex   3.578397e+00 2.364179e+01 3.000000e+00
      vertex   2.012078e+00 2.126893e+01 3.000000e+00
    endloop
  endfacet
  facet normal 0.000000e+00 0.000000e+00 -1.000000e+00
    outer loop
      vertex   2.012078e+00 2.126893e+01 3.000000e+00
      vertex   3.578397e+00 2.364179e+01 3.000000e+00
      vertex   3.820927e+00 2.375858e+01 3.000000e+00
    endloop
  endfacet
  facet normal 0.000000e+00 0.000000e+00 -1.000000e+00
    outer loop
      vertex   2.012078e+00 2.126893e+01 3.000000e+00
      vertex   3.820927e+00 2.375858e+01 3.000000e+00
      vertex   4.072951e+00 2.385317e+01 3.000000e+00
    endloop
  endfacet
  facet normal 0.000000e+00 -0.000000e+00 -1.000000e+00
    outer loop
      vertex   4.072951e+00 2.385317e+01 3.000000e+00
      vertex   4.332438e+00 2.392478e+01 3.000000e+00
      vertex   2.012078e+00 2.126893e+01 3.000000e+00
    endloop
  endfacet
  facet normal 0.000000e+00 0.000000e+00 -1.000000e+00
    outer loop
      vertex   2.012078e+00 2.126893e+01 3.000000e+00
      vertex   4.332438e+00 2.392478e+01 3.000000e+00
      vertex   4.597300e+00 2.397285e+01 3.000000e+00
    endloop
  endfacet
  facet normal 0.000000e+00 0.000000e+00 -1.000000e+00
    outer loop
      vertex   2.012078e+00 2.126893e+01 3.000000e+00
      vertex   4.597300e+00 2.397285e+01 3.000000e+00
      vertex   4.865404e+00 2.399698e+01 3.000000e+00
    endloop
  endfacet
  facet normal 0.000000e+00 -0.000000e+00 -1.000000e+00
    outer loop
      vertex   4.865404e+00 2.399698e+01 3.000000e+00
      vertex   5.134592e+00 2.399698e+01 3.000000e+00
      vertex   2.012078e+00 2.126893e+01 3.000000e+00
    endloop
  endfacet
  facet normal 0.000000e+00 0.000000e+00 -1.000000e+00
    outer loop
      vertex   2.012078e+00 2.126893e+01 3.000000e+00
      vertex   5.134592e+00 2.399698e+01 3.000000e+00
      vertex   8.000000e+00 2.100002e+01 3.000000e+00
    endloop
  endfacet
  facet normal 0.000000e+00 0.000000e+00 -1.000000e+00
    outer loop
      vertex   5.134592e+00 2.399698e+01 3.000000e+00
      vertex   5.402697e+00 2.397285e+01 3.000000e+00
      vertex   8.000000e+00 2.100002e+01 3.000000e+00
    endloop
  endfacet
  facet normal 0.000000e+00 0.000000e+00 -1.000000e+00
    outer loop
      vertex   8.000000e+00 2.100002e+01 3.000000e+00
      vertex   5.402697e+00 2.397285e+01 3.000000e+00
      vertex   5.667559e+00 2.392478e+01 3.000000e+00
    endloop
  endfacet
  facet normal 0.000000e+00 0.000000e+00 -1.000000e+00
    outer loop
      vertex   8.000000e+00 2.100002e+01 3.000000e+00
      vertex   5.667559e+00 2.392478e+01 3.000000e+00
      vertex   5.927046e+00 2.385317e+01 3.000000e+00
    endloop
  endfacet
  facet normal 0.000000e+00 0.000000e+00 -1.000000e+00
    outer loop
      vertex   5.927046e+00 2.385317e+01 3.000000e+00
      vertex   6.179070e+00 2.375859e+01 3.000000e+00
      vertex   8.000000e+00 2.100002e+01 3.000000e+00
    endloop
  endfacet
  facet normal 0.000000e+00 0.000000e+00 -1.000000e+00
    outer loop
      vertex   8.000000e+00 2.100002e+01 3.000000e+00
      vertex   6.179070e+00 2.375859e+01 3.000000e+00
      vertex   7.987921e+00 2.126894e+01 3.000000e+00
    endloop
  endfacet
  facet normal 0.000000e+00 0.000000e+00 -1.000000e+00
    outer loop
      vertex   7.987921e+00 2.126894e+01 3.000000e+00
      vertex   6.179070e+00 2.375859e+01 3.000000e+00
      vertex   6.421600e+00 2.364179e+01 3.000000e+00
    endloop
  endfacet
  facet normal 0.000000e+00 0.000000e+00 -1.000000e+00
    outer loop
      vertex   7.987921e+00 2.126894e+01 3.000000e+00
      vertex   6.421600e+00 2.364179e+01 3.000000e+00
      vertex   6.652684e+00 2.350372e+01 3.000000e+00
    endloop
  endfacet
  facet normal 0.000000e+00 0.000000e+00 -1.000000e+00
    outer loop
      vertex   6.652684e+00 2.350372e+01 3.000000e+00
      vertex   6.870463e+00 2.334550e+01 3.000000e+00
      vertex   7.987921e+00 2.126894e+01 3.000000e+00
    endloop
  endfacet
  facet normal 0.000000e+00 0.000000e+00 -1.000000e+00
    outer loop
      vertex   7.987921e+00 2.126894e+01 3.000000e+00
      vertex   6.870463e+00 2.334550e+01 3.000000e+00
      vertex   7.073181e+00 2.316839e+01 3.000000e+00
    endloop
  endfacet
  facet normal 0.000000e+00 0.000000e+00 -1.000000e+00
    outer loop
      vertex   7.987921e+00 2.126894e+01 3.000000e+00
      vertex   7.073181e+00 2.316839e+01 3.000000e+00
      vertex   7.259207e+00 2.297382e+01 3.000000e+00
    endloop
  endfacet
  facet normal 0.000000e+00 0.000000e+00 -1.000000e+00
    outer loop
      vertex   7.259207e+00 2.297382e+01 3.000000e+00
      vertex   7.427044e+00 2.276337e+01 3.000000e+00
      vertex   7.987921e+00 2.126894e+01 3.000000e+00
    endloop
  endfacet
  facet normal 0.000000e+00 0.000000e+00 -1.000000e+00
    outer loop
      vertex   7.987921e+00 2.126894e+01 3.000000e+00
      vertex   7.427044e+00 2.276337e+01 3.000000e+00
      vertex   7.575340e+00 2.253871e+01 3.000000e+00
    endloop
  endfacet
  facet normal 0.000000e+00 0.000000e+00 -1.000000e+00
    outer loop
      vertex   7.987921e+00 2.126894e+01 3.000000e+00
      vertex   7.575340e+00 2.253871e+01 3.000000e+00
      vertex   7.702901e+00 2.230166e+01 3.000000e+00
    endloop
  endfacet
  facet normal 0.000000e+00 0.000000e+00 -1.000000e+00
    outer loop
      vertex   7.702901e+00 2.230166e+01 3.000000e+00
      vertex   7.808700e+00 2.205414e+01 3.000000e+00
      vertex   7.987921e+00 2.126894e+01 3.000000e+00
    endloop
  endfacet
  facet normal 0.000000e+00 0.000000e+00 -1.000000e+00
    outer loop
      vertex   7.987921e+00 2.126894e+01 3.000000e+00
      vertex   7.808700e+00 2.205414e+01 3.000000e+00
      vertex   7.891884e+00 2.179813e+01 3.000000e+00
    endloop
  endfacet
  facet normal 0.000000e+00 0.000000e+00 -1.000000e+00
    outer loop
      vertex   7.987921e+00 2.126894e+01 3.000000e+00
      vertex   7.891884e+00 2.179813e+01 3.000000e+00
      vertex   7.951786e+00 2.153569e+01 3.000000e+00
    endloop
  endfacet
  facet normal 0.000000e+00 0.000000e+00 -1.000000e+00
    outer loop
      vertex   -7.987571e+00 -2.027280e+01 3.000000e+00
      vertex   -8.000000e+00 -2.000000e+01 3.000000e+00
      vertex   -2.003109e+00 -2.013654e+01 3.000000e+00
    endloop
  endfacet
  facet normal 0.000000e+00 0.000000e+00 -1.000000e+00
    outer loop
      vertex   -2.003109e+00 -2.013654e+01 3.000000e+00
      vertex   -8.000000e+00 -2.000000e+01 3.000000e+00
      vertex   -7.987571e+00 -1.972720e+01 3.000000e+00
    endloop
  endfacet
  facet normal 0.000000e+00 0.000000e+00 -1.000000e+00
    outer loop
      vertex   -2.003109e+00 -2.013654e+01 3.000000e+00
      vertex   -7.987571e+00 -1.972720e+01 3.000000e+00
      vertex   -7.950385e+00 -1.945665e+01 3.000000e+00
    endloop
  endfacet
  facet normal 0.000000e+00 0.000000e+00 -1.000000e+00
    outer loop
      vertex   -7.950385e+00 -1.945665e+01 3.000000e+00
      vertex   -7.888752e+00 -1.919061e+01 3.000000e+00
      vertex   -2.003109e+00 -2.013654e+01 3.000000e+00
    endloop
  endfacet
  facet normal 0.000000e+00 0.000000e+00 -1.000000e+00
    outer loop
      vertex   -2.003109e+00 -2.013654e+01 3.000000e+00
      vertex   -7.888752e+00 -1.919061e+01 3.000000e+00
      vertex   -7.803182e+00 -1.893127e+01 3.000000e+00
    endloop
  endfacet
  facet normal 0.000000e+00 0.000000e+00 -1.000000e+00
    outer loop
      vertex   -2.003109e+00 -2.013654e+01 3.000000e+00
      vertex   -7.803182e+00 -1.893127e+01 3.000000e+00
      vertex   -7.694383e+00 -1.868080e+01 3.000000e+00
    endloop
  endfacet
  facet normal 0.000000e+00 0.000000e+00 -1.000000e+00
    outer loop
      vertex   -7.694383e+00 -1.868080e+01 3.000000e+00
      vertex   -7.563258e+00 -1.844125e+01 3.000000e+00
      vertex   -2.003109e+00 -2.013654e+01 3.000000e+00
    endloop
  endfacet
  facet normal 0.000000e+00 0.000000e+00 -1.000000e+00
    outer loop
      vertex   -2.003109e+00 -2.013654e+01 3.000000e+00
      vertex   -7.563258e+00 -1.844125e+01 3.000000e+00
      vertex   -7.410893e+00 -1.821462e+01 3.000000e+00
    endloop
  endfacet
  facet normal 0.000000e+00 0.000000e+00 -1.000000e+00
    outer loop
      vertex   -2.003109e+00 -2.013654e+01 3.000000e+00
      vertex   -7.410893e+00 -1.821462e+01 3.000000e+00
      vertex   -7.238551e+00 -1.800278e+01 3.000000e+00
    endloop
  endfacet
  facet normal 0.000000e+00 0.000000e+00 -1.000000e+00
    outer loop
      vertex   -7.238551e+00 -1.800278e+01 3.000000e+00
      vertex   -7.047659e+00 -1.780749e+01 3.000000e+00
      vertex   -2.003109e+00 -2.013654e+01 3.000000e+00
    endloop
  endfacet
  facet normal 0.000000e+00 0.000000e+00 -1.000000e+00
    outer loop
      vertex   -2.003109e+00 -2.013654e+01 3.000000e+00
      vertex   -7.047659e+00 -1.780749e+01 3.000000e+00
      vertex   -6.839800e+00 -1.763037e+01 3.000000e+00
    endloop
  endfacet
  facet normal 0.000000e+00 0.000000e+00 -1.000000e+00
    outer loop
      vertex   -2.003109e+00 -2.013654e+01 3.000000e+00
      vertex   -6.839800e+00 -1.763037e+01 3.000000e+00
      vertex   -6.616696e+00 -1.747289e+01 3.000000e+00
    endloop
  endfacet
  facet normal 0.000000e+00 0.000000e+00 -1.000000e+00
    outer loop
      vertex   -6.616696e+00 -1.747289e+01 3.000000e+00
      vertex   -6.380195e+00 -1.733634e+01 3.000000e+00
      vertex   -2.003109e+00 -2.013654e+01 3.000000e+00
    endloop
  endfacet
  facet normal 0.000000e+00 0.000000e+00 -1.000000e+00
    outer loop
      vertex   -2.003109e+00 -2.013654e+01 3.000000e+00
      vertex   -6.380195e+00 -1.733634e+01 3.000000e+00
      vertex   -6.132258e+00 -1.722187e+01 3.000000e+00
    endloop
  endfacet
  facet normal 0.000000e+00 0.000000e+00 -1.000000e+00
    outer loop
      vertex   -2.003109e+00 -2.013654e+01 3.000000e+00
      vertex   -6.132258e+00 -1.722187e+01 3.000000e+00
      vertex   -5.874938e+00 -1.713042e+01 3.000000e+00
    endloop
  endfacet
  facet normal 0.000000e+00 0.000000e+00 -1.000000e+00
    outer loop
      vertex   -5.874938e+00 -1.713042e+01 3.000000e+00
      vertex   -5.610368e+00 -1.706275e+01 3.000000e+00
      vertex   -2.003109e+00 -2.013654e+01 3.000000e+00
    endloop
  endfacet
  facet normal 0.000000e+00 0.000000e+00 -1.000000e+00
    outer loop
      vertex   -2.003109e+00 -2.013654e+01 3.000000e+00
      vertex   -5.610368e+00 -1.706275e+01 3.000000e+00
      vertex   -5.340741e+00 -1.701941e+01 3.000000e+00
    endloop
  endfacet
  facet normal 0.000000e+00 0.000000e+00 -1.000000e+00
    outer loop
      vertex   -2.003109e+00 -2.013654e+01 3.000000e+00
      vertex   -5.340741e+00 -1.701941e+01 3.000000e+00
      vertex   -2.003109e+00 -1.986346e+01 3.000000e+00
    endloop
  endfacet
  facet normal 0.000000e+00 0.000000e+00 -1.000000e+00
    outer loop
      vertex   -2.003109e+00 -1.986346e+01 3.000000e+00
      vertex   -5.340741e+00 -1.701941e+01 3.000000e+00
      vertex   -5.068290e+00 -1.700078e+01 3.000000e+00
    endloop
  endfacet
  facet normal 0.000000e+00 0.000000e+00 -1.000000e+00
    outer loop
      vertex   -2.003109e+00 -1.986346e+01 3.000000e+00
      vertex   -5.068290e+00 -1.700078e+01 3.000000e+00
      vertex   -4.795273e+00 -1.700699e+01 3.000000e+00
    endloop
  endfacet
  facet normal 0.000000e+00 0.000000e+00 -1.000000e+00
    outer loop
      vertex   -4.795273e+00 -1.700699e+01 3.000000e+00
      vertex   -4.523952e+00 -1.703801e+01 3.000000e+00
      vertex   -2.003109e+00 -1.986346e+01 3.000000e+00
    endloop
  endfacet
  facet normal 0.000000e+00 0.000000e+00 -1.000000e+00
    outer loop
      vertex   -2.003109e+00 -1.986346e+01 3.000000e+00
      vertex   -4.523952e+00 -1.703801e+01 3.000000e+00
      vertex   -4.256577e+00 -1.709357e+01 3.000000e+00
    endloop
  endfacet
  facet normal 0.000000e+00 0.000000e+00 -1.000000e+00
    outer loop
      vertex   -2.003109e+00 -1.986346e+01 3.000000e+00
      vertex   -4.256577e+00 -1.709357e+01 3.000000e+00
      vertex   -3.995361e+00 -1.717322e+01 3.000000e+00
    endloop
  endfacet
  facet normal 0.000000e+00 0.000000e+00 -1.000000e+00
    outer loop
      vertex   -3.995361e+00 -1.717322e+01 3.000000e+00
      vertex   -3.742470e+00 -1.727629e+01 3.000000e+00
      vertex   -2.003109e+00 -1.986346e+01 3.000000e+00
    endloop
  endfacet
  facet normal 0.000000e+00 0.000000e+00 -1.000000e+00
    outer loop
      vertex   -2.003109e+00 -1.986346e+01 3.000000e+00
      vertex   -3.742470e+00 -1.727629e+01 3.000000e+00
      vertex   -3.500000e+00 -1.740192e+01 3.000000e+00
    endloop
  endfacet
  facet normal 0.000000e+00 0.000000e+00 -1.000000e+00
    outer loop
      vertex   -2.003109e+00 -1.986346e+01 3.000000e+00
      vertex   -3.500000e+00 -1.740192e+01 3.000000e+00
      vertex   -3.269959e+00 -1.754909e+01 3.000000e+00
    endloop
  endfacet
  facet normal 0.000000e+00 0.000000e+00 -1.000000e+00
    outer loop
      vertex   -3.269959e+00 -1.754909e+01 3.000000e+00
      vertex   -3.054254e+00 -1.771657e+01 3.000000e+00
      vertex   -2.003109e+00 -1.986346e+01 3.000000e+00
    endloop
  endfacet
  facet normal 0.000000e+00 0.000000e+00 -1.000000e+00
    outer loop
      vertex   -2.003109e+00 -1.986346e+01 3.000000e+00
      vertex   -3.054254e+00 -1.771657e+01 3.000000e+00
      vertex   -2.854671e+00 -1.790296e+01 3.000000e+00
    endloop
  endfacet
  facet normal 0.000000e+00 0.000000e+00 -1.000000e+00
    outer loop
      vertex   -2.003109e+00 -1.986346e+01 3.000000e+00
      vertex   -2.854671e+00 -1.790296e+01 3.000000e+00
      vertex   -2.672866e+00 -1.810674e+01 3.000000e+00
    endloop
  endfacet
  facet normal 0.000000e+00 0.000000e+00 -1.000000e+00
    outer loop
      vertex   -2.672866e+00 -1.810674e+01 3.000000e+00
      vertex   -2.510344e+00 -1.832620e+01 3.000000e+00
      vertex   -2.003109e+00 -1.986346e+01 3.000000e+00
    endloop
  endfacet
  facet normal 0.000000e+00 0.000000e+00 -1.000000e+00
    outer loop
      vertex   -2.003109e+00 -1.986346e+01 3.000000e+00
      vertex   -2.510344e+00 -1.832620e+01 3.000000e+00
      vertex   -2.368452e+00 -1.855953e+01 3.000000e+00
    endloop
  endfacet
  facet normal 0.000000e+00 0.000000e+00 -1.000000e+00
    outer loop
      vertex   -2.003109e+00 -1.986346e+01 3.000000e+00
      vertex   -2.368452e+00 -1.855953e+01 3.000000e+00
      vertex   -2.248366e+00 -1.880480e+01 3.000000e+00
    endloop
  endfacet
  facet normal 0.000000e+00 0.000000e+00 -1.000000e+00
    outer loop
      vertex   -2.248366e+00 -1.880480e+01 3.000000e+00
      vertex   -2.151081e+00 -1.905997e+01 3.000000e+00
      vertex   -2.003109e+00 -1.986346e+01 3.000000e+00
    endloop
  endfacet
  facet normal 0.000000e+00 0.000000e+00 -1.000000e+00
    outer loop
      vertex   -2.003109e+00 -1.986346e+01 3.000000e+00
      vertex   -2.151081e+00 -1.905997e+01 3.000000e+00
      vertex   -2.077403e+00 -1.932293e+01 3.000000e+00
    endloop
  endfacet
  facet normal 0.000000e+00 0.000000e+00 -1.000000e+00
    outer loop
      vertex   -2.003109e+00 -1.986346e+01 3.000000e+00
      vertex   -2.077403e+00 -1.932293e+01 3.000000e+00
      vertex   -2.027942e+00 -1.959150e+01 3.000000e+00
    endloop
  endfacet
  facet normal 0.000000e+00 0.000000e+00 -1.000000e+00
    outer loop
      vertex   -2.003109e+00 -2.013654e+01 3.000000e+00
      vertex   -2.027942e+00 -2.040850e+01 3.000000e+00
      vertex   -7.987571e+00 -2.027280e+01 3.000000e+00
    endloop
  endfacet
  facet normal 0.000000e+00 0.000000e+00 -1.000000e+00
    outer loop
      vertex   -7.987571e+00 -2.027280e+01 3.000000e+00
      vertex   -2.027942e+00 -2.040850e+01 3.000000e+00
      vertex   -7.950385e+00 -2.054335e+01 3.000000e+00
    endloop
  endfacet
  facet normal 0.000000e+00 0.000000e+00 -1.000000e+00
    outer loop
      vertex   -7.950385e+00 -2.054335e+01 3.000000e+00
      vertex   -2.027942e+00 -2.040850e+01 3.000000e+00
      vertex   -2.077403e+00 -2.067707e+01 3.000000e+00
    endloop
  endfacet
  facet normal 0.000000e+00 0.000000e+00 -1.000000e+00
    outer loop
      vertex   -7.950385e+00 -2.054335e+01 3.000000e+00
      vertex   -2.077403e+00 -2.067707e+01 3.000000e+00
      vertex   -7.888752e+00 -2.080939e+01 3.000000e+00
    endloop
  endfacet
  facet normal 0.000000e+00 0.000000e+00 -1.000000e+00
    outer loop
      vertex   -7.888752e+00 -2.080939e+01 3.000000e+00
      vertex   -2.077403e+00 -2.067707e+01 3.000000e+00
      vertex   -2.151081e+00 -2.094003e+01 3.000000e+00
    endloop
  endfacet
  facet normal 0.000000e+00 0.000000e+00 -1.000000e+00
    outer loop
      vertex   -7.888752e+00 -2.080939e+01 3.000000e+00
      vertex   -2.151081e+00 -2.094003e+01 3.000000e+00
      vertex   -7.803182e+00 -2.106873e+01 3.000000e+00
    endloop
  endfacet
  facet normal 0.000000e+00 0.000000e+00 -1.000000e+00
    outer loop
      vertex   -7.803182e+00 -2.106873e+01 3.000000e+00
      vertex   -2.151081e+00 -2.094003e+01 3.000000e+00
      vertex   -2.248366e+00 -2.119520e+01 3.000000e+00
    endloop
  endfacet
  facet normal 0.000000e+00 0.000000e+00 -1.000000e+00
    outer loop
      vertex   -7.803182e+00 -2.106873e+01 3.000000e+00
      vertex   -2.248366e+00 -2.119520e+01 3.000000e+00
      vertex   -7.694383e+00 -2.131920e+01 3.000000e+00
    endloop
  endfacet
  facet normal 0.000000e+00 0.000000e+00 -1.000000e+00
    outer loop
      vertex   -7.694383e+00 -2.131920e+01 3.000000e+00
      vertex   -2.248366e+00 -2.119520e+01 3.000000e+00
      vertex   -2.368452e+00 -2.144047e+01 3.000000e+00
    endloop
  endfacet
  facet normal 0.000000e+00 0.000000e+00 -1.000000e+00
    outer loop
      vertex   -7.694383e+00 -2.131920e+01 3.000000e+00
      vertex   -2.368452e+00 -2.144047e+01 3.000000e+00
      vertex   -7.563258e+00 -2.155875e+01 3.000000e+00
    endloop
  endfacet
  facet normal 0.000000e+00 0.000000e+00 -1.000000e+00
    outer loop
      vertex   -7.563258e+00 -2.155875e+01 3.000000e+00
      vertex   -2.368452e+00 -2.144047e+01 3.000000e+00
      vertex   -2.510344e+00 -2.167380e+01 3.000000e+00
    endloop
  endfacet
  facet normal 0.000000e+00 0.000000e+00 -1.000000e+00
    outer loop
      vertex   -7.563258e+00 -2.155875e+01 3.000000e+00
      vertex   -2.510344e+00 -2.167380e+01 3.000000e+00
      vertex   -7.410893e+00 -2.178538e+01 3.000000e+00
    endloop
  endfacet
  facet normal 0.000000e+00 0.000000e+00 -1.000000e+00
    outer loop
      vertex   -7.410893e+00 -2.178538e+01 3.000000e+00
      vertex   -2.510344e+00 -2.167380e+01 3.000000e+00
      vertex   -2.672866e+00 -2.189326e+01 3.000000e+00
    endloop
  endfacet
  facet normal 0.000000e+00 0.000000e+00 -1.000000e+00
    outer loop
      vertex   -7.410893e+00 -2.178538e+01 3.000000e+00
      vertex   -2.672866e+00 -2.189326e+01 3.000000e+00
      vertex   -7.238551e+00 -2.199722e+01 3.000000e+00
    endloop
  endfacet
  facet normal 0.000000e+00 0.000000e+00 -1.000000e+00
    outer loop
      vertex   -7.238551e+00 -2.199722e+01 3.000000e+00
      vertex   -2.672866e+00 -2.189326e+01 3.000000e+00
      vertex   -2.854671e+00 -2.209704e+01 3.000000e+00
    endloop
  endfacet
  facet normal 0.000000e+00 0.000000e+00 -1.000000e+00
    outer loop
      vertex   -7.238551e+00 -2.199722e+01 3.000000e+00
      vertex   -2.854671e+00 -2.209704e+01 3.000000e+00
      vertex   -7.047659e+00 -2.219251e+01 3.000000e+00
    endloop
  endfacet
  facet normal 0.000000e+00 0.000000e+00 -1.000000e+00
    outer loop
      vertex   -7.047659e+00 -2.219251e+01 3.000000e+00
      vertex   -2.854671e+00 -2.209704e+01 3.000000e+00
      vertex   -3.054254e+00 -2.228343e+01 3.000000e+00
    endloop
  endfacet
  facet normal 0.000000e+00 0.000000e+00 -1.000000e+00
    outer loop
      vertex   -7.047659e+00 -2.219251e+01 3.000000e+00
      vertex   -3.054254e+00 -2.228343e+01 3.000000e+00
      vertex   -6.839800e+00 -2.236963e+01 3.000000e+00
    endloop
  endfacet
  facet normal 0.000000e+00 0.000000e+00 -1.000000e+00
    outer loop
      vertex   -6.839800e+00 -2.236963e+01 3.000000e+00
      vertex   -3.054254e+00 -2.228343e+01 3.000000e+00
      vertex   -3.269959e+00 -2.245091e+01 3.000000e+00
    endloop
  endfacet
  facet normal 0.000000e+00 0.000000e+00 -1.000000e+00
    outer loop
      vertex   -6.839800e+00 -2.236963e+01 3.000000e+00
      vertex   -3.269959e+00 -2.245091e+01 3.000000e+00
      vertex   -6.616696e+00 -2.252711e+01 3.000000e+00
    endloop
  endfacet
  facet normal 0.000000e+00 0.000000e+00 -1.000000e+00
    outer loop
      vertex   -6.616696e+00 -2.252711e+01 3.000000e+00
      vertex   -3.269959e+00 -2.245091e+01 3.000000e+00
      vertex   -3.500000e+00 -2.259808e+01 3.000000e+00
    endloop
  endfacet
  facet normal 0.000000e+00 0.000000e+00 -1.000000e+00
    outer loop
      vertex   -6.616696e+00 -2.252711e+01 3.000000e+00
      vertex   -3.500000e+00 -2.259808e+01 3.000000e+00
      vertex   -6.380195e+00 -2.266366e+01 3.000000e+00
    endloop
  endfacet
  facet normal 0.000000e+00 0.000000e+00 -1.000000e+00
    outer loop
      vertex   -6.380195e+00 -2.266366e+01 3.000000e+00
      vertex   -3.500000e+00 -2.259808e+01 3.000000e+00
      vertex   -3.742470e+00 -2.272371e+01 3.000000e+00
    endloop
  endfacet
  facet normal 0.000000e+00 0.000000e+00 -1.000000e+00
    outer loop
      vertex   -6.380195e+00 -2.266366e+01 3.000000e+00
      vertex   -3.742470e+00 -2.272371e+01 3.000000e+00
      vertex   -6.132258e+00 -2.277813e+01 3.000000e+00
    endloop
  endfacet
  facet normal 0.000000e+00 0.000000e+00 -1.000000e+00
    outer loop
      vertex   -6.132258e+00 -2.277813e+01 3.000000e+00
      vertex   -3.742470e+00 -2.272371e+01 3.000000e+00
      vertex   -3.995361e+00 -2.282678e+01 3.000000e+00
    endloop
  endfacet
  facet normal 0.000000e+00 0.000000e+00 -1.000000e+00
    outer loop
      vertex   -6.132258e+00 -2.277813e+01 3.000000e+00
      vertex   -3.995361e+00 -2.282678e+01 3.000000e+00
      vertex   -5.874938e+00 -2.286958e+01 3.000000e+00
    endloop
  endfacet
  facet normal 0.000000e+00 0.000000e+00 -1.000000e+00
    outer loop
      vertex   -5.874938e+00 -2.286958e+01 3.000000e+00
      vertex   -3.995361e+00 -2.282678e+01 3.000000e+00
      vertex   -4.256577e+00 -2.290643e+01 3.000000e+00
    endloop
  endfacet
  facet normal 0.000000e+00 0.000000e+00 -1.000000e+00
    outer loop
      vertex   -5.874938e+00 -2.286958e+01 3.000000e+00
      vertex   -4.256577e+00 -2.290643e+01 3.000000e+00
      vertex   -5.610368e+00 -2.293725e+01 3.000000e+00
    endloop
  endfacet
  facet normal 0.000000e+00 0.000000e+00 -1.000000e+00
    outer loop
      vertex   -5.610368e+00 -2.293725e+01 3.000000e+00
      vertex   -4.256577e+00 -2.290643e+01 3.000000e+00
      vertex   -4.523952e+00 -2.296199e+01 3.000000e+00
    endloop
  endfacet
  facet normal 0.000000e+00 0.000000e+00 -1.000000e+00
    outer loop
      vertex   -5.610368e+00 -2.293725e+01 3.000000e+00
      vertex   -4.523952e+00 -2.296199e+01 3.000000e+00
      vertex   -5.340741e+00 -2.298059e+01 3.000000e+00
    endloop
  endfacet
  facet normal 0.000000e+00 0.000000e+00 -1.000000e+00
    outer loop
      vertex   -5.340741e+00 -2.298059e+01 3.000000e+00
      vertex   -4.523952e+00 -2.296199e+01 3.000000e+00
      vertex   -4.795273e+00 -2.299301e+01 3.000000e+00
    endloop
  endfacet
  facet normal 0.000000e+00 0.000000e+00 -1.000000e+00
    outer loop
      vertex   -5.340741e+00 -2.298059e+01 3.000000e+00
      vertex   -4.795273e+00 -2.299301e+01 3.000000e+00
      vertex   -5.068290e+00 -2.299922e+01 3.000000e+00
    endloop
  endfacet
  facet normal -9.989931e-01 4.486483e-02 0.000000e+00
    outer loop
      vertex   -2.000000e+00 1.300000e+01 3.000000e+00
      vertex   -2.000000e+00 1.300000e+01 4.000000e-01
      vertex   -2.012077e+00 1.273108e+01 3.000000e+00
    endloop
  endfacet
  facet normal -9.989931e-01 4.486483e-02 0.000000e+00
    outer loop
      vertex   -2.012077e+00 1.273108e+01 3.000000e+00
      vertex   -2.000000e+00 1.300000e+01 4.000000e-01
      vertex   -2.012077e+00 1.273108e+01 4.000000e-01
    endloop
  endfacet
  facet normal -9.909498e-01 1.342333e-01 0.000000e+00
    outer loop
      vertex   -2.012077e+00 1.273108e+01 3.000000e+00
      vertex   -2.012077e+00 1.273108e+01 4.000000e-01
      vertex   -2.048211e+00 1.246433e+01 4.000000e-01
    endloop
  endfacet
  facet normal -9.909498e-01 1.342333e-01 0.000000e+00
    outer loop
      vertex   -2.012077e+00 1.273108e+01 3.000000e+00
      vertex   -2.048211e+00 1.246433e+01 4.000000e-01
      vertex   -2.048211e+00 1.246433e+01 3.000000e+00
    endloop
  endfacet
  facet normal -9.749279e-01 2.225209e-01 0.000000e+00
    outer loop
      vertex   -2.048211e+00 1.246433e+01 3.000000e+00
      vertex   -2.048211e+00 1.246433e+01 4.000000e-01
      vertex   -2.108111e+00 1.220189e+01 4.000000e-01
    endloop
  endfacet
  facet normal -9.749279e-01 2.225209e-01 0.000000e+00
    outer loop
      vertex   -2.048211e+00 1.246433e+01 3.000000e+00
      vertex   -2.108111e+00 1.220189e+01 4.000000e-01
      vertex   -2.108111e+00 1.220189e+01 3.000000e+00
    endloop
  endfacet
  facet normal -9.510565e-01 3.090170e-01 0.000000e+00
    outer loop
      vertex   -2.108111e+00 1.220189e+01 3.000000e+00
      vertex   -2.108111e+00 1.220189e+01 4.000000e-01
      vertex   -2.191295e+00 1.194588e+01 4.000000e-01
    endloop
  endfacet
  facet normal -9.510565e-01 3.090170e-01 0.000000e+00
    outer loop
      vertex   -2.108111e+00 1.220189e+01 3.000000e+00
      vertex   -2.191295e+00 1.194588e+01 4.000000e-01
      vertex   -2.191295e+00 1.194588e+01 3.000000e+00
    endloop
  endfacet
  facet normal -9.195278e-01 3.930250e-01 0.000000e+00
    outer loop
      vertex   -2.191295e+00 1.194588e+01 3.000000e+00
      vertex   -2.191295e+00 1.194588e+01 4.000000e-01
      vertex   -2.297093e+00 1.169835e+01 4.000000e-01
    endloop
  endfacet
  facet normal -9.195278e-01 3.930250e-01 0.000000e+00
    outer loop
      vertex   -2.191295e+00 1.194588e+01 3.000000e+00
      vertex   -2.297093e+00 1.169835e+01 4.000000e-01
      vertex   -2.297093e+00 1.169835e+01 3.000000e+00
    endloop
  endfacet
  facet normal -8.805955e-01 4.738687e-01 0.000000e+00
    outer loop
      vertex   -2.297093e+00 1.169835e+01 3.000000e+00
      vertex   -2.297093e+00 1.169835e+01 4.000000e-01
      vertex   -2.424654e+00 1.146130e+01 4.000000e-01
    endloop
  endfacet
  facet normal -8.805955e-01 4.738687e-01 0.000000e+00
    outer loop
      vertex   -2.297093e+00 1.169835e+01 3.000000e+00
      vertex   -2.424654e+00 1.146130e+01 4.000000e-01
      vertex   -2.424654e+00 1.146130e+01 3.000000e+00
    endloop
  endfacet
  facet normal -8.345733e-01 5.508970e-01 0.000000e+00
    outer loop
      vertex   -2.424654e+00 1.146130e+01 3.000000e+00
      vertex   -2.424654e+00 1.146130e+01 4.000000e-01
      vertex   -2.572949e+00 1.123664e+01 4.000000e-01
    endloop
  endfacet
  facet normal -8.345733e-01 5.508970e-01 0.000000e+00
    outer loop
      vertex   -2.424654e+00 1.146130e+01 3.000000e+00
      vertex   -2.572949e+00 1.123664e+01 4.000000e-01
      vertex   -2.572949e+00 1.123664e+01 3.000000e+00
    endloop
  endfacet
  facet normal -7.818315e-01 6.234898e-01 0.000000e+00
    outer loop
      vertex   -2.572949e+00 1.123664e+01 3.000000e+00
      vertex   -2.572949e+00 1.123664e+01 4.000000e-01
      vertex   -2.740786e+00 1.102618e+01 4.000000e-01
    endloop
  endfacet
  facet normal -7.818315e-01 6.234898e-01 0.000000e+00
    outer loop
      vertex   -2.572949e+00 1.123664e+01 3.000000e+00
      vertex   -2.740786e+00 1.102618e+01 4.000000e-01
      vertex   -2.740786e+00 1.102618e+01 3.000000e+00
    endloop
  endfacet
  facet normal -7.227949e-01 6.910626e-01 0.000000e+00
    outer loop
      vertex   -2.740786e+00 1.102618e+01 3.000000e+00
      vertex   -2.740786e+00 1.102618e+01 4.000000e-01
      vertex   -2.926812e+00 1.083162e+01 4.000000e-01
    endloop
  endfacet
  facet normal -7.227949e-01 6.910626e-01 0.000000e+00
    outer loop
      vertex   -2.740786e+00 1.102618e+01 3.000000e+00
      vertex   -2.926812e+00 1.083162e+01 4.000000e-01
      vertex   -2.926812e+00 1.083162e+01 3.000000e+00
    endloop
  endfacet
  facet normal -6.579387e-01 7.530715e-01 0.000000e+00
    outer loop
      vertex   -2.926812e+00 1.083162e+01 3.000000e+00
      vertex   -2.926812e+00 1.083162e+01 4.000000e-01
      vertex   -3.129531e+00 1.065451e+01 4.000000e-01
    endloop
  endfacet
  facet normal -6.579387e-01 7.530715e-01 0.000000e+00
    outer loop
      vertex   -2.926812e+00 1.083162e+01 3.000000e+00
      vertex   -3.129531e+00 1.065451e+01 4.000000e-01
      vertex   -3.129531e+00 1.065451e+01 3.000000e+00
    endloop
  endfacet
  facet normal -5.877853e-01 8.090170e-01 0.000000e+00
    outer loop
      vertex   -3.129531e+00 1.065451e+01 3.000000e+00
      vertex   -3.129531e+00 1.065451e+01 4.000000e-01
      vertex   -3.347309e+00 1.049628e+01 4.000000e-01
    endloop
  endfacet
  facet normal -5.877853e-01 8.090170e-01 0.000000e+00
    outer loop
      vertex   -3.129531e+00 1.065451e+01 3.000000e+00
      vertex   -3.347309e+00 1.049628e+01 4.000000e-01
      vertex   -3.347309e+00 1.049628e+01 3.000000e+00
    endloop
  endfacet
  facet normal -5.128993e-01 8.584488e-01 0.000000e+00
    outer loop
      vertex   -3.347309e+00 1.049628e+01 3.000000e+00
      vertex   -3.347309e+00 1.049628e+01 4.000000e-01
      vertex   -3.578394e+00 1.035821e+01 4.000000e-01
    endloop
  endfacet
  facet normal -5.128993e-01 8.584488e-01 0.000000e+00
    outer loop
      vertex   -3.347309e+00 1.049628e+01 3.000000e+00
      vertex   -3.578394e+00 1.035821e+01 4.000000e-01
      vertex   -3.578394e+00 1.035821e+01 3.000000e+00
    endloop
  endfacet
  facet normal -4.338837e-01 9.009689e-01 0.000000e+00
    outer loop
      vertex   -3.578394e+00 1.035821e+01 3.000000e+00
      vertex   -3.578394e+00 1.035821e+01 4.000000e-01
      vertex   -3.820925e+00 1.024142e+01 4.000000e-01
    endloop
  endfacet
  facet normal -4.338837e-01 9.009689e-01 0.000000e+00
    outer loop
      vertex   -3.578394e+00 1.035821e+01 3.000000e+00
      vertex   -3.820925e+00 1.024142e+01 4.000000e-01
      vertex   -3.820925e+00 1.024142e+01 3.000000e+00
    endloop
  endfacet
  facet normal -3.513748e-01 9.362349e-01 0.000000e+00
    outer loop
      vertex   -3.820925e+00 1.024142e+01 3.000000e+00
      vertex   -3.820925e+00 1.024142e+01 4.000000e-01
      vertex   -4.072949e+00 1.014683e+01 4.000000e-01
    endloop
  endfacet
  facet normal -3.513748e-01 9.362349e-01 0.000000e+00
    outer loop
      vertex   -3.820925e+00 1.024142e+01 3.000000e+00
      vertex   -4.072949e+00 1.014683e+01 4.000000e-01
      vertex   -4.072949e+00 1.014683e+01 3.000000e+00
    endloop
  endfacet
  facet normal -2.660368e-01 9.639629e-01 0.000000e+00
    outer loop
      vertex   -4.072949e+00 1.014683e+01 3.000000e+00
      vertex   -4.072949e+00 1.014683e+01 4.000000e-01
      vertex   -4.332437e+00 1.007522e+01 4.000000e-01
    endloop
  endfacet
  facet normal -2.660368e-01 9.639629e-01 0.000000e+00
    outer loop
      vertex   -4.072949e+00 1.014683e+01 3.000000e+00
      vertex   -4.332437e+00 1.007522e+01 4.000000e-01
      vertex   -4.332437e+00 1.007522e+01 3.000000e+00
    endloop
  endfacet
  facet normal -1.785569e-01 9.839296e-01 0.000000e+00
    outer loop
      vertex   -4.332437e+00 1.007522e+01 3.000000e+00
      vertex   -4.332437e+00 1.007522e+01 4.000000e-01
      vertex   -4.597300e+00 1.002715e+01 4.000000e-01
    endloop
  endfacet
  facet normal -1.785569e-01 9.839296e-01 0.000000e+00
    outer loop
      vertex   -4.332437e+00 1.007522e+01 3.000000e+00
      vertex   -4.597300e+00 1.002715e+01 4.000000e-01
      vertex   -4.597300e+00 1.002715e+01 3.000000e+00
    endloop
  endfacet
  facet normal -8.963931e-02 9.959743e-01 0.000000e+00
    outer loop
      vertex   -4.597300e+00 1.002715e+01 3.000000e+00
      vertex   -4.597300e+00 1.002715e+01 4.000000e-01
      vertex   -4.865406e+00 1.000302e+01 4.000000e-01
    endloop
  endfacet
  facet normal -8.963931e-02 9.959743e-01 0.000000e+00
    outer loop
      vertex   -4.597300e+00 1.002715e+01 3.000000e+00
      vertex   -4.865406e+00 1.000302e+01 4.000000e-01
      vertex   -4.865406e+00 1.000302e+01 3.000000e+00
    endloop
  endfacet
  facet normal 4.698432e-12 1.000000e+00 0.000000e+00
    outer loop
      vertex   -4.865406e+00 1.000302e+01 3.000000e+00
      vertex   -4.865406e+00 1.000302e+01 4.000000e-01
      vertex   -5.134594e+00 1.000302e+01 4.000000e-01
    endloop
  endfacet
  facet normal 4.698432e-12 1.000000e+00 0.000000e+00
    outer loop
      vertex   -4.865406e+00 1.000302e+01 3.000000e+00
      vertex   -5.134594e+00 1.000302e+01 4.000000e-01
      vertex   -5.134594e+00 1.000302e+01 3.000000e+00
    endloop
  endfacet
  facet normal 8.963931e-02 9.959743e-01 0.000000e+00
    outer loop
      vertex   -5.134594e+00 1.000302e+01 3.000000e+00
      vertex   -5.134594e+00 1.000302e+01 4.000000e-01
      vertex   -5.402700e+00 1.002715e+01 4.000000e-01
    endloop
  endfacet
  facet normal 8.963931e-02 9.959743e-01 0.000000e+00
    outer loop
      vertex   -5.134594e+00 1.000302e+01 3.000000e+00
      vertex   -5.402700e+00 1.002715e+01 4.000000e-01
      vertex   -5.402700e+00 1.002715e+01 3.000000e+00
    endloop
  endfacet
  facet normal 1.785569e-01 9.839296e-01 0.000000e+00
    outer loop
      vertex   -5.402700e+00 1.002715e+01 3.000000e+00
      vertex   -5.402700e+00 1.002715e+01 4.000000e-01
      vertex   -5.667563e+00 1.007522e+01 4.000000e-01
    endloop
  endfacet
  facet normal 1.785569e-01 9.839296e-01 0.000000e+00
    outer loop
      vertex   -5.402700e+00 1.002715e+01 3.000000e+00
      vertex   -5.667563e+00 1.007522e+01 4.000000e-01
      vertex   -5.667563e+00 1.007522e+01 3.000000e+00
    endloop
  endfacet
  facet normal 2.660368e-01 9.639629e-01 0.000000e+00
    outer loop
      vertex   -5.667563e+00 1.007522e+01 3.000000e+00
      vertex   -5.667563e+00 1.007522e+01 4.000000e-01
      vertex   -5.927051e+00 1.014683e+01 4.000000e-01
    endloop
  endfacet
  facet normal 2.660368e-01 9.639629e-01 0.000000e+00
    outer loop
      vertex   -5.667563e+00 1.007522e+01 3.000000e+00
      vertex   -5.927051e+00 1.014683e+01 4.000000e-01
      vertex   -5.927051e+00 1.014683e+01 3.000000e+00
    endloop
  endfacet
  facet normal 3.513748e-01 9.362349e-01 0.000000e+00
    outer loop
      vertex   -5.927051e+00 1.014683e+01 3.000000e+00
      vertex   -5.927051e+00 1.014683e+01 4.000000e-01
      vertex   -6.179075e+00 1.024142e+01 4.000000e-01
    endloop
  endfacet
  facet normal 3.513748e-01 9.362349e-01 0.000000e+00
    outer loop
      vertex   -5.927051e+00 1.014683e+01 3.000000e+00
      vertex   -6.179075e+00 1.024142e+01 4.000000e-01
      vertex   -6.179075e+00 1.024142e+01 3.000000e+00
    endloop
  endfacet
  facet normal 4.338837e-01 9.009689e-01 0.000000e+00
    outer loop
      vertex   -6.179075e+00 1.024142e+01 3.000000e+00
      vertex   -6.179075e+00 1.024142e+01 4.000000e-01
      vertex   -6.421606e+00 1.035821e+01 4.000000e-01
    endloop
  endfacet
  facet normal 4.338837e-01 9.009689e-01 0.000000e+00
    outer loop
      vertex   -6.179075e+00 1.024142e+01 3.000000e+00
      vertex   -6.421606e+00 1.035821e+01 4.000000e-01
      vertex   -6.421606e+00 1.035821e+01 3.000000e+00
    endloop
  endfacet
  facet normal 5.128993e-01 8.584488e-01 0.000000e+00
    outer loop
      vertex   -6.421606e+00 1.035821e+01 3.000000e+00
      vertex   -6.421606e+00 1.035821e+01 4.000000e-01
      vertex   -6.652691e+00 1.049628e+01 4.000000e-01
    endloop
  endfacet
  facet normal 5.128993e-01 8.584488e-01 0.000000e+00
    outer loop
      vertex   -6.421606e+00 1.035821e+01 3.000000e+00
      vertex   -6.652691e+00 1.049628e+01 4.000000e-01
      vertex   -6.652691e+00 1.049628e+01 3.000000e+00
    endloop
  endfacet
  facet normal 5.877853e-01 8.090170e-01 0.000000e+00
    outer loop
      vertex   -6.652691e+00 1.049628e+01 3.000000e+00
      vertex   -6.652691e+00 1.049628e+01 4.000000e-01
      vertex   -6.870469e+00 1.065451e+01 4.000000e-01
    endloop
  endfacet
  facet normal 5.877853e-01 8.090170e-01 0.000000e+00
    outer loop
      vertex   -6.652691e+00 1.049628e+01 3.000000e+00
      vertex   -6.870469e+00 1.065451e+01 4.000000e-01
      vertex   -6.870469e+00 1.065451e+01 3.000000e+00
    endloop
  endfacet
  facet normal 6.579387e-01 7.530715e-01 0.000000e+00
    outer loop
      vertex   -6.870469e+00 1.065451e+01 3.000000e+00
      vertex   -6.870469e+00 1.065451e+01 4.000000e-01
      vertex   -7.073188e+00 1.083162e+01 4.000000e-01
    endloop
  endfacet
  facet normal 6.579387e-01 7.530715e-01 0.000000e+00
    outer loop
      vertex   -6.870469e+00 1.065451e+01 3.000000e+00
      vertex   -7.073188e+00 1.083162e+01 4.000000e-01
      vertex   -7.073188e+00 1.083162e+01 3.000000e+00
    endloop
  endfacet
  facet normal 7.227949e-01 6.910626e-01 0.000000e+00
    outer loop
      vertex   -7.073188e+00 1.083162e+01 3.000000e+00
      vertex   -7.073188e+00 1.083162e+01 4.000000e-01
      vertex   -7.259214e+00 1.102618e+01 4.000000e-01
    endloop
  endfacet
  facet normal 7.227949e-01 6.910626e-01 0.000000e+00
    outer loop
      vertex   -7.073188e+00 1.083162e+01 3.000000e+00
      vertex   -7.259214e+00 1.102618e+01 4.000000e-01
      vertex   -7.259214e+00 1.102618e+01 3.000000e+00
    endloop
  endfacet
  facet normal 7.818315e-01 6.234898e-01 0.000000e+00
    outer loop
      vertex   -7.259214e+00 1.102618e+01 3.000000e+00
      vertex   -7.259214e+00 1.102618e+01 4.000000e-01
      vertex   -7.427051e+00 1.123664e+01 4.000000e-01
    endloop
  endfacet
  facet normal 7.818315e-01 6.234898e-01 0.000000e+00
    outer loop
      vertex   -7.259214e+00 1.102618e+01 3.000000e+00
      vertex   -7.427051e+00 1.123664e+01 4.000000e-01
      vertex   -7.427051e+00 1.123664e+01 3.000000e+00
    endloop
  endfacet
  facet normal 8.345733e-01 5.508970e-01 0.000000e+00
    outer loop
      vertex   -7.427051e+00 1.123664e+01 3.000000e+00
      vertex   -7.427051e+00 1.123664e+01 4.000000e-01
      vertex   -7.575346e+00 1.146130e+01 4.000000e-01
    endloop
  endfacet
  facet normal 8.345733e-01 5.508970e-01 0.000000e+00
    outer loop
      vertex   -7.427051e+00 1.123664e+01 3.000000e+00
      vertex   -7.575346e+00 1.146130e+01 4.000000e-01
      vertex   -7.575346e+00 1.146130e+01 3.000000e+00
    endloop
  endfacet
  facet normal 8.805955e-01 4.738687e-01 0.000000e+00
    outer loop
      vertex   -7.575346e+00 1.146130e+01 3.000000e+00
      vertex   -7.575346e+00 1.146130e+01 4.000000e-01
      vertex   -7.702907e+00 1.169835e+01 4.000000e-01
    endloop
  endfacet
  facet normal 8.805955e-01 4.738687e-01 0.000000e+00
    outer loop
      vertex   -7.575346e+00 1.146130e+01 3.000000e+00
      vertex   -7.702907e+00 1.169835e+01 4.000000e-01
      vertex   -7.702907e+00 1.169835e+01 3.000000e+00
    endloop
  endfacet
  facet normal 9.195278e-01 3.930250e-01 0.000000e+00
    outer loop
      vertex   -7.702907e+00 1.169835e+01 3.000000e+00
      vertex   -7.702907e+00 1.169835e+01 4.000000e-01
      vertex   -7.808705e+00 1.194588e+01 4.000000e-01
    endloop
  endfacet
  facet normal 9.195278e-01 3.930250e-01 0.000000e+00
    outer loop
      vertex   -7.702907e+00 1.169835e+01 3.000000e+00
      vertex   -7.808705e+00 1.194588e+01 4.000000e-01
      vertex   -7.808705e+00 1.194588e+01 3.000000e+00
    endloop
  endfacet
  facet normal 9.510565e-01 3.090170e-01 0.000000e+00
    outer loop
      vertex   -7.808705e+00 1.194588e+01 3.000000e+00
      vertex   -7.808705e+00 1.194588e+01 4.000000e-01
      vertex   -7.891889e+00 1.220189e+01 4.000000e-01
    endloop
  endfacet
  facet normal 9.510565e-01 3.090170e-01 0.000000e+00
    outer loop
      vertex   -7.808705e+00 1.194588e+01 3.000000e+00
      vertex   -7.891889e+00 1.220189e+01 4.000000e-01
      vertex   -7.891889e+00 1.220189e+01 3.000000e+00
    endloop
  endfacet
  facet normal 9.749279e-01 2.225209e-01 0.000000e+00
    outer loop
      vertex   -7.891889e+00 1.220189e+01 3.000000e+00
      vertex   -7.891889e+00 1.220189e+01 4.000000e-01
      vertex   -7.951789e+00 1.246433e+01 4.000000e-01
    endloop
  endfacet
  facet normal 9.749279e-01 2.225209e-01 0.000000e+00
    outer loop
      vertex   -7.891889e+00 1.220189e+01 3.000000e+00
      vertex   -7.951789e+00 1.246433e+01 4.000000e-01
      vertex   -7.951789e+00 1.246433e+01 3.000000e+00
    endloop
  endfacet
  facet normal 9.909498e-01 1.342333e-01 0.000000e+00
    outer loop
      vertex   -7.951789e+00 1.246433e+01 3.000000e+00
      vertex   -7.951789e+00 1.246433e+01 4.000000e-01
      vertex   -7.987923e+00 1.273108e+01 4.000000e-01
    endloop
  endfacet
  facet normal 9.909498e-01 1.342333e-01 0.000000e+00
    outer loop
      vertex   -7.951789e+00 1.246433e+01 3.000000e+00
      vertex   -7.987923e+00 1.273108e+01 4.000000e-01
      vertex   -7.987923e+00 1.273108e+01 3.000000e+00
    endloop
  endfacet
  facet normal 9.989931e-01 4.486483e-02 0.000000e+00
    outer loop
      vertex   -7.987923e+00 1.273108e+01 3.000000e+00
      vertex   -7.987923e+00 1.273108e+01 4.000000e-01
      vertex   -8.000000e+00 1.300000e+01 3.000000e+00
    endloop
  endfacet
  facet normal 9.989931e-01 4.486483e-02 0.000000e+00
    outer loop
      vertex   -8.000000e+00 1.300000e+01 3.000000e+00
      vertex   -7.987923e+00 1.273108e+01 4.000000e-01
      vertex   -8.000000e+00 1.300000e+01 4.000000e-01
    endloop
  endfacet
  facet normal 1.000000e+00 1.215805e-12 -0.000000e+00
    outer loop
      vertex   -8.000000e+00 1.300000e+01 4.000000e-01
      vertex   -8.000000e+00 2.100000e+01 4.000000e-01
      vertex   -8.000000e+00 1.300000e+01 3.000000e+00
    endloop
  endfacet
  facet normal 1.000000e+00 1.215805e-12 0.000000e+00
    outer loop
      vertex   -8.000000e+00 1.300000e+01 3.000000e+00
      vertex   -8.000000e+00 2.100000e+01 4.000000e-01
      vertex   -8.000000e+00 2.100000e+01 3.000000e+00
    endloop
  endfacet
  facet normal 0.000000e+00 -0.000000e+00 -1.000000e+00
    outer loop
      vertex   -7.987923e+00 2.126892e+01 3.000000e+00
      vertex   -7.951789e+00 2.153567e+01 3.000000e+00
      vertex   -8.000000e+00 2.100000e+01 3.000000e+00
    endloop
  endfacet
  facet normal 0.000000e+00 0.000000e+00 -1.000000e+00
    outer loop
      vertex   -8.000000e+00 2.100000e+01 3.000000e+00
      vertex   -7.951789e+00 2.153567e+01 3.000000e+00
      vertex   -7.891889e+00 2.179811e+01 3.000000e+00
    endloop
  endfacet
  facet normal 0.000000e+00 0.000000e+00 -1.000000e+00
    outer loop
      vertex   -8.000000e+00 2.100000e+01 3.000000e+00
      vertex   -7.891889e+00 2.179811e+01 3.000000e+00
      vertex   -7.808705e+00 2.205412e+01 3.000000e+00
    endloop
  endfacet
  facet normal 0.000000e+00 -0.000000e+00 -1.000000e+00
    outer loop
      vertex   -7.808705e+00 2.205412e+01 3.000000e+00
      vertex   -7.702907e+00 2.230165e+01 3.000000e+00
      vertex   -8.000000e+00 2.100000e+01 3.000000e+00
    endloop
  endfacet
  facet normal 0.000000e+00 0.000000e+00 -1.000000e+00
    outer loop
      vertex   -8.000000e+00 2.100000e+01 3.000000e+00
      vertex   -7.702907e+00 2.230165e+01 3.000000e+00
      vertex   -7.575346e+00 2.253870e+01 3.000000e+00
    endloop
  endfacet
  facet normal 0.000000e+00 0.000000e+00 -1.000000e+00
    outer loop
      vertex   -8.000000e+00 2.100000e+01 3.000000e+00
      vertex   -7.575346e+00 2.253870e+01 3.000000e+00
      vertex   -7.427051e+00 2.276336e+01 3.000000e+00
    endloop
  endfacet
  facet normal 0.000000e+00 -0.000000e+00 -1.000000e+00
    outer loop
      vertex   -7.427051e+00 2.276336e+01 3.000000e+00
      vertex   -7.259214e+00 2.297382e+01 3.000000e+00
      vertex   -8.000000e+00 2.100000e+01 3.000000e+00
    endloop
  endfacet
  facet normal 0.000000e+00 0.000000e+00 -1.000000e+00
    outer loop
      vertex   -8.000000e+00 2.100000e+01 3.000000e+00
      vertex   -7.259214e+00 2.297382e+01 3.000000e+00
      vertex   -7.073188e+00 2.316838e+01 3.000000e+00
    endloop
  endfacet
  facet normal 0.000000e+00 0.000000e+00 -1.000000e+00
    outer loop
      vertex   -8.000000e+00 2.100000e+01 3.000000e+00
      vertex   -7.073188e+00 2.316838e+01 3.000000e+00
      vertex   -6.870469e+00 2.334549e+01 3.000000e+00
    endloop
  endfacet
  facet normal 0.000000e+00 -0.000000e+00 -1.000000e+00
    outer loop
      vertex   -6.870469e+00 2.334549e+01 3.000000e+00
      vertex   -6.652691e+00 2.350372e+01 3.000000e+00
      vertex   -8.000000e+00 2.100000e+01 3.000000e+00
    endloop
  endfacet
  facet normal 0.000000e+00 0.000000e+00 -1.000000e+00
    outer loop
      vertex   -8.000000e+00 2.100000e+01 3.000000e+00
      vertex   -6.652691e+00 2.350372e+01 3.000000e+00
      vertex   -6.421606e+00 2.364179e+01 3.000000e+00
    endloop
  endfacet
  facet normal 0.000000e+00 0.000000e+00 -1.000000e+00
    outer loop
      vertex   -8.000000e+00 2.100000e+01 3.000000e+00
      vertex   -6.421606e+00 2.364179e+01 3.000000e+00
      vertex   -6.179075e+00 2.375858e+01 3.000000e+00
    endloop
  endfacet
  facet normal 0.000000e+00 -0.000000e+00 -1.000000e+00
    outer loop
      vertex   -6.179075e+00 2.375858e+01 3.000000e+00
      vertex   -5.927051e+00 2.385317e+01 3.000000e+00
      vertex   -8.000000e+00 2.100000e+01 3.000000e+00
    endloop
  endfacet
  facet normal 0.000000e+00 0.000000e+00 -1.000000e+00
    outer loop
      vertex   -8.000000e+00 2.100000e+01 3.000000e+00
      vertex   -5.927051e+00 2.385317e+01 3.000000e+00
      vertex   -5.667563e+00 2.392478e+01 3.000000e+00
    endloop
  endfacet
  facet normal 0.000000e+00 0.000000e+00 -1.000000e+00
    outer loop
      vertex   -8.000000e+00 2.100000e+01 3.000000e+00
      vertex   -5.667563e+00 2.392478e+01 3.000000e+00
      vertex   -5.402700e+00 2.397285e+01 3.000000e+00
    endloop
  endfacet
  facet normal 0.000000e+00 -0.000000e+00 -1.000000e+00
    outer loop
      vertex   -5.402700e+00 2.397285e+01 3.000000e+00
      vertex   -5.134594e+00 2.399698e+01 3.000000e+00
      vertex   -8.000000e+00 2.100000e+01 3.000000e+00
    endloop
  endfacet
  facet normal 0.000000e+00 0.000000e+00 -1.000000e+00
    outer loop
      vertex   -8.000000e+00 2.100000e+01 3.000000e+00
      vertex   -5.134594e+00 2.399698e+01 3.000000e+00
      vertex   -4.865406e+00 2.399698e+01 3.000000e+00
    endloop
  endfacet
  facet normal 0.000000e+00 0.000000e+00 -1.000000e+00
    outer loop
      vertex   -8.000000e+00 2.100000e+01 3.000000e+00
      vertex   -4.865406e+00 2.399698e+01 3.000000e+00
      vertex   -2.012077e+00 2.126892e+01 3.000000e+00
    endloop
  endfacet
  facet normal 0.000000e+00 0.000000e+00 -1.000000e+00
    outer loop
      vertex   -2.012077e+00 2.126892e+01 3.000000e+00
      vertex   -4.865406e+00 2.399698e+01 3.000000e+00
      vertex   -4.597300e+00 2.397285e+01 3.000000e+00
    endloop
  endfacet
  facet normal 0.000000e+00 0.000000e+00 -1.000000e+00
    outer loop
      vertex   -2.012077e+00 2.126892e+01 3.000000e+00
      vertex   -4.597300e+00 2.397285e+01 3.000000e+00
      vertex   -4.332437e+00 2.392478e+01 3.000000e+00
    endloop
  endfacet
  facet normal 0.000000e+00 0.000000e+00 -1.000000e+00
    outer loop
      vertex   -4.332437e+00 2.392478e+01 3.000000e+00
      vertex   -4.072949e+00 2.385317e+01 3.000000e+00
      vertex   -2.012077e+00 2.126892e+01 3.000000e+00
    endloop
  endfacet
  facet normal 0.000000e+00 0.000000e+00 -1.000000e+00
    outer loop
      vertex   -2.012077e+00 2.126892e+01 3.000000e+00
      vertex   -4.072949e+00 2.385317e+01 3.000000e+00
      vertex   -3.820925e+00 2.375858e+01 3.000000e+00
    endloop
  endfacet
  facet normal 0.000000e+00 0.000000e+00 -1.000000e+00
    outer loop
      vertex   -2.012077e+00 2.126892e+01 3.000000e+00
      vertex   -3.820925e+00 2.375858e+01 3.000000e+00
      vertex   -3.578394e+00 2.364179e+01 3.000000e+00
    endloop
  endfacet
  facet normal 0.000000e+00 0.000000e+00 -1.000000e+00
    outer loop
      vertex   -3.578394e+00 2.364179e+01 3.000000e+00
      vertex   -3.347309e+00 2.350372e+01 3.000000e+00
      vertex   -2.012077e+00 2.126892e+01 3.000000e+00
    endloop
  endfacet
  facet normal 0.000000e+00 0.000000e+00 -1.000000e+00
    outer loop
      vertex   -2.012077e+00 2.126892e+01 3.000000e+00
      vertex   -3.347309e+00 2.350372e+01 3.000000e+00
      vertex   -3.129531e+00 2.334549e+01 3.000000e+00
    endloop
  endfacet
  facet normal 0.000000e+00 0.000000e+00 -1.000000e+00
    outer loop
      vertex   -2.012077e+00 2.126892e+01 3.000000e+00
      vertex   -3.129531e+00 2.334549e+01 3.000000e+00
      vertex   -2.926812e+00 2.316838e+01 3.000000e+00
    endloop
  endfacet
  facet normal 0.000000e+00 0.000000e+00 -1.000000e+00
    outer loop
      vertex   -2.926812e+00 2.316838e+01 3.000000e+00
      vertex   -2.740786e+00 2.297382e+01 3.000000e+00
      vertex   -2.012077e+00 2.126892e+01 3.000000e+00
    endloop
  endfacet
  facet normal 0.000000e+00 0.000000e+00 -1.000000e+00
    outer loop
      vertex   -2.012077e+00 2.126892e+01 3.000000e+00
      vertex   -2.740786e+00 2.297382e+01 3.000000e+00
      vertex   -2.572949e+00 2.276336e+01 3.000000e+00
    endloop
  endfacet
  facet normal 0.000000e+00 0.000000e+00 -1.000000e+00
    outer loop
      vertex   -2.012077e+00 2.126892e+01 3.000000e+00
      vertex   -2.572949e+00 2.276336e+01 3.000000e+00
      vertex   -2.424654e+00 2.253870e+01 3.000000e+00
    endloop
  endfacet
  facet normal 0.000000e+00 0.000000e+00 -1.000000e+00
    outer loop
      vertex   -2.424654e+00 2.253870e+01 3.000000e+00
      vertex   -2.297093e+00 2.230165e+01 3.000000e+00
      vertex   -2.012077e+00 2.126892e+01 3.000000e+00
    endloop
  endfacet
  facet normal 0.000000e+00 0.000000e+00 -1.000000e+00
    outer loop
      vertex   -2.012077e+00 2.126892e+01 3.000000e+00
      vertex   -2.297093e+00 2.230165e+01 3.000000e+00
      vertex   -2.191295e+00 2.205412e+01 3.000000e+00
    endloop
  endfacet
  facet normal 0.000000e+00 0.000000e+00 -1.000000e+00
    outer loop
      vertex   -2.012077e+00 2.126892e+01 3.000000e+00
      vertex   -2.191295e+00 2.205412e+01 3.000000e+00
      vertex   -2.108111e+00 2.179811e+01 3.000000e+00
    endloop
  endfacet
  facet normal 0.000000e+00 0.000000e+00 -1.000000e+00
    outer loop
      vertex   -2.108111e+00 2.179811e+01 3.000000e+00
      vertex   -2.048211e+00 2.153567e+01 3.000000e+00
      vertex   -2.012077e+00 2.126892e+01 3.000000e+00
    endloop
  endfacet
  facet normal 0.000000e+00 -0.000000e+00 -1.000000e+00
    outer loop
      vertex   -2.012077e+00 2.126892e+01 3.000000e+00
      vertex   -2.000000e+00 2.100000e+01 3.000000e+00
      vertex   -8.000000e+00 2.100000e+01 3.000000e+00
    endloop
  endfacet
  facet normal 0.000000e+00 0.000000e+00 -1.000000e+00
    outer loop
      vertex   -8.000000e+00 2.100000e+01 3.000000e+00
      vertex   -2.000000e+00 2.100000e+01 3.000000e+00
      vertex   -8.000000e+00 1.300000e+01 3.000000e+00
    endloop
  endfacet
  facet normal 0.000000e+00 0.000000e+00 -1.000000e+00
    outer loop
      vertex   -8.000000e+00 1.300000e+01 3.000000e+00
      vertex   -2.000000e+00 2.100000e+01 3.000000e+00
      vertex   -2.000000e+00 1.300000e+01 3.000000e+00
    endloop
  endfacet
  facet normal 0.000000e+00 0.000000e+00 -1.000000e+00
    outer loop
      vertex   -8.000000e+00 1.300000e+01 3.000000e+00
      vertex   -2.000000e+00 1.300000e+01 3.000000e+00
      vertex   -7.987923e+00 1.273108e+01 3.000000e+00
    endloop
  endfacet
  facet normal 0.000000e+00 0.000000e+00 -1.000000e+00
    outer loop
      vertex   -7.987923e+00 1.273108e+01 3.000000e+00
      vertex   -2.000000e+00 1.300000e+01 3.000000e+00
      vertex   -2.012077e+00 1.273108e+01 3.000000e+00
    endloop
  endfacet
  facet normal 0.000000e+00 0.000000e+00 -1.000000e+00
    outer loop
      vertex   -7.987923e+00 1.273108e+01 3.000000e+00
      vertex   -2.012077e+00 1.273108e+01 3.000000e+00
      vertex   -7.951789e+00 1.246433e+01 3.000000e+00
    endloop
  endfacet
  facet normal 0.000000e+00 0.000000e+00 -1.000000e+00
    outer loop
      vertex   -7.951789e+00 1.246433e+01 3.000000e+00
      vertex   -2.012077e+00 1.273108e+01 3.000000e+00
      vertex   -2.048211e+00 1.246433e+01 3.000000e+00
    endloop
  endfacet
  facet normal 0.000000e+00 0.000000e+00 -1.000000e+00
    outer loop
      vertex   -7.951789e+00 1.246433e+01 3.000000e+00
      vertex   -2.048211e+00 1.246433e+01 3.000000e+00
      vertex   -7.891889e+00 1.220189e+01 3.000000e+00
    endloop
  endfacet
  facet normal 0.000000e+00 0.000000e+00 -1.000000e+00
    outer loop
      vertex   -7.891889e+00 1.220189e+01 3.000000e+00
      vertex   -2.048211e+00 1.246433e+01 3.000000e+00
      vertex   -2.108111e+00 1.220189e+01 3.000000e+00
    endloop
  endfacet
  facet normal 0.000000e+00 0.000000e+00 -1.000000e+00
    outer loop
      vertex   -7.891889e+00 1.220189e+01 3.000000e+00
      vertex   -2.108111e+00 1.220189e+01 3.000000e+00
      vertex   -7.808705e+00 1.194588e+01 3.000000e+00
    endloop
  endfacet
  facet normal 0.000000e+00 0.000000e+00 -1.000000e+00
    outer loop
      vertex   -7.808705e+00 1.194588e+01 3.000000e+00
      vertex   -2.108111e+00 1.220189e+01 3.000000e+00
      vertex   -2.191295e+00 1.194588e+01 3.000000e+00
    endloop
  endfacet
  facet normal 0.000000e+00 0.000000e+00 -1.000000e+00
    outer loop
      vertex   -7.808705e+00 1.194588e+01 3.000000e+00
      vertex   -2.191295e+00 1.194588e+01 3.000000e+00
      vertex   -7.702907e+00 1.169835e+01 3.000000e+00
    endloop
  endfacet
  facet normal 0.000000e+00 0.000000e+00 -1.000000e+00
    outer loop
      vertex   -7.702907e+00 1.169835e+01 3.000000e+00
      vertex   -2.191295e+00 1.194588e+01 3.000000e+00
      vertex   -2.297093e+00 1.169835e+01 3.000000e+00
    endloop
  endfacet
  facet normal 0.000000e+00 0.000000e+00 -1.000000e+00
    outer loop
      vertex   -7.702907e+00 1.169835e+01 3.000000e+00
      vertex   -2.297093e+00 1.169835e+01 3.000000e+00
      vertex   -7.575346e+00 1.146130e+01 3.000000e+00
    endloop
  endfacet
  facet normal 0.000000e+00 0.000000e+00 -1.000000e+00
    outer loop
      vertex   -7.575346e+00 1.146130e+01 3.000000e+00
      vertex   -2.297093e+00 1.169835e+01 3.000000e+00
      vertex   -2.424654e+00 1.146130e+01 3.000000e+00
    endloop
  endfacet
  facet normal 0.000000e+00 0.000000e+00 -1.000000e+00
    outer loop
      vertex   -7.575346e+00 1.146130e+01 3.000000e+00
      vertex   -2.424654e+00 1.146130e+01 3.000000e+00
      vertex   -7.427051e+00 1.123664e+01 3.000000e+00
    endloop
  endfacet
  facet normal 0.000000e+00 0.000000e+00 -1.000000e+00
    outer loop
      vertex   -7.427051e+00 1.123664e+01 3.000000e+00
      vertex   -2.424654e+00 1.146130e+01 3.000000e+00
      vertex   -2.572949e+00 1.123664e+01 3.000000e+00
    endloop
  endfacet
  facet normal 0.000000e+00 0.000000e+00 -1.000000e+00
    outer loop
      vertex   -7.427051e+00 1.123664e+01 3.000000e+00
      vertex   -2.572949e+00 1.123664e+01 3.000000e+00
      vertex   -7.259214e+00 1.102618e+01 3.000000e+00
    endloop
  endfacet
  facet normal 0.000000e+00 0.000000e+00 -1.000000e+00
    outer loop
      vertex   -7.259214e+00 1.102618e+01 3.000000e+00
      vertex   -2.572949e+00 1.123664e+01 3.000000e+00
      vertex   -2.740786e+00 1.102618e+01 3.000000e+00
    endloop
  endfacet
  facet normal 0.000000e+00 0.000000e+00 -1.000000e+00
    outer loop
      vertex   -7.259214e+00 1.102618e+01 3.000000e+00
      vertex   -2.740786e+00 1.102618e+01 3.000000e+00
      vertex   -7.073188e+00 1.083162e+01 3.000000e+00
    endloop
  endfacet
  facet normal 0.000000e+00 0.000000e+00 -1.000000e+00
    outer loop
      vertex   -7.073188e+00 1.083162e+01 3.000000e+00
      vertex   -2.740786e+00 1.102618e+01 3.000000e+00
      vertex   -2.926812e+00 1.083162e+01 3.000000e+00
    endloop
  endfacet
  facet normal 0.000000e+00 0.000000e+00 -1.000000e+00
    outer loop
      vertex   -7.073188e+00 1.083162e+01 3.000000e+00
      vertex   -2.926812e+00 1.083162e+01 3.000000e+00
      vertex   -6.870469e+00 1.065451e+01 3.000000e+00
    endloop
  endfacet
  facet normal 0.000000e+00 0.000000e+00 -1.000000e+00
    outer loop
      vertex   -6.870469e+00 1.065451e+01 3.000000e+00
      vertex   -2.926812e+00 1.083162e+01 3.000000e+00
      vertex   -3.129531e+00 1.065451e+01 3.000000e+00
    endloop
  endfacet
  facet normal 0.000000e+00 0.000000e+00 -1.000000e+00
    outer loop
      vertex   -6.870469e+00 1.065451e+01 3.000000e+00
      vertex   -3.129531e+00 1.065451e+01 3.000000e+00
      vertex   -6.652691e+00 1.049628e+01 3.000000e+00
    endloop
  endfacet
  facet normal 0.000000e+00 0.000000e+00 -1.000000e+00
    outer loop
      vertex   -6.652691e+00 1.049628e+01 3.000000e+00
      vertex   -3.129531e+00 1.065451e+01 3.000000e+00
      vertex   -3.347309e+00 1.049628e+01 3.000000e+00
    endloop
  endfacet
  facet normal 0.000000e+00 0.000000e+00 -1.000000e+00
    outer loop
      vertex   -6.652691e+00 1.049628e+01 3.000000e+00
      vertex   -3.347309e+00 1.049628e+01 3.000000e+00
      vertex   -6.421606e+00 1.035821e+01 3.000000e+00
    endloop
  endfacet
  facet normal 0.000000e+00 0.000000e+00 -1.000000e+00
    outer loop
      vertex   -6.421606e+00 1.035821e+01 3.000000e+00
      vertex   -3.347309e+00 1.049628e+01 3.000000e+00
      vertex   -3.578394e+00 1.035821e+01 3.000000e+00
    endloop
  endfacet
  facet normal 0.000000e+00 0.000000e+00 -1.000000e+00
    outer loop
      vertex   -6.421606e+00 1.035821e+01 3.000000e+00
      vertex   -3.578394e+00 1.035821e+01 3.000000e+00
      vertex   -6.179075e+00 1.024142e+01 3.000000e+00
    endloop
  endfacet
  facet normal 0.000000e+00 0.000000e+00 -1.000000e+00
    outer loop
      vertex   -6.179075e+00 1.024142e+01 3.000000e+00
      vertex   -3.578394e+00 1.035821e+01 3.000000e+00
      vertex   -3.820925e+00 1.024142e+01 3.000000e+00
    endloop
  endfacet
  facet normal 0.000000e+00 0.000000e+00 -1.000000e+00
    outer loop
      vertex   -6.179075e+00 1.024142e+01 3.000000e+00
      vertex   -3.820925e+00 1.024142e+01 3.000000e+00
      vertex   -5.927051e+00 1.014683e+01 3.000000e+00
    endloop
  endfacet
  facet normal 0.000000e+00 0.000000e+00 -1.000000e+00
    outer loop
      vertex   -5.927051e+00 1.014683e+01 3.000000e+00
      vertex   -3.820925e+00 1.024142e+01 3.000000e+00
      vertex   -4.072949e+00 1.014683e+01 3.000000e+00
    endloop
  endfacet
  facet normal 0.000000e+00 0.000000e+00 -1.000000e+00
    outer loop
      vertex   -5.927051e+00 1.014683e+01 3.000000e+00
      vertex   -4.072949e+00 1.014683e+01 3.000000e+00
      vertex   -5.667563e+00 1.007522e+01 3.000000e+00
    endloop
  endfacet
  facet normal 0.000000e+00 0.000000e+00 -1.000000e+00
    outer loop
      vertex   -5.667563e+00 1.007522e+01 3.000000e+00
      vertex   -4.072949e+00 1.014683e+01 3.000000e+00
      vertex   -4.332437e+00 1.007522e+01 3.000000e+00
    endloop
  endfacet
  facet normal 0.000000e+00 0.000000e+00 -1.000000e+00
    outer loop
      vertex   -5.667563e+00 1.007522e+01 3.000000e+00
      vertex   -4.332437e+00 1.007522e+01 3.000000e+00
      vertex   -5.402700e+00 1.002715e+01 3.000000e+00
    endloop
  endfacet
  facet normal 0.000000e+00 0.000000e+00 -1.000000e+00
    outer loop
      vertex   -5.402700e+00 1.002715e+01 3.000000e+00
      vertex   -4.332437e+00 1.007522e+01 3.000000e+00
      vertex   -4.597300e+00 1.002715e+01 3.000000e+00
    endloop
  endfacet
  facet normal 0.000000e+00 0.000000e+00 -1.000000e+00
    outer loop
      vertex   -5.402700e+00 1.002715e+01 3.000000e+00
      vertex   -4.597300e+00 1.002715e+01 3.000000e+00
      vertex   -5.134594e+00 1.000302e+01 3.000000e+00
    endloop
  endfacet
  facet normal 0.000000e+00 0.000000e+00 -1.000000e+00
    outer loop
      vertex   -5.134594e+00 1.000302e+01 3.000000e+00
      vertex   -4.597300e+00 1.002715e+01 3.000000e+00
      vertex   -4.865406e+00 1.000302e+01 3.000000e+00
    endloop
  endfacet
  facet normal 1.000000e+00 1.059375e-12 0.000000e+00
    outer loop
      vertex   3.300000e+00 2.100000e+01 5.600000e+00
      vertex   3.300000e+00 1.300000e+01 5.600000e+00
      vertex   3.300000e+00 2.100000e+01 3.200000e+00
    endloop
  endfacet
  facet normal 1.000000e+00 1.059375e-12 0.000000e+00
    outer loop
      vertex   3.300000e+00 2.100000e+01 3.200000e+00
      vertex   3.300000e+00 1.300000e+01 5.600000e+00
      vertex   3.300000e+00 1.300000e+01 3.200000e+00
    endloop
  endfacet
  facet normal 9.981756e-01 6.037850e-02 -0.000000e+00
    outer loop
      vertex   3.300000e+00 1.300000e+01 3.200000e+00
      vertex   3.300000e+00 1.300000e+01 5.600000e+00
      vertex   3.312395e+00 1.279509e+01 3.200000e+00
    endloop
  endfacet
  facet normal 9.981756e-01 6.037850e-02 -0.000000e+00
    outer loop
      vertex   3.312395e+00 1.279509e+01 3.200000e+00
      vertex   3.300000e+00 1.300000e+01 5.600000e+00
      vertex   3.312395e+00 1.279509e+01 5.600000e+00
    endloop
  endfacet
  facet normal 9.836199e-01 1.802550e-01 -0.000000e+00
    outer loop
      vertex   3.312395e+00 1.279509e+01 3.200000e+00
      vertex   3.312395e+00 1.279509e+01 5.600000e+00
      vertex   3.349399e+00 1.259316e+01 3.200000e+00
    endloop
  endfacet
  facet normal 9.836199e-01 1.802550e-01 2.668311e-16
    outer loop
      vertex   3.349399e+00 1.259316e+01 3.200000e+00
      vertex   3.312395e+00 1.279509e+01 5.600000e+00
      vertex   3.349399e+00 1.259316e+01 5.600000e+00
    endloop
  endfacet
  facet normal 9.547209e-01 2.975031e-01 4.403930e-16
    outer loop
      vertex   3.349399e+00 1.259316e+01 3.200000e+00
      vertex   3.349399e+00 1.259316e+01 5.600000e+00
      vertex   3.410472e+00 1.239717e+01 3.200000e+00
    endloop
  endfacet
  facet normal 9.547209e-01 2.975031e-01 4.353765e-17
    outer loop
      vertex   3.410472e+00 1.239717e+01 3.200000e+00
      vertex   3.349399e+00 1.259316e+01 5.600000e+00
      vertex   3.410472e+00 1.239717e+01 5.600000e+00
    endloop
  endfacet
  facet normal 9.118998e-01 4.104128e-01 1.350311e-16
    outer loop
      vertex   3.410472e+00 1.239717e+01 3.200000e+00
      vertex   3.410472e+00 1.239717e+01 5.600000e+00
      vertex   3.494725e+00 1.220997e+01 3.200000e+00
    endloop
  endfacet
  facet normal 9.118998e-01 4.104128e-01 -0.000000e+00
    outer loop
      vertex   3.494725e+00 1.220997e+01 3.200000e+00
      vertex   3.410472e+00 1.239717e+01 5.600000e+00
      vertex   3.494725e+00 1.220997e+01 5.600000e+00
    endloop
  endfacet
  facet normal 8.557813e-01 5.173378e-01 -0.000000e+00
    outer loop
      vertex   3.494725e+00 1.220997e+01 3.200000e+00
      vertex   3.494725e+00 1.220997e+01 5.600000e+00
      vertex   3.600927e+00 1.203429e+01 3.200000e+00
    endloop
  endfacet
  facet normal 8.557813e-01 5.173378e-01 3.829069e-16
    outer loop
      vertex   3.600927e+00 1.203429e+01 3.200000e+00
      vertex   3.494725e+00 1.220997e+01 5.600000e+00
      vertex   3.600927e+00 1.203429e+01 5.600000e+00
    endloop
  endfacet
  facet normal 7.871835e-01 6.167189e-01 4.564637e-16
    outer loop
      vertex   3.600927e+00 1.203429e+01 3.200000e+00
      vertex   3.600927e+00 1.203429e+01 5.600000e+00
      vertex   3.727532e+00 1.187269e+01 3.200000e+00
    endloop
  endfacet
  facet normal 7.871835e-01 6.167189e-01 -0.000000e+00
    outer loop
      vertex   3.727532e+00 1.187269e+01 3.200000e+00
      vertex   3.600927e+00 1.203429e+01 5.600000e+00
      vertex   3.727532e+00 1.187269e+01 5.600000e+00
    endloop
  endfacet
  facet normal 7.071068e-01 7.071068e-01 -0.000000e+00
    outer loop
      vertex   3.727532e+00 1.187269e+01 3.200000e+00
      vertex   3.727532e+00 1.187269e+01 5.600000e+00
      vertex   3.872691e+00 1.172753e+01 3.200000e+00
    endloop
  endfacet
  facet normal 7.071068e-01 7.071068e-01 -0.000000e+00
    outer loop
      vertex   3.872691e+00 1.172753e+01 3.200000e+00
      vertex   3.727532e+00 1.187269e+01 5.600000e+00
      vertex   3.872691e+00 1.172753e+01 5.600000e+00
    endloop
  endfacet
  facet normal 6.167189e-01 7.871835e-01 -0.000000e+00
    outer loop
      vertex   3.872691e+00 1.172753e+01 3.200000e+00
      vertex   3.872691e+00 1.172753e+01 5.600000e+00
      vertex   4.034290e+00 1.160093e+01 3.200000e+00
    endloop
  endfacet
  facet normal 6.167189e-01 7.871835e-01 -2.282318e-16
    outer loop
      vertex   4.034290e+00 1.160093e+01 3.200000e+00
      vertex   3.872691e+00 1.172753e+01 5.600000e+00
      vertex   4.034290e+00 1.160093e+01 5.600000e+00
    endloop
  endfacet
  facet normal 5.173378e-01 8.557813e-01 -1.914535e-16
    outer loop
      vertex   4.034290e+00 1.160093e+01 3.200000e+00
      vertex   4.034290e+00 1.160093e+01 5.600000e+00
      vertex   4.209971e+00 1.149472e+01 3.200000e+00
    endloop
  endfacet
  facet normal 5.173378e-01 8.557813e-01 2.504985e-16
    outer loop
      vertex   4.209971e+00 1.149472e+01 3.200000e+00
      vertex   4.034290e+00 1.160093e+01 5.600000e+00
      vertex   4.209971e+00 1.149472e+01 5.600000e+00
    endloop
  endfacet
  facet normal 4.104128e-01 9.118998e-01 3.711750e-16
    outer loop
      vertex   4.209971e+00 1.149472e+01 3.200000e+00
      vertex   4.209971e+00 1.149472e+01 5.600000e+00
      vertex   4.397172e+00 1.141047e+01 3.200000e+00
    endloop
  endfacet
  facet normal 4.104128e-01 9.118998e-01 -0.000000e+00
    outer loop
      vertex   4.397172e+00 1.141047e+01 3.200000e+00
      vertex   4.209971e+00 1.149472e+01 5.600000e+00
      vertex   4.397172e+00 1.141047e+01 5.600000e+00
    endloop
  endfacet
  facet normal 2.975031e-01 9.547209e-01 -0.000000e+00
    outer loop
      vertex   4.397172e+00 1.141047e+01 3.200000e+00
      vertex   4.397172e+00 1.141047e+01 5.600000e+00
      vertex   4.593163e+00 1.134940e+01 3.200000e+00
    endloop
  endfacet
  facet normal 2.975031e-01 9.547209e-01 -1.100982e-16
    outer loop
      vertex   4.593163e+00 1.134940e+01 3.200000e+00
      vertex   4.397172e+00 1.141047e+01 5.600000e+00
      vertex   4.593163e+00 1.134940e+01 5.600000e+00
    endloop
  endfacet
  facet normal 1.802550e-01 9.836199e-01 -6.670776e-17
    outer loop
      vertex   4.593163e+00 1.134940e+01 3.200000e+00
      vertex   4.593163e+00 1.134940e+01 5.600000e+00
      vertex   4.795088e+00 1.131239e+01 3.200000e+00
    endloop
  endfacet
  facet normal 1.802550e-01 9.836199e-01 6.613172e-16
    outer loop
      vertex   4.795088e+00 1.131239e+01 3.200000e+00
      vertex   4.593163e+00 1.134940e+01 5.600000e+00
      vertex   4.795088e+00 1.131239e+01 5.600000e+00
    endloop
  endfacet
  facet normal 6.037850e-02 9.981756e-01 7.164538e-16
    outer loop
      vertex   4.795088e+00 1.131239e+01 3.200000e+00
      vertex   4.795088e+00 1.131239e+01 5.600000e+00
      vertex   5.000000e+00 1.130000e+01 3.200000e+00
    endloop
  endfacet
  facet normal 6.037850e-02 9.981756e-01 -0.000000e+00
    outer loop
      vertex   5.000000e+00 1.130000e+01 3.200000e+00
      vertex   4.795088e+00 1.131239e+01 5.600000e+00
      vertex   5.000000e+00 1.130000e+01 5.600000e+00
    endloop
  endfacet
  facet normal -6.037850e-02 9.981756e-01 0.000000e+00
    outer loop
      vertex   5.000000e+00 1.130000e+01 3.200000e+00
      vertex   5.000000e+00 1.130000e+01 5.600000e+00
      vertex   5.204912e+00 1.131239e+01 3.200000e+00
    endloop
  endfacet
  facet normal -6.037850e-02 9.981756e-01 0.000000e+00
    outer loop
      vertex   5.204912e+00 1.131239e+01 3.200000e+00
      vertex   5.000000e+00 1.130000e+01 5.600000e+00
      vertex   5.204912e+00 1.131239e+01 5.600000e+00
    endloop
  endfacet
  facet normal -1.802550e-01 9.836199e-01 0.000000e+00
    outer loop
      vertex   5.204912e+00 1.131239e+01 3.200000e+00
      vertex   5.204912e+00 1.131239e+01 5.600000e+00
      vertex   5.406837e+00 1.134940e+01 3.200000e+00
    endloop
  endfacet
  facet normal -1.802550e-01 9.836199e-01 0.000000e+00
    outer loop
      vertex   5.406837e+00 1.134940e+01 3.200000e+00
      vertex   5.204912e+00 1.131239e+01 5.600000e+00
      vertex   5.406837e+00 1.134940e+01 5.600000e+00
    endloop
  endfacet
  facet normal -2.975031e-01 9.547209e-01 0.000000e+00
    outer loop
      vertex   5.406837e+00 1.134940e+01 3.200000e+00
      vertex   5.406837e+00 1.134940e+01 5.600000e+00
      vertex   5.602828e+00 1.141047e+01 3.200000e+00
    endloop
  endfacet
  facet normal -2.975031e-01 9.547209e-01 0.000000e+00
    outer loop
      vertex   5.602828e+00 1.141047e+01 3.200000e+00
      vertex   5.406837e+00 1.134940e+01 5.600000e+00
      vertex   5.602828e+00 1.141047e+01 5.600000e+00
    endloop
  endfacet
  facet normal -4.104128e-01 9.118998e-01 0.000000e+00
    outer loop
      vertex   5.602828e+00 1.141047e+01 3.200000e+00
      vertex   5.602828e+00 1.141047e+01 5.600000e+00
      vertex   5.790029e+00 1.149472e+01 3.200000e+00
    endloop
  endfacet
  facet normal -4.104128e-01 9.118998e-01 -1.518832e-16
    outer loop
      vertex   5.790029e+00 1.149472e+01 3.200000e+00
      vertex   5.602828e+00 1.141047e+01 5.600000e+00
      vertex   5.790029e+00 1.149472e+01 5.600000e+00
    endloop
  endfacet
  facet normal -5.173378e-01 8.557813e-01 -1.914535e-16
    outer loop
      vertex   5.790029e+00 1.149472e+01 3.200000e+00
      vertex   5.790029e+00 1.149472e+01 5.600000e+00
      vertex   5.965710e+00 1.160093e+01 3.200000e+00
    endloop
  endfacet
  facet normal -5.173378e-01 8.557813e-01 0.000000e+00
    outer loop
      vertex   5.965710e+00 1.160093e+01 3.200000e+00
      vertex   5.790029e+00 1.149472e+01 5.600000e+00
      vertex   5.965710e+00 1.160093e+01 5.600000e+00
    endloop
  endfacet
  facet normal -6.167189e-01 7.871835e-01 0.000000e+00
    outer loop
      vertex   5.965710e+00 1.160093e+01 3.200000e+00
      vertex   5.965710e+00 1.160093e+01 5.600000e+00
      vertex   6.127309e+00 1.172753e+01 3.200000e+00
    endloop
  endfacet
  facet normal -6.167189e-01 7.871835e-01 -7.088020e-16
    outer loop
      vertex   6.127309e+00 1.172753e+01 3.200000e+00
      vertex   5.965710e+00 1.160093e+01 5.600000e+00
      vertex   6.127309e+00 1.172753e+01 5.600000e+00
    endloop
  endfacet
  facet normal -7.071068e-01 7.071068e-01 -5.233642e-16
    outer loop
      vertex   6.127309e+00 1.172753e+01 3.200000e+00
      vertex   6.127309e+00 1.172753e+01 5.600000e+00
      vertex   6.272468e+00 1.187269e+01 3.200000e+00
    endloop
  endfacet
  facet normal -7.071068e-01 7.071068e-01 -2.616821e-16
    outer loop
      vertex   6.272468e+00 1.187269e+01 3.200000e+00
      vertex   6.127309e+00 1.172753e+01 5.600000e+00
      vertex   6.272468e+00 1.187269e+01 5.600000e+00
    endloop
  endfacet
  facet normal -7.871835e-01 6.167189e-01 -1.651473e-16
    outer loop
      vertex   6.272468e+00 1.187269e+01 3.200000e+00
      vertex   6.272468e+00 1.187269e+01 5.600000e+00
      vertex   6.399073e+00 1.203429e+01 3.200000e+00
    endloop
  endfacet
  facet normal -7.871835e-01 6.167189e-01 0.000000e+00
    outer loop
      vertex   6.399073e+00 1.203429e+01 3.200000e+00
      vertex   6.272468e+00 1.187269e+01 5.600000e+00
      vertex   6.399073e+00 1.203429e+01 5.600000e+00
    endloop
  endfacet
  facet normal -8.557813e-01 5.173378e-01 0.000000e+00
    outer loop
      vertex   6.399073e+00 1.203429e+01 3.200000e+00
      vertex   6.399073e+00 1.203429e+01 5.600000e+00
      vertex   6.505275e+00 1.220997e+01 3.200000e+00
    endloop
  endfacet
  facet normal -8.557813e-01 5.173378e-01 0.000000e+00
    outer loop
      vertex   6.505275e+00 1.220997e+01 3.200000e+00
      vertex   6.399073e+00 1.203429e+01 5.600000e+00
      vertex   6.505275e+00 1.220997e+01 5.600000e+00
    endloop
  endfacet
  facet normal -9.118998e-01 4.104128e-01 0.000000e+00
    outer loop
      vertex   6.505275e+00 1.220997e+01 3.200000e+00
      vertex   6.505275e+00 1.220997e+01 5.600000e+00
      vertex   6.589528e+00 1.239717e+01 3.200000e+00
    endloop
  endfacet
  facet normal -9.118998e-01 4.104128e-01 3.374707e-16
    outer loop
      vertex   6.589528e+00 1.239717e+01 3.200000e+00
      vertex   6.505275e+00 1.220997e+01 5.600000e+00
      vertex   6.589528e+00 1.239717e+01 5.600000e+00
    endloop
  endfacet
  facet normal -9.547209e-01 2.975031e-01 3.533177e-16
    outer loop
      vertex   6.589528e+00 1.239717e+01 3.200000e+00
      vertex   6.589528e+00 1.239717e+01 5.600000e+00
      vertex   6.650601e+00 1.259316e+01 3.200000e+00
    endloop
  endfacet
  facet normal -9.547209e-01 2.975031e-01 0.000000e+00
    outer loop
      vertex   6.650601e+00 1.259316e+01 3.200000e+00
      vertex   6.589528e+00 1.239717e+01 5.600000e+00
      vertex   6.650601e+00 1.259316e+01 5.600000e+00
    endloop
  endfacet
  facet normal -9.836199e-01 1.802550e-01 0.000000e+00
    outer loop
      vertex   6.650601e+00 1.259316e+01 3.200000e+00
      vertex   6.650601e+00 1.259316e+01 5.600000e+00
      vertex   6.687605e+00 1.279509e+01 3.200000e+00
    endloop
  endfacet
  facet normal -9.836199e-01 1.802550e-01 0.000000e+00
    outer loop
      vertex   6.687605e+00 1.279509e+01 3.200000e+00
      vertex   6.650601e+00 1.259316e+01 5.600000e+00
      vertex   6.687605e+00 1.279509e+01 5.600000e+00
    endloop
  endfacet
  facet normal -9.981756e-01 6.037850e-02 0.000000e+00
    outer loop
      vertex   6.687605e+00 1.279509e+01 3.200000e+00
      vertex   6.687605e+00 1.279509e+01 5.600000e+00
      vertex   6.700000e+00 1.300000e+01 3.200000e+00
    endloop
  endfacet
  facet normal -9.981756e-01 6.037850e-02 0.000000e+00
    outer loop
      vertex   6.700000e+00 1.300000e+01 3.200000e+00
      vertex   6.687605e+00 1.279509e+01 5.600000e+00
      vertex   6.700000e+00 1.300000e+01 5.600000e+00
    endloop
  endfacet
  facet normal -7.071068e-01 0.000000e+00 7.071068e-01
    outer loop
      vertex   -8.200000e+00 -2.370000e+01 6.800000e+00
      vertex   -8.200000e+00 -1.630000e+01 6.800000e+00
      vertex   -9.000000e+00 -2.450000e+01 6.000000e+00
    endloop
  endfacet
  facet normal -7.071068e-01 0.000000e+00 7.071068e-01
    outer loop
      vertex   -9.000000e+00 -2.450000e+01 6.000000e+00
      vertex   -8.200000e+00 -1.630000e+01 6.800000e+00
      vertex   -9.000000e+00 -1.550000e+01 6.000000e+00
    endloop
  endfacet
  facet normal -4.595393e-16 7.071068e-01 7.071068e-01
    outer loop
      vertex   -8.200000e+00 -1.630000e+01 6.800000e+00
      vertex   8.200000e+00 -1.630000e+01 6.800000e+00
      vertex   -9.000000e+00 -1.550000e+01 6.000000e+00
    endloop
  endfacet
  facet normal -4.186913e-16 7.071068e-01 7.071068e-01
    outer loop
      vertex   -9.000000e+00 -1.550000e+01 6.000000e+00
      vertex   8.200000e+00 -1.630000e+01 6.800000e+00
      vertex   9.000000e+00 -1.550000e+01 6.000000e+00
    endloop
  endfacet
  facet normal 7.071068e-01 -0.000000e+00 7.071068e-01
    outer loop
      vertex   8.200000e+00 -2.370000e+01 6.800000e+00
      vertex   9.000000e+00 -2.450000e+01 6.000000e+00
      vertex   8.200000e+00 -1.630000e+01 6.800000e+00
    endloop
  endfacet
  facet normal 7.071068e-01 0.000000e+00 7.071068e-01
    outer loop
      vertex   8.200000e+00 -1.630000e+01 6.800000e+00
      vertex   9.000000e+00 -2.450000e+01 6.000000e+00
      vertex   9.000000e+00 -1.550000e+01 6.000000e+00
    endloop
  endfacet
  facet normal -4.186913e-16 -7.071068e-01 7.071068e-01
    outer loop
      vertex   -9.000000e+00 -2.450000e+01 6.000000e+00
      vertex   9.000000e+00 -2.450000e+01 6.000000e+00
      vertex   -8.200000e+00 -2.370000e+01 6.800000e+00
    endloop
  endfacet
  facet normal -1.531798e-16 -7.071068e-01 7.071068e-01
    outer loop
      vertex   -8.200000e+00 -2.370000e+01 6.800000e+00
      vertex   9.000000e+00 -2.450000e+01 6.000000e+00
      vertex   8.200000e+00 -2.370000e+01 6.800000e+00
    endloop
  endfacet
endsolid
